# generated by generate_cave.py
v 0.4500 -7.2500 0.5000
v 0.5000 -7.2500 0.5000
v 0.5500 -7.2500 0.5000
v 0.6000 -7.2500 0.5000
v 0.6500 -7.2500 0.5000
v 0.7000 -7.2500 0.5000
v 0.7500 -7.2500 0.5000
v 0.3500 -7.2000 0.5000
v 0.4000 -7.2000 0.5000
v 0.4500 -7.2000 0.5000
v 0.5000 -7.2000 0.1491
v 0.5500 -7.2000 0.0000
v 0.6000 -7.2000 0.0000
v 0.6500 -7.2000 0.0420
v 0.7000 -7.2000 0.3755
v 0.7500 -7.2000 0.5000
v 0.8000 -7.2000 0.5000
v 0.8500 -7.2000 0.5000
v 0.9000 -7.2000 0.5000
v 0.9500 -7.2000 0.5000
v 1.0000 -7.2000 0.5000
v 1.0500 -7.2000 0.5000
v 1.1000 -7.2000 0.5000
v 1.1500 -7.2000 0.5000
v 1.2000 -7.2000 0.5000
v 1.2500 -7.2000 0.5000
v 1.3000 -7.2000 0.5000
v 1.3500 -7.2000 0.5000
v 1.4000 -7.2000 0.5000
v 1.4500 -7.2000 0.5000
v 0.3000 -7.1500 0.5000
v 0.3500 -7.1500 0.5000
v 0.4000 -7.1500 0.1127
v 0.4500 -7.1500 0.0000
v 0.5000 -7.1500 0.0000
v 0.5500 -7.1500 0.0000
v 0.6000 -7.1500 0.0000
v 0.6500 -7.1500 0.0000
v 0.7000 -7.1500 0.0000
v 0.7500 -7.1500 0.0000
v 0.8000 -7.1500 0.0000
v 0.8500 -7.1500 0.0000
v 0.9000 -7.1500 0.0000
v 0.9500 -7.1500 0.0000
v 1.0000 -7.1500 0.0000
v 1.0500 -7.1500 0.0000
v 1.1000 -7.1500 0.0000
v 1.1500 -7.1500 0.0000
v 1.2000 -7.1500 0.0000
v 1.2500 -7.1500 0.0000
v 1.3000 -7.1500 0.0000
v 1.3500 -7.1500 0.0000
v 1.4000 -7.1500 0.4687
v 1.4500 -7.1500 0.5000
v 1.5000 -7.1500 0.5000
v 1.5500 -7.1500 0.5000
v 1.6000 -7.1500 0.5000
v 1.6500 -7.1500 0.5000
v 0.3000 -7.1000 0.5000
v 0.3500 -7.1000 0.1847
v 0.4000 -7.1000 0.0000
v 0.4500 -7.1000 0.0000
v 1.3500 -7.1000 0.0000
v 1.4000 -7.1000 0.0000
v 1.4500 -7.1000 0.0000
v 1.5000 -7.1000 0.0000
v 1.5500 -7.1000 0.0000
v 1.6000 -7.1000 0.2965
v 1.6500 -7.1000 0.5000
v 1.7000 -7.1000 0.5000
v 1.7500 -7.1000 0.5000
v 1.8000 -7.1000 0.5000
v 0.2500 -7.0500 0.5000
v 0.3000 -7.0500 0.5000
v 0.3500 -7.0500 0.0000
v 0.4000 -7.0500 0.0000
v 1.5500 -7.0500 0.0000
v 1.6000 -7.0500 0.0000
v 1.6500 -7.0500 0.0000
v 1.7000 -7.0500 0.0000
v 1.7500 -7.0500 0.0000
v 1.8000 -7.0500 0.5000
v 1.8500 -7.0500 0.5000
v 1.9000 -7.0500 0.5000
v 1.9500 -7.0500 0.5000
v 2.0000 -7.0500 0.5000
v 2.0500 -7.0500 0.5000
v 2.1000 -7.0500 0.5000
v 0.2500 -7.0000 0.5000
v 0.3000 -7.0000 0.0000
v 0.3500 -7.0000 0.0000
v 1.7500 -7.0000 0.0000
v 1.8000 -7.0000 0.0000
v 1.8500 -7.0000 0.0000
v 1.9000 -7.0000 0.0000
v 1.9500 -7.0000 0.0000
v 2.0000 -7.0000 0.0000
v 2.0500 -7.0000 0.0000
v 2.1000 -7.0000 0.5000
v 2.1500 -7.0000 0.5000
v 2.2000 -7.0000 0.5000
v 2.2500 -7.0000 0.5000
v 2.3000 -7.0000 0.5000
v 2.3500 -7.0000 0.5000
v 2.4000 -7.0000 0.5000
v 2.4500 -7.0000 0.5000
v 2.5000 -7.0000 0.5000
v 2.5500 -7.0000 0.5000
v 2.6000 -7.0000 0.5000
v 0.2500 -6.9500 0.5000
v 0.3000 -6.9500 0.0000
v 2.0500 -6.9500 0.0000
v 2.1000 -6.9500 0.0000
v 2.1500 -6.9500 0.0000
v 2.2000 -6.9500 0.0000
v 2.2500 -6.9500 0.0000
v 2.3000 -6.9500 0.0000
v 2.3500 -6.9500 0.0000
v 2.4000 -6.9500 0.0000
v 2.4500 -6.9500 0.0215
v 2.5000 -6.9500 0.1160
v 2.5500 -6.9500 0.3540
v 2.6000 -6.9500 0.5000
v 2.6500 -6.9500 0.5000
v 2.7000 -6.9500 0.5000
v 2.7500 -6.9500 0.5000
v 2.8000 -6.9500 0.5000
v 0.2500 -6.9000 0.5000
v 0.3000 -6.9000 0.0000
v 2.4000 -6.9000 0.0000
v 2.4500 -6.9000 0.0000
v 2.5000 -6.9000 0.0000
v 2.5500 -6.9000 0.0000
v 2.6000 -6.9000 0.0000
v 2.6500 -6.9000 0.0000
v 2.7000 -6.9000 0.0000
v 2.7500 -6.9000 0.2849
v 2.8000 -6.9000 0.5000
v 2.8500 -6.9000 0.5000
v 2.9000 -6.9000 0.5000
v 2.9500 -6.9000 0.5000
v 3.0000 -6.9000 0.5000
v 3.0500 -6.9000 0.5000
v 3.1000 -6.9000 0.5000
v 0.2500 -6.8500 0.5000
v 0.3000 -6.8500 0.0000
v 0.3500 -6.8500 0.0000
v 2.7000 -6.8500 0.0000
v 2.7500 -6.8500 0.0000
v 2.8000 -6.8500 0.0000
v 2.8500 -6.8500 0.0000
v 2.9000 -6.8500 0.0000
v 2.9500 -6.8500 0.0000
v 3.0000 -6.8500 0.0000
v 3.0500 -6.8500 0.0555
v 3.1000 -6.8500 0.5000
v 3.1500 -6.8500 0.5000
v 3.2000 -6.8500 0.5000
v 3.2500 -6.8500 0.5000
v 3.3000 -6.8500 0.5000
v 3.3500 -6.8500 0.5000
v 0.2500 -6.8000 0.5000
v 0.3000 -6.8000 0.1135
v 0.3500 -6.8000 0.0000
v 3.0000 -6.8000 0.0000
v 3.0500 -6.8000 0.0000
v 3.1000 -6.8000 0.0000
v 3.1500 -6.8000 0.0000
v 3.2000 -6.8000 0.0000
v 3.2500 -6.8000 0.0000
v 3.3000 -6.8000 0.3016
v 3.3500 -6.8000 0.5000
v 3.4000 -6.8000 0.5000
v 3.4500 -6.8000 0.5000
v 0.2500 -6.7500 0.5000
v 0.3000 -6.7500 0.5000
v 0.3500 -6.7500 0.0000
v 0.4000 -6.7500 0.0000
v 3.2500 -6.7500 0.0000
v 3.3000 -6.7500 0.0000
v 3.3500 -6.7500 0.0000
v 3.4000 -6.7500 0.0000
v 3.4500 -6.7500 0.5000
v 3.5000 -6.7500 0.5000
v 3.5500 -6.7500 0.5000
v 3.6000 -6.7500 0.5000
v 0.3000 -6.7000 0.5000
v 0.3500 -6.7000 0.2453
v 0.4000 -6.7000 0.0000
v 3.4000 -6.7000 0.0000
v 3.4500 -6.7000 0.0000
v 3.5000 -6.7000 0.0000
v 3.5500 -6.7000 0.2177
v 3.6000 -6.7000 0.5000
v 3.6500 -6.7000 0.5000
v 3.7000 -6.7000 0.5000
v 0.3000 -6.6500 0.5000
v 0.3500 -6.6500 0.5000
v 0.4000 -6.6500 0.0000
v 0.4500 -6.6500 0.0000
v 3.5000 -6.6500 0.0000
v 3.5500 -6.6500 0.0000
v 3.6000 -6.6500 0.0000
v 3.6500 -6.6500 0.0658
v 3.7000 -6.6500 0.5000
v 3.7500 -6.6500 0.5000
v 14.8500 -6.6500 0.5000
v 14.9000 -6.6500 0.5000
v 14.9500 -6.6500 0.5000
v 15.0000 -6.6500 0.5000
v 15.0500 -6.6500 0.5000
v 15.1000 -6.6500 0.5000
v 15.1500 -6.6500 0.5000
v 15.2000 -6.6500 0.5000
v 15.2500 -6.6500 0.5000
v 15.3000 -6.6500 0.5000
v 0.3500 -6.6000 0.5000
v 0.4000 -6.6000 0.5000
v 0.4500 -6.6000 0.0000
v 0.5000 -6.6000 0.0000
v 0.5500 -6.6000 0.0000
v 0.6000 -6.6000 0.0000
v 0.6500 -6.6000 0.0000
v 0.7000 -6.6000 0.0000
v 0.9000 -6.6000 0.0000
v 0.9500 -6.6000 0.0000
v 1.0000 -6.6000 0.0000
v 1.0500 -6.6000 0.0000
v 1.1000 -6.6000 0.0000
v 1.1500 -6.6000 0.0000
v 1.2000 -6.6000 0.0000
v 1.2500 -6.6000 0.0000
v 3.6000 -6.6000 0.0000
v 3.6500 -6.6000 0.0000
v 3.7000 -6.6000 0.0000
v 3.7500 -6.6000 0.5000
v 3.8000 -6.6000 0.5000
v 3.8500 -6.6000 0.5000
v 14.7000 -6.6000 0.5000
v 14.7500 -6.6000 0.5000
v 14.8000 -6.6000 0.5000
v 14.8500 -6.6000 0.5000
v 14.9000 -6.6000 0.3454
v 14.9500 -6.6000 0.0000
v 15.0000 -6.6000 0.0000
v 15.0500 -6.6000 0.0000
v 15.1000 -6.6000 0.0000
v 15.1500 -6.6000 0.0000
v 15.2000 -6.6000 0.0380
v 15.2500 -6.6000 0.2952
v 15.3000 -6.6000 0.5000
v 15.3500 -6.6000 0.5000
v 15.4000 -6.6000 0.5000
v 15.4500 -6.6000 0.5000
v 0.4000 -6.5500 0.5000
v 0.4500 -6.5500 0.5000
v 0.5000 -6.5500 0.5000
v 0.5500 -6.5500 0.1012
v 0.6000 -6.5500 0.0365
v 0.6500 -6.5500 0.0568
v 0.7000 -6.5500 0.0000
v 0.7500 -6.5500 0.0000
v 0.8000 -6.5500 0.0000
v 0.8500 -6.5500 0.0000
v 0.9000 -6.5500 0.0000
v 0.9500 -6.5500 0.0388
v 1.0000 -6.5500 0.4837
v 1.0500 -6.5500 0.5000
v 1.1000 -6.5500 0.5000
v 1.1500 -6.5500 0.5000
v 1.2000 -6.5500 0.1702
v 1.2500 -6.5500 0.0000
v 1.3000 -6.5500 0.0000
v 1.3500 -6.5500 0.0000
v 1.4000 -6.5500 0.0000
v 1.4500 -6.5500 0.0000
v 1.5000 -6.5500 0.0000
v 1.5500 -6.5500 0.0000
v 1.6000 -6.5500 0.0000
v 1.6500 -6.5500 0.0000
v 1.7000 -6.5500 0.0000
v 3.7000 -6.5500 0.0000
v 3.7500 -6.5500 0.0000
v 3.8000 -6.5500 0.4507
v 3.8500 -6.5500 0.5000
v 3.9000 -6.5500 0.5000
v 14.6000 -6.5500 0.5000
v 14.6500 -6.5500 0.5000
v 14.7000 -6.5500 0.5000
v 14.7500 -6.5500 0.0000
v 14.8000 -6.5500 0.0000
v 14.8500 -6.5500 0.0000
v 14.9000 -6.5500 0.0000
v 14.9500 -6.5500 0.0000
v 15.1500 -6.5500 0.0000
v 15.2000 -6.5500 0.0000
v 15.2500 -6.5500 0.0000
v 15.3000 -6.5500 0.0000
v 15.3500 -6.5500 0.0000
v 15.4000 -6.5500 0.0779
v 15.4500 -6.5500 0.5000
v 15.5000 -6.5500 0.5000
v 15.5500 -6.5500 0.5000
v 0.5000 -6.5000 0.5000
v 0.5500 -6.5000 0.5000
v 0.6000 -6.5000 0.5000
v 0.6500 -6.5000 0.5000
v 0.7000 -6.5000 0.5000
v 0.7500 -6.5000 0.5000
v 0.8000 -6.5000 0.5000
v 0.8500 -6.5000 0.5000
v 0.9000 -6.5000 0.5000
v 0.9500 -6.5000 0.5000
v 1.0000 -6.5000 0.5000
v 1.0500 -6.5000 0.5000
v 1.1500 -6.5000 0.5000
v 1.2000 -6.5000 0.5000
v 1.2500 -6.5000 0.5000
v 1.3000 -6.5000 0.5000
v 1.3500 -6.5000 0.5000
v 1.4000 -6.5000 0.5000
v 1.4500 -6.5000 0.5000
v 1.5000 -6.5000 0.5000
v 1.5500 -6.5000 0.5000
v 1.6000 -6.5000 0.2031
v 1.6500 -6.5000 0.0469
v 1.7000 -6.5000 0.0000
v 1.7500 -6.5000 0.0000
v 1.8000 -6.5000 0.0000
v 1.8500 -6.5000 0.0000
v 1.9000 -6.5000 0.0000
v 1.9500 -6.5000 0.0000
v 2.0000 -6.5000 0.0000
v 2.0500 -6.5000 0.0000
v 3.7500 -6.5000 0.0000
v 3.8000 -6.5000 0.0000
v 3.8500 -6.5000 0.1875
v 3.9000 -6.5000 0.5000
v 3.9500 -6.5000 0.5000
v 14.5000 -6.5000 0.5000
v 14.5500 -6.5000 0.5000
v 14.6000 -6.5000 0.5000
v 14.6500 -6.5000 0.0000
v 14.7000 -6.5000 0.0000
v 14.7500 -6.5000 0.0000
v 15.3500 -6.5000 0.0000
v 15.4000 -6.5000 0.0000
v 15.4500 -6.5000 0.0000
v 15.5000 -6.5000 0.0000
v 15.5500 -6.5000 0.5000
v 15.6000 -6.5000 0.5000
v 15.6500 -6.5000 0.5000
v 15.7000 -6.5000 0.5000
v 15.7500 -6.5000 0.5000
v 1.5500 -6.4500 0.5000
v 1.6000 -6.4500 0.5000
v 1.6500 -6.4500 0.5000
v 1.7000 -6.4500 0.5000
v 1.7500 -6.4500 0.5000
v 1.8000 -6.4500 0.5000
v 1.8500 -6.4500 0.5000
v 1.9000 -6.4500 0.5000
v 1.9500 -6.4500 0.5000
v 2.0000 -6.4500 0.5000
v 2.0500 -6.4500 0.0000
v 2.1000 -6.4500 0.0000
v 2.1500 -6.4500 0.0000
v 2.2000 -6.4500 0.0000
v 2.2500 -6.4500 0.0000
v 2.3000 -6.4500 0.0000
v 3.8000 -6.4500 0.0000
v 3.8500 -6.4500 0.0000
v 3.9000 -6.4500 0.0000
v 3.9500 -6.4500 0.5000
v 4.0000 -6.4500 0.5000
v 14.4500 -6.4500 0.5000
v 14.5000 -6.4500 0.5000
v 14.5500 -6.4500 0.0000
v 14.6000 -6.4500 0.0000
v 14.6500 -6.4500 0.0000
v 15.5000 -6.4500 0.0000
v 15.5500 -6.4500 0.0000
v 15.6000 -6.4500 0.0000
v 15.6500 -6.4500 0.0000
v 15.7000 -6.4500 0.1377
v 15.7500 -6.4500 0.5000
v 15.8000 -6.4500 0.5000
v 15.8500 -6.4500 0.5000
v 15.9000 -6.4500 0.5000
v 15.9500 -6.4500 0.5000
v 16.0000 -6.4500 0.5000
v 16.0500 -6.4500 0.5000
v 16.1000 -6.4500 0.5000
v 16.1500 -6.4500 0.5000
v 2.0000 -6.4000 0.5000
v 2.0500 -6.4000 0.5000
v 2.1000 -6.4000 0.5000
v 2.1500 -6.4000 0.5000
v 2.2000 -6.4000 0.5000
v 2.2500 -6.4000 0.3925
v 2.3000 -6.4000 0.0000
v 2.3500 -6.4000 0.0000
v 2.4000 -6.4000 0.0000
v 2.4500 -6.4000 0.0000
v 2.5000 -6.4000 0.0000
v 3.9000 -6.4000 0.0000
v 3.9500 -6.4000 0.0000
v 4.0000 -6.4000 0.5000
v 4.0500 -6.4000 0.5000
v 14.4000 -6.4000 0.5000
v 14.4500 -6.4000 0.5000
v 14.5000 -6.4000 0.0000
v 14.5500 -6.4000 0.0000
v 15.6500 -6.4000 0.0000
v 15.7000 -6.4000 0.0000
v 15.7500 -6.4000 0.0000
v 15.8000 -6.4000 0.0000
v 15.8500 -6.4000 0.0000
v 15.9000 -6.4000 0.0000
v 15.9500 -6.4000 0.0000
v 16.0000 -6.4000 0.0000
v 16.0500 -6.4000 0.0000
v 16.1000 -6.4000 0.0000
v 16.1500 -6.4000 0.5000
v 16.2000 -6.4000 0.5000
v 16.2500 -6.4000 0.5000
v 2.2000 -6.3500 0.5000
v 2.2500 -6.3500 0.5000
v 2.3000 -6.3500 0.5000
v 2.3500 -6.3500 0.5000
v 2.4000 -6.3500 0.5000
v 2.4500 -6.3500 0.2329
v 2.5000 -6.3500 0.0000
v 2.5500 -6.3500 0.0000
v 2.6000 -6.3500 0.0000
v 2.6500 -6.3500 0.0000
v 2.7000 -6.3500 0.0000
v 3.9500 -6.3500 0.0000
v 4.0000 -6.3500 0.0000
v 4.0500 -6.3500 0.5000
v 4.1000 -6.3500 0.5000
v 14.3000 -6.3500 0.5000
v 14.3500 -6.3500 0.5000
v 14.4000 -6.3500 0.5000
v 14.4500 -6.3500 0.0000
v 14.5000 -6.3500 0.0000
v 16.1000 -6.3500 0.0000
v 16.1500 -6.3500 0.0000
v 16.2000 -6.3500 0.0000
v 16.2500 -6.3500 0.5000
v 16.3000 -6.3500 0.5000
v 16.3500 -6.3500 0.5000
v 2.4000 -6.3000 0.5000
v 2.4500 -6.3000 0.5000
v 2.5000 -6.3000 0.5000
v 2.5500 -6.3000 0.5000
v 2.6000 -6.3000 0.5000
v 2.6500 -6.3000 0.0428
v 2.7000 -6.3000 0.0000
v 2.7500 -6.3000 0.0000
v 2.8000 -6.3000 0.0000
v 2.8500 -6.3000 0.0000
v 4.0000 -6.3000 0.0000
v 4.0500 -6.3000 0.1743
v 4.1000 -6.3000 0.5000
v 4.1500 -6.3000 0.5000
v 14.2500 -6.3000 0.5000
v 14.3000 -6.3000 0.5000
v 14.3500 -6.3000 0.2871
v 14.4000 -6.3000 0.0000
v 14.4500 -6.3000 0.0000
v 16.2000 -6.3000 0.0000
v 16.2500 -6.3000 0.0000
v 16.3000 -6.3000 0.0000
v 16.3500 -6.3000 0.5000
v 16.4000 -6.3000 0.5000
v 2.6000 -6.2500 0.5000
v 2.6500 -6.2500 0.5000
v 2.7000 -6.2500 0.5000
v 2.7500 -6.2500 0.5000
v 2.8000 -6.2500 0.1475
v 2.8500 -6.2500 0.0000
v 2.9000 -6.2500 0.0000
v 2.9500 -6.2500 0.0000
v 3.0000 -6.2500 0.0000
v 4.0000 -6.2500 0.0000
v 4.0500 -6.2500 0.0000
v 4.1000 -6.2500 0.4029
v 4.1500 -6.2500 0.5000
v 4.2000 -6.2500 0.5000
v 14.1500 -6.2500 0.5000
v 14.2000 -6.2500 0.5000
v 14.2500 -6.2500 0.5000
v 14.3000 -6.2500 0.0000
v 14.3500 -6.2500 0.0000
v 14.4000 -6.2500 0.0000
v 16.3000 -6.2500 0.0000
v 16.3500 -6.2500 0.0729
v 16.4000 -6.2500 0.5000
v 2.7500 -6.2000 0.5000
v 2.8000 -6.2000 0.5000
v 2.8500 -6.2000 0.5000
v 2.9000 -6.2000 0.5000
v 2.9500 -6.2000 0.0753
v 3.0000 -6.2000 0.0000
v 3.0500 -6.2000 0.0000
v 3.1000 -6.2000 0.0000
v 4.0500 -6.2000 0.0000
v 4.1000 -6.2000 0.0000
v 4.1500 -6.2000 0.4553
v 4.2000 -6.2000 0.5000
v 14.1000 -6.2000 0.5000
v 14.1500 -6.2000 0.5000
v 14.2000 -6.2000 0.3648
v 14.2500 -6.2000 0.0000
v 14.3000 -6.2000 0.0000
v 16.3000 -6.2000 0.0000
v 16.3500 -6.2000 0.0000
v 16.4000 -6.2000 0.5000
v 2.9000 -6.1500 0.5000
v 2.9500 -6.1500 0.5000
v 3.0000 -6.1500 0.5000
v 3.0500 -6.1500 0.5000
v 3.1000 -6.1500 0.0000
v 3.1500 -6.1500 0.0000
v 3.2000 -6.1500 0.0000
v 3.2500 -6.1500 0.0000
v 4.1000 -6.1500 0.0000
v 4.1500 -6.1500 0.0000
v 4.2000 -6.1500 0.5000
v 4.2500 -6.1500 0.5000
v 4.3000 -6.1500 0.5000
v 14.0500 -6.1500 0.5000
v 14.1000 -6.1500 0.5000
v 14.1500 -6.1500 0.0568
v 14.2000 -6.1500 0.0000
v 14.2500 -6.1500 0.0000
v 16.3500 -6.1500 0.0000
v 16.4000 -6.1500 0.5000
v 3.0500 -6.1000 0.5000
v 3.1000 -6.1000 0.5000
v 3.1500 -6.1000 0.5000
v 3.2000 -6.1000 0.0588
v 3.2500 -6.1000 0.0000
v 3.3000 -6.1000 0.0000
v 3.3500 -6.1000 0.0000
v 4.1500 -6.1000 0.0000
v 4.2000 -6.1000 0.0000
v 4.2500 -6.1000 0.3935
v 4.3000 -6.1000 0.5000
v 4.3500 -6.1000 0.5000
v 14.0000 -6.1000 0.5000
v 14.0500 -6.1000 0.5000
v 14.1000 -6.1000 0.0747
v 14.1500 -6.1000 0.0000
v 14.2000 -6.1000 0.0000
v 16.3500 -6.1000 0.0000
v 16.4000 -6.1000 0.5000
v 3.1500 -6.0500 0.5000
v 3.2000 -6.0500 0.5000
v 3.2500 -6.0500 0.5000
v 3.3000 -6.0500 0.0627
v 3.3500 -6.0500 0.0000
v 3.4000 -6.0500 0.0000
v 4.2000 -6.0500 0.0000
v 4.2500 -6.0500 0.0000
v 4.3000 -6.0500 0.2460
v 4.3500 -6.0500 0.5000
v 4.4000 -6.0500 0.5000
v 14.0000 -6.0500 0.5000
v 14.0500 -6.0500 0.4705
v 14.1000 -6.0500 0.0000
v 14.1500 -6.0500 0.0000
v 16.3500 -6.0500 0.0000
v 16.4000 -6.0500 0.5000
v 3.2500 -6.0000 0.5000
v 3.3000 -6.0000 0.5000
v 3.3500 -6.0000 0.5000
v 3.4000 -6.0000 0.0000
v 3.4500 -6.0000 0.0000
v 4.2500 -6.0000 0.0000
v 4.3000 -6.0000 0.0000
v 4.3500 -6.0000 0.0228
v 4.4000 -6.0000 0.5000
v 4.4500 -6.0000 0.5000
v 13.9500 -6.0000 0.5000
v 14.0000 -6.0000 0.5000
v 14.0500 -6.0000 0.0000
v 14.1000 -6.0000 0.0000
v 16.3000 -6.0000 0.0000
v 16.3500 -6.0000 0.0000
v 16.4000 -6.0000 0.5000
v 3.3500 -5.9500 0.5000
v 3.4000 -5.9500 0.3040
v 3.4500 -5.9500 0.0000
v 4.3000 -5.9500 0.0000
v 4.3500 -5.9500 0.0000
v 4.4000 -5.9500 0.0000
v 4.4500 -5.9500 0.5000
v 4.5000 -5.9500 0.5000
v 4.5500 -5.9500 0.5000
v 13.9500 -5.9500 0.5000
v 14.0000 -5.9500 0.0742
v 14.0500 -5.9500 0.0000
v 16.3000 -5.9500 0.0000
v 16.3500 -5.9500 0.5000
v 16.4000 -5.9500 0.5000
v 3.3500 -5.9000 0.5000
v 3.4000 -5.9000 0.5000
v 3.4500 -5.9000 0.0000
v 3.5000 -5.9000 0.0000
v 4.4000 -5.9000 0.0000
v 4.4500 -5.9000 0.0000
v 4.5000 -5.9000 0.3265
v 4.5500 -5.9000 0.5000
v 4.6000 -5.9000 0.5000
v 13.9000 -5.9000 0.5000
v 13.9500 -5.9000 0.5000
v 14.0000 -5.9000 0.0000
v 14.0500 -5.9000 0.0000
v 16.2500 -5.9000 0.0000
v 16.3000 -5.9000 0.0000
v 16.3500 -5.9000 0.5000
v 3.4000 -5.8500 0.5000
v 3.4500 -5.8500 0.5000
v 3.5000 -5.8500 0.0000
v 3.5500 -5.8500 0.0000
v 4.4500 -5.8500 0.0000
v 4.5000 -5.8500 0.0000
v 4.5500 -5.8500 0.0000
v 4.6000 -5.8500 0.5000
v 4.6500 -5.8500 0.5000
v 4.7000 -5.8500 0.5000
v 4.7500 -5.8500 0.5000
v 4.8000 -5.8500 0.5000
v 4.8500 -5.8500 0.5000
v 4.9000 -5.8500 0.5000
v 4.9500 -5.8500 0.5000
v 5.0000 -5.8500 0.5000
v 5.0500 -5.8500 0.5000
v 5.1000 -5.8500 0.5000
v 5.1500 -5.8500 0.5000
v 5.2000 -5.8500 0.5000
v 5.2500 -5.8500 0.5000
v 13.8500 -5.8500 0.5000
v 13.9000 -5.8500 0.5000
v 13.9500 -5.8500 0.0000
v 14.0000 -5.8500 0.0000
v 16.2500 -5.8500 0.0000
v 16.3000 -5.8500 0.2540
v 16.3500 -5.8500 0.5000
v 3.4500 -5.8000 0.5000
v 3.5000 -5.8000 0.1812
v 3.5500 -5.8000 0.0000
v 4.5500 -5.8000 0.0000
v 4.6000 -5.8000 0.0000
v 4.6500 -5.8000 0.0000
v 4.7000 -5.8000 0.0000
v 4.7500 -5.8000 0.2984
v 4.8000 -5.8000 0.2239
v 4.8500 -5.8000 0.0000
v 4.9000 -5.8000 0.0000
v 4.9500 -5.8000 0.0000
v 5.0000 -5.8000 0.0000
v 5.0500 -5.8000 0.0000
v 5.1000 -5.8000 0.0000
v 5.1500 -5.8000 0.0000
v 5.2000 -5.8000 0.4383
v 5.2500 -5.8000 0.5000
v 5.3000 -5.8000 0.5000
v 5.3500 -5.8000 0.5000
v 5.4000 -5.8000 0.5000
v 13.8500 -5.8000 0.5000
v 13.9000 -5.8000 0.3590
v 13.9500 -5.8000 0.0000
v 16.2500 -5.8000 0.0000
v 16.3000 -5.8000 0.5000
v 16.3500 -5.8000 0.5000
v 3.4500 -5.7500 0.5000
v 3.5000 -5.7500 0.5000
v 3.5500 -5.7500 0.0000
v 3.6000 -5.7500 0.0000
v 4.7000 -5.7500 0.0000
v 4.7500 -5.7500 0.0000
v 4.8000 -5.7500 0.0000
v 4.8500 -5.7500 0.0000
v 5.1500 -5.7500 0.0000
v 5.2000 -5.7500 0.0000
v 5.2500 -5.7500 0.0000
v 5.3000 -5.7500 0.0000
v 5.3500 -5.7500 0.4140
v 5.4000 -5.7500 0.5000
v 5.4500 -5.7500 0.5000
v 5.5000 -5.7500 0.5000
v 13.8000 -5.7500 0.5000
v 13.8500 -5.7500 0.5000
v 13.9000 -5.7500 0.0000
v 13.9500 -5.7500 0.0000
v 16.2000 -5.7500 0.0000
v 16.2500 -5.7500 0.0000
v 16.3000 -5.7500 0.5000
v 3.5000 -5.7000 0.5000
v 3.5500 -5.7000 0.0248
v 3.6000 -5.7000 0.0000
v 5.3000 -5.7000 0.0000
v 5.3500 -5.7000 0.0000
v 5.4000 -5.7000 0.0000
v 5.4500 -5.7000 0.0794
v 5.5000 -5.7000 0.5000
v 5.5500 -5.7000 0.5000
v 5.6000 -5.7000 0.5000
v 13.7500 -5.7000 0.5000
v 13.8000 -5.7000 0.5000
v 13.8500 -5.7000 0.0000
v 13.9000 -5.7000 0.0000
v 16.2000 -5.7000 0.0000
v 16.2500 -5.7000 0.2907
v 16.3000 -5.7000 0.5000
v 3.5000 -5.6500 0.5000
v 3.5500 -5.6500 0.5000
v 3.6000 -5.6500 0.0000
v 5.4000 -5.6500 0.0000
v 5.4500 -5.6500 0.0000
v 5.5000 -5.6500 0.0000
v 5.5500 -5.6500 0.2392
v 5.6000 -5.6500 0.5000
v 5.6500 -5.6500 0.5000
v 13.7000 -5.6500 0.5000
v 13.7500 -5.6500 0.5000
v 13.8000 -5.6500 0.0000
v 13.8500 -5.6500 0.0000
v 16.2000 -5.6500 0.0000
v 16.2500 -5.6500 0.5000
v 16.3000 -5.6500 0.5000
v 3.5500 -5.6000 0.5000
v 3.6000 -5.6000 0.0000
v 5.5000 -5.6000 0.0000
v 5.5500 -5.6000 0.0000
v 5.6000 -5.6000 0.0000
v 5.6500 -5.6000 0.5000
v 5.7000 -5.6000 0.5000
v 5.7500 -5.6000 0.5000
v 13.7000 -5.6000 0.5000
v 13.7500 -5.6000 0.0929
v 13.8000 -5.6000 0.0000
v 16.2000 -5.6000 0.0000
v 16.2500 -5.6000 0.5000
v 3.5500 -5.5500 0.5000
v 3.6000 -5.5500 0.0000
v 5.6000 -5.5500 0.0000
v 5.6500 -5.5500 0.0000
v 5.7000 -5.5500 0.3242
v 5.7500 -5.5500 0.5000
v 5.8000 -5.5500 0.5000
v 13.6500 -5.5500 0.5000
v 13.7000 -5.5500 0.5000
v 13.7500 -5.5500 0.0000
v 13.8000 -5.5500 0.0000
v 16.2000 -5.5500 0.0000
v 16.2500 -5.5500 0.5000
v 3.5500 -5.5000 0.5000
v 3.6000 -5.5000 0.0000
v 5.6500 -5.5000 0.0000
v 5.7000 -5.5000 0.0000
v 5.7500 -5.5000 0.0992
v 5.8000 -5.5000 0.5000
v 5.8500 -5.5000 0.5000
v 13.6000 -5.5000 0.5000
v 13.6500 -5.5000 0.5000
v 13.7000 -5.5000 0.0000
v 13.7500 -5.5000 0.0000
v 16.2000 -5.5000 0.0000
v 16.2500 -5.5000 0.5000
v 3.5500 -5.4500 0.5000
v 3.6000 -5.4500 0.0000
v 5.7000 -5.4500 0.0000
v 5.7500 -5.4500 0.0000
v 5.8000 -5.4500 0.3431
v 5.8500 -5.4500 0.5000
v 13.6000 -5.4500 0.5000
v 13.6500 -5.4500 0.3155
v 13.7000 -5.4500 0.0000
v 16.2000 -5.4500 0.0000
v 16.2500 -5.4500 0.5000
v 3.5500 -5.4000 0.5000
v 3.6000 -5.4000 0.0000
v 5.7500 -5.4000 0.0000
v 5.8000 -5.4000 0.0000
v 5.8500 -5.4000 0.5000
v 5.9000 -5.4000 0.5000
v 13.5500 -5.4000 0.5000
v 13.6000 -5.4000 0.5000
v 13.6500 -5.4000 0.0000
v 13.7000 -5.4000 0.0000
v 16.2000 -5.4000 0.0000
v 16.2500 -5.4000 0.5000
v 3.5500 -5.3500 0.5000
v 3.6000 -5.3500 0.0000
v 5.8000 -5.3500 0.0000
v 5.8500 -5.3500 0.0000
v 5.9000 -5.3500 0.5000
v 5.9500 -5.3500 0.5000
v 13.5500 -5.3500 0.5000
v 13.6000 -5.3500 0.4628
v 13.6500 -5.3500 0.0000
v 16.1500 -5.3500 0.0000
v 16.2000 -5.3500 0.0000
v 16.2500 -5.3500 0.5000
v 3.5500 -5.3000 0.5000
v 3.6000 -5.3000 0.0000
v 5.8500 -5.3000 0.0000
v 5.9000 -5.3000 0.0000
v 5.9500 -5.3000 0.5000
v 6.0000 -5.3000 0.5000
v 13.5500 -5.3000 0.5000
v 13.6000 -5.3000 0.0000
v 13.6500 -5.3000 0.0000
v 16.1500 -5.3000 0.0000
v 16.2000 -5.3000 0.3448
v 16.2500 -5.3000 0.5000
v 3.5500 -5.2500 0.5000
v 3.6000 -5.2500 0.0000
v 5.9000 -5.2500 0.0000
v 5.9500 -5.2500 0.0000
v 6.0000 -5.2500 0.5000
v 6.0500 -5.2500 0.5000
v 13.5500 -5.2500 0.5000
v 13.6000 -5.2500 0.0000
v 16.1000 -5.2500 0.0000
v 16.1500 -5.2500 0.0000
v 16.2000 -5.2500 0.5000
v 16.2500 -5.2500 0.5000
v 3.5500 -5.2000 0.5000
v 3.6000 -5.2000 0.0000
v 5.9500 -5.2000 0.0000
v 6.0000 -5.2000 0.0000
v 6.0500 -5.2000 0.5000
v 6.1000 -5.2000 0.5000
v 13.5500 -5.2000 0.5000
v 13.6000 -5.2000 0.0000
v 16.0500 -5.2000 0.0000
v 16.1000 -5.2000 0.0000
v 16.1500 -5.2000 0.4987
v 16.2000 -5.2000 0.5000
v 3.5000 -5.1500 0.5000
v 3.5500 -5.1500 0.5000
v 3.6000 -5.1500 0.0000
v 6.0000 -5.1500 0.0000
v 6.0500 -5.1500 0.0000
v 6.1000 -5.1500 0.5000
v 6.1500 -5.1500 0.5000
v 6.2000 -5.1500 0.5000
v 13.5000 -5.1500 0.5000
v 13.5500 -5.1500 0.5000
v 13.6000 -5.1500 0.0000
v 16.0000 -5.1500 0.0000
v 16.0500 -5.1500 0.0000
v 16.1000 -5.1500 0.3771
v 16.1500 -5.1500 0.5000
v 16.2000 -5.1500 0.5000
v 3.5000 -5.1000 0.5000
v 3.5500 -5.1000 0.4803
v 3.6000 -5.1000 0.0000
v 6.0500 -5.1000 0.0000
v 6.1000 -5.1000 0.0000
v 6.1500 -5.1000 0.1720
v 6.2000 -5.1000 0.5000
v 6.2500 -5.1000 0.5000
v 13.5000 -5.1000 0.5000
v 13.5500 -5.1000 0.0000
v 13.6000 -5.1000 0.0000
v 15.9500 -5.1000 0.0000
v 16.0000 -5.1000 0.0000
v 16.0500 -5.1000 0.5000
v 16.1000 -5.1000 0.5000
v 16.1500 -5.1000 0.5000
v 3.4500 -5.0500 0.5000
v 3.5000 -5.0500 0.5000
v 3.5500 -5.0500 0.0000
v 3.6000 -5.0500 0.0000
v 6.1000 -5.0500 0.0000
v 6.1500 -5.0500 0.0000
v 6.2000 -5.0500 0.0000
v 6.2500 -5.0500 0.5000
v 6.3000 -5.0500 0.5000
v 13.4500 -5.0500 0.5000
v 13.5000 -5.0500 0.5000
v 13.5500 -5.0500 0.0000
v 15.9000 -5.0500 0.0000
v 15.9500 -5.0500 0.0000
v 16.0000 -5.0500 0.5000
v 16.0500 -5.0500 0.5000
v 3.4500 -5.0000 0.5000
v 3.5000 -5.0000 0.0809
v 3.5500 -5.0000 0.0000
v 6.2000 -5.0000 0.0000
v 6.2500 -5.0000 0.0000
v 6.3000 -5.0000 0.5000
v 6.3500 -5.0000 0.5000
v 13.4500 -5.0000 0.5000
v 13.5000 -5.0000 0.3484
v 13.5500 -5.0000 0.0000
v 15.8500 -5.0000 0.0000
v 15.9000 -5.0000 0.0000
v 15.9500 -5.0000 0.5000
v 16.0000 -5.0000 0.5000
v 3.4000 -4.9500 0.5000
v 3.4500 -4.9500 0.5000
v 3.5000 -4.9500 0.0000
v 3.5500 -4.9500 0.0000
v 6.2500 -4.9500 0.0000
v 6.3000 -4.9500 0.0000
v 6.3500 -4.9500 0.5000
v 6.4000 -4.9500 0.5000
v 13.4500 -4.9500 0.5000
v 13.5000 -4.9500 0.0000
v 13.5500 -4.9500 0.0000
v 15.8000 -4.9500 0.0000
v 15.8500 -4.9500 0.0000
v 15.9000 -4.9500 0.5000
v 15.9500 -4.9500 0.5000
v 3.4000 -4.9000 0.5000
v 3.4500 -4.9000 0.0000
v 3.5000 -4.9000 0.0000
v 6.3000 -4.9000 0.0000
v 6.3500 -4.9000 0.0000
v 6.4000 -4.9000 0.5000
v 6.4500 -4.9000 0.5000
v 13.4000 -4.9000 0.5000
v 13.4500 -4.9000 0.5000
v 13.5000 -4.9000 0.0000
v 15.8000 -4.9000 0.0000
v 15.8500 -4.9000 0.4060
v 15.9000 -4.9000 0.5000
v 3.3500 -4.8500 0.5000
v 3.4000 -4.8500 0.5000
v 3.4500 -4.8500 0.0000
v 6.3500 -4.8500 0.0000
v 6.4000 -4.8500 0.0000
v 6.4500 -4.8500 0.5000
v 6.5000 -4.8500 0.5000
v 13.4000 -4.8500 0.5000
v 13.4500 -4.8500 0.0363
v 13.5000 -4.8500 0.0000
v 15.7500 -4.8500 0.0000
v 15.8000 -4.8500 0.0000
v 15.8500 -4.8500 0.5000
v 15.9000 -4.8500 0.5000
v 3.3500 -4.8000 0.5000
v 3.4000 -4.8000 0.4650
v 3.4500 -4.8000 0.0000
v 6.4000 -4.8000 0.0000
v 6.4500 -4.8000 0.0000
v 6.5000 -4.8000 0.5000
v 6.5500 -4.8000 0.5000
v 13.3500 -4.8000 0.5000
v 13.4000 -4.8000 0.5000
v 13.4500 -4.8000 0.0000
v 13.5000 -4.8000 0.0000
v 15.7000 -4.8000 0.0000
v 15.7500 -4.8000 0.0000
v 15.8000 -4.8000 0.5000
v 15.8500 -4.8000 0.5000
v 3.3500 -4.7500 0.5000
v 3.4000 -4.7500 0.0000
v 3.4500 -4.7500 0.0000
v 6.4500 -4.7500 0.0000
v 6.5000 -4.7500 0.3024
v 6.5500 -4.7500 0.5000
v 13.3000 -4.7500 0.5000
v 13.3500 -4.7500 0.5000
v 13.4000 -4.7500 0.0000
v 13.4500 -4.7500 0.0000
v 15.6500 -4.7500 0.0000
v 15.7000 -4.7500 0.0000
v 15.7500 -4.7500 0.5000
v 15.8000 -4.7500 0.5000
v 3.3500 -4.7000 0.5000
v 3.4000 -4.7000 0.0000
v 6.4500 -4.7000 0.0000
v 6.5000 -4.7000 0.0000
v 6.5500 -4.7000 0.5000
v 6.6000 -4.7000 0.5000
v 13.2000 -4.7000 0.5000
v 13.2500 -4.7000 0.5000
v 13.3000 -4.7000 0.5000
v 13.3500 -4.7000 0.0000
v 13.4000 -4.7000 0.0000
v 15.6000 -4.7000 0.0000
v 15.6500 -4.7000 0.0000
v 15.7000 -4.7000 0.5000
v 15.7500 -4.7000 0.5000
v 3.3500 -4.6500 0.5000
v 3.4000 -4.6500 0.0000
v 6.5000 -4.6500 0.0000
v 6.5500 -4.6500 0.2347
v 6.6000 -4.6500 0.5000
v 13.1500 -4.6500 0.5000
v 13.2000 -4.6500 0.5000
v 13.2500 -4.6500 0.1888
v 13.3000 -4.6500 0.0000
v 13.3500 -4.6500 0.0000
v 15.5000 -4.6500 0.0000
v 15.5500 -4.6500 0.0000
v 15.6000 -4.6500 0.0000
v 15.6500 -4.6500 0.5000
v 15.7000 -4.6500 0.5000
v 3.3000 -4.6000 0.5000
v 3.3500 -4.6000 0.5000
v 3.4000 -4.6000 0.0000
v 6.5000 -4.6000 0.0000
v 6.5500 -4.6000 0.0000
v 6.6000 -4.6000 0.5000
v 13.1000 -4.6000 0.5000
v 13.1500 -4.6000 0.5000
v 13.2000 -4.6000 0.0000
v 13.2500 -4.6000 0.0000
v 13.3000 -4.6000 0.0000
v 15.4500 -4.6000 0.0000
v 15.5000 -4.6000 0.0000
v 15.5500 -4.6000 0.1542
v 15.6000 -4.6000 0.5000
v 15.6500 -4.6000 0.5000
v 3.3000 -4.5500 0.5000
v 3.3500 -4.5500 0.1326
v 3.4000 -4.5500 0.0000
v 6.5500 -4.5500 0.0000
v 6.6000 -4.5500 0.5000
v 6.6500 -4.5500 0.5000
v 13.0000 -4.5500 0.5000
v 13.0500 -4.5500 0.5000
v 13.1000 -4.5500 0.5000
v 13.1500 -4.5500 0.0000
v 13.2000 -4.5500 0.0000
v 15.3500 -4.5500 0.0000
v 15.4000 -4.5500 0.0000
v 15.4500 -4.5500 0.0000
v 15.5000 -4.5500 0.5000
v 15.5500 -4.5500 0.5000
v 15.6000 -4.5500 0.5000
v 3.3000 -4.5000 0.5000
v 3.3500 -4.5000 0.0000
v 3.4000 -4.5000 0.0000
v 6.5500 -4.5000 0.0000
v 6.6000 -4.5000 0.0000
v 6.6500 -4.5000 0.5000
v 6.7000 -4.5000 0.5000
v 12.9500 -4.5000 0.5000
v 13.0000 -4.5000 0.5000
v 13.0500 -4.5000 0.3123
v 13.1000 -4.5000 0.0000
v 13.1500 -4.5000 0.0000
v 14.9000 -4.5000 0.0000
v 14.9500 -4.5000 0.0000
v 15.0000 -4.5000 0.0000
v 15.0500 -4.5000 0.0000
v 15.1000 -4.5000 0.0000
v 15.1500 -4.5000 0.0000
v 15.2000 -4.5000 0.0000
v 15.2500 -4.5000 0.0000
v 15.3000 -4.5000 0.0000
v 15.3500 -4.5000 0.0000
v 15.4000 -4.5000 0.5000
v 15.4500 -4.5000 0.5000
v 15.5000 -4.5000 0.5000
v 3.3000 -4.4500 0.5000
v 3.3500 -4.4500 0.0000
v 6.6000 -4.4500 0.0000
v 6.6500 -4.4500 0.3764
v 6.7000 -4.4500 0.5000
v 6.7500 -4.4500 0.5000
v 12.8500 -4.4500 0.5000
v 12.9000 -4.4500 0.5000
v 12.9500 -4.4500 0.5000
v 13.0000 -4.4500 0.0000
v 13.0500 -4.4500 0.0000
v 13.1000 -4.4500 0.0000
v 14.6000 -4.4500 0.0000
v 14.6500 -4.4500 0.0000
v 14.7000 -4.4500 0.0000
v 14.7500 -4.4500 0.0000
v 14.8000 -4.4500 0.0000
v 14.8500 -4.4500 0.0000
v 14.9000 -4.4500 0.0000
v 14.9500 -4.4500 0.0246
v 15.0000 -4.4500 0.3134
v 15.0500 -4.4500 0.5000
v 15.1000 -4.4500 0.5000
v 15.1500 -4.4500 0.5000
v 15.2000 -4.4500 0.5000
v 15.2500 -4.4500 0.5000
v 15.3000 -4.4500 0.5000
v 15.3500 -4.4500 0.5000
v 15.4000 -4.4500 0.5000
v 3.2500 -4.4000 0.5000
v 3.3000 -4.4000 0.5000
v 3.3500 -4.4000 0.0000
v 6.6000 -4.4000 0.0000
v 6.6500 -4.4000 0.0000
v 6.7000 -4.4000 0.3415
v 6.7500 -4.4000 0.5000
v 6.8000 -4.4000 0.5000
v 12.8000 -4.4000 0.5000
v 12.8500 -4.4000 0.5000
v 12.9000 -4.4000 0.3274
v 12.9500 -4.4000 0.0000
v 13.0000 -4.4000 0.0000
v 14.4000 -4.4000 0.0000
v 14.4500 -4.4000 0.0000
v 14.5000 -4.4000 0.0000
v 14.5500 -4.4000 0.0000
v 14.6000 -4.4000 0.0000
v 14.6500 -4.4000 0.1596
v 14.7000 -4.4000 0.5000
v 14.7500 -4.4000 0.5000
v 14.8000 -4.4000 0.5000
v 14.8500 -4.4000 0.5000
v 14.9000 -4.4000 0.5000
v 14.9500 -4.4000 0.5000
v 15.0000 -4.4000 0.5000
v 15.0500 -4.4000 0.5000
v 3.2500 -4.3500 0.5000
v 3.3000 -4.3500 0.0494
v 3.3500 -4.3500 0.0000
v 6.6500 -4.3500 0.0000
v 6.7000 -4.3500 0.0000
v 6.7500 -4.3500 0.0000
v 6.8000 -4.3500 0.5000
v 6.8500 -4.3500 0.5000
v 6.9000 -4.3500 0.5000
v 12.7500 -4.3500 0.5000
v 12.8000 -4.3500 0.5000
v 12.8500 -4.3500 0.0000
v 12.9000 -4.3500 0.0000
v 12.9500 -4.3500 0.0000
v 14.2500 -4.3500 0.0000
v 14.3000 -4.3500 0.0000
v 14.3500 -4.3500 0.0000
v 14.4000 -4.3500 0.0000
v 14.4500 -4.3500 0.5000
v 14.5000 -4.3500 0.5000
v 14.5500 -4.3500 0.5000
v 14.6000 -4.3500 0.5000
v 14.6500 -4.3500 0.5000
v 14.7000 -4.3500 0.5000
v 3.2000 -4.3000 0.5000
v 3.2500 -4.3000 0.5000
v 3.3000 -4.3000 0.0000
v 3.3500 -4.3000 0.0000
v 6.7500 -4.3000 0.0000
v 6.8000 -4.3000 0.0000
v 6.8500 -4.3000 0.0952
v 6.9000 -4.3000 0.5000
v 6.9500 -4.3000 0.5000
v 7.0000 -4.3000 0.5000
v 12.7000 -4.3000 0.5000
v 12.7500 -4.3000 0.5000
v 12.8000 -4.3000 0.0000
v 12.8500 -4.3000 0.0000
v 14.1000 -4.3000 0.0000
v 14.1500 -4.3000 0.0000
v 14.2000 -4.3000 0.0000
v 14.2500 -4.3000 0.0000
v 14.3000 -4.3000 0.5000
v 14.3500 -4.3000 0.5000
v 14.4000 -4.3000 0.5000
v 14.4500 -4.3000 0.5000
v 3.1500 -4.2500 0.5000
v 3.2000 -4.2500 0.5000
v 3.2500 -4.2500 0.0000
v 3.3000 -4.2500 0.0000
v 6.8000 -4.2500 0.0000
v 6.8500 -4.2500 0.0000
v 6.9000 -4.2500 0.0000
v 6.9500 -4.2500 0.0318
v 7.0000 -4.2500 0.5000
v 7.0500 -4.2500 0.5000
v 7.1000 -4.2500 0.5000
v 7.1500 -4.2500 0.5000
v 12.6000 -4.2500 0.5000
v 12.6500 -4.2500 0.5000
v 12.7000 -4.2500 0.5000
v 12.7500 -4.2500 0.0000
v 12.8000 -4.2500 0.0000
v 14.0000 -4.2500 0.0000
v 14.0500 -4.2500 0.0000
v 14.1000 -4.2500 0.0000
v 14.1500 -4.2500 0.2161
v 14.2000 -4.2500 0.5000
v 14.2500 -4.2500 0.5000
v 14.3000 -4.2500 0.5000
v 3.1000 -4.2000 0.5000
v 3.1500 -4.2000 0.5000
v 3.2000 -4.2000 0.0000
v 3.2500 -4.2000 0.0000
v 6.9000 -4.2000 0.0000
v 6.9500 -4.2000 0.0000
v 7.0000 -4.2000 0.0000
v 7.0500 -4.2000 0.0000
v 7.1000 -4.2000 0.2730
v 7.1500 -4.2000 0.5000
v 7.2000 -4.2000 0.5000
v 7.2500 -4.2000 0.5000
v 12.5500 -4.2000 0.5000
v 12.6000 -4.2000 0.5000
v 12.6500 -4.2000 0.4900
v 12.7000 -4.2000 0.0000
v 12.7500 -4.2000 0.0000
v 13.9500 -4.2000 0.0000
v 14.0000 -4.2000 0.0000
v 14.0500 -4.2000 0.5000
v 14.1000 -4.2000 0.5000
v 14.1500 -4.2000 0.5000
v 14.2000 -4.2000 0.5000
v 3.0500 -4.1500 0.5000
v 3.1000 -4.1500 0.5000
v 3.1500 -4.1500 0.0000
v 3.2000 -4.1500 0.0000
v 7.0500 -4.1500 0.0000
v 7.1000 -4.1500 0.0000
v 7.1500 -4.1500 0.0000
v 7.2000 -4.1500 0.4304
v 7.2500 -4.1500 0.5000
v 7.3000 -4.1500 0.5000
v 12.5000 -4.1500 0.5000
v 12.5500 -4.1500 0.5000
v 12.6000 -4.1500 0.2951
v 12.6500 -4.1500 0.0000
v 12.7000 -4.1500 0.0000
v 13.9000 -4.1500 0.0000
v 13.9500 -4.1500 0.0000
v 14.0000 -4.1500 0.5000
v 14.0500 -4.1500 0.5000
v 3.0000 -4.1000 0.5000
v 3.0500 -4.1000 0.5000
v 3.1000 -4.1000 0.0000
v 3.1500 -4.1000 0.0000
v 7.1500 -4.1000 0.0000
v 7.2000 -4.1000 0.0000
v 7.2500 -4.1000 0.0000
v 7.3000 -4.1000 0.5000
v 7.3500 -4.1000 0.5000
v 7.4000 -4.1000 0.5000
v 12.4500 -4.1000 0.5000
v 12.5000 -4.1000 0.5000
v 12.5500 -4.1000 0.0516
v 12.6000 -4.1000 0.0000
v 12.6500 -4.1000 0.0000
v 13.8500 -4.1000 0.0000
v 13.9000 -4.1000 0.0000
v 13.9500 -4.1000 0.5000
v 14.0000 -4.1000 0.5000
v 2.8500 -4.0500 0.5000
v 2.9000 -4.0500 0.5000
v 2.9500 -4.0500 0.5000
v 3.0000 -4.0500 0.5000
v 3.0500 -4.0500 0.0000
v 3.1000 -4.0500 0.0000
v 7.2500 -4.0500 0.0000
v 7.3000 -4.0500 0.0000
v 7.3500 -4.0500 0.3858
v 7.4000 -4.0500 0.5000
v 7.4500 -4.0500 0.5000
v 12.4000 -4.0500 0.5000
v 12.4500 -4.0500 0.5000
v 12.5000 -4.0500 0.0000
v 12.5500 -4.0500 0.0000
v 12.6000 -4.0500 0.0000
v 13.7500 -4.0500 0.0000
v 13.8000 -4.0500 0.0000
v 13.8500 -4.0500 0.0000
v 13.9000 -4.0500 0.5000
v 13.9500 -4.0500 0.5000
v 2.7000 -4.0000 0.5000
v 2.7500 -4.0000 0.5000
v 2.8000 -4.0000 0.5000
v 2.8500 -4.0000 0.5000
v 2.9000 -4.0000 0.3770
v 2.9500 -4.0000 0.0000
v 3.0000 -4.0000 0.0000
v 3.0500 -4.0000 0.0000
v 7.3000 -4.0000 0.0000
v 7.3500 -4.0000 0.0000
v 7.4000 -4.0000 0.0000
v 7.4500 -4.0000 0.5000
v 7.5000 -4.0000 0.5000
v 7.5500 -4.0000 0.5000
v 12.3500 -4.0000 0.5000
v 12.4000 -4.0000 0.5000
v 12.4500 -4.0000 0.0000
v 12.5000 -4.0000 0.0000
v 13.7000 -4.0000 0.0000
v 13.7500 -4.0000 0.0000
v 13.8000 -4.0000 0.1692
v 13.8500 -4.0000 0.5000
v 13.9000 -4.0000 0.5000
v 2.6500 -3.9500 0.5000
v 2.7000 -3.9500 0.5000
v 2.7500 -3.9500 0.4990
v 2.8000 -3.9500 0.0000
v 2.8500 -3.9500 0.0000
v 2.9000 -3.9500 0.0000
v 2.9500 -3.9500 0.0000
v 7.4000 -3.9500 0.0000
v 7.4500 -3.9500 0.0000
v 7.5000 -3.9500 0.2234
v 7.5500 -3.9500 0.5000
v 7.6000 -3.9500 0.5000
v 12.3000 -3.9500 0.5000
v 12.3500 -3.9500 0.5000
v 12.4000 -3.9500 0.0000
v 12.4500 -3.9500 0.0000
v 13.6500 -3.9500 0.0000
v 13.7000 -3.9500 0.0000
v 13.7500 -3.9500 0.5000
v 13.8000 -3.9500 0.5000
v 13.8500 -3.9500 0.5000
v 2.6000 -3.9000 0.5000
v 2.6500 -3.9000 0.5000
v 2.7000 -3.9000 0.0000
v 2.7500 -3.9000 0.0000
v 2.8000 -3.9000 0.0000
v 7.4500 -3.9000 0.0000
v 7.5000 -3.9000 0.0000
v 7.5500 -3.9000 0.0000
v 7.6000 -3.9000 0.5000
v 7.6500 -3.9000 0.5000
v 12.3000 -3.9000 0.5000
v 12.3500 -3.9000 0.4690
v 12.4000 -3.9000 0.0000
v 13.6000 -3.9000 0.0000
v 13.6500 -3.9000 0.0000
v 13.7000 -3.9000 0.5000
v 13.7500 -3.9000 0.5000
v 2.5500 -3.8500 0.5000
v 2.6000 -3.8500 0.5000
v 2.6500 -3.8500 0.0000
v 2.7000 -3.8500 0.0000
v 7.5500 -3.8500 0.0000
v 7.6000 -3.8500 0.0000
v 7.6500 -3.8500 0.5000
v 7.7000 -3.8500 0.5000
v 12.2500 -3.8500 0.5000
v 12.3000 -3.8500 0.5000
v 12.3500 -3.8500 0.0000
v 12.4000 -3.8500 0.0000
v 13.5500 -3.8500 0.0000
v 13.6000 -3.8500 0.0000
v 13.6500 -3.8500 0.5000
v 13.7000 -3.8500 0.5000
v 2.5000 -3.8000 0.5000
v 2.5500 -3.8000 0.5000
v 2.6000 -3.8000 0.0000
v 2.6500 -3.8000 0.0000
v 7.6000 -3.8000 0.0000
v 7.6500 -3.8000 0.0000
v 7.7000 -3.8000 0.5000
v 7.7500 -3.8000 0.5000
v 12.2500 -3.8000 0.5000
v 12.3000 -3.8000 0.1300
v 12.3500 -3.8000 0.0000
v 13.5000 -3.8000 0.0000
v 13.5500 -3.8000 0.0000
v 13.6000 -3.8000 0.5000
v 13.6500 -3.8000 0.5000
v 2.4000 -3.7500 0.5000
v 2.4500 -3.7500 0.5000
v 2.5000 -3.7500 0.5000
v 2.5500 -3.7500 0.0000
v 2.6000 -3.7500 0.0000
v 7.6500 -3.7500 0.0000
v 7.7000 -3.7500 0.0000
v 7.7500 -3.7500 0.5000
v 7.8000 -3.7500 0.5000
v 7.8500 -3.7500 0.5000
v 12.2000 -3.7500 0.5000
v 12.2500 -3.7500 0.5000
v 12.3000 -3.7500 0.0000
v 12.3500 -3.7500 0.0000
v 13.4500 -3.7500 0.0000
v 13.5000 -3.7500 0.0000
v 13.5500 -3.7500 0.5000
v 13.6000 -3.7500 0.5000
v 2.3500 -3.7000 0.5000
v 2.4000 -3.7000 0.5000
v 2.4500 -3.7000 0.4001
v 2.5000 -3.7000 0.0000
v 2.5500 -3.7000 0.0000
v 7.7000 -3.7000 0.0000
v 7.7500 -3.7000 0.0000
v 7.8000 -3.7000 0.0892
v 7.8500 -3.7000 0.5000
v 7.9000 -3.7000 0.5000
v 12.1500 -3.7000 0.5000
v 12.2000 -3.7000 0.5000
v 12.2500 -3.7000 0.0000
v 12.3000 -3.7000 0.0000
v 13.4000 -3.7000 0.0000
v 13.4500 -3.7000 0.0000
v 13.5000 -3.7000 0.5000
v 13.5500 -3.7000 0.5000
v 2.3000 -3.6500 0.5000
v 2.3500 -3.6500 0.5000
v 2.4000 -3.6500 0.2969
v 2.4500 -3.6500 0.0000
v 2.5000 -3.6500 0.0000
v 7.7500 -3.6500 0.0000
v 7.8000 -3.6500 0.0000
v 7.8500 -3.6500 0.0000
v 7.9000 -3.6500 0.5000
v 7.9500 -3.6500 0.5000
v 12.1500 -3.6500 0.5000
v 12.2000 -3.6500 0.4678
v 12.2500 -3.6500 0.0000
v 13.3500 -3.6500 0.0000
v 13.4000 -3.6500 0.0000
v 13.4500 -3.6500 0.5000
v 13.5000 -3.6500 0.5000
v 2.2500 -3.6000 0.5000
v 2.3000 -3.6000 0.5000
v 2.3500 -3.6000 0.3171
v 2.4000 -3.6000 0.0000
v 2.4500 -3.6000 0.0000
v 3.6500 -3.6000 0.0000
v 3.7000 -3.6000 0.0000
v 3.7500 -3.6000 0.0000
v 3.8000 -3.6000 0.0000
v 3.8500 -3.6000 0.0000
v 3.9000 -3.6000 0.0000
v 3.9500 -3.6000 0.0000
v 4.0000 -3.6000 0.0000
v 4.0500 -3.6000 0.0000
v 4.1000 -3.6000 0.0000
v 4.1500 -3.6000 0.0000
v 4.2000 -3.6000 0.0000
v 4.2500 -3.6000 0.0000
v 4.3000 -3.6000 0.0000
v 4.3500 -3.6000 0.0000
v 7.8500 -3.6000 0.0000
v 7.9000 -3.6000 0.0000
v 7.9500 -3.6000 0.5000
v 8.0000 -3.6000 0.5000
v 12.1000 -3.6000 0.5000
v 12.1500 -3.6000 0.5000
v 12.2000 -3.6000 0.0000
v 12.2500 -3.6000 0.0000
v 13.3000 -3.6000 0.0000
v 13.3500 -3.6000 0.0000
v 13.4000 -3.6000 0.5000
v 13.4500 -3.6000 0.5000
v 2.2000 -3.5500 0.5000
v 2.2500 -3.5500 0.5000
v 2.3000 -3.5500 0.2437
v 2.3500 -3.5500 0.0000
v 2.4000 -3.5500 0.0000
v 3.5500 -3.5500 0.0000
v 3.6000 -3.5500 0.0000
v 3.6500 -3.5500 0.0000
v 3.7000 -3.5500 0.3283
v 3.7500 -3.5500 0.5000
v 3.8000 -3.5500 0.5000
v 3.8500 -3.5500 0.5000
v 3.9000 -3.5500 0.5000
v 3.9500 -3.5500 0.5000
v 4.0000 -3.5500 0.5000
v 4.0500 -3.5500 0.5000
v 4.1000 -3.5500 0.5000
v 4.1500 -3.5500 0.5000
v 4.2000 -3.5500 0.5000
v 4.2500 -3.5500 0.5000
v 4.3000 -3.5500 0.0724
v 4.3500 -3.5500 0.0000
v 4.4000 -3.5500 0.0000
v 4.4500 -3.5500 0.0000
v 4.5000 -3.5500 0.0000
v 7.9000 -3.5500 0.0000
v 7.9500 -3.5500 0.0000
v 8.0000 -3.5500 0.5000
v 8.0500 -3.5500 0.5000
v 12.0500 -3.5500 0.5000
v 12.1000 -3.5500 0.5000
v 12.1500 -3.5500 0.0000
v 12.2000 -3.5500 0.0000
v 13.2000 -3.5500 0.0000
v 13.2500 -3.5500 0.0000
v 13.3000 -3.5500 0.0000
v 13.3500 -3.5500 0.5000
v 13.4000 -3.5500 0.5000
v 2.1500 -3.5000 0.5000
v 2.2000 -3.5000 0.5000
v 2.2500 -3.5000 0.1113
v 2.3000 -3.5000 0.0000
v 2.3500 -3.5000 0.0000
v 3.4500 -3.5000 0.0000
v 3.5000 -3.5000 0.0000
v 3.5500 -3.5000 0.0000
v 3.6000 -3.5000 0.5000
v 3.6500 -3.5000 0.5000
v 3.7000 -3.5000 0.5000
v 3.7500 -3.5000 0.5000
v 4.2500 -3.5000 0.5000
v 4.3000 -3.5000 0.5000
v 4.3500 -3.5000 0.5000
v 4.4000 -3.5000 0.5000
v 4.4500 -3.5000 0.0834
v 4.5000 -3.5000 0.0000
v 4.5500 -3.5000 0.0000
v 4.6000 -3.5000 0.0000
v 7.9500 -3.5000 0.0000
v 8.0000 -3.5000 0.0000
v 8.0500 -3.5000 0.5000
v 8.1000 -3.5000 0.5000
v 12.0000 -3.5000 0.5000
v 12.0500 -3.5000 0.5000
v 12.1000 -3.5000 0.0748
v 12.1500 -3.5000 0.0000
v 13.1500 -3.5000 0.0000
v 13.2000 -3.5000 0.0000
v 13.2500 -3.5000 0.0144
v 13.3000 -3.5000 0.5000
v 13.3500 -3.5000 0.5000
v 2.1000 -3.4500 0.5000
v 2.1500 -3.4500 0.5000
v 2.2000 -3.4500 0.0840
v 2.2500 -3.4500 0.0000
v 2.3000 -3.4500 0.0000
v 3.4000 -3.4500 0.0000
v 3.4500 -3.4500 0.0000
v 3.5000 -3.4500 0.5000
v 3.5500 -3.4500 0.5000
v 3.6000 -3.4500 0.5000
v 4.4000 -3.4500 0.5000
v 4.4500 -3.4500 0.5000
v 4.5000 -3.4500 0.5000
v 4.5500 -3.4500 0.3442
v 4.6000 -3.4500 0.0000
v 4.6500 -3.4500 0.0000
v 4.7000 -3.4500 0.0000
v 6.3500 -3.4500 0.0000
v 6.4000 -3.4500 0.0000
v 6.4500 -3.4500 0.0000
v 6.5000 -3.4500 0.0000
v 6.5500 -3.4500 0.0000
v 6.6000 -3.4500 0.0000
v 6.6500 -3.4500 0.0000
v 6.7000 -3.4500 0.0000
v 6.7500 -3.4500 0.0000
v 6.8000 -3.4500 0.0000
v 8.0000 -3.4500 0.0000
v 8.0500 -3.4500 0.0000
v 8.1000 -3.4500 0.5000
v 8.1500 -3.4500 0.5000
v 11.9500 -3.4500 0.5000
v 12.0000 -3.4500 0.5000
v 12.0500 -3.4500 0.1372
v 12.1000 -3.4500 0.0000
v 12.1500 -3.4500 0.0000
v 13.1000 -3.4500 0.0000
v 13.1500 -3.4500 0.0000
v 13.2000 -3.4500 0.3227
v 13.2500 -3.4500 0.5000
v 13.3000 -3.4500 0.5000
v 2.0500 -3.4000 0.5000
v 2.1000 -3.4000 0.5000
v 2.1500 -3.4000 0.1223
v 2.2000 -3.4000 0.0000
v 2.2500 -3.4000 0.0000
v 3.3000 -3.4000 0.0000
v 3.3500 -3.4000 0.0000
v 3.4000 -3.4000 0.0000
v 3.4500 -3.4000 0.5000
v 3.5000 -3.4000 0.5000
v 4.5000 -3.4000 0.5000
v 4.5500 -3.4000 0.5000
v 4.6000 -3.4000 0.5000
v 4.6500 -3.4000 0.3244
v 4.7000 -3.4000 0.0000
v 4.7500 -3.4000 0.0000
v 4.8000 -3.4000 0.0000
v 5.8500 -3.4000 0.0000
v 5.9000 -3.4000 0.0000
v 5.9500 -3.4000 0.0000
v 6.0000 -3.4000 0.0000
v 6.0500 -3.4000 0.0000
v 6.1000 -3.4000 0.0000
v 6.1500 -3.4000 0.0000
v 6.2000 -3.4000 0.0000
v 6.2500 -3.4000 0.0000
v 6.3000 -3.4000 0.0000
v 6.3500 -3.4000 0.0000
v 6.4000 -3.4000 0.1523
v 6.4500 -3.4000 0.5000
v 6.5000 -3.4000 0.5000
v 6.5500 -3.4000 0.5000
v 6.6000 -3.4000 0.5000
v 6.6500 -3.4000 0.5000
v 6.7000 -3.4000 0.5000
v 6.7500 -3.4000 0.5000
v 6.8000 -3.4000 0.0000
v 6.8500 -3.4000 0.0000
v 6.9000 -3.4000 0.0000
v 8.0500 -3.4000 0.0000
v 8.1000 -3.4000 0.0000
v 8.1500 -3.4000 0.5000
v 8.2000 -3.4000 0.5000
v 11.8000 -3.4000 0.5000
v 11.8500 -3.4000 0.5000
v 11.9000 -3.4000 0.5000
v 11.9500 -3.4000 0.5000
v 12.0000 -3.4000 0.0000
v 12.0500 -3.4000 0.0000
v 12.1000 -3.4000 0.0000
v 13.0500 -3.4000 0.0000
v 13.1000 -3.4000 0.0000
v 13.1500 -3.4000 0.5000
v 13.2000 -3.4000 0.5000
v 13.2500 -3.4000 0.5000
v 2.0000 -3.3500 0.5000
v 2.0500 -3.3500 0.5000
v 2.1000 -3.3500 0.2237
v 2.1500 -3.3500 0.0000
v 2.2000 -3.3500 0.0000
v 3.2000 -3.3500 0.0000
v 3.2500 -3.3500 0.0000
v 3.3000 -3.3500 0.0000
v 3.3500 -3.3500 0.5000
v 3.4000 -3.3500 0.5000
v 3.4500 -3.3500 0.5000
v 4.6000 -3.3500 0.5000
v 4.6500 -3.3500 0.5000
v 4.7000 -3.3500 0.5000
v 4.7500 -3.3500 0.3821
v 4.8000 -3.3500 0.0000
v 4.8500 -3.3500 0.0000
v 4.9000 -3.3500 0.0000
v 4.9500 -3.3500 0.0000
v 5.7500 -3.3500 0.0000
v 5.8000 -3.3500 0.0000
v 5.8500 -3.3500 0.0000
v 5.9000 -3.3500 0.1692
v 5.9500 -3.3500 0.5000
v 6.0000 -3.3500 0.5000
v 6.0500 -3.3500 0.5000
v 6.1000 -3.3500 0.5000
v 6.1500 -3.3500 0.5000
v 6.2000 -3.3500 0.5000
v 6.2500 -3.3500 0.5000
v 6.3000 -3.3500 0.5000
v 6.3500 -3.3500 0.5000
v 6.4000 -3.3500 0.5000
v 6.4500 -3.3500 0.5000
v 6.7500 -3.3500 0.5000
v 6.8000 -3.3500 0.5000
v 6.8500 -3.3500 0.5000
v 6.9000 -3.3500 0.0000
v 6.9500 -3.3500 0.0000
v 8.1000 -3.3500 0.0000
v 8.1500 -3.3500 0.0000
v 8.2000 -3.3500 0.5000
v 8.2500 -3.3500 0.5000
v 11.7500 -3.3500 0.5000
v 11.8000 -3.3500 0.5000
v 11.8500 -3.3500 0.4122
v 11.9000 -3.3500 0.0000
v 11.9500 -3.3500 0.0000
v 12.0000 -3.3500 0.0000
v 13.0000 -3.3500 0.0000
v 13.0500 -3.3500 0.0000
v 13.1000 -3.3500 0.4335
v 13.1500 -3.3500 0.5000
v 2.0000 -3.3000 0.5000
v 2.0500 -3.3000 0.3674
v 2.1000 -3.3000 0.0000
v 2.1500 -3.3000 0.0000
v 3.1000 -3.3000 0.0000
v 3.1500 -3.3000 0.0000
v 3.2000 -3.3000 0.0000
v 3.2500 -3.3000 0.5000
v 3.3000 -3.3000 0.5000
v 3.3500 -3.3000 0.5000
v 4.7000 -3.3000 0.5000
v 4.7500 -3.3000 0.5000
v 4.8000 -3.3000 0.5000
v 4.8500 -3.3000 0.5000
v 4.9000 -3.3000 0.1121
v 4.9500 -3.3000 0.0000
v 5.0000 -3.3000 0.0000
v 5.6000 -3.3000 0.0000
v 5.6500 -3.3000 0.0000
v 5.7000 -3.3000 0.0000
v 5.7500 -3.3000 0.0000
v 5.8000 -3.3000 0.5000
v 5.8500 -3.3000 0.5000
v 5.9000 -3.3000 0.5000
v 5.9500 -3.3000 0.5000
v 6.8500 -3.3000 0.5000
v 6.9000 -3.3000 0.5000
v 6.9500 -3.3000 0.0000
v 7.0000 -3.3000 0.0000
v 8.1500 -3.3000 0.0000
v 8.2000 -3.3000 0.0000
v 8.2500 -3.3000 0.5000
v 8.3000 -3.3000 0.5000
v 8.3500 -3.3000 0.5000
v 11.6500 -3.3000 0.5000
v 11.7000 -3.3000 0.5000
v 11.7500 -3.3000 0.5000
v 11.8000 -3.3000 0.0000
v 11.8500 -3.3000 0.0000
v 11.9000 -3.3000 0.0000
v 13.0000 -3.3000 0.0000
v 13.0500 -3.3000 0.1755
v 13.1000 -3.3000 0.5000
v 13.1500 -3.3000 0.5000
v 1.9500 -3.2500 0.5000
v 2.0000 -3.2500 0.5000
v 2.0500 -3.2500 0.0000
v 2.1000 -3.2500 0.0000
v 2.9500 -3.2500 0.0000
v 3.0000 -3.2500 0.0000
v 3.0500 -3.2500 0.0000
v 3.1000 -3.2500 0.0000
v 3.1500 -3.2500 0.5000
v 3.2000 -3.2500 0.5000
v 3.2500 -3.2500 0.5000
v 4.8500 -3.2500 0.5000
v 4.9000 -3.2500 0.5000
v 4.9500 -3.2500 0.5000
v 5.0000 -3.2500 0.0000
v 5.0500 -3.2500 0.0000
v 5.1000 -3.2500 0.0000
v 5.4500 -3.2500 0.0000
v 5.5000 -3.2500 0.0000
v 5.5500 -3.2500 0.0000
v 5.6000 -3.2500 0.0000
v 5.6500 -3.2500 0.1645
v 5.7000 -3.2500 0.5000
v 5.7500 -3.2500 0.5000
v 5.8000 -3.2500 0.5000
v 6.9000 -3.2500 0.5000
v 6.9500 -3.2500 0.5000
v 7.0000 -3.2500 0.0000
v 7.0500 -3.2500 0.0000
v 8.2000 -3.2500 0.0000
v 8.2500 -3.2500 0.0000
v 8.3000 -3.2500 0.3960
v 8.3500 -3.2500 0.5000
v 8.4000 -3.2500 0.5000
v 11.5500 -3.2500 0.5000
v 11.6000 -3.2500 0.5000
v 11.6500 -3.2500 0.5000
v 11.7000 -3.2500 0.1933
v 11.7500 -3.2500 0.0000
v 11.8000 -3.2500 0.0000
v 12.9500 -3.2500 0.0000
v 13.0000 -3.2500 0.0000
v 13.0500 -3.2500 0.5000
v 13.1000 -3.2500 0.5000
v 1.9000 -3.2000 0.5000
v 1.9500 -3.2000 0.5000
v 2.0000 -3.2000 0.0000
v 2.0500 -3.2000 0.0000
v 2.8500 -3.2000 0.0000
v 2.9000 -3.2000 0.0000
v 2.9500 -3.2000 0.0000
v 3.0000 -3.2000 0.2498
v 3.0500 -3.2000 0.5000
v 3.1000 -3.2000 0.5000
v 3.1500 -3.2000 0.5000
v 4.9500 -3.2000 0.5000
v 5.0000 -3.2000 0.5000
v 5.0500 -3.2000 0.5000
v 5.1000 -3.2000 0.0000
v 5.1500 -3.2000 0.0000
v 5.2000 -3.2000 0.0000
v 5.2500 -3.2000 0.0000
v 5.3000 -3.2000 0.0000
v 5.3500 -3.2000 0.0000
v 5.4000 -3.2000 0.0000
v 5.4500 -3.2000 0.0000
v 5.5000 -3.2000 0.3663
v 5.5500 -3.2000 0.5000
v 5.6000 -3.2000 0.5000
v 5.6500 -3.2000 0.5000
v 5.7000 -3.2000 0.5000
v 6.9500 -3.2000 0.5000
v 7.0000 -3.2000 0.5000
v 7.0500 -3.2000 0.0000
v 7.1000 -3.2000 0.0000
v 8.2500 -3.2000 0.0000
v 8.3000 -3.2000 0.0000
v 8.3500 -3.2000 0.0000
v 8.4000 -3.2000 0.5000
v 8.4500 -3.2000 0.5000
v 11.4500 -3.2000 0.5000
v 11.5000 -3.2000 0.5000
v 11.5500 -3.2000 0.5000
v 11.6000 -3.2000 0.3120
v 11.6500 -3.2000 0.0000
v 11.7000 -3.2000 0.0000
v 11.7500 -3.2000 0.0000
v 12.9000 -3.2000 0.0000
v 12.9500 -3.2000 0.0000
v 13.0000 -3.2000 0.5000
v 13.0500 -3.2000 0.5000
v 1.8500 -3.1500 0.5000
v 1.9000 -3.1500 0.5000
v 1.9500 -3.1500 0.0650
v 2.0000 -3.1500 0.0000
v 2.8000 -3.1500 0.0000
v 2.8500 -3.1500 0.0000
v 2.9000 -3.1500 0.5000
v 2.9500 -3.1500 0.5000
v 3.0000 -3.1500 0.5000
v 3.0500 -3.1500 0.5000
v 5.0500 -3.1500 0.5000
v 5.1000 -3.1500 0.5000
v 5.1500 -3.1500 0.5000
v 5.2000 -3.1500 0.5000
v 5.2500 -3.1500 0.2974
v 5.3000 -3.1500 0.5000
v 5.3500 -3.1500 0.5000
v 5.4000 -3.1500 0.5000
v 5.4500 -3.1500 0.5000
v 5.5000 -3.1500 0.5000
v 5.5500 -3.1500 0.5000
v 7.0000 -3.1500 0.5000
v 7.0500 -3.1500 0.4983
v 7.1000 -3.1500 0.0000
v 7.1500 -3.1500 0.0000
v 8.3500 -3.1500 0.0000
v 8.4000 -3.1500 0.0000
v 8.4500 -3.1500 0.5000
v 8.5000 -3.1500 0.5000
v 11.2500 -3.1500 0.5000
v 11.3000 -3.1500 0.5000
v 11.3500 -3.1500 0.5000
v 11.4000 -3.1500 0.5000
v 11.4500 -3.1500 0.5000
v 11.5000 -3.1500 0.0000
v 11.5500 -3.1500 0.0000
v 11.6000 -3.1500 0.0000
v 11.6500 -3.1500 0.0000
v 12.8500 -3.1500 0.0000
v 12.9000 -3.1500 0.0000
v 12.9500 -3.1500 0.5000
v 13.0000 -3.1500 0.5000
v 1.8000 -3.1000 0.5000
v 1.8500 -3.1000 0.5000
v 1.9000 -3.1000 0.1909
v 1.9500 -3.1000 0.0000
v 2.0000 -3.1000 0.0000
v 2.7500 -3.1000 0.0000
v 2.8000 -3.1000 0.0000
v 2.8500 -3.1000 0.5000
v 2.9000 -3.1000 0.5000
v 5.2000 -3.1000 0.5000
v 5.2500 -3.1000 0.5000
v 5.3000 -3.1000 0.5000
v 7.0000 -3.1000 0.5000
v 7.0500 -3.1000 0.5000
v 7.1000 -3.1000 0.2531
v 7.1500 -3.1000 0.0000
v 7.2000 -3.1000 0.0000
v 8.4000 -3.1000 0.0000
v 8.4500 -3.1000 0.0000
v 8.5000 -3.1000 0.5000
v 8.5500 -3.1000 0.5000
v 10.1500 -3.1000 0.5000
v 10.2000 -3.1000 0.5000
v 10.2500 -3.1000 0.5000
v 10.3000 -3.1000 0.5000
v 10.3500 -3.1000 0.5000
v 10.4000 -3.1000 0.5000
v 10.4500 -3.1000 0.5000
v 10.5000 -3.1000 0.5000
v 10.5500 -3.1000 0.5000
v 10.6000 -3.1000 0.5000
v 10.6500 -3.1000 0.5000
v 10.7000 -3.1000 0.5000
v 10.7500 -3.1000 0.5000
v 10.8000 -3.1000 0.5000
v 10.8500 -3.1000 0.5000
v 10.9000 -3.1000 0.5000
v 10.9500 -3.1000 0.5000
v 11.0000 -3.1000 0.5000
v 11.0500 -3.1000 0.5000
v 11.1000 -3.1000 0.5000
v 11.1500 -3.1000 0.5000
v 11.2000 -3.1000 0.5000
v 11.2500 -3.1000 0.5000
v 11.3000 -3.1000 0.2605
v 11.3500 -3.1000 0.0000
v 11.4000 -3.1000 0.0000
v 11.4500 -3.1000 0.0000
v 11.5000 -3.1000 0.0000
v 12.8000 -3.1000 0.0000
v 12.8500 -3.1000 0.0000
v 12.9000 -3.1000 0.3247
v 12.9500 -3.1000 0.5000
v 1.7500 -3.0500 0.5000
v 1.8000 -3.0500 0.5000
v 1.8500 -3.0500 0.1866
v 1.9000 -3.0500 0.0000
v 1.9500 -3.0500 0.0000
v 2.7000 -3.0500 0.0000
v 2.7500 -3.0500 0.0000
v 2.8000 -3.0500 0.5000
v 2.8500 -3.0500 0.5000
v 7.0500 -3.0500 0.5000
v 7.1000 -3.0500 0.5000
v 7.1500 -3.0500 0.2180
v 7.2000 -3.0500 0.0000
v 7.2500 -3.0500 0.0000
v 8.4500 -3.0500 0.0000
v 8.5000 -3.0500 0.0000
v 8.5500 -3.0500 0.5000
v 8.6000 -3.0500 0.5000
v 8.6500 -3.0500 0.5000
v 9.9000 -3.0500 0.5000
v 9.9500 -3.0500 0.5000
v 10.0000 -3.0500 0.5000
v 10.0500 -3.0500 0.5000
v 10.1000 -3.0500 0.5000
v 10.1500 -3.0500 0.5000
v 10.2000 -3.0500 0.4677
v 10.2500 -3.0500 0.1196
v 10.3000 -3.0500 0.0000
v 10.3500 -3.0500 0.0000
v 10.4000 -3.0500 0.0000
v 10.4500 -3.0500 0.0000
v 10.5000 -3.0500 0.0000
v 10.5500 -3.0500 0.0000
v 10.6000 -3.0500 0.0000
v 10.6500 -3.0500 0.0000
v 10.7000 -3.0500 0.0000
v 10.7500 -3.0500 0.0000
v 10.8000 -3.0500 0.0000
v 10.8500 -3.0500 0.0000
v 10.9000 -3.0500 0.0000
v 10.9500 -3.0500 0.0000
v 11.0000 -3.0500 0.0000
v 11.0500 -3.0500 0.0000
v 11.1000 -3.0500 0.0000
v 11.1500 -3.0500 0.0000
v 11.2000 -3.0500 0.0000
v 11.2500 -3.0500 0.0000
v 11.3000 -3.0500 0.0000
v 11.3500 -3.0500 0.0000
v 12.7500 -3.0500 0.0000
v 12.8000 -3.0500 0.0000
v 12.8500 -3.0500 0.2602
v 12.9000 -3.0500 0.5000
v 12.9500 -3.0500 0.5000
v 1.7000 -3.0000 0.5000
v 1.7500 -3.0000 0.5000
v 1.8000 -3.0000 0.2855
v 1.8500 -3.0000 0.0000
v 1.9000 -3.0000 0.0000
v 2.6500 -3.0000 0.0000
v 2.7000 -3.0000 0.0000
v 2.7500 -3.0000 0.5000
v 2.8000 -3.0000 0.5000
v 7.1000 -3.0000 0.5000
v 7.1500 -3.0000 0.5000
v 7.2000 -3.0000 0.1896
v 7.2500 -3.0000 0.0000
v 7.3000 -3.0000 0.0000
v 8.5000 -3.0000 0.0000
v 8.5500 -3.0000 0.0000
v 8.6000 -3.0000 0.0000
v 8.6500 -3.0000 0.5000
v 8.7000 -3.0000 0.5000
v 8.7500 -3.0000 0.5000
v 8.8000 -3.0000 0.5000
v 9.7000 -3.0000 0.5000
v 9.7500 -3.0000 0.5000
v 9.8000 -3.0000 0.5000
v 9.8500 -3.0000 0.5000
v 9.9000 -3.0000 0.5000
v 9.9500 -3.0000 0.2101
v 10.0000 -3.0000 0.0000
v 10.0500 -3.0000 0.0000
v 10.1000 -3.0000 0.0000
v 10.1500 -3.0000 0.0000
v 10.2000 -3.0000 0.0000
v 10.2500 -3.0000 0.0000
v 10.3000 -3.0000 0.0000
v 12.7000 -3.0000 0.0000
v 12.7500 -3.0000 0.0000
v 12.8000 -3.0000 0.4457
v 12.8500 -3.0000 0.5000
v 12.9000 -3.0000 0.5000
v 1.6500 -2.9500 0.5000
v 1.7000 -2.9500 0.5000
v 1.7500 -2.9500 0.2219
v 1.8000 -2.9500 0.0000
v 1.8500 -2.9500 0.0000
v 2.5500 -2.9500 0.0000
v 2.6000 -2.9500 0.0000
v 2.6500 -2.9500 0.0000
v 2.7000 -2.9500 0.5000
v 2.7500 -2.9500 0.5000
v 7.1500 -2.9500 0.5000
v 7.2000 -2.9500 0.5000
v 7.2500 -2.9500 0.0282
v 7.3000 -2.9500 0.0000
v 8.6000 -2.9500 0.0000
v 8.6500 -2.9500 0.0000
v 8.7000 -2.9500 0.0000
v 8.7500 -2.9500 0.1951
v 8.8000 -2.9500 0.5000
v 8.8500 -2.9500 0.5000
v 8.9000 -2.9500 0.5000
v 9.4500 -2.9500 0.5000
v 9.5000 -2.9500 0.5000
v 9.5500 -2.9500 0.5000
v 9.6000 -2.9500 0.5000
v 9.6500 -2.9500 0.5000
v 9.7000 -2.9500 0.5000
v 9.7500 -2.9500 0.0499
v 9.8000 -2.9500 0.0000
v 9.8500 -2.9500 0.0000
v 9.9000 -2.9500 0.0000
v 9.9500 -2.9500 0.0000
v 10.0000 -2.9500 0.0000
v 12.6500 -2.9500 0.0000
v 12.7000 -2.9500 0.0000
v 12.7500 -2.9500 0.1985
v 12.8000 -2.9500 0.5000
v 12.8500 -2.9500 0.5000
v 1.6000 -2.9000 0.5000
v 1.6500 -2.9000 0.5000
v 1.7000 -2.9000 0.0000
v 1.7500 -2.9000 0.0000
v 1.8000 -2.9000 0.0000
v 2.5000 -2.9000 0.0000
v 2.5500 -2.9000 0.0000
v 2.6000 -2.9000 0.1001
v 2.6500 -2.9000 0.5000
v 2.7000 -2.9000 0.5000
v 7.2000 -2.9000 0.5000
v 7.2500 -2.9000 0.5000
v 7.3000 -2.9000 0.0000
v 7.3500 -2.9000 0.0000
v 8.7000 -2.9000 0.0000
v 8.7500 -2.9000 0.0000
v 8.8000 -2.9000 0.0000
v 8.8500 -2.9000 0.0000
v 8.9000 -2.9000 0.5000
v 8.9500 -2.9000 0.5000
v 9.0000 -2.9000 0.5000
v 9.0500 -2.9000 0.5000
v 9.1000 -2.9000 0.5000
v 9.1500 -2.9000 0.5000
v 9.2000 -2.9000 0.5000
v 9.3500 -2.9000 0.5000
v 9.4000 -2.9000 0.5000
v 9.4500 -2.9000 0.5000
v 9.5000 -2.9000 0.3931
v 9.5500 -2.9000 0.0000
v 9.6000 -2.9000 0.0000
v 9.6500 -2.9000 0.0000
v 9.7000 -2.9000 0.0000
v 9.7500 -2.9000 0.0000
v 9.8000 -2.9000 0.0000
v 12.6000 -2.9000 0.0000
v 12.6500 -2.9000 0.0000
v 12.7000 -2.9000 0.2025
v 12.7500 -2.9000 0.5000
v 12.8000 -2.9000 0.5000
v 1.5500 -2.8500 0.5000
v 1.6000 -2.8500 0.5000
v 1.6500 -2.8500 0.0000
v 1.7000 -2.8500 0.0000
v 2.4500 -2.8500 0.0000
v 2.5000 -2.8500 0.0000
v 2.5500 -2.8500 0.2429
v 2.6000 -2.8500 0.5000
v 2.6500 -2.8500 0.5000
v 7.2500 -2.8500 0.5000
v 7.3000 -2.8500 0.3289
v 7.3500 -2.8500 0.0000
v 8.8500 -2.8500 0.0000
v 8.9000 -2.8500 0.0000
v 8.9500 -2.8500 0.0000
v 9.0000 -2.8500 0.0000
v 9.0500 -2.8500 0.0000
v 9.1000 -2.8500 0.0000
v 9.1500 -2.8500 0.3497
v 9.2000 -2.8500 0.5000
v 9.2500 -2.8500 0.5000
v 9.3000 -2.8500 0.5000
v 9.3500 -2.8500 0.5000
v 9.4000 -2.8500 0.0372
v 9.4500 -2.8500 0.0000
v 9.5000 -2.8500 0.0000
v 9.5500 -2.8500 0.0000
v 12.5500 -2.8500 0.0000
v 12.6000 -2.8500 0.0000
v 12.6500 -2.8500 0.5000
v 12.7000 -2.8500 0.5000
v 12.7500 -2.8500 0.5000
v 1.5000 -2.8000 0.5000
v 1.5500 -2.8000 0.5000
v 1.6000 -2.8000 0.0000
v 1.6500 -2.8000 0.0000
v 2.4000 -2.8000 0.0000
v 2.4500 -2.8000 0.0000
v 2.5000 -2.8000 0.3003
v 2.5500 -2.8000 0.5000
v 2.6000 -2.8000 0.5000
v 7.2500 -2.8000 0.5000
v 7.3000 -2.8000 0.5000
v 7.3500 -2.8000 0.0000
v 9.1000 -2.8000 0.0000
v 9.1500 -2.8000 0.0000
v 9.2000 -2.8000 0.0000
v 9.2500 -2.8000 0.0000
v 9.3000 -2.8000 0.0000
v 9.3500 -2.8000 0.0000
v 9.4000 -2.8000 0.0000
v 9.4500 -2.8000 0.0000
v 12.5500 -2.8000 0.0000
v 12.6000 -2.8000 0.4553
v 12.6500 -2.8000 0.5000
v 1.4000 -2.7500 0.5000
v 1.4500 -2.7500 0.5000
v 1.5000 -2.7500 0.5000
v 1.5500 -2.7500 0.0000
v 1.6000 -2.7500 0.0000
v 2.4000 -2.7500 0.0000
v 2.4500 -2.7500 0.1275
v 2.5000 -2.7500 0.5000
v 2.5500 -2.7500 0.5000
v 7.3000 -2.7500 0.5000
v 7.3500 -2.7500 0.0000
v 7.4000 -2.7500 0.0000
v 12.5500 -2.7500 0.0000
v 12.6000 -2.7500 0.5000
v 12.6500 -2.7500 0.5000
v 1.3500 -2.7000 0.5000
v 1.4000 -2.7000 0.5000
v 1.4500 -2.7000 0.1889
v 1.5000 -2.7000 0.0000
v 1.5500 -2.7000 0.0000
v 2.3000 -2.7000 0.0000
v 2.3500 -2.7000 0.0000
v 2.4000 -2.7000 0.0000
v 2.4500 -2.7000 0.5000
v 2.5000 -2.7000 0.5000
v 7.3000 -2.7000 0.5000
v 7.3500 -2.7000 0.0662
v 7.4000 -2.7000 0.0000
v 12.5000 -2.7000 0.0000
v 12.5500 -2.7000 0.0000
v 12.6000 -2.7000 0.5000
v 1.3500 -2.6500 0.5000
v 1.4000 -2.6500 0.2276
v 1.4500 -2.6500 0.0000
v 1.5000 -2.6500 0.0000
v 2.2500 -2.6500 0.0000
v 2.3000 -2.6500 0.0000
v 2.3500 -2.6500 0.0928
v 2.4000 -2.6500 0.5000
v 2.4500 -2.6500 0.5000
v 7.3000 -2.6500 0.5000
v 7.3500 -2.6500 0.0000
v 7.4000 -2.6500 0.0000
v 12.5000 -2.6500 0.0000
v 12.5500 -2.6500 0.3496
v 12.6000 -2.6500 0.5000
v 1.3000 -2.6000 0.5000
v 1.3500 -2.6000 0.5000
v 1.4000 -2.6000 0.0000
v 1.4500 -2.6000 0.0000
v 2.2000 -2.6000 0.0000
v 2.2500 -2.6000 0.0000
v 2.3000 -2.6000 0.4636
v 2.3500 -2.6000 0.5000
v 2.4000 -2.6000 0.5000
v 7.3000 -2.6000 0.5000
v 7.3500 -2.6000 0.0000
v 12.5000 -2.6000 0.0000
v 12.5500 -2.6000 0.4797
v 12.6000 -2.6000 0.5000
v 1.2500 -2.5500 0.5000
v 1.3000 -2.5500 0.5000
v 1.3500 -2.5500 0.0000
v 1.4000 -2.5500 0.0000
v 2.1500 -2.5500 0.0000
v 2.2000 -2.5500 0.0000
v 2.2500 -2.5500 0.5000
v 2.3000 -2.5500 0.5000
v 2.3500 -2.5500 0.5000
v 7.3000 -2.5500 0.5000
v 7.3500 -2.5500 0.0000
v 12.5000 -2.5500 0.0000
v 12.5500 -2.5500 0.5000
v 12.6000 -2.5500 0.5000
v 1.2500 -2.5000 0.5000
v 1.3000 -2.5000 0.3096
v 1.3500 -2.5000 0.0000
v 2.0500 -2.5000 0.0000
v 2.1000 -2.5000 0.0000
v 2.1500 -2.5000 0.0000
v 2.2000 -2.5000 0.5000
v 2.2500 -2.5000 0.5000
v 7.3000 -2.5000 0.5000
v 7.3500 -2.5000 0.0000
v 12.5000 -2.5000 0.0000
v 12.5500 -2.5000 0.5000
v 12.6000 -2.5000 0.5000
v 1.2000 -2.4500 0.5000
v 1.2500 -2.4500 0.5000
v 1.3000 -2.4500 0.0000
v 1.3500 -2.4500 0.0000
v 2.0000 -2.4500 0.0000
v 2.0500 -2.4500 0.0000
v 2.1000 -2.4500 0.0757
v 2.1500 -2.4500 0.5000
v 2.2000 -2.4500 0.5000
v 7.3000 -2.4500 0.5000
v 7.3500 -2.4500 0.0000
v 12.5000 -2.4500 0.0000
v 12.5500 -2.4500 0.4711
v 12.6000 -2.4500 0.5000
v 1.1500 -2.4000 0.5000
v 1.2000 -2.4000 0.5000
v 1.2500 -2.4000 0.0000
v 1.3000 -2.4000 0.0000
v 1.9500 -2.4000 0.0000
v 2.0000 -2.4000 0.0000
v 2.0500 -2.4000 0.0874
v 2.1000 -2.4000 0.5000
v 2.1500 -2.4000 0.5000
v 7.3000 -2.4000 0.5000
v 7.3500 -2.4000 0.0000
v 12.5000 -2.4000 0.0000
v 12.5500 -2.4000 0.0866
v 12.6000 -2.4000 0.5000
v 1.1500 -2.3500 0.5000
v 1.2000 -2.3500 0.0000
v 1.2500 -2.3500 0.0000
v 1.9500 -2.3500 0.0000
v 2.0000 -2.3500 0.0276
v 2.0500 -2.3500 0.5000
v 2.1000 -2.3500 0.5000
v 7.3000 -2.3500 0.5000
v 7.3500 -2.3500 0.0000
v 12.5000 -2.3500 0.0000
v 12.5500 -2.3500 0.0000
v 12.6000 -2.3500 0.5000
v 1.1000 -2.3000 0.5000
v 1.1500 -2.3000 0.5000
v 1.2000 -2.3000 0.0000
v 1.9000 -2.3000 0.0000
v 1.9500 -2.3000 0.0000
v 2.0000 -2.3000 0.5000
v 2.0500 -2.3000 0.5000
v 7.3000 -2.3000 0.5000
v 7.3500 -2.3000 0.0000
v 12.5500 -2.3000 0.0000
v 12.6000 -2.3000 0.5000
v 1.0500 -2.2500 0.5000
v 1.1000 -2.2500 0.5000
v 1.1500 -2.2500 0.0000
v 1.2000 -2.2500 0.0000
v 1.8500 -2.2500 0.0000
v 1.9000 -2.2500 0.0000
v 1.9500 -2.2500 0.5000
v 2.0000 -2.2500 0.5000
v 7.3000 -2.2500 0.5000
v 7.3500 -2.2500 0.0000
v 12.5500 -2.2500 0.0000
v 12.6000 -2.2500 0.5000
v 1.0500 -2.2000 0.5000
v 1.1000 -2.2000 0.0000
v 1.1500 -2.2000 0.0000
v 1.8000 -2.2000 0.0000
v 1.8500 -2.2000 0.0000
v 1.9000 -2.2000 0.5000
v 1.9500 -2.2000 0.5000
v 7.3000 -2.2000 0.5000
v 7.3500 -2.2000 0.0000
v 12.5500 -2.2000 0.0000
v 12.6000 -2.2000 0.5000
v 12.6500 -2.2000 0.5000
v 1.0000 -2.1500 0.5000
v 1.0500 -2.1500 0.5000
v 1.1000 -2.1500 0.0000
v 1.8000 -2.1500 0.0000
v 1.8500 -2.1500 0.2718
v 1.9000 -2.1500 0.5000
v 7.3000 -2.1500 0.5000
v 7.3500 -2.1500 0.0000
v 12.5500 -2.1500 0.0000
v 12.6000 -2.1500 0.0000
v 12.6500 -2.1500 0.5000
v 0.9500 -2.1000 0.5000
v 1.0000 -2.1000 0.5000
v 1.0500 -2.1000 0.0000
v 1.1000 -2.1000 0.0000
v 1.7500 -2.1000 0.0000
v 1.8000 -2.1000 0.0000
v 1.8500 -2.1000 0.5000
v 1.9000 -2.1000 0.5000
v 7.2500 -2.1000 0.5000
v 7.3000 -2.1000 0.5000
v 7.3500 -2.1000 0.0000
v 12.6000 -2.1000 0.0000
v 12.6500 -2.1000 0.5000
v 12.7000 -2.1000 0.5000
v 0.9000 -2.0500 0.5000
v 0.9500 -2.0500 0.5000
v 1.0000 -2.0500 0.0000
v 1.0500 -2.0500 0.0000
v 1.7500 -2.0500 0.0000
v 1.8000 -2.0500 0.4627
v 1.8500 -2.0500 0.5000
v 7.2500 -2.0500 0.5000
v 7.3000 -2.0500 0.0000
v 7.3500 -2.0500 0.0000
v 12.6000 -2.0500 0.0000
v 12.6500 -2.0500 0.2200
v 12.7000 -2.0500 0.5000
v 0.9000 -2.0000 0.5000
v 0.9500 -2.0000 0.2694
v 1.0000 -2.0000 0.0000
v 1.7000 -2.0000 0.0000
v 1.7500 -2.0000 0.0000
v 1.8000 -2.0000 0.5000
v 1.8500 -2.0000 0.5000
v 7.2000 -2.0000 0.5000
v 7.2500 -2.0000 0.5000
v 7.3000 -2.0000 0.0000
v 12.6000 -2.0000 0.0000
v 12.6500 -2.0000 0.0000
v 12.7000 -2.0000 0.5000
v 0.8500 -1.9500 0.5000
v 0.9000 -1.9500 0.5000
v 0.9500 -1.9500 0.0000
v 1.0000 -1.9500 0.0000
v 1.7000 -1.9500 0.0000
v 1.7500 -1.9500 0.2385
v 1.8000 -1.9500 0.5000
v 7.2000 -1.9500 0.5000
v 7.2500 -1.9500 0.4516
v 7.3000 -1.9500 0.0000
v 12.6500 -1.9500 0.0000
v 12.7000 -1.9500 0.5000
v 0.8500 -1.9000 0.5000
v 0.9000 -1.9000 0.2404
v 0.9500 -1.9000 0.0000
v 1.7000 -1.9000 0.0000
v 1.7500 -1.9000 0.5000
v 1.8000 -1.9000 0.5000
v 7.2000 -1.9000 0.5000
v 7.2500 -1.9000 0.0000
v 7.3000 -1.9000 0.0000
v 12.6500 -1.9000 0.0000
v 12.7000 -1.9000 0.5000
v 0.8000 -1.8500 0.5000
v 0.8500 -1.8500 0.5000
v 0.9000 -1.8500 0.0000
v 0.9500 -1.8500 0.0000
v 1.7000 -1.8500 0.0000
v 1.7500 -1.8500 0.5000
v 7.1500 -1.8500 0.5000
v 7.2000 -1.8500 0.5000
v 7.2500 -1.8500 0.0000
v 12.6500 -1.8500 0.0000
v 12.7000 -1.8500 0.5000
v 0.8000 -1.8000 0.5000
v 0.8500 -1.8000 0.0000
v 0.9000 -1.8000 0.0000
v 1.6500 -1.8000 0.0000
v 1.7000 -1.8000 0.0000
v 1.7500 -1.8000 0.5000
v 7.1000 -1.8000 0.5000
v 7.1500 -1.8000 0.5000
v 7.2000 -1.8000 0.0312
v 7.2500 -1.8000 0.0000
v 12.6500 -1.8000 0.0000
v 12.7000 -1.8000 0.5000
v 0.7500 -1.7500 0.5000
v 0.8000 -1.7500 0.5000
v 0.8500 -1.7500 0.0000
v 1.6500 -1.7500 0.0000
v 1.7000 -1.7500 0.4327
v 1.7500 -1.7500 0.5000
v 7.1000 -1.7500 0.5000
v 7.1500 -1.7500 0.4168
v 7.2000 -1.7500 0.0000
v 7.2500 -1.7500 0.0000
v 12.6500 -1.7500 0.0000
v 12.7000 -1.7500 0.5000
v 0.7500 -1.7000 0.5000
v 0.8000 -1.7000 0.0000
v 0.8500 -1.7000 0.0000
v 1.6500 -1.7000 0.0000
v 1.7000 -1.7000 0.5000
v 1.7500 -1.7000 0.5000
v 7.0500 -1.7000 0.5000
v 7.1000 -1.7000 0.5000
v 7.1500 -1.7000 0.0000
v 7.2000 -1.7000 0.0000
v 12.6500 -1.7000 0.0000
v 12.7000 -1.7000 0.5000
v 0.7000 -1.6500 0.5000
v 0.7500 -1.6500 0.5000
v 0.8000 -1.6500 0.0000
v 1.6000 -1.6500 0.0000
v 1.6500 -1.6500 0.0000
v 1.7000 -1.6500 0.5000
v 7.0500 -1.6500 0.5000
v 7.1000 -1.6500 0.2733
v 7.1500 -1.6500 0.0000
v 12.6500 -1.6500 0.0000
v 12.7000 -1.6500 0.5000
v 0.7000 -1.6000 0.5000
v 0.7500 -1.6000 0.1426
v 0.8000 -1.6000 0.0000
v 1.6000 -1.6000 0.0000
v 1.6500 -1.6000 0.4140
v 1.7000 -1.6000 0.5000
v 7.0500 -1.6000 0.5000
v 7.1000 -1.6000 0.0000
v 7.1500 -1.6000 0.0000
v 12.6500 -1.6000 0.0000
v 12.7000 -1.6000 0.5000
v 12.7500 -1.6000 0.5000
v 0.6500 -1.5500 0.5000
v 0.7000 -1.5500 0.5000
v 0.7500 -1.5500 0.0000
v 0.8000 -1.5500 0.0000
v 1.6000 -1.5500 0.0000
v 1.6500 -1.5500 0.5000
v 1.7000 -1.5500 0.5000
v 7.0000 -1.5500 0.5000
v 7.0500 -1.5500 0.5000
v 7.1000 -1.5500 0.0000
v 12.6500 -1.5500 0.0000
v 12.7000 -1.5500 0.3412
v 12.7500 -1.5500 0.5000
v 0.6000 -1.5000 0.5000
v 0.6500 -1.5000 0.5000
v 0.7000 -1.5000 0.0000
v 0.7500 -1.5000 0.0000
v 1.5500 -1.5000 0.0000
v 1.6000 -1.5000 0.0000
v 1.6500 -1.5000 0.5000
v 6.9500 -1.5000 0.5000
v 7.0000 -1.5000 0.5000
v 7.0500 -1.5000 0.0000
v 7.1000 -1.5000 0.0000
v 12.6500 -1.5000 0.0000
v 12.7000 -1.5000 0.0000
v 12.7500 -1.5000 0.5000
v 0.5500 -1.4500 0.5000
v 0.6000 -1.4500 0.5000
v 0.6500 -1.4500 0.0000
v 0.7000 -1.4500 0.0000
v 1.5500 -1.4500 0.0000
v 1.6000 -1.4500 0.4640
v 1.6500 -1.4500 0.5000
v 6.9500 -1.4500 0.5000
v 7.0000 -1.4500 0.4459
v 7.0500 -1.4500 0.0000
v 12.7000 -1.4500 0.0000
v 12.7500 -1.4500 0.5000
v 12.8000 -1.4500 0.5000
v 0.4500 -1.4000 0.5000
v 0.5000 -1.4000 0.5000
v 0.5500 -1.4000 0.5000
v 0.6000 -1.4000 0.0000
v 0.6500 -1.4000 0.0000
v 1.5000 -1.4000 0.0000
v 1.5500 -1.4000 0.0000
v 1.6000 -1.4000 0.5000
v 1.6500 -1.4000 0.5000
v 6.9000 -1.4000 0.5000
v 6.9500 -1.4000 0.5000
v 7.0000 -1.4000 0.0000
v 7.0500 -1.4000 0.0000
v 12.7000 -1.4000 0.0000
v 12.7500 -1.4000 0.4163
v 12.8000 -1.4000 0.5000
v 0.3000 -1.3500 0.5000
v 0.3500 -1.3500 0.5000
v 0.4000 -1.3500 0.5000
v 0.4500 -1.3500 0.5000
v 0.5000 -1.3500 0.0000
v 0.5500 -1.3500 0.0000
v 0.6000 -1.3500 0.0000
v 1.5000 -1.3500 0.0000
v 1.5500 -1.3500 0.2648
v 1.6000 -1.3500 0.5000
v 6.8500 -1.3500 0.5000
v 6.9000 -1.3500 0.5000
v 6.9500 -1.3500 0.0000
v 7.0000 -1.3500 0.0000
v 12.7000 -1.3500 0.0000
v 12.7500 -1.3500 0.0000
v 12.8000 -1.3500 0.5000
v 0.1000 -1.3000 0.5000
v 0.1500 -1.3000 0.5000
v 0.2000 -1.3000 0.5000
v 0.2500 -1.3000 0.5000
v 0.3000 -1.3000 0.5000
v 0.3500 -1.3000 0.0768
v 0.4000 -1.3000 0.0000
v 0.4500 -1.3000 0.0000
v 0.5000 -1.3000 0.0000
v 1.5000 -1.3000 0.0000
v 1.5500 -1.3000 0.5000
v 1.6000 -1.3000 0.5000
v 6.8500 -1.3000 0.5000
v 6.9000 -1.3000 0.0263
v 6.9500 -1.3000 0.0000
v 12.7500 -1.3000 0.0000
v 12.8000 -1.3000 0.5000
v 12.8500 -1.3000 0.5000
v -0.0500 -1.2500 0.5000
v -0.0000 -1.2500 0.5000
v 0.0500 -1.2500 0.5000
v 0.1000 -1.2500 0.5000
v 0.1500 -1.2500 0.1225
v 0.2000 -1.2500 0.0000
v 0.2500 -1.2500 0.0000
v 0.3000 -1.2500 0.0000
v 0.3500 -1.2500 0.0000
v 0.4000 -1.2500 0.0000
v 1.4500 -1.2500 0.0000
v 1.5000 -1.2500 0.0000
v 1.5500 -1.2500 0.5000
v 6.8000 -1.2500 0.5000
v 6.8500 -1.2500 0.5000
v 6.9000 -1.2500 0.0000
v 6.9500 -1.2500 0.0000
v 12.7500 -1.2500 0.0000
v 12.8000 -1.2500 0.2118
v 12.8500 -1.2500 0.5000
v -0.1500 -1.2000 0.5000
v -0.1000 -1.2000 0.5000
v -0.0500 -1.2000 0.5000
v -0.0000 -1.2000 0.1523
v 0.0500 -1.2000 0.0000
v 0.1000 -1.2000 0.0000
v 0.1500 -1.2000 0.0000
v 0.2000 -1.2000 0.0000
v 1.4500 -1.2000 0.0000
v 1.5000 -1.2000 0.3720
v 1.5500 -1.2000 0.5000
v 6.8000 -1.2000 0.5000
v 6.8500 -1.2000 0.0000
v 6.9000 -1.2000 0.0000
v 12.7500 -1.2000 0.0000
v 12.8000 -1.2000 0.0000
v 12.8500 -1.2000 0.5000
v 12.9000 -1.2000 0.5000
v -0.3500 -1.1500 0.5000
v -0.3000 -1.1500 0.5000
v -0.2500 -1.1500 0.5000
v -0.2000 -1.1500 0.5000
v -0.1500 -1.1500 0.5000
v -0.1000 -1.1500 0.0000
v -0.0500 -1.1500 0.0000
v -0.0000 -1.1500 0.0000
v 0.0500 -1.1500 0.0000
v 1.4000 -1.1500 0.0000
v 1.4500 -1.1500 0.0000
v 1.5000 -1.1500 0.5000
v 1.5500 -1.1500 0.5000
v 6.7500 -1.1500 0.5000
v 6.8000 -1.1500 0.5000
v 6.8500 -1.1500 0.0000
v 12.8000 -1.1500 0.0000
v 12.8500 -1.1500 0.3605
v 12.9000 -1.1500 0.5000
v -1.0500 -1.1000 0.5000
v -1.0000 -1.1000 0.5000
v -0.9500 -1.1000 0.5000
v -0.9000 -1.1000 0.5000
v -0.8500 -1.1000 0.5000
v -0.8000 -1.1000 0.5000
v -0.7500 -1.1000 0.5000
v -0.7000 -1.1000 0.5000
v -0.6500 -1.1000 0.5000
v -0.6000 -1.1000 0.5000
v -0.5500 -1.1000 0.5000
v -0.5000 -1.1000 0.5000
v -0.4500 -1.1000 0.5000
v -0.4000 -1.1000 0.5000
v -0.3500 -1.1000 0.5000
v -0.3000 -1.1000 0.3049
v -0.2500 -1.1000 0.0000
v -0.2000 -1.1000 0.0000
v -0.1500 -1.1000 0.0000
v -0.1000 -1.1000 0.0000
v 1.4000 -1.1000 0.0000
v 1.4500 -1.1000 0.0769
v 1.5000 -1.1000 0.5000
v 6.7500 -1.1000 0.5000
v 6.8000 -1.1000 0.0000
v 6.8500 -1.1000 0.0000
v 12.8000 -1.1000 0.0000
v 12.8500 -1.1000 0.0000
v 12.9000 -1.1000 0.5000
v -1.1500 -1.0500 0.5000
v -1.1000 -1.0500 0.5000
v -1.0500 -1.0500 0.5000
v -1.0000 -1.0500 0.4975
v -0.9500 -1.0500 0.0561
v -0.9000 -1.0500 0.0000
v -0.8500 -1.0500 0.0000
v -0.8000 -1.0500 0.0000
v -0.7500 -1.0500 0.0000
v -0.7000 -1.0500 0.0000
v -0.6500 -1.0500 0.0000
v -0.6000 -1.0500 0.0000
v -0.5500 -1.0500 0.0000
v -0.5000 -1.0500 0.0000
v -0.4500 -1.0500 0.0000
v -0.4000 -1.0500 0.0000
v -0.3500 -1.0500 0.0000
v -0.3000 -1.0500 0.0000
v -0.2500 -1.0500 0.0000
v 1.4000 -1.0500 0.0000
v 1.4500 -1.0500 0.5000
v 1.5000 -1.0500 0.5000
v 6.7500 -1.0500 0.5000
v 6.8000 -1.0500 0.0000
v 12.8500 -1.0500 0.0000
v 12.9000 -1.0500 0.5000
v -1.2500 -1.0000 0.5000
v -1.2000 -1.0000 0.5000
v -1.1500 -1.0000 0.5000
v -1.1000 -1.0000 0.1458
v -1.0500 -1.0000 0.0000
v -1.0000 -1.0000 0.0000
v -0.9500 -1.0000 0.0000
v -0.9000 -1.0000 0.0000
v 1.3500 -1.0000 0.0000
v 1.4000 -1.0000 0.0000
v 1.4500 -1.0000 0.5000
v 6.7000 -1.0000 0.5000
v 6.7500 -1.0000 0.5000
v 6.8000 -1.0000 0.0000
v 12.8500 -1.0000 0.0000
v 12.9000 -1.0000 0.5000
v 12.9500 -1.0000 0.5000
v -1.3500 -0.9500 0.5000
v -1.3000 -0.9500 0.5000
v -1.2500 -0.9500 0.5000
v -1.2000 -0.9500 0.0000
v -1.1500 -0.9500 0.0000
v -1.1000 -0.9500 0.0000
v -1.0500 -0.9500 0.0000
v 1.3500 -0.9500 0.0000
v 1.4000 -0.9500 0.4303
v 1.4500 -0.9500 0.5000
v 6.7000 -0.9500 0.5000
v 6.7500 -0.9500 0.0000
v 6.8000 -0.9500 0.0000
v 12.8500 -0.9500 0.0000
v 12.9000 -0.9500 0.0000
v 12.9500 -0.9500 0.5000
v -1.4000 -0.9000 0.5000
v -1.3500 -0.9000 0.5000
v -1.3000 -0.9000 0.1884
v -1.2500 -0.9000 0.0000
v -1.2000 -0.9000 0.0000
v 1.3500 -0.9000 0.0000
v 1.4000 -0.9000 0.5000
v 1.4500 -0.9000 0.5000
v 6.6500 -0.9000 0.5000
v 6.7000 -0.9000 0.5000
v 6.7500 -0.9000 0.0000
v 12.9000 -0.9000 0.0000
v 12.9500 -0.9000 0.5000
v 13.0000 -0.9000 0.5000
v -1.4500 -0.8500 0.5000
v -1.4000 -0.8500 0.5000
v -1.3500 -0.8500 0.0704
v -1.3000 -0.8500 0.0000
v -1.2500 -0.8500 0.0000
v 1.3500 -0.8500 0.0000
v 1.4000 -0.8500 0.5000
v 6.6500 -0.8500 0.5000
v 6.7000 -0.8500 0.1227
v 6.7500 -0.8500 0.0000
v 12.9000 -0.8500 0.0000
v 12.9500 -0.8500 0.0000
v 13.0000 -0.8500 0.5000
v -1.4500 -0.8000 0.5000
v -1.4000 -0.8000 0.2674
v -1.3500 -0.8000 0.0000
v -1.3000 -0.8000 0.0000
v 1.3500 -0.8000 0.0000
v 1.4000 -0.8000 0.5000
v 6.6500 -0.8000 0.5000
v 6.7000 -0.8000 0.0000
v 6.7500 -0.8000 0.0000
v 12.9500 -0.8000 0.0000
v 13.0000 -0.8000 0.5000
v -1.5000 -0.7500 0.5000
v -1.4500 -0.7500 0.5000
v -1.4000 -0.7500 0.0000
v -1.3500 -0.7500 0.0000
v 1.3500 -0.7500 0.0000
v 1.4000 -0.7500 0.5000
v 6.6500 -0.7500 0.5000
v 6.7000 -0.7500 0.0000
v 12.9500 -0.7500 0.0000
v 13.0000 -0.7500 0.5000
v -1.5000 -0.7000 0.5000
v -1.4500 -0.7000 0.0941
v -1.4000 -0.7000 0.0000
v 1.3500 -0.7000 0.0000
v 1.4000 -0.7000 0.5000
v 6.6500 -0.7000 0.5000
v 6.7000 -0.7000 0.0000
v 12.9500 -0.7000 0.0000
v 13.0000 -0.7000 0.5000
v -1.5500 -0.6500 0.5000
v -1.5000 -0.6500 0.5000
v -1.4500 -0.6500 0.0000
v -1.4000 -0.6500 0.0000
v 1.3500 -0.6500 0.0000
v 1.4000 -0.6500 0.5000
v 6.6500 -0.6500 0.5000
v 6.7000 -0.6500 0.0000
v 6.7500 -0.6500 0.0000
v 12.9500 -0.6500 0.0000
v 13.0000 -0.6500 0.5000
v -1.5500 -0.6000 0.5000
v -1.5000 -0.6000 0.4380
v -1.4500 -0.6000 0.0000
v 1.3500 -0.6000 0.0000
v 1.4000 -0.6000 0.5000
v 1.4500 -0.6000 0.5000
v 6.6500 -0.6000 0.5000
v 6.7000 -0.6000 0.4294
v 6.7500 -0.6000 0.0000
v 12.9500 -0.6000 0.0000
v 13.0000 -0.6000 0.5000
v -1.6000 -0.5500 0.5000
v -1.5500 -0.5500 0.5000
v -1.5000 -0.5500 0.0000
v -1.4500 -0.5500 0.0000
v 1.3500 -0.5500 0.0000
v 1.4000 -0.5500 0.1731
v 1.4500 -0.5500 0.5000
v 6.6500 -0.5500 0.5000
v 6.7000 -0.5500 0.5000
v 6.7500 -0.5500 0.0000
v 6.8000 -0.5500 0.0000
v 12.9500 -0.5500 0.0000
v 13.0000 -0.5500 0.5000
v -1.6500 -0.5000 0.5000
v -1.6000 -0.5000 0.5000
v -1.5500 -0.5000 0.0000
v -1.5000 -0.5000 0.0000
v 1.3500 -0.5000 0.0000
v 1.4000 -0.5000 0.0000
v 1.4500 -0.5000 0.5000
v 6.7000 -0.5000 0.5000
v 6.7500 -0.5000 0.1315
v 6.8000 -0.5000 0.0000
v 12.9000 -0.5000 0.0000
v 12.9500 -0.5000 0.0000
v 13.0000 -0.5000 0.5000
v -1.6500 -0.4500 0.5000
v -1.6000 -0.4500 0.1104
v -1.5500 -0.4500 0.0000
v 1.4000 -0.4500 0.0000
v 1.4500 -0.4500 0.5000
v 1.5000 -0.4500 0.5000
v 6.7000 -0.4500 0.5000
v 6.7500 -0.4500 0.5000
v 6.8000 -0.4500 0.0000
v 6.8500 -0.4500 0.0000
v 12.9000 -0.4500 0.0000
v 12.9500 -0.4500 0.3489
v 13.0000 -0.4500 0.5000
v -1.7000 -0.4000 0.5000
v -1.6500 -0.4000 0.5000
v -1.6000 -0.4000 0.0000
v -1.5500 -0.4000 0.0000
v 1.4000 -0.4000 0.0000
v 1.4500 -0.4000 0.0000
v 1.5000 -0.4000 0.5000
v 6.7500 -0.4000 0.5000
v 6.8000 -0.4000 0.5000
v 6.8500 -0.4000 0.0000
v 6.9000 -0.4000 0.0000
v 12.9000 -0.4000 0.0000
v 12.9500 -0.4000 0.5000
v 13.0000 -0.4000 0.5000
v -1.7500 -0.3500 0.5000
v -1.7000 -0.3500 0.5000
v -1.6500 -0.3500 0.0000
v -1.6000 -0.3500 0.0000
v 1.4500 -0.3500 0.0000
v 1.5000 -0.3500 0.5000
v 1.5500 -0.3500 0.5000
v 6.8000 -0.3500 0.5000
v 6.8500 -0.3500 0.5000
v 6.9000 -0.3500 0.0000
v 6.9500 -0.3500 0.0000
v 12.8500 -0.3500 0.0000
v 12.9000 -0.3500 0.0000
v 12.9500 -0.3500 0.5000
v -1.8000 -0.3000 0.5000
v -1.7500 -0.3000 0.5000
v -1.7000 -0.3000 0.0000
v -1.6500 -0.3000 0.0000
v 1.4500 -0.3000 0.0000
v 1.5000 -0.3000 0.0000
v 1.5500 -0.3000 0.5000
v 6.8500 -0.3000 0.5000
v 6.9000 -0.3000 0.5000
v 6.9500 -0.3000 0.0000
v 7.0000 -0.3000 0.0000
v 12.8500 -0.3000 0.0000
v 12.9000 -0.3000 0.1807
v 12.9500 -0.3000 0.5000
v -1.8500 -0.2500 0.5000
v -1.8000 -0.2500 0.5000
v -1.7500 -0.2500 0.1277
v -1.7000 -0.2500 0.0000
v 1.5000 -0.2500 0.0000
v 1.5500 -0.2500 0.5000
v 1.6000 -0.2500 0.5000
v 6.9000 -0.2500 0.5000
v 6.9500 -0.2500 0.5000
v 7.0000 -0.2500 0.0000
v 7.0500 -0.2500 0.0000
v 12.8000 -0.2500 0.0000
v 12.8500 -0.2500 0.0000
v 12.9000 -0.2500 0.5000
v 12.9500 -0.2500 0.5000
v -1.9000 -0.2000 0.5000
v -1.8500 -0.2000 0.5000
v -1.8000 -0.2000 0.2590
v -1.7500 -0.2000 0.0000
v -1.7000 -0.2000 0.0000
v 1.5000 -0.2000 0.0000
v 1.5500 -0.2000 0.3794
v 1.6000 -0.2000 0.5000
v 6.9500 -0.2000 0.5000
v 7.0000 -0.2000 0.5000
v 7.0500 -0.2000 0.0000
v 7.1000 -0.2000 0.0000
v 12.7500 -0.2000 0.0000
v 12.8000 -0.2000 0.0000
v 12.8500 -0.2000 0.5000
v 12.9000 -0.2000 0.5000
v -2.0000 -0.1500 0.5000
v -1.9500 -0.1500 0.5000
v -1.9000 -0.1500 0.5000
v -1.8500 -0.1500 0.0000
v -1.8000 -0.1500 0.0000
v -1.7500 -0.1500 0.0000
v 1.5000 -0.1500 0.0000
v 1.5500 -0.1500 0.0000
v 1.6000 -0.1500 0.5000
v 7.0000 -0.1500 0.5000
v 7.0500 -0.1500 0.5000
v 7.1000 -0.1500 0.0000
v 7.1500 -0.1500 0.0000
v 7.2000 -0.1500 0.0000
v 12.7000 -0.1500 0.0000
v 12.7500 -0.1500 0.0000
v 12.8000 -0.1500 0.5000
v 12.8500 -0.1500 0.5000
v -2.0500 -0.1000 0.5000
v -2.0000 -0.1000 0.5000
v -1.9500 -0.1000 0.1729
v -1.9000 -0.1000 0.0000
v -1.8500 -0.1000 0.0000
v 1.5500 -0.1000 0.0000
v 1.6000 -0.1000 0.5000
v 1.6500 -0.1000 0.5000
v 7.0500 -0.1000 0.5000
v 7.1000 -0.1000 0.5000
v 7.1500 -0.1000 0.3919
v 7.2000 -0.1000 0.0000
v 7.2500 -0.1000 0.0000
v 12.6500 -0.1000 0.0000
v 12.7000 -0.1000 0.0000
v 12.7500 -0.1000 0.5000
v 12.8000 -0.1000 0.5000
v -2.2000 -0.0500 0.5000
v -2.1500 -0.0500 0.5000
v -2.1000 -0.0500 0.5000
v -2.0500 -0.0500 0.5000
v -2.0000 -0.0500 0.0000
v -1.9500 -0.0500 0.0000
v -1.9000 -0.0500 0.0000
v 1.5500 -0.0500 0.0000
v 1.6000 -0.0500 0.3942
v 1.6500 -0.0500 0.5000
v 7.1000 -0.0500 0.5000
v 7.1500 -0.0500 0.5000
v 7.2000 -0.0500 0.5000
v 7.2500 -0.0500 0.0000
v 7.3000 -0.0500 0.0000
v 7.3500 -0.0500 0.0000
v 12.6000 -0.0500 0.0000
v 12.6500 -0.0500 0.0000
v 12.7000 -0.0500 0.5000
v 12.7500 -0.0500 0.5000
v -2.2500 0.0000 0.5000
v -2.2000 0.0000 0.5000
v -2.1500 0.0000 0.4415
v -2.1000 0.0000 0.0000
v -2.0500 0.0000 0.0000
v -2.0000 0.0000 0.0000
v 1.5500 0.0000 0.0000
v 1.6000 0.0000 0.0000
v 1.6500 0.0000 0.5000
v 7.2000 0.0000 0.5000
v 7.2500 0.0000 0.5000
v 7.3000 0.0000 0.4814
v 7.3500 0.0000 0.0000
v 7.4000 0.0000 0.0000
v 7.4500 0.0000 0.0000
v 12.5500 0.0000 0.0000
v 12.6000 0.0000 0.0000
v 12.6500 0.0000 0.5000
v 12.7000 0.0000 0.5000
v -2.3500 0.0500 0.5000
v -2.3000 0.0500 0.5000
v -2.2500 0.0500 0.5000
v -2.2000 0.0500 0.0000
v -2.1500 0.0500 0.0000
v -2.1000 0.0500 0.0000
v 1.6000 0.0500 0.0000
v 1.6500 0.0500 0.5000
v 7.2500 0.0500 0.5000
v 7.3000 0.0500 0.5000
v 7.3500 0.0500 0.5000
v 7.4000 0.0500 0.1881
v 7.4500 0.0500 0.0000
v 7.5000 0.0500 0.0000
v 12.5000 0.0500 0.0000
v 12.5500 0.0500 0.0000
v 12.6000 0.0500 0.5000
v 12.6500 0.0500 0.5000
v -2.4500 0.1000 0.5000
v -2.4000 0.1000 0.5000
v -2.3500 0.1000 0.5000
v -2.3000 0.1000 0.0000
v -2.2500 0.1000 0.0000
v -2.2000 0.1000 0.0000
v 1.6000 0.1000 0.0000
v 1.6500 0.1000 0.5000
v 7.3500 0.1000 0.5000
v 7.4000 0.1000 0.5000
v 7.4500 0.1000 0.5000
v 7.5000 0.1000 0.0000
v 7.5500 0.1000 0.0000
v 7.6000 0.1000 0.0000
v 12.4500 0.1000 0.0000
v 12.5000 0.1000 0.0000
v 12.5500 0.1000 0.3523
v 12.6000 0.1000 0.5000
v -2.5000 0.1500 0.5000
v -2.4500 0.1500 0.5000
v -2.4000 0.1500 0.0000
v -2.3500 0.1500 0.0000
v -2.3000 0.1500 0.0000
v 1.5500 0.1500 0.0000
v 1.6000 0.1500 0.0000
v 1.6500 0.1500 0.5000
v 7.4500 0.1500 0.5000
v 7.5000 0.1500 0.5000
v 7.5500 0.1500 0.3417
v 7.6000 0.1500 0.0000
v 7.6500 0.1500 0.0000
v 7.7000 0.1500 0.0000
v 12.4000 0.1500 0.0000
v 12.4500 0.1500 0.0000
v 12.5000 0.1500 0.5000
v 12.5500 0.1500 0.5000
v 12.6000 0.1500 0.5000
v -2.5500 0.2000 0.5000
v -2.5000 0.2000 0.5000
v -2.4500 0.2000 0.0000
v -2.4000 0.2000 0.0000
v 1.5500 0.2000 0.0000
v 1.6000 0.2000 0.1231
v 1.6500 0.2000 0.5000
v 7.5000 0.2000 0.5000
v 7.5500 0.2000 0.5000
v 7.6000 0.2000 0.5000
v 7.6500 0.2000 0.0657
v 7.7000 0.2000 0.0000
v 7.7500 0.2000 0.0000
v 12.3500 0.2000 0.0000
v 12.4000 0.2000 0.0000
v 12.4500 0.2000 0.5000
v 12.5000 0.2000 0.5000
v -2.6000 0.2500 0.5000
v -2.5500 0.2500 0.5000
v -2.5000 0.2500 0.0000
v -2.4500 0.2500 0.0000
v 1.5500 0.2500 0.0000
v 1.6000 0.2500 0.5000
v 1.6500 0.2500 0.5000
v 7.6000 0.2500 0.5000
v 7.6500 0.2500 0.5000
v 7.7000 0.2500 0.5000
v 7.7500 0.2500 0.0000
v 7.8000 0.2500 0.0000
v 7.8500 0.2500 0.0000
v 7.9000 0.2500 0.0000
v 12.3000 0.2500 0.0000
v 12.3500 0.2500 0.0000
v 12.4000 0.2500 0.5000
v 12.4500 0.2500 0.5000
v -2.6500 0.3000 0.5000
v -2.6000 0.3000 0.5000
v -2.5500 0.3000 0.1899
v -2.5000 0.3000 0.0000
v 1.5500 0.3000 0.0000
v 1.6000 0.3000 0.5000
v 7.7000 0.3000 0.5000
v 7.7500 0.3000 0.5000
v 7.8000 0.3000 0.5000
v 7.8500 0.3000 0.0913
v 7.9000 0.3000 0.0000
v 7.9500 0.3000 0.0000
v 12.2500 0.3000 0.0000
v 12.3000 0.3000 0.0000
v 12.3500 0.3000 0.5000
v 12.4000 0.3000 0.5000
v -2.7000 0.3500 0.5000
v -2.6500 0.3500 0.5000
v -2.6000 0.3500 0.1361
v -2.5500 0.3500 0.0000
v -2.5000 0.3500 0.0000
v 1.5500 0.3500 0.0000
v 1.6000 0.3500 0.5000
v 7.8000 0.3500 0.5000
v 7.8500 0.3500 0.5000
v 7.9000 0.3500 0.5000
v 7.9500 0.3500 0.0000
v 8.0000 0.3500 0.0000
v 8.0500 0.3500 0.0000
v 12.2000 0.3500 0.0000
v 12.2500 0.3500 0.0000
v 12.3000 0.3500 0.5000
v 12.3500 0.3500 0.5000
v -2.7500 0.4000 0.5000
v -2.7000 0.4000 0.5000
v -2.6500 0.4000 0.0000
v -2.6000 0.4000 0.0000
v -2.5500 0.4000 0.0000
v 1.5000 0.4000 0.0000
v 1.5500 0.4000 0.0000
v 1.6000 0.4000 0.5000
v 7.9000 0.4000 0.5000
v 7.9500 0.4000 0.5000
v 8.0000 0.4000 0.2671
v 8.0500 0.4000 0.0000
v 8.1000 0.4000 0.0000
v 8.1500 0.4000 0.0000
v 12.2000 0.4000 0.0000
v 12.2500 0.4000 0.0382
v 12.3000 0.4000 0.5000
v -2.8000 0.4500 0.5000
v -2.7500 0.4500 0.5000
v -2.7000 0.4500 0.0000
v -2.6500 0.4500 0.0000
v 1.4500 0.4500 0.0000
v 1.5000 0.4500 0.0000
v 1.5500 0.4500 0.5000
v 1.6000 0.4500 0.5000
v 7.9500 0.4500 0.5000
v 8.0000 0.4500 0.5000
v 8.0500 0.4500 0.5000
v 8.1000 0.4500 0.1158
v 8.1500 0.4500 0.0000
v 8.2000 0.4500 0.0000
v 12.2000 0.4500 0.0000
v 12.2500 0.4500 0.5000
v 12.3000 0.4500 0.5000
v -2.8500 0.5000 0.5000
v -2.8000 0.5000 0.5000
v -2.7500 0.5000 0.1479
v -2.7000 0.5000 0.0000
v 1.4500 0.5000 0.0000
v 1.5000 0.5000 0.3904
v 1.5500 0.5000 0.5000
v 8.0500 0.5000 0.5000
v 8.1000 0.5000 0.5000
v 8.1500 0.5000 0.5000
v 8.2000 0.5000 0.0000
v 8.2500 0.5000 0.0000
v 12.1500 0.5000 0.0000
v 12.2000 0.5000 0.0000
v 12.2500 0.5000 0.5000
v -2.9000 0.5500 0.5000
v -2.8500 0.5500 0.5000
v -2.8000 0.5500 0.3198
v -2.7500 0.5500 0.0000
v -2.7000 0.5500 0.0000
v 1.4500 0.5500 0.0000
v 1.5000 0.5500 0.5000
v 1.5500 0.5500 0.5000
v 8.1500 0.5500 0.5000
v 8.2000 0.5500 0.5000
v 8.2500 0.5500 0.0000
v 8.3000 0.5500 0.0000
v 12.1500 0.5500 0.0000
v 12.2000 0.5500 0.5000
v 12.2500 0.5500 0.5000
v -2.9500 0.6000 0.5000
v -2.9000 0.6000 0.5000
v -2.8500 0.6000 0.0752
v -2.8000 0.6000 0.0000
v -2.7500 0.6000 0.0000
v 1.4000 0.6000 0.0000
v 1.4500 0.6000 0.0000
v 1.5000 0.6000 0.5000
v 8.2000 0.6000 0.5000
v 8.2500 0.6000 0.1404
v 8.3000 0.6000 0.0000
v 12.1500 0.6000 0.0000
v 12.2000 0.6000 0.5000
v -3.0000 0.6500 0.5000
v -2.9500 0.6500 0.5000
v -2.9000 0.6500 0.0000
v -2.8500 0.6500 0.0000
v -2.8000 0.6500 0.0000
v 1.4000 0.6500 0.0000
v 1.4500 0.6500 0.3925
v 1.5000 0.6500 0.5000
v 8.2000 0.6500 0.5000
v 8.2500 0.6500 0.5000
v 8.3000 0.6500 0.0000
v 12.1000 0.6500 0.0000
v 12.1500 0.6500 0.0000
v 12.2000 0.6500 0.5000
v -3.0500 0.7000 0.5000
v -3.0000 0.7000 0.5000
v -2.9500 0.7000 0.0293
v -2.9000 0.7000 0.0000
v -1.8000 0.7000 0.0000
v -1.7500 0.7000 0.0000
v -1.7000 0.7000 0.0000
v -1.6500 0.7000 0.0000
v -1.6000 0.7000 0.0000
v -1.5500 0.7000 0.0000
v -1.5000 0.7000 0.0000
v -1.4500 0.7000 0.0000
v -1.4000 0.7000 0.0000
v -1.3500 0.7000 0.0000
v -1.3000 0.7000 0.0000
v -1.2500 0.7000 0.0000
v 1.4000 0.7000 0.0000
v 1.4500 0.7000 0.4067
v 1.5000 0.7000 0.5000
v 8.2500 0.7000 0.5000
v 8.3000 0.7000 0.0000
v 12.1000 0.7000 0.0000
v 12.1500 0.7000 0.0515
v 12.2000 0.7000 0.5000
v -3.0500 0.7500 0.5000
v -3.0000 0.7500 0.4544
v -2.9500 0.7500 0.0000
v -2.9000 0.7500 0.0000
v -2.0000 0.7500 0.0000
v -1.9500 0.7500 0.0000
v -1.9000 0.7500 0.0000
v -1.8500 0.7500 0.0000
v -1.8000 0.7500 0.0000
v -1.7500 0.7500 0.1597
v -1.7000 0.7500 0.5000
v -1.6500 0.7500 0.5000
v -1.6000 0.7500 0.5000
v -1.5500 0.7500 0.5000
v -1.5000 0.7500 0.5000
v -1.4500 0.7500 0.5000
v -1.4000 0.7500 0.5000
v -1.3500 0.7500 0.5000
v -1.3000 0.7500 0.3210
v -1.2500 0.7500 0.0000
v -1.2000 0.7500 0.0000
v -1.1500 0.7500 0.0000
v 1.4000 0.7500 0.0000
v 1.4500 0.7500 0.0000
v 1.5000 0.7500 0.5000
v 8.2000 0.7500 0.5000
v 8.2500 0.7500 0.5000
v 8.3000 0.7500 0.0000
v 12.1000 0.7500 0.0000
v 12.1500 0.7500 0.0000
v 12.2000 0.7500 0.5000
v -3.1000 0.8000 0.5000
v -3.0500 0.8000 0.5000
v -3.0000 0.8000 0.0000
v -2.9500 0.8000 0.0000
v -2.0500 0.8000 0.0000
v -2.0000 0.8000 0.0000
v -1.9500 0.8000 0.0661
v -1.9000 0.8000 0.5000
v -1.8500 0.8000 0.5000
v -1.8000 0.8000 0.5000
v -1.7500 0.8000 0.5000
v -1.7000 0.8000 0.5000
v -1.3500 0.8000 0.5000
v -1.3000 0.8000 0.5000
v -1.2500 0.8000 0.5000
v -1.2000 0.8000 0.5000
v -1.1500 0.8000 0.0000
v -1.1000 0.8000 0.0000
v 1.4500 0.8000 0.0000
v 1.5000 0.8000 0.5000
v 1.5500 0.8000 0.5000
v 8.2000 0.8000 0.5000
v 8.2500 0.8000 0.1815
v 8.3000 0.8000 0.0000
v 12.1500 0.8000 0.0000
v 12.2000 0.8000 0.5000
v -3.1000 0.8500 0.5000
v -3.0500 0.8500 0.0000
v -3.0000 0.8500 0.0000
v -2.1000 0.8500 0.0000
v -2.0500 0.8500 0.0000
v -2.0000 0.8500 0.5000
v -1.9500 0.8500 0.5000
v -1.9000 0.8500 0.5000
v -1.2000 0.8500 0.5000
v -1.1500 0.8500 0.5000
v -1.1000 0.8500 0.0000
v -1.0500 0.8500 0.0000
v 1.4500 0.8500 0.0000
v 1.5000 0.8500 0.0000
v 1.5500 0.8500 0.5000
v 1.6000 0.8500 0.5000
v 8.2000 0.8500 0.5000
v 8.2500 0.8500 0.0000
v 8.3000 0.8500 0.0000
v 12.1500 0.8500 0.0000
v 12.2000 0.8500 0.5000
v 12.2500 0.8500 0.5000
v -3.1500 0.9000 0.5000
v -3.1000 0.9000 0.5000
v -3.0500 0.9000 0.0000
v -2.1500 0.9000 0.0000
v -2.1000 0.9000 0.0000
v -2.0500 0.9000 0.5000
v -2.0000 0.9000 0.5000
v -1.1500 0.9000 0.5000
v -1.1000 0.9000 0.2788
v -1.0500 0.9000 0.0000
v -1.0000 0.9000 0.0000
v 1.5000 0.9000 0.0000
v 1.5500 0.9000 0.4394
v 1.6000 0.9000 0.5000
v 8.1500 0.9000 0.5000
v 8.2000 0.9000 0.5000
v 8.2500 0.9000 0.0000
v 12.1500 0.9000 0.0000
v 12.2000 0.9000 0.0000
v 12.2500 0.9000 0.5000
v 12.3000 0.9000 0.5000
v -3.2000 0.9500 0.5000
v -3.1500 0.9500 0.5000
v -3.1000 0.9500 0.0000
v -3.0500 0.9500 0.0000
v -2.2000 0.9500 0.0000
v -2.1500 0.9500 0.0000
v -2.1000 0.9500 0.5000
v -2.0500 0.9500 0.5000
v -1.1500 0.9500 0.5000
v -1.1000 0.9500 0.5000
v -1.0500 0.9500 0.0745
v -1.0000 0.9500 0.0000
v -0.9500 0.9500 0.0000
v 1.5000 0.9500 0.0000
v 1.5500 0.9500 0.0000
v 1.6000 0.9500 0.5000
v 1.6500 0.9500 0.5000
v 8.1500 0.9500 0.5000
v 8.2000 0.9500 0.4837
v 8.2500 0.9500 0.0000
v 12.2000 0.9500 0.0000
v 12.2500 0.9500 0.0000
v 12.3000 0.9500 0.5000
v 12.3500 0.9500 0.5000
v -3.2500 1.0000 0.5000
v -3.2000 1.0000 0.5000
v -3.1500 1.0000 0.0000
v -3.1000 1.0000 0.0000
v -2.2500 1.0000 0.0000
v -2.2000 1.0000 0.0000
v -2.1500 1.0000 0.5000
v -2.1000 1.0000 0.5000
v -1.1000 1.0000 0.5000
v -1.0500 1.0000 0.5000
v -1.0000 1.0000 0.0007
v -0.9500 1.0000 0.0000
v 1.5500 1.0000 0.0000
v 1.6000 1.0000 0.0000
v 1.6500 1.0000 0.5000
v 1.7000 1.0000 0.5000
v 8.1000 1.0000 0.5000
v 8.1500 1.0000 0.5000
v 8.2000 1.0000 0.0000
v 8.2500 1.0000 0.0000
v 12.2500 1.0000 0.0000
v 12.3000 1.0000 0.0000
v 12.3500 1.0000 0.5000
v 12.4000 1.0000 0.5000
v -3.2500 1.0500 0.5000
v -3.2000 1.0500 0.4781
v -3.1500 1.0500 0.0000
v -2.3000 1.0500 0.0000
v -2.2500 1.0500 0.0000
v -2.2000 1.0500 0.5000
v -2.1500 1.0500 0.5000
v -1.0500 1.0500 0.5000
v -1.0000 1.0500 0.5000
v -0.9500 1.0500 0.0000
v -0.9000 1.0500 0.0000
v -0.8500 1.0500 0.0000
v 1.6000 1.0500 0.0000
v 1.6500 1.0500 0.0000
v 1.7000 1.0500 0.5000
v 1.7500 1.0500 0.5000
v 8.0500 1.0500 0.5000
v 8.1000 1.0500 0.5000
v 8.1500 1.0500 0.0000
v 8.2000 1.0500 0.0000
v 12.3000 1.0500 0.0000
v 12.3500 1.0500 0.0000
v 12.4000 1.0500 0.5000
v 12.4500 1.0500 0.5000
v -3.2500 1.1000 0.5000
v -3.2000 1.1000 0.0000
v -3.1500 1.1000 0.0000
v -2.3500 1.1000 0.0000
v -2.3000 1.1000 0.0000
v -2.2500 1.1000 0.5000
v -2.2000 1.1000 0.5000
v -1.0000 1.1000 0.5000
v -0.9500 1.1000 0.5000
v -0.9000 1.1000 0.1921
v -0.8500 1.1000 0.0000
v -0.8000 1.1000 0.0000
v 1.6500 1.1000 0.0000
v 1.7000 1.1000 0.0000
v 1.7500 1.1000 0.5000
v 1.8000 1.1000 0.5000
v 8.0000 1.1000 0.5000
v 8.0500 1.1000 0.5000
v 8.1000 1.1000 0.0000
v 8.1500 1.1000 0.0000
v 9.5000 1.1000 0.0000
v 9.5500 1.1000 0.0000
v 9.6000 1.1000 0.0000
v 9.6500 1.1000 0.0000
v 9.7000 1.1000 0.0000
v 9.7500 1.1000 0.0000
v 9.8000 1.1000 0.0000
v 9.8500 1.1000 0.0000
v 9.9000 1.1000 0.0000
v 9.9500 1.1000 0.0000
v 10.0000 1.1000 0.0000
v 10.0500 1.1000 0.0000
v 10.1000 1.1000 0.0000
v 10.1500 1.1000 0.0000
v 10.2000 1.1000 0.0000
v 10.2500 1.1000 0.0000
v 10.3000 1.1000 0.0000
v 10.3500 1.1000 0.0000
v 10.4000 1.1000 0.0000
v 10.4500 1.1000 0.0000
v 10.5000 1.1000 0.0000
v 10.5500 1.1000 0.0000
v 10.6000 1.1000 0.0000
v 10.6500 1.1000 0.0000
v 10.7000 1.1000 0.0000
v 10.7500 1.1000 0.0000
v 12.3500 1.1000 0.0000
v 12.4000 1.1000 0.0000
v 12.4500 1.1000 0.5000
v 12.5000 1.1000 0.5000
v -3.2500 1.1500 0.5000
v -3.2000 1.1500 0.0000
v -2.4000 1.1500 0.0000
v -2.3500 1.1500 0.0000
v -2.3000 1.1500 0.5000
v -2.2500 1.1500 0.5000
v -0.9500 1.1500 0.5000
v -0.9000 1.1500 0.5000
v -0.8500 1.1500 0.5000
v -0.8000 1.1500 0.0000
v -0.7500 1.1500 0.0000
v -0.7000 1.1500 0.0000
v 1.7000 1.1500 0.0000
v 1.7500 1.1500 0.0000
v 1.8000 1.1500 0.5000
v 1.8500 1.1500 0.5000
v 8.0000 1.1500 0.5000
v 8.0500 1.1500 0.4238
v 8.1000 1.1500 0.0000
v 9.3500 1.1500 0.0000
v 9.4000 1.1500 0.0000
v 9.4500 1.1500 0.0000
v 9.5000 1.1500 0.0000
v 9.5500 1.1500 0.5000
v 9.6000 1.1500 0.5000
v 9.6500 1.1500 0.5000
v 9.7000 1.1500 0.5000
v 9.7500 1.1500 0.5000
v 9.8000 1.1500 0.5000
v 9.8500 1.1500 0.5000
v 9.9000 1.1500 0.5000
v 9.9500 1.1500 0.5000
v 10.0000 1.1500 0.5000
v 10.0500 1.1500 0.5000
v 10.1000 1.1500 0.5000
v 10.1500 1.1500 0.5000
v 10.2000 1.1500 0.5000
v 10.2500 1.1500 0.5000
v 10.3000 1.1500 0.5000
v 10.3500 1.1500 0.5000
v 10.4000 1.1500 0.5000
v 10.4500 1.1500 0.5000
v 10.5000 1.1500 0.5000
v 10.5500 1.1500 0.5000
v 10.6000 1.1500 0.5000
v 10.6500 1.1500 0.5000
v 10.7000 1.1500 0.1244
v 10.7500 1.1500 0.0000
v 10.8000 1.1500 0.0000
v 10.8500 1.1500 0.0000
v 12.4000 1.1500 0.0000
v 12.4500 1.1500 0.0000
v 12.5000 1.1500 0.5000
v 12.5500 1.1500 0.5000
v 12.6000 1.1500 0.5000
v -3.2500 1.2000 0.5000
v -3.2000 1.2000 0.0000
v -2.4500 1.2000 0.0000
v -2.4000 1.2000 0.0000
v -2.3500 1.2000 0.5000
v -2.3000 1.2000 0.5000
v -0.8500 1.2000 0.5000
v -0.8000 1.2000 0.5000
v -0.7500 1.2000 0.3220
v -0.7000 1.2000 0.0000
v -0.6500 1.2000 0.0000
v -0.6000 1.2000 0.0000
v 1.7500 1.2000 0.0000
v 1.8000 1.2000 0.0000
v 1.8500 1.2000 0.5000
v 1.9000 1.2000 0.5000
v 1.9500 1.2000 0.5000
v 7.9500 1.2000 0.5000
v 8.0000 1.2000 0.5000
v 8.0500 1.2000 0.0000
v 8.1000 1.2000 0.0000
v 9.2500 1.2000 0.0000
v 9.3000 1.2000 0.0000
v 9.3500 1.2000 0.0000
v 9.4000 1.2000 0.1952
v 9.4500 1.2000 0.5000
v 9.5000 1.2000 0.5000
v 9.5500 1.2000 0.5000
v 10.6500 1.2000 0.5000
v 10.7000 1.2000 0.5000
v 10.7500 1.2000 0.5000
v 10.8000 1.2000 0.5000
v 10.8500 1.2000 0.0000
v 10.9000 1.2000 0.0000
v 10.9500 1.2000 0.0000
v 12.4500 1.2000 0.0000
v 12.5000 1.2000 0.0000
v 12.5500 1.2000 0.4064
v 12.6000 1.2000 0.5000
v 12.6500 1.2000 0.5000
v -3.3000 1.2500 0.5000
v -3.2500 1.2500 0.5000
v -3.2000 1.2500 0.0000
v -2.5000 1.2500 0.0000
v -2.4500 1.2500 0.0000
v -2.4000 1.2500 0.5000
v -2.3500 1.2500 0.5000
v -0.8000 1.2500 0.5000
v -0.7500 1.2500 0.5000
v -0.7000 1.2500 0.5000
v -0.6500 1.2500 0.3296
v -0.6000 1.2500 0.0000
v -0.5500 1.2500 0.0000
v -0.5000 1.2500 0.0000
v 1.8000 1.2500 0.0000
v 1.8500 1.2500 0.0000
v 1.9000 1.2500 0.1624
v 1.9500 1.2500 0.5000
v 2.0000 1.2500 0.5000
v 7.9500 1.2500 0.5000
v 8.0000 1.2500 0.3841
v 8.0500 1.2500 0.0000
v 9.2000 1.2500 0.0000
v 9.2500 1.2500 0.0000
v 9.3000 1.2500 0.2717
v 9.3500 1.2500 0.5000
v 9.4000 1.2500 0.5000
v 9.4500 1.2500 0.5000
v 10.8000 1.2500 0.5000
v 10.8500 1.2500 0.5000
v 10.9000 1.2500 0.5000
v 10.9500 1.2500 0.0000
v 11.0000 1.2500 0.0000
v 11.0500 1.2500 0.0000
v 11.1000 1.2500 0.0000
v 12.5000 1.2500 0.0000
v 12.5500 1.2500 0.0000
v 12.6000 1.2500 0.1027
v 12.6500 1.2500 0.5000
v 12.7000 1.2500 0.5000
v -3.3000 1.3000 0.5000
v -3.2500 1.3000 0.2047
v -3.2000 1.3000 0.0000
v -2.5500 1.3000 0.0000
v -2.5000 1.3000 0.0000
v -2.4500 1.3000 0.5000
v -2.4000 1.3000 0.5000
v -0.7000 1.3000 0.5000
v -0.6500 1.3000 0.5000
v -0.6000 1.3000 0.5000
v -0.5500 1.3000 0.3233
v -0.5000 1.3000 0.0000
v -0.4500 1.3000 0.0000
v -0.4000 1.3000 0.0000
v -0.3500 1.3000 0.0000
v -0.3000 1.3000 0.0000
v -0.2500 1.3000 0.0000
v -0.2000 1.3000 0.0000
v -0.1500 1.3000 0.0000
v -0.1000 1.3000 0.0000
v -0.0500 1.3000 0.0000
v -0.0000 1.3000 0.0000
v 0.0500 1.3000 0.0000
v 0.1000 1.3000 0.0000
v 0.1500 1.3000 0.0000
v 1.8500 1.3000 0.0000
v 1.9000 1.3000 0.0000
v 1.9500 1.3000 0.0000
v 2.0000 1.3000 0.5000
v 2.0500 1.3000 0.5000
v 7.9000 1.3000 0.5000
v 7.9500 1.3000 0.5000
v 8.0000 1.3000 0.0000
v 8.0500 1.3000 0.0000
v 9.1500 1.3000 0.0000
v 9.2000 1.3000 0.0000
v 9.2500 1.3000 0.5000
v 9.3000 1.3000 0.5000
v 9.3500 1.3000 0.5000
v 10.9000 1.3000 0.5000
v 10.9500 1.3000 0.5000
v 11.0000 1.3000 0.5000
v 11.0500 1.3000 0.5000
v 11.1000 1.3000 0.0000
v 11.1500 1.3000 0.0000
v 11.2000 1.3000 0.0000
v 11.2500 1.3000 0.0000
v 12.5500 1.3000 0.0000
v 12.6000 1.3000 0.0000
v 12.6500 1.3000 0.0000
v 12.7000 1.3000 0.5000
v 12.7500 1.3000 0.5000
v -3.3000 1.3500 0.5000
v -3.2500 1.3500 0.0000
v -3.2000 1.3500 0.0000
v -2.5500 1.3500 0.0000
v -2.5000 1.3500 0.4352
v -2.4500 1.3500 0.5000
v -0.6000 1.3500 0.5000
v -0.5500 1.3500 0.5000
v -0.5000 1.3500 0.5000
v -0.4500 1.3500 0.5000
v -0.4000 1.3500 0.5000
v -0.3500 1.3500 0.5000
v -0.3000 1.3500 0.5000
v -0.2500 1.3500 0.3736
v -0.2000 1.3500 0.2079
v -0.1500 1.3500 0.2678
v -0.1000 1.3500 0.4809
v -0.0500 1.3500 0.5000
v -0.0000 1.3500 0.3693
v 0.0500 1.3500 0.2134
v 0.1000 1.3500 0.1003
v 0.1500 1.3500 0.0000
v 0.2000 1.3500 0.0000
v 0.2500 1.3500 0.0000
v 0.3000 1.3500 0.0000
v 0.3500 1.3500 0.0000
v 0.4000 1.3500 0.0000
v 0.4500 1.3500 0.0000
v 0.5000 1.3500 0.0000
v 0.5500 1.3500 0.0000
v 0.6000 1.3500 0.0000
v 0.6500 1.3500 0.0000
v 0.7000 1.3500 0.0000
v 0.7500 1.3500 0.0000
v 0.8000 1.3500 0.0000
v 0.8500 1.3500 0.0000
v 0.9000 1.3500 0.0000
v 0.9500 1.3500 0.0000
v 1.9500 1.3500 0.0000
v 2.0000 1.3500 0.0000
v 2.0500 1.3500 0.5000
v 2.1000 1.3500 0.5000
v 7.9000 1.3500 0.5000
v 7.9500 1.3500 0.4342
v 8.0000 1.3500 0.0000
v 9.1500 1.3500 0.0000
v 9.2000 1.3500 0.2189
v 9.2500 1.3500 0.5000
v 11.0500 1.3500 0.5000
v 11.1000 1.3500 0.5000
v 11.1500 1.3500 0.5000
v 11.2000 1.3500 0.4136
v 11.2500 1.3500 0.0000
v 11.3000 1.3500 0.0000
v 11.3500 1.3500 0.0000
v 11.4000 1.3500 0.0000
v 12.6500 1.3500 0.0000
v 12.7000 1.3500 0.0000
v 12.7500 1.3500 0.5000
v 12.8000 1.3500 0.5000
v -3.3000 1.4000 0.5000
v -3.2500 1.4000 0.0000
v -2.6000 1.4000 0.0000
v -2.5500 1.4000 0.0000
v -2.5000 1.4000 0.5000
v -2.4500 1.4000 0.5000
v -0.3000 1.4000 0.5000
v -0.2500 1.4000 0.5000
v -0.2000 1.4000 0.5000
v -0.1500 1.4000 0.5000
v -0.1000 1.4000 0.5000
v -0.0500 1.4000 0.5000
v -0.0000 1.4000 0.5000
v 0.0500 1.4000 0.5000
v 0.1000 1.4000 0.5000
v 0.1500 1.4000 0.5000
v 0.2000 1.4000 0.5000
v 0.2500 1.4000 0.5000
v 0.3000 1.4000 0.5000
v 0.3500 1.4000 0.5000
v 0.4000 1.4000 0.5000
v 0.4500 1.4000 0.5000
v 0.5000 1.4000 0.5000
v 0.5500 1.4000 0.5000
v 0.6000 1.4000 0.5000
v 0.6500 1.4000 0.5000
v 0.7000 1.4000 0.5000
v 0.7500 1.4000 0.5000
v 0.8000 1.4000 0.5000
v 0.8500 1.4000 0.5000
v 0.9000 1.4000 0.0776
v 0.9500 1.4000 0.0000
v 1.0000 1.4000 0.0000
v 1.0500 1.4000 0.0000
v 2.0000 1.4000 0.0000
v 2.0500 1.4000 0.0000
v 2.1000 1.4000 0.5000
v 2.1500 1.4000 0.5000
v 7.9000 1.4000 0.5000
v 7.9500 1.4000 0.0000
v 8.0000 1.4000 0.0000
v 9.1000 1.4000 0.0000
v 9.1500 1.4000 0.0000
v 9.2000 1.4000 0.5000
v 9.2500 1.4000 0.5000
v 11.1500 1.4000 0.5000
v 11.2000 1.4000 0.5000
v 11.2500 1.4000 0.5000
v 11.3000 1.4000 0.5000
v 11.3500 1.4000 0.5000
v 11.4000 1.4000 0.0000
v 11.4500 1.4000 0.0000
v 12.7000 1.4000 0.0000
v 12.7500 1.4000 0.0000
v 12.8000 1.4000 0.5000
v 12.8500 1.4000 0.5000
v -3.3500 1.4500 0.5000
v -3.3000 1.4500 0.5000
v -3.2500 1.4500 0.0000
v -2.6000 1.4500 0.0000
v -2.5500 1.4500 0.0981
v -2.5000 1.4500 0.5000
v 0.8500 1.4500 0.5000
v 0.9000 1.4500 0.5000
v 0.9500 1.4500 0.5000
v 1.0000 1.4500 0.5000
v 1.0500 1.4500 0.0000
v 1.1000 1.4500 0.0000
v 1.1500 1.4500 0.0000
v 2.0500 1.4500 0.0000
v 2.1000 1.4500 0.0000
v 2.1500 1.4500 0.5000
v 2.2000 1.4500 0.5000
v 2.2500 1.4500 0.5000
v 5.0500 1.4500 0.5000
v 5.1000 1.4500 0.5000
v 5.1500 1.4500 0.5000
v 5.2000 1.4500 0.5000
v 5.2500 1.4500 0.5000
v 5.3000 1.4500 0.5000
v 5.3500 1.4500 0.5000
v 5.4000 1.4500 0.5000
v 5.4500 1.4500 0.5000
v 5.5000 1.4500 0.5000
v 5.5500 1.4500 0.5000
v 5.6000 1.4500 0.5000
v 5.6500 1.4500 0.5000
v 5.7000 1.4500 0.5000
v 5.7500 1.4500 0.5000
v 5.8000 1.4500 0.5000
v 5.8500 1.4500 0.5000
v 5.9000 1.4500 0.5000
v 5.9500 1.4500 0.5000
v 6.0000 1.4500 0.5000
v 6.0500 1.4500 0.5000
v 7.8500 1.4500 0.5000
v 7.9000 1.4500 0.5000
v 7.9500 1.4500 0.0000
v 9.0000 1.4500 0.0000
v 9.0500 1.4500 0.0000
v 9.1000 1.4500 0.0000
v 9.1500 1.4500 0.5000
v 9.2000 1.4500 0.5000
v 11.3500 1.4500 0.5000
v 11.4000 1.4500 0.5000
v 11.4500 1.4500 0.0000
v 11.5000 1.4500 0.0000
v 11.5500 1.4500 0.0000
v 12.7500 1.4500 0.0000
v 12.8000 1.4500 0.0000
v 12.8500 1.4500 0.5000
v 12.9000 1.4500 0.5000
v -3.3500 1.5000 0.5000
v -3.3000 1.5000 0.2500
v -3.2500 1.5000 0.0000
v -2.6000 1.5000 0.0000
v -2.5500 1.5000 0.5000
v -2.5000 1.5000 0.5000
v 1.0000 1.5000 0.5000
v 1.0500 1.5000 0.5000
v 1.1000 1.5000 0.1687
v 1.1500 1.5000 0.0000
v 1.2000 1.5000 0.0000
v 2.1000 1.5000 0.0000
v 2.1500 1.5000 0.0000
v 2.2000 1.5000 0.0692
v 2.2500 1.5000 0.5000
v 2.3000 1.5000 0.5000
v 4.8500 1.5000 0.5000
v 4.9000 1.5000 0.5000
v 4.9500 1.5000 0.5000
v 5.0000 1.5000 0.5000
v 5.0500 1.5000 0.5000
v 5.1000 1.5000 0.2657
v 5.1500 1.5000 0.0402
v 5.2000 1.5000 0.0000
v 5.2500 1.5000 0.0000
v 5.3000 1.5000 0.0000
v 5.3500 1.5000 0.0000
v 5.4000 1.5000 0.0000
v 5.4500 1.5000 0.0000
v 5.5000 1.5000 0.0000
v 5.5500 1.5000 0.0000
v 5.6000 1.5000 0.0000
v 5.6500 1.5000 0.0000
v 5.7000 1.5000 0.0000
v 5.7500 1.5000 0.0000
v 5.8000 1.5000 0.0000
v 5.8500 1.5000 0.0000
v 5.9000 1.5000 0.0000
v 5.9500 1.5000 0.1208
v 6.0000 1.5000 0.4687
v 6.0500 1.5000 0.5000
v 6.1000 1.5000 0.5000
v 6.1500 1.5000 0.5000
v 6.2000 1.5000 0.5000
v 6.2500 1.5000 0.5000
v 7.8500 1.5000 0.5000
v 7.9000 1.5000 0.1700
v 7.9500 1.5000 0.0000
v 9.0000 1.5000 0.0000
v 9.0500 1.5000 0.0030
v 9.1000 1.5000 0.5000
v 9.1500 1.5000 0.5000
v 11.4000 1.5000 0.5000
v 11.4500 1.5000 0.5000
v 11.5000 1.5000 0.4451
v 11.5500 1.5000 0.0000
v 11.6000 1.5000 0.0000
v 12.8000 1.5000 0.0000
v 12.8500 1.5000 0.0000
v 12.9000 1.5000 0.5000
v 12.9500 1.5000 0.5000
v -3.3500 1.5500 0.5000
v -3.3000 1.5500 0.2431
v -3.2500 1.5500 0.0000
v -2.6000 1.5500 0.0000
v -2.5500 1.5500 0.5000
v 1.0500 1.5500 0.5000
v 1.1000 1.5500 0.5000
v 1.1500 1.5500 0.1340
v 1.2000 1.5500 0.0000
v 1.2500 1.5500 0.0000
v 2.1500 1.5500 0.0000
v 2.2000 1.5500 0.0000
v 2.2500 1.5500 0.0000
v 2.3000 1.5500 0.5000
v 2.3500 1.5500 0.5000
v 2.4000 1.5500 0.5000
v 4.3500 1.5500 0.5000
v 4.4000 1.5500 0.5000
v 4.4500 1.5500 0.5000
v 4.5000 1.5500 0.5000
v 4.5500 1.5500 0.5000
v 4.6500 1.5500 0.5000
v 4.7000 1.5500 0.5000
v 4.7500 1.5500 0.5000
v 4.8000 1.5500 0.5000
v 4.8500 1.5500 0.5000
v 4.9000 1.5500 0.0000
v 4.9500 1.5500 0.0000
v 5.0000 1.5500 0.0000
v 5.0500 1.5500 0.0000
v 5.1000 1.5500 0.0000
v 5.1500 1.5500 0.0000
v 5.2000 1.5500 0.0000
v 5.9000 1.5500 0.0000
v 5.9500 1.5500 0.0000
v 6.0000 1.5500 0.0000
v 6.0500 1.5500 0.0000
v 6.1000 1.5500 0.0000
v 6.1500 1.5500 0.0000
v 6.2000 1.5500 0.2271
v 6.2500 1.5500 0.5000
v 6.3000 1.5500 0.5000
v 6.3500 1.5500 0.5000
v 6.4000 1.5500 0.5000
v 6.4500 1.5500 0.5000
v 6.5000 1.5500 0.5000
v 6.5500 1.5500 0.5000
v 6.6000 1.5500 0.5000
v 6.6500 1.5500 0.5000
v 7.8000 1.5500 0.5000
v 7.8500 1.5500 0.5000
v 7.9000 1.5500 0.0000
v 7.9500 1.5500 0.0000
v 8.9500 1.5500 0.0000
v 9.0000 1.5500 0.0000
v 9.0500 1.5500 0.5000
v 9.1000 1.5500 0.5000
v 11.4500 1.5500 0.5000
v 11.5000 1.5500 0.5000
v 11.5500 1.5500 0.5000
v 11.6000 1.5500 0.0000
v 11.6500 1.5500 0.0000
v 12.8500 1.5500 0.0000
v 12.9000 1.5500 0.0000
v 12.9500 1.5500 0.5000
v 13.0000 1.5500 0.5000
v -3.3500 1.6000 0.5000
v -3.3000 1.6000 0.3116
v -3.2500 1.6000 0.0000
v -2.6500 1.6000 0.0000
v -2.6000 1.6000 0.0000
v -2.5500 1.6000 0.5000
v 1.1000 1.6000 0.5000
v 1.1500 1.6000 0.5000
v 1.2000 1.6000 0.0504
v 1.2500 1.6000 0.0000
v 2.2500 1.6000 0.0000
v 2.3000 1.6000 0.0000
v 2.3500 1.6000 0.3320
v 2.4000 1.6000 0.5000
v 2.4500 1.6000 0.5000
v 3.8500 1.6000 0.5000
v 3.9000 1.6000 0.5000
v 3.9500 1.6000 0.5000
v 4.0000 1.6000 0.5000
v 4.0500 1.6000 0.5000
v 4.1000 1.6000 0.5000
v 4.1500 1.6000 0.5000
v 4.2000 1.6000 0.5000
v 4.2500 1.6000 0.5000
v 4.3000 1.6000 0.5000
v 4.3500 1.6000 0.5000
v 4.4000 1.6000 0.2552
v 4.4500 1.6000 0.2297
v 4.5000 1.6000 0.3867
v 4.5500 1.6000 0.5000
v 4.6000 1.6000 0.5000
v 4.6500 1.6000 0.5000
v 4.7000 1.6000 0.1592
v 4.7500 1.6000 0.0000
v 4.8000 1.6000 0.0000
v 4.8500 1.6000 0.0000
v 4.9000 1.6000 0.0000
v 6.1500 1.6000 0.0000
v 6.2000 1.6000 0.0000
v 6.2500 1.6000 0.0000
v 6.3000 1.6000 0.0000
v 6.3500 1.6000 0.0000
v 6.4000 1.6000 0.0000
v 6.4500 1.6000 0.0000
v 6.5000 1.6000 0.0000
v 6.5500 1.6000 0.0000
v 6.6000 1.6000 0.1208
v 6.6500 1.6000 0.5000
v 6.7000 1.6000 0.5000
v 6.7500 1.6000 0.5000
v 6.8000 1.6000 0.5000
v 6.8500 1.6000 0.5000
v 7.8000 1.6000 0.5000
v 7.8500 1.6000 0.3696
v 7.9000 1.6000 0.0000
v 8.9000 1.6000 0.0000
v 8.9500 1.6000 0.0000
v 9.0000 1.6000 0.5000
v 9.0500 1.6000 0.5000
v 11.5500 1.6000 0.5000
v 11.6000 1.6000 0.5000
v 11.6500 1.6000 0.0000
v 11.7000 1.6000 0.0000
v 12.9000 1.6000 0.0000
v 12.9500 1.6000 0.0000
v 13.0000 1.6000 0.5000
v 13.0500 1.6000 0.5000
v -3.3500 1.6500 0.5000
v -3.3000 1.6500 0.5000
v -3.2500 1.6500 0.0000
v -2.6500 1.6500 0.0000
v -2.6000 1.6500 0.2470
v -2.5500 1.6500 0.5000
v 1.1500 1.6500 0.5000
v 1.2000 1.6500 0.5000
v 1.2500 1.6500 0.0000
v 1.3000 1.6500 0.0000
v 2.3000 1.6500 0.0000
v 2.3500 1.6500 0.0000
v 2.4000 1.6500 0.0000
v 2.4500 1.6500 0.5000
v 2.5000 1.6500 0.5000
v 3.6000 1.6500 0.5000
v 3.6500 1.6500 0.5000
v 3.7000 1.6500 0.5000
v 3.7500 1.6500 0.5000
v 3.8000 1.6500 0.5000
v 3.8500 1.6500 0.5000
v 3.9000 1.6500 0.1897
v 3.9500 1.6500 0.0000
v 4.0000 1.6500 0.0000
v 4.0500 1.6500 0.0000
v 4.1000 1.6500 0.0000
v 4.1500 1.6500 0.0000
v 4.2000 1.6500 0.0000
v 4.2500 1.6500 0.0000
v 4.3000 1.6500 0.0000
v 4.3500 1.6500 0.0000
v 4.4000 1.6500 0.0000
v 4.4500 1.6500 0.0000
v 4.5000 1.6500 0.0000
v 4.5500 1.6500 0.0000
v 4.6000 1.6500 0.0000
v 4.6500 1.6500 0.0000
v 4.7000 1.6500 0.0000
v 4.7500 1.6500 0.0000
v 6.5500 1.6500 0.0000
v 6.6000 1.6500 0.0000
v 6.6500 1.6500 0.0000
v 6.7000 1.6500 0.0000
v 6.7500 1.6500 0.0000
v 6.8000 1.6500 0.0942
v 6.8500 1.6500 0.5000
v 6.9000 1.6500 0.5000
v 6.9500 1.6500 0.5000
v 7.7500 1.6500 0.5000
v 7.8000 1.6500 0.5000
v 7.8500 1.6500 0.0000
v 7.9000 1.6500 0.0000
v 8.9000 1.6500 0.0000
v 8.9500 1.6500 0.4470
v 9.0000 1.6500 0.5000
v 11.6000 1.6500 0.5000
v 11.6500 1.6500 0.5000
v 11.7000 1.6500 0.0000
v 11.7500 1.6500 0.0000
v 11.8000 1.6500 0.0000
v 12.9500 1.6500 0.0000
v 13.0000 1.6500 0.0562
v 13.0500 1.6500 0.5000
v 13.1000 1.6500 0.5000
v -3.3000 1.7000 0.5000
v -3.2500 1.7000 0.0000
v -2.6500 1.7000 0.0000
v -2.6000 1.7000 0.5000
v -2.5500 1.7000 0.5000
v 1.2000 1.7000 0.5000
v 1.2500 1.7000 0.5000
v 1.3000 1.7000 0.0000
v 1.3500 1.7000 0.0000
v 2.4000 1.7000 0.0000
v 2.4500 1.7000 0.0000
v 2.5000 1.7000 0.5000
v 2.5500 1.7000 0.5000
v 3.5000 1.7000 0.5000
v 3.5500 1.7000 0.5000
v 3.6000 1.7000 0.5000
v 3.6500 1.7000 0.4892
v 3.7000 1.7000 0.0000
v 3.7500 1.7000 0.0000
v 3.8000 1.7000 0.0000
v 3.8500 1.7000 0.0000
v 3.9000 1.7000 0.0000
v 3.9500 1.7000 0.0000
v 6.7500 1.7000 0.0000
v 6.8000 1.7000 0.0000
v 6.8500 1.7000 0.0000
v 6.9000 1.7000 0.0000
v 6.9500 1.7000 0.5000
v 7.0000 1.7000 0.5000
v 7.0500 1.7000 0.5000
v 7.7500 1.7000 0.5000
v 7.8000 1.7000 0.4772
v 7.8500 1.7000 0.0000
v 8.8500 1.7000 0.0000
v 8.9000 1.7000 0.0000
v 8.9500 1.7000 0.5000
v 9.0000 1.7000 0.5000
v 11.6500 1.7000 0.5000
v 11.7000 1.7000 0.5000
v 11.7500 1.7000 0.0848
v 11.8000 1.7000 0.0000
v 11.8500 1.7000 0.0000
v 12.9500 1.7000 0.0000
v 13.0000 1.7000 0.0000
v 13.0500 1.7000 0.0000
v 13.1000 1.7000 0.5000
v 13.1500 1.7000 0.5000
v -3.3500 1.7500 0.5000
v -3.3000 1.7500 0.5000
v -3.2500 1.7500 0.0000
v -2.6500 1.7500 0.0000
v -2.6000 1.7500 0.5000
v 1.2500 1.7500 0.5000
v 1.3000 1.7500 0.5000
v 1.3500 1.7500 0.0000
v 1.4000 1.7500 0.0000
v 1.4500 1.7500 0.0000
v 2.4500 1.7500 0.0000
v 2.5000 1.7500 0.0000
v 2.5500 1.7500 0.5000
v 2.6000 1.7500 0.5000
v 2.6500 1.7500 0.5000
v 3.3500 1.7500 0.5000
v 3.4000 1.7500 0.5000
v 3.4500 1.7500 0.5000
v 3.5000 1.7500 0.5000
v 3.5500 1.7500 0.0964
v 3.6000 1.7500 0.0000
v 3.6500 1.7500 0.0000
v 3.7000 1.7500 0.0000
v 6.9000 1.7500 0.0000
v 6.9500 1.7500 0.0000
v 7.0000 1.7500 0.0000
v 7.0500 1.7500 0.5000
v 7.1000 1.7500 0.5000
v 7.7000 1.7500 0.5000
v 7.7500 1.7500 0.5000
v 7.8000 1.7500 0.0000
v 7.8500 1.7500 0.0000
v 8.8000 1.7500 0.0000
v 8.8500 1.7500 0.0000
v 8.9000 1.7500 0.5000
v 8.9500 1.7500 0.5000
v 11.7000 1.7500 0.5000
v 11.7500 1.7500 0.5000
v 11.8000 1.7500 0.1593
v 11.8500 1.7500 0.0000
v 11.9000 1.7500 0.0000
v 13.0500 1.7500 0.0000
v 13.1000 1.7500 0.0000
v 13.1500 1.7500 0.5000
v 13.2000 1.7500 0.5000
v -3.3500 1.8000 0.5000
v -3.3000 1.8000 0.4359
v -3.2500 1.8000 0.0000
v -2.6500 1.8000 0.0000
v -2.6000 1.8000 0.5000
v 1.3000 1.8000 0.5000
v 1.3500 1.8000 0.5000
v 1.4000 1.8000 0.0977
v 1.4500 1.8000 0.0000
v 1.5000 1.8000 0.0000
v 2.5000 1.8000 0.0000
v 2.5500 1.8000 0.0000
v 2.6000 1.8000 0.0000
v 2.6500 1.8000 0.5000
v 2.7000 1.8000 0.5000
v 2.7500 1.8000 0.5000
v 2.8000 1.8000 0.5000
v 3.2500 1.8000 0.5000
v 3.3000 1.8000 0.5000
v 3.3500 1.8000 0.5000
v 3.4000 1.8000 0.1786
v 3.4500 1.8000 0.0000
v 3.5000 1.8000 0.0000
v 3.5500 1.8000 0.0000
v 3.6000 1.8000 0.0000
v 7.0000 1.8000 0.0000
v 7.0500 1.8000 0.0000
v 7.1000 1.8000 0.5000
v 7.1500 1.8000 0.5000
v 7.2000 1.8000 0.5000
v 7.7000 1.8000 0.5000
v 7.7500 1.8000 0.4622
v 7.8000 1.8000 0.0000
v 8.7500 1.8000 0.0000
v 8.8000 1.8000 0.0000
v 8.8500 1.8000 0.5000
v 8.9000 1.8000 0.5000
v 11.7500 1.8000 0.5000
v 11.8000 1.8000 0.5000
v 11.8500 1.8000 0.3179
v 11.9000 1.8000 0.0000
v 11.9500 1.8000 0.0000
v 13.1000 1.8000 0.0000
v 13.1500 1.8000 0.0000
v 13.2000 1.8000 0.5000
v 13.2500 1.8000 0.5000
v -3.3500 1.8500 0.5000
v -3.3000 1.8500 0.1888
v -3.2500 1.8500 0.0000
v -2.6500 1.8500 0.0000
v -2.6000 1.8500 0.5000
v 1.3500 1.8500 0.5000
v 1.4000 1.8500 0.5000
v 1.4500 1.8500 0.2420
v 1.5000 1.8500 0.0000
v 1.5500 1.8500 0.0000
v 2.6000 1.8500 0.0000
v 2.6500 1.8500 0.0000
v 2.7000 1.8500 0.0000
v 2.7500 1.8500 0.1902
v 2.8000 1.8500 0.5000
v 2.8500 1.8500 0.5000
v 2.9000 1.8500 0.5000
v 2.9500 1.8500 0.5000
v 3.0000 1.8500 0.5000
v 3.0500 1.8500 0.5000
v 3.1000 1.8500 0.5000
v 3.1500 1.8500 0.5000
v 3.2000 1.8500 0.5000
v 3.2500 1.8500 0.5000
v 3.3000 1.8500 0.0000
v 3.3500 1.8500 0.0000
v 3.4000 1.8500 0.0000
v 3.4500 1.8500 0.0000
v 7.0500 1.8500 0.0000
v 7.1000 1.8500 0.0000
v 7.1500 1.8500 0.0933
v 7.2000 1.8500 0.5000
v 7.2500 1.8500 0.5000
v 7.6000 1.8500 0.5000
v 7.6500 1.8500 0.5000
v 7.7000 1.8500 0.5000
v 7.7500 1.8500 0.0000
v 7.8000 1.8500 0.0000
v 8.7500 1.8500 0.0000
v 8.8000 1.8500 0.1555
v 8.8500 1.8500 0.5000
v 11.8000 1.8500 0.5000
v 11.8500 1.8500 0.5000
v 11.9000 1.8500 0.3541
v 11.9500 1.8500 0.0000
v 12.0000 1.8500 0.0000
v 13.1500 1.8500 0.0000
v 13.2000 1.8500 0.0000
v 13.2500 1.8500 0.5000
v 13.3000 1.8500 0.5000
v -3.3500 1.9000 0.5000
v -3.3000 1.9000 0.0529
v -3.2500 1.9000 0.0000
v -2.6500 1.9000 0.0000
v -2.6000 1.9000 0.5000
v 1.4000 1.9000 0.5000
v 1.4500 1.9000 0.5000
v 1.5000 1.9000 0.3367
v 1.5500 1.9000 0.0000
v 1.6000 1.9000 0.0000
v 2.7000 1.9000 0.0000
v 2.7500 1.9000 0.0000
v 2.8000 1.9000 0.0000
v 2.8500 1.9000 0.0000
v 2.9000 1.9000 0.0869
v 2.9500 1.9000 0.4924
v 3.0000 1.9000 0.5000
v 3.0500 1.9000 0.5000
v 3.1000 1.9000 0.1899
v 3.1500 1.9000 0.0000
v 3.2000 1.9000 0.0000
v 3.2500 1.9000 0.0000
v 3.3000 1.9000 0.0000
v 7.1000 1.9000 0.0000
v 7.1500 1.9000 0.0000
v 7.2000 1.9000 0.0000
v 7.2500 1.9000 0.5000
v 7.5500 1.9000 0.5000
v 7.6000 1.9000 0.5000
v 7.6500 1.9000 0.0992
v 7.7000 1.9000 0.0000
v 7.7500 1.9000 0.0000
v 8.7000 1.9000 0.0000
v 8.7500 1.9000 0.0000
v 8.8000 1.9000 0.5000
v 8.8500 1.9000 0.5000
v 11.8500 1.9000 0.5000
v 11.9000 1.9000 0.5000
v 11.9500 1.9000 0.4225
v 12.0000 1.9000 0.0000
v 12.0500 1.9000 0.0000
v 13.2000 1.9000 0.0000
v 13.2500 1.9000 0.0000
v 13.3000 1.9000 0.5000
v 13.3500 1.9000 0.5000
v -3.3500 1.9500 0.5000
v -3.3000 1.9500 0.0000
v -3.2500 1.9500 0.0000
v -2.6500 1.9500 0.0000
v -2.6000 1.9500 0.5000
v 1.4500 1.9500 0.5000
v 1.5000 1.9500 0.5000
v 1.5500 1.9500 0.3569
v 1.6000 1.9500 0.0000
v 1.6500 1.9500 0.0000
v 2.8500 1.9500 0.0000
v 2.9000 1.9500 0.0000
v 2.9500 1.9500 0.0000
v 3.0000 1.9500 0.0000
v 3.0500 1.9500 0.0000
v 3.1000 1.9500 0.0000
v 3.1500 1.9500 0.0000
v 7.2000 1.9500 0.0000
v 7.2500 1.9500 0.5000
v 7.3000 1.9500 0.5000
v 7.4500 1.9500 0.5000
v 7.5000 1.9500 0.5000
v 7.5500 1.9500 0.5000
v 7.6000 1.9500 0.0000
v 7.6500 1.9500 0.0000
v 7.7000 1.9500 0.0000
v 8.6500 1.9500 0.0000
v 8.7000 1.9500 0.0000
v 8.7500 1.9500 0.5000
v 8.8000 1.9500 0.5000
v 11.9000 1.9500 0.5000
v 11.9500 1.9500 0.5000
v 12.0000 1.9500 0.5000
v 12.0500 1.9500 0.0000
v 12.1000 1.9500 0.0000
v 13.2500 1.9500 0.0000
v 13.3000 1.9500 0.0000
v 13.3500 1.9500 0.5000
v 13.4000 1.9500 0.5000
v -3.3500 2.0000 0.5000
v -3.3000 2.0000 0.0000
v -2.7000 2.0000 0.0000
v -2.6500 2.0000 0.0000
v -2.6000 2.0000 0.5000
v 1.5000 2.0000 0.5000
v 1.5500 2.0000 0.5000
v 1.6000 2.0000 0.3479
v 1.6500 2.0000 0.0000
v 1.7000 2.0000 0.0000
v 7.2000 2.0000 0.0000
v 7.2500 2.0000 0.0000
v 7.3000 2.0000 0.5000
v 7.3500 2.0000 0.5000
v 7.4000 2.0000 0.5000
v 7.4500 2.0000 0.5000
v 7.5000 2.0000 0.0000
v 7.5500 2.0000 0.0000
v 7.6000 2.0000 0.0000
v 8.6500 2.0000 0.0000
v 8.7000 2.0000 0.4465
v 8.7500 2.0000 0.5000
v 12.0000 2.0000 0.5000
v 12.0500 2.0000 0.2593
v 12.1000 2.0000 0.0000
v 12.1500 2.0000 0.0000
v 13.3000 2.0000 0.0000
v 13.3500 2.0000 0.0000
v 13.4000 2.0000 0.5000
v 13.4500 2.0000 0.5000
v -3.3500 2.0500 0.5000
v -3.3000 2.0500 0.0000
v -2.7000 2.0500 0.0000
v -2.6500 2.0500 0.0941
v -2.6000 2.0500 0.5000
v 1.5500 2.0500 0.5000
v 1.6000 2.0500 0.5000
v 1.6500 2.0500 0.5000
v 1.7000 2.0500 0.0000
v 1.7500 2.0500 0.0000
v 7.2500 2.0500 0.0000
v 7.3000 2.0500 0.0000
v 7.3500 2.0500 0.0000
v 7.4000 2.0500 0.0000
v 7.4500 2.0500 0.0000
v 7.5000 2.0500 0.0000
v 8.6000 2.0500 0.0000
v 8.6500 2.0500 0.0000
v 8.7000 2.0500 0.5000
v 8.7500 2.0500 0.5000
v 12.0000 2.0500 0.5000
v 12.0500 2.0500 0.5000
v 12.1000 2.0500 0.0113
v 12.1500 2.0500 0.0000
v 13.3500 2.0500 0.0000
v 13.4000 2.0500 0.0000
v 13.4500 2.0500 0.5000
v 13.5000 2.0500 0.5000
v -3.3500 2.1000 0.5000
v -3.3000 2.1000 0.0000
v -2.7000 2.1000 0.0000
v -2.6500 2.1000 0.5000
v -2.6000 2.1000 0.5000
v 1.6500 2.1000 0.5000
v 1.7000 2.1000 0.5000
v 1.7500 2.1000 0.0000
v 1.8000 2.1000 0.0000
v 8.5500 2.1000 0.0000
v 8.6000 2.1000 0.0000
v 8.6500 2.1000 0.5000
v 8.7000 2.1000 0.5000
v 12.0500 2.1000 0.5000
v 12.1000 2.1000 0.5000
v 12.1500 2.1000 0.0000
v 12.2000 2.1000 0.0000
v 13.4000 2.1000 0.0000
v 13.4500 2.1000 0.0000
v 13.5000 2.1000 0.5000
v 13.5500 2.1000 0.5000
v -3.4000 2.1500 0.5000
v -3.3500 2.1500 0.5000
v -3.3000 2.1500 0.0000
v -2.7000 2.1500 0.0000
v -2.6500 2.1500 0.5000
v 1.7000 2.1500 0.5000
v 1.7500 2.1500 0.5000
v 1.8000 2.1500 0.0000
v 1.8500 2.1500 0.0000
v 8.5500 2.1500 0.0000
v 8.6000 2.1500 0.0657
v 8.6500 2.1500 0.5000
v 12.1000 2.1500 0.5000
v 12.1500 2.1500 0.5000
v 12.2000 2.1500 0.0000
v 12.2500 2.1500 0.0000
v 13.4500 2.1500 0.0000
v 13.5000 2.1500 0.0000
v 13.5500 2.1500 0.5000
v 13.6000 2.1500 0.5000
v -3.4000 2.2000 0.5000
v -3.3500 2.2000 0.1453
v -3.3000 2.2000 0.0000
v -2.7500 2.2000 0.0000
v -2.7000 2.2000 0.0000
v -2.6500 2.2000 0.5000
v 1.7500 2.2000 0.5000
v 1.8000 2.2000 0.1243
v 1.8500 2.2000 0.0000
v 8.5000 2.2000 0.0000
v 8.5500 2.2000 0.0000
v 8.6000 2.2000 0.5000
v 8.6500 2.2000 0.5000
v 12.1500 2.2000 0.5000
v 12.2000 2.2000 0.5000
v 12.2500 2.2000 0.0000
v 12.3000 2.2000 0.0000
v 13.5000 2.2000 0.0000
v 13.5500 2.2000 0.0285
v 13.6000 2.2000 0.5000
v 13.6500 2.2000 0.5000
v -3.4000 2.2500 0.5000
v -3.3500 2.2500 0.0000
v -3.3000 2.2500 0.0000
v -2.7500 2.2500 0.0000
v -2.7000 2.2500 0.0971
v -2.6500 2.2500 0.5000
v 1.7500 2.2500 0.5000
v 1.8000 2.2500 0.5000
v 1.8500 2.2500 0.0000
v 1.9000 2.2500 0.0000
v 8.4500 2.2500 0.0000
v 8.5000 2.2500 0.0000
v 8.5500 2.2500 0.5000
v 8.6000 2.2500 0.5000
v 12.2000 2.2500 0.5000
v 12.2500 2.2500 0.5000
v 12.3000 2.2500 0.0000
v 12.3500 2.2500 0.0000
v 13.5000 2.2500 0.0000
v 13.5500 2.2500 0.0000
v 13.6000 2.2500 0.3304
v 13.6500 2.2500 0.5000
v -3.4000 2.3000 0.5000
v -3.3500 2.3000 0.0000
v -2.7500 2.3000 0.0000
v -2.7000 2.3000 0.5000
v -2.6500 2.3000 0.5000
v 1.8000 2.3000 0.5000
v 1.8500 2.3000 0.5000
v 1.9000 2.3000 0.0000
v 1.9500 2.3000 0.0000
v 8.4000 2.3000 0.0000
v 8.4500 2.3000 0.0000
v 8.5000 2.3000 0.2388
v 8.5500 2.3000 0.5000
v 12.2500 2.3000 0.5000
v 12.3000 2.3000 0.3877
v 12.3500 2.3000 0.0000
v 13.5500 2.3000 0.0000
v 13.6000 2.3000 0.0000
v 13.6500 2.3000 0.5000
v 13.7000 2.3000 0.5000
v -3.4500 2.3500 0.5000
v -3.4000 2.3500 0.5000
v -3.3500 2.3500 0.0000
v -2.7500 2.3500 0.0000
v -2.7000 2.3500 0.5000
v 1.8500 2.3500 0.5000
v 1.9000 2.3500 0.5000
v 1.9500 2.3500 0.0000
v 2.0000 2.3500 0.0000
v 2.0500 2.3500 0.0000
v 8.4000 2.3500 0.0000
v 8.4500 2.3500 0.1053
v 8.5000 2.3500 0.5000
v 8.5500 2.3500 0.5000
v 12.2500 2.3500 0.5000
v 12.3000 2.3500 0.5000
v 12.3500 2.3500 0.0000
v 12.4000 2.3500 0.0000
v 13.6000 2.3500 0.0000
v 13.6500 2.3500 0.0293
v 13.7000 2.3500 0.5000
v -3.4500 2.4000 0.5000
v -3.4000 2.4000 0.3681
v -3.3500 2.4000 0.0000
v -2.8000 2.4000 0.0000
v -2.7500 2.4000 0.0000
v -2.7000 2.4000 0.5000
v 1.9000 2.4000 0.5000
v 1.9500 2.4000 0.5000
v 2.0000 2.4000 0.3456
v 2.0500 2.4000 0.0000
v 2.1000 2.4000 0.0000
v 8.3500 2.4000 0.0000
v 8.4000 2.4000 0.0000
v 8.4500 2.4000 0.5000
v 8.5000 2.4000 0.5000
v 12.3000 2.4000 0.5000
v 12.3500 2.4000 0.5000
v 12.4000 2.4000 0.0000
v 12.4500 2.4000 0.0000
v 12.5000 2.4000 0.0000
v 13.6000 2.4000 0.0000
v 13.6500 2.4000 0.0000
v 13.7000 2.4000 0.5000
v 13.7500 2.4000 0.5000
v -3.4500 2.4500 0.5000
v -3.4000 2.4500 0.0000
v -3.3500 2.4500 0.0000
v -2.8000 2.4500 0.0000
v -2.7500 2.4500 0.2015
v -2.7000 2.4500 0.5000
v 1.9500 2.4500 0.5000
v 2.0000 2.4500 0.5000
v 2.0500 2.4500 0.5000
v 2.1000 2.4500 0.0000
v 2.1500 2.4500 0.0000
v 8.3000 2.4500 0.0000
v 8.3500 2.4500 0.0000
v 8.4000 2.4500 0.5000
v 8.4500 2.4500 0.5000
v 12.3500 2.4500 0.5000
v 12.4000 2.4500 0.5000
v 12.4500 2.4500 0.3203
v 12.5000 2.4500 0.0000
v 12.5500 2.4500 0.0000
v 13.6500 2.4500 0.0000
v 13.7000 2.4500 0.0000
v 13.7500 2.4500 0.5000
v 13.8000 2.4500 0.5000
v -3.5000 2.5000 0.5000
v -3.4500 2.5000 0.5000
v -3.4000 2.5000 0.0000
v -2.8000 2.5000 0.0000
v -2.7500 2.5000 0.5000
v -2.7000 2.5000 0.5000
v 2.0500 2.5000 0.5000
v 2.1000 2.5000 0.5000
v 2.1500 2.5000 0.0000
v 2.2000 2.5000 0.0000
v 2.2500 2.5000 0.0000
v 8.3000 2.5000 0.0000
v 8.3500 2.5000 0.4960
v 8.4000 2.5000 0.5000
v 12.4000 2.5000 0.5000
v 12.4500 2.5000 0.5000
v 12.5000 2.5000 0.5000
v 12.5500 2.5000 0.0000
v 12.6000 2.5000 0.0000
v 13.7000 2.5000 0.0000
v 13.7500 2.5000 0.2409
v 13.8000 2.5000 0.5000
v -3.5000 2.5500 0.5000
v -3.4500 2.5500 0.3632
v -3.4000 2.5500 0.0000
v -2.8500 2.5500 0.0000
v -2.8000 2.5500 0.0000
v -2.7500 2.5500 0.5000
v 2.1000 2.5500 0.5000
v 2.1500 2.5500 0.5000
v 2.2000 2.5500 0.2528
v 2.2500 2.5500 0.0000
v 2.3000 2.5500 0.0000
v 8.2500 2.5500 0.0000
v 8.3000 2.5500 0.0000
v 8.3500 2.5500 0.5000
v 8.4000 2.5500 0.5000
v 12.5000 2.5500 0.5000
v 12.5500 2.5500 0.5000
v 12.6000 2.5500 0.0000
v 12.6500 2.5500 0.0000
v 12.7000 2.5500 0.0000
v 13.7000 2.5500 0.0000
v 13.7500 2.5500 0.0000
v 13.8000 2.5500 0.5000
v 13.8500 2.5500 0.5000
v -3.5500 2.6000 0.5000
v -3.5000 2.6000 0.5000
v -3.4500 2.6000 0.0000
v -3.4000 2.6000 0.0000
v -2.8500 2.6000 0.0000
v -2.8000 2.6000 0.4023
v -2.7500 2.6000 0.5000
v 2.1500 2.6000 0.5000
v 2.2000 2.6000 0.5000
v 2.2500 2.6000 0.5000
v 2.3000 2.6000 0.0000
v 2.3500 2.6000 0.0000
v 2.4000 2.6000 0.0000
v 8.2000 2.6000 0.0000
v 8.2500 2.6000 0.0000
v 8.3000 2.6000 0.5000
v 8.3500 2.6000 0.5000
v 12.5500 2.6000 0.5000
v 12.6000 2.6000 0.5000
v 12.6500 2.6000 0.1292
v 12.7000 2.6000 0.0000
v 12.7500 2.6000 0.0000
v 13.7500 2.6000 0.0000
v 13.8000 2.6000 0.0000
v 13.8500 2.6000 0.5000
v 13.9000 2.6000 0.5000
v -3.5500 2.6500 0.5000
v -3.5000 2.6500 0.4746
v -3.4500 2.6500 0.0000
v -2.9000 2.6500 0.0000
v -2.8500 2.6500 0.0000
v -2.8000 2.6500 0.5000
v -2.7500 2.6500 0.5000
v 2.2500 2.6500 0.5000
v 2.3000 2.6500 0.5000
v 2.3500 2.6500 0.2136
v 2.4000 2.6500 0.0000
v 2.4500 2.6500 0.0000
v 8.1500 2.6500 0.0000
v 8.2000 2.6500 0.0000
v 8.2500 2.6500 0.5000
v 8.3000 2.6500 0.5000
v 12.6000 2.6500 0.5000
v 12.6500 2.6500 0.5000
v 12.7000 2.6500 0.3203
v 12.7500 2.6500 0.0000
v 12.8000 2.6500 0.0000
v 13.8000 2.6500 0.0000
v 13.8500 2.6500 0.1018
v 13.9000 2.6500 0.5000
v -3.5500 2.7000 0.5000
v -3.5000 2.7000 0.0840
v -3.4500 2.7000 0.0000
v -2.9000 2.7000 0.0000
v -2.8500 2.7000 0.1227
v -2.8000 2.7000 0.5000
v 2.3000 2.7000 0.5000
v 2.3500 2.7000 0.5000
v 2.4000 2.7000 0.2460
v 2.4500 2.7000 0.0000
v 2.5000 2.7000 0.0000
v 8.1500 2.7000 0.0000
v 8.2000 2.7000 0.5000
v 8.2500 2.7000 0.5000
v 12.6500 2.7000 0.5000
v 12.7000 2.7000 0.5000
v 12.7500 2.7000 0.1933
v 12.8000 2.7000 0.0000
v 13.8000 2.7000 0.0000
v 13.8500 2.7000 0.0000
v 13.9000 2.7000 0.5000
v 13.9500 2.7000 0.5000
v -3.5500 2.7500 0.5000
v -3.5000 2.7500 0.5000
v -3.4500 2.7500 0.0000
v -2.9000 2.7500 0.0000
v -2.8500 2.7500 0.5000
v -2.8000 2.7500 0.5000
v 2.3500 2.7500 0.5000
v 2.4000 2.7500 0.5000
v 2.4500 2.7500 0.4092
v 2.5000 2.7500 0.0000
v 2.5500 2.7500 0.0000
v 8.1000 2.7500 0.0000
v 8.1500 2.7500 0.0000
v 8.2000 2.7500 0.5000
v 12.7000 2.7500 0.5000
v 12.7500 2.7500 0.5000
v 12.8000 2.7500 0.0000
v 12.8500 2.7500 0.0000
v 13.8500 2.7500 0.0000
v 13.9000 2.7500 0.0000
v 13.9500 2.7500 0.5000
v 14.0000 2.7500 0.5000
v 14.0500 2.7500 0.5000
v -3.5000 2.8000 0.5000
v -3.4500 2.8000 0.0000
v -3.4000 2.8000 0.0000
v -2.9500 2.8000 0.0000
v -2.9000 2.8000 0.0000
v -2.8500 2.8000 0.5000
v 2.4000 2.8000 0.5000
v 2.4500 2.8000 0.5000
v 2.5000 2.8000 0.5000
v 2.5500 2.8000 0.0000
v 2.6000 2.8000 0.0000
v 8.1000 2.8000 0.0000
v 8.1500 2.8000 0.3715
v 8.2000 2.8000 0.5000
v 12.7500 2.8000 0.5000
v 12.8000 2.8000 0.5000
v 12.8500 2.8000 0.0000
v 12.9000 2.8000 0.0000
v 13.9000 2.8000 0.0000
v 13.9500 2.8000 0.0000
v 14.0000 2.8000 0.1868
v 14.0500 2.8000 0.5000
v 14.1000 2.8000 0.5000
v 14.1500 2.8000 0.5000
v -3.5000 2.8500 0.5000
v -3.4500 2.8500 0.5000
v -3.4000 2.8500 0.0000
v -3.3500 2.8500 0.0000
v -2.9500 2.8500 0.0000
v -2.9000 2.8500 0.0363
v -2.8500 2.8500 0.5000
v 2.5000 2.8500 0.5000
v 2.5500 2.8500 0.5000
v 2.6000 2.8500 0.0000
v 2.6500 2.8500 0.0000
v 8.0500 2.8500 0.0000
v 8.1000 2.8500 0.0000
v 8.1500 2.8500 0.5000
v 8.2000 2.8500 0.5000
v 12.8000 2.8500 0.5000
v 12.8500 2.8500 0.5000
v 12.9000 2.8500 0.0000
v 12.9500 2.8500 0.0000
v 13.9500 2.8500 0.0000
v 14.0000 2.8500 0.0000
v 14.0500 2.8500 0.0000
v 14.1000 2.8500 0.3674
v 14.1500 2.8500 0.5000
v 14.2000 2.8500 0.5000
v -3.4500 2.9000 0.5000
v -3.4000 2.9000 0.0978
v -3.3500 2.9000 0.0000
v -3.0000 2.9000 0.0000
v -2.9500 2.9000 0.0000
v -2.9000 2.9000 0.5000
v -2.8500 2.9000 0.5000
v 2.5500 2.9000 0.5000
v 2.6000 2.9000 0.5000
v 2.6500 2.9000 0.0000
v 8.0000 2.9000 0.0000
v 8.0500 2.9000 0.0000
v 8.1000 2.9000 0.5000
v 8.1500 2.9000 0.5000
v 12.8500 2.9000 0.5000
v 12.9000 2.9000 0.2760
v 12.9500 2.9000 0.0000
v 14.0500 2.9000 0.0000
v 14.1000 2.9000 0.0000
v 14.1500 2.9000 0.0000
v 14.2000 2.9000 0.5000
v 14.2500 2.9000 0.5000
v -3.4500 2.9500 0.5000
v -3.4000 2.9500 0.5000
v -3.3500 2.9500 0.0000
v -3.3000 2.9500 0.0000
v -3.2500 2.9500 0.0000
v -3.1000 2.9500 0.0000
v -3.0500 2.9500 0.0000
v -3.0000 2.9500 0.0000
v -2.9500 2.9500 0.5000
v -2.9000 2.9500 0.5000
v 2.6000 2.9500 0.5000
v 2.6500 2.9500 0.0000
v 2.7000 2.9500 0.0000
v 7.9500 2.9500 0.0000
v 8.0000 2.9500 0.0000
v 8.0500 2.9500 0.5000
v 8.1000 2.9500 0.5000
v 12.8500 2.9500 0.5000
v 12.9000 2.9500 0.5000
v 12.9500 2.9500 0.0000
v 13.0000 2.9500 0.0000
v 14.1500 2.9500 0.0000
v 14.2000 2.9500 0.0000
v 14.2500 2.9500 0.5000
v 14.3000 2.9500 0.5000
v 14.3500 2.9500 0.5000
v -3.4000 3.0000 0.5000
v -3.3500 3.0000 0.5000
v -3.3000 3.0000 0.2668
v -3.2500 3.0000 0.0000
v -3.2000 3.0000 0.0000
v -3.1500 3.0000 0.0000
v -3.1000 3.0000 0.0000
v -3.0500 3.0000 0.2803
v -3.0000 3.0000 0.5000
v -2.9500 3.0000 0.5000
v 2.6000 3.0000 0.5000
v 2.6500 3.0000 0.1343
v 2.7000 3.0000 0.0000
v 7.9000 3.0000 0.0000
v 7.9500 3.0000 0.0000
v 8.0000 3.0000 0.5000
v 8.0500 3.0000 0.5000
v 12.9000 3.0000 0.5000
v 12.9500 3.0000 0.5000
v 13.0000 3.0000 0.0000
v 13.0500 3.0000 0.0000
v 14.2000 3.0000 0.0000
v 14.2500 3.0000 0.0000
v 14.3000 3.0000 0.1769
v 14.3500 3.0000 0.5000
v 14.4000 3.0000 0.5000
v 14.4500 3.0000 0.5000
v -3.3500 3.0500 0.5000
v -3.3000 3.0500 0.5000
v -3.2500 3.0500 0.5000
v -3.2000 3.0500 0.5000
v -3.1500 3.0500 0.5000
v -3.1000 3.0500 0.5000
v -3.0500 3.0500 0.5000
v -3.0000 3.0500 0.5000
v 2.6000 3.0500 0.5000
v 2.6500 3.0500 0.5000
v 2.7000 3.0500 0.0000
v 2.7500 3.0500 0.0000
v 7.8000 3.0500 0.0000
v 7.8500 3.0500 0.0000
v 7.9000 3.0500 0.0000
v 7.9500 3.0500 0.5000
v 8.0000 3.0500 0.5000
v 12.9500 3.0500 0.5000
v 13.0000 3.0500 0.3111
v 13.0500 3.0500 0.0000
v 14.2500 3.0500 0.0000
v 14.3000 3.0500 0.0000
v 14.3500 3.0500 0.0000
v 14.4000 3.0500 0.2886
v 14.4500 3.0500 0.5000
v 14.5000 3.0500 0.5000
v 14.5500 3.0500 0.5000
v 2.6500 3.1000 0.5000
v 2.7000 3.1000 0.5000
v 2.7500 3.1000 0.0000
v 7.7000 3.1000 0.0000
v 7.7500 3.1000 0.0000
v 7.8000 3.1000 0.0000
v 7.8500 3.1000 0.3463
v 7.9000 3.1000 0.5000
v 7.9500 3.1000 0.5000
v 12.9500 3.1000 0.5000
v 13.0000 3.1000 0.5000
v 13.0500 3.1000 0.0000
v 13.1000 3.1000 0.0000
v 14.3500 3.1000 0.0000
v 14.4000 3.1000 0.0000
v 14.4500 3.1000 0.0000
v 14.5000 3.1000 0.0000
v 14.5500 3.1000 0.5000
v 14.6000 3.1000 0.5000
v 14.6500 3.1000 0.5000
v 14.7000 3.1000 0.5000
v 2.7000 3.1500 0.5000
v 2.7500 3.1500 0.0000
v 2.8000 3.1500 0.0000
v 7.6500 3.1500 0.0000
v 7.7000 3.1500 0.0000
v 7.7500 3.1500 0.0576
v 7.8000 3.1500 0.5000
v 7.8500 3.1500 0.5000
v 7.9000 3.1500 0.5000
v 13.0000 3.1500 0.5000
v 13.0500 3.1500 0.5000
v 13.1000 3.1500 0.0000
v 14.5000 3.1500 0.0000
v 14.5500 3.1500 0.0000
v 14.6000 3.1500 0.0000
v 14.6500 3.1500 0.3401
v 14.7000 3.1500 0.5000
v 14.7500 3.1500 0.5000
v 2.7000 3.2000 0.5000
v 2.7500 3.2000 0.5000
v 2.8000 3.2000 0.0000
v 2.8500 3.2000 0.0000
v 7.5500 3.2000 0.0000
v 7.6000 3.2000 0.0000
v 7.6500 3.2000 0.0000
v 7.7000 3.2000 0.5000
v 7.7500 3.2000 0.5000
v 7.8000 3.2000 0.5000
v 13.0500 3.2000 0.5000
v 13.1000 3.2000 0.0000
v 13.1500 3.2000 0.0000
v 14.6000 3.2000 0.0000
v 14.6500 3.2000 0.0000
v 14.7000 3.2000 0.0000
v 14.7500 3.2000 0.5000
v 14.8000 3.2000 0.5000
v 14.8500 3.2000 0.5000
v 14.9000 3.2000 0.5000
v 14.9500 3.2000 0.5000
v 15.0000 3.2000 0.5000
v 15.0500 3.2000 0.5000
v 15.1000 3.2000 0.5000
v 2.7500 3.2500 0.5000
v 2.8000 3.2500 0.4383
v 2.8500 3.2500 0.0000
v 7.4500 3.2500 0.0000
v 7.5000 3.2500 0.0000
v 7.5500 3.2500 0.0000
v 7.6000 3.2500 0.5000
v 7.6500 3.2500 0.5000
v 7.7000 3.2500 0.5000
v 13.0500 3.2500 0.5000
v 13.1000 3.2500 0.0979
v 13.1500 3.2500 0.0000
v 14.7000 3.2500 0.0000
v 14.7500 3.2500 0.0000
v 14.8000 3.2500 0.0000
v 14.8500 3.2500 0.0000
v 14.9000 3.2500 0.0000
v 14.9500 3.2500 0.0000
v 15.0000 3.2500 0.0837
v 15.0500 3.2500 0.3766
v 15.1000 3.2500 0.5000
v 15.1500 3.2500 0.5000
v 15.2000 3.2500 0.5000
v 15.2500 3.2500 0.5000
v 15.3000 3.2500 0.5000
v 15.3500 3.2500 0.5000
v 2.7500 3.3000 0.5000
v 2.8000 3.3000 0.5000
v 2.8500 3.3000 0.0000
v 2.9000 3.3000 0.0000
v 7.3500 3.3000 0.0000
v 7.4000 3.3000 0.0000
v 7.4500 3.3000 0.0000
v 7.5000 3.3000 0.5000
v 7.5500 3.3000 0.5000
v 7.6000 3.3000 0.5000
v 13.0500 3.3000 0.5000
v 13.1000 3.3000 0.5000
v 13.1500 3.3000 0.0000
v 14.9500 3.3000 0.0000
v 15.0000 3.3000 0.0000
v 15.0500 3.3000 0.0000
v 15.1000 3.3000 0.0000
v 15.1500 3.3000 0.0000
v 15.2000 3.3000 0.0000
v 15.2500 3.3000 0.0000
v 15.3000 3.3000 0.0000
v 15.3500 3.3000 0.5000
v 15.4000 3.3000 0.5000
v 15.4500 3.3000 0.5000
v 15.5000 3.3000 0.5000
v 15.5500 3.3000 0.5000
v 2.8000 3.3500 0.5000
v 2.8500 3.3500 0.5000
v 2.9000 3.3500 0.0000
v 2.9500 3.3500 0.0000
v 7.3000 3.3500 0.0000
v 7.3500 3.3500 0.0000
v 7.4000 3.3500 0.1847
v 7.4500 3.3500 0.5000
v 7.5000 3.3500 0.5000
v 13.0500 3.3500 0.5000
v 13.1000 3.3500 0.4925
v 13.1500 3.3500 0.0000
v 15.3000 3.3500 0.0000
v 15.3500 3.3500 0.0000
v 15.4000 3.3500 0.0000
v 15.4500 3.3500 0.0000
v 15.5000 3.3500 0.0000
v 15.5500 3.3500 0.5000
v 15.6000 3.3500 0.5000
v 15.6500 3.3500 0.5000
v 2.8500 3.4000 0.5000
v 2.9000 3.4000 0.0792
v 2.9500 3.4000 0.0000
v 7.2500 3.4000 0.0000
v 7.3000 3.4000 0.0000
v 7.3500 3.4000 0.5000
v 7.4000 3.4000 0.5000
v 7.4500 3.4000 0.5000
v 13.0500 3.4000 0.5000
v 13.1000 3.4000 0.0451
v 13.1500 3.4000 0.0000
v 15.5000 3.4000 0.0000
v 15.5500 3.4000 0.0000
v 15.6000 3.4000 0.0000
v 15.6500 3.4000 0.5000
v 15.7000 3.4000 0.5000
v 15.7500 3.4000 0.5000
v 2.8500 3.4500 0.5000
v 2.9000 3.4500 0.5000
v 2.9500 3.4500 0.0000
v 3.0000 3.4500 0.0000
v 7.2000 3.4500 0.0000
v 7.2500 3.4500 0.0000
v 7.3000 3.4500 0.5000
v 7.3500 3.4500 0.5000
v 13.0500 3.4500 0.5000
v 13.1000 3.4500 0.0000
v 13.1500 3.4500 0.0000
v 15.6000 3.4500 0.0000
v 15.6500 3.4500 0.0000
v 15.7000 3.4500 0.2305
v 15.7500 3.4500 0.5000
v 15.8000 3.4500 0.5000
v 2.9000 3.5000 0.5000
v 2.9500 3.5000 0.1330
v 3.0000 3.5000 0.0000
v 7.1500 3.5000 0.0000
v 7.2000 3.5000 0.0000
v 7.2500 3.5000 0.2633
v 7.3000 3.5000 0.5000
v 13.0000 3.5000 0.5000
v 13.0500 3.5000 0.5000
v 13.1000 3.5000 0.0000
v 15.6500 3.5000 0.0000
v 15.7000 3.5000 0.0000
v 15.7500 3.5000 0.0000
v 15.8000 3.5000 0.5000
v 15.8500 3.5000 0.5000
v 15.9000 3.5000 0.5000
v 2.9000 3.5500 0.5000
v 2.9500 3.5500 0.5000
v 3.0000 3.5500 0.0000
v 3.0500 3.5500 0.0000
v 7.1000 3.5500 0.0000
v 7.1500 3.5500 0.0000
v 7.2000 3.5500 0.3800
v 7.2500 3.5500 0.5000
v 7.3000 3.5500 0.5000
v 13.0000 3.5500 0.5000
v 13.0500 3.5500 0.2331
v 13.1000 3.5500 0.0000
v 15.7500 3.5500 0.0000
v 15.8000 3.5500 0.0000
v 15.8500 3.5500 0.0016
v 15.9000 3.5500 0.5000
v 15.9500 3.5500 0.5000
v 16.0000 3.5500 0.5000
v 2.9500 3.6000 0.5000
v 3.0000 3.6000 0.5000
v 3.0500 3.6000 0.0000
v 3.1000 3.6000 0.0000
v 7.0500 3.6000 0.0000
v 7.1000 3.6000 0.0000
v 7.1500 3.6000 0.5000
v 7.2000 3.6000 0.5000
v 7.2500 3.6000 0.5000
v 13.0000 3.6000 0.5000
v 13.0500 3.6000 0.0000
v 13.1000 3.6000 0.0000
v 15.8000 3.6000 0.0000
v 15.8500 3.6000 0.0000
v 15.9000 3.6000 0.0000
v 15.9500 3.6000 0.3761
v 16.0000 3.6000 0.5000
v 16.0500 3.6000 0.5000
v 3.0000 3.6500 0.5000
v 3.0500 3.6500 0.5000
v 3.1000 3.6500 0.0000
v 3.1500 3.6500 0.0000
v 6.9500 3.6500 0.0000
v 7.0000 3.6500 0.0000
v 7.0500 3.6500 0.0000
v 7.1000 3.6500 0.5000
v 7.1500 3.6500 0.5000
v 12.9500 3.6500 0.5000
v 13.0000 3.6500 0.5000
v 13.0500 3.6500 0.0000
v 15.9000 3.6500 0.0000
v 15.9500 3.6500 0.0000
v 16.0000 3.6500 0.0000
v 16.0500 3.6500 0.5000
v 16.1000 3.6500 0.5000
v 3.0500 3.7000 0.5000
v 3.1000 3.7000 0.5000
v 3.1500 3.7000 0.0000
v 3.2000 3.7000 0.0000
v 6.9000 3.7000 0.0000
v 6.9500 3.7000 0.0000
v 7.0000 3.7000 0.0703
v 7.0500 3.7000 0.5000
v 7.1000 3.7000 0.5000
v 12.9500 3.7000 0.5000
v 13.0000 3.7000 0.0000
v 13.0500 3.7000 0.0000
v 16.0000 3.7000 0.0000
v 16.0500 3.7000 0.0000
v 16.1000 3.7000 0.5000
v 16.1500 3.7000 0.5000
v 16.2000 3.7000 0.5000
v 3.1000 3.7500 0.5000
v 3.1500 3.7500 0.5000
v 3.2000 3.7500 0.0000
v 3.2500 3.7500 0.0000
v 6.8500 3.7500 0.0000
v 6.9000 3.7500 0.0000
v 6.9500 3.7500 0.4866
v 7.0000 3.7500 0.5000
v 7.0500 3.7500 0.5000
v 12.9000 3.7500 0.5000
v 12.9500 3.7500 0.5000
v 13.0000 3.7500 0.0000
v 16.0500 3.7500 0.0000
v 16.1000 3.7500 0.0000
v 16.1500 3.7500 0.1973
v 16.2000 3.7500 0.5000
v 16.2500 3.7500 0.5000
v 3.1500 3.8000 0.5000
v 3.2000 3.8000 0.1230
v 3.2500 3.8000 0.0000
v 6.8000 3.8000 0.0000
v 6.8500 3.8000 0.0000
v 6.9000 3.8000 0.5000
v 6.9500 3.8000 0.5000
v 7.0000 3.8000 0.5000
v 12.8500 3.8000 0.5000
v 12.9000 3.8000 0.5000
v 12.9500 3.8000 0.0000
v 13.0000 3.8000 0.0000
v 16.1000 3.8000 0.0000
v 16.1500 3.8000 0.0000
v 16.2000 3.8000 0.2455
v 16.2500 3.8000 0.5000
v 3.1500 3.8500 0.5000
v 3.2000 3.8500 0.5000
v 3.2500 3.8500 0.0000
v 6.8000 3.8500 0.0000
v 6.8500 3.8500 0.0780
v 6.9000 3.8500 0.5000
v 12.8500 3.8500 0.5000
v 12.9000 3.8500 0.3232
v 12.9500 3.8500 0.0000
v 16.1500 3.8500 0.0000
v 16.2000 3.8500 0.0000
v 16.2500 3.8500 0.5000
v 16.3000 3.8500 0.5000
v 3.2000 3.9000 0.5000
v 3.2500 3.9000 0.0000
v 3.3000 3.9000 0.0000
v 6.8000 3.9000 0.0000
v 6.8500 3.9000 0.5000
v 6.9000 3.9000 0.5000
v 12.8000 3.9000 0.5000
v 12.8500 3.9000 0.5000
v 12.9000 3.9000 0.0000
v 12.9500 3.9000 0.0000
v 16.2000 3.9000 0.0000
v 16.2500 3.9000 0.0000
v 16.3000 3.9000 0.5000
v 3.2000 3.9500 0.5000
v 3.2500 3.9500 0.0878
v 3.3000 3.9500 0.0000
v 6.7500 3.9500 0.0000
v 6.8000 3.9500 0.0000
v 6.8500 3.9500 0.5000
v 12.8000 3.9500 0.5000
v 12.8500 3.9500 0.4147
v 12.9000 3.9500 0.0000
v 16.2500 3.9500 0.0000
v 16.3000 3.9500 0.5000
v 16.3500 3.9500 0.5000
v 3.2000 4.0000 0.5000
v 3.2500 4.0000 0.5000
v 3.3000 4.0000 0.0000
v 6.7500 4.0000 0.0000
v 6.8000 4.0000 0.4992
v 6.8500 4.0000 0.5000
v 12.8000 4.0000 0.5000
v 12.8500 4.0000 0.0000
v 12.9000 4.0000 0.0000
v 16.2500 4.0000 0.0000
v 16.3000 4.0000 0.0000
v 16.3500 4.0000 0.5000
v 3.2500 4.0500 0.5000
v 3.3000 4.0500 0.0000
v 3.3500 4.0500 0.0000
v 6.7500 4.0500 0.0000
v 6.8000 4.0500 0.5000
v 6.8500 4.0500 0.5000
v 12.7500 4.0500 0.5000
v 12.8000 4.0500 0.5000
v 12.8500 4.0500 0.0000
v 16.3000 4.0500 0.0000
v 16.3500 4.0500 0.5000
v 16.4000 4.0500 0.5000
v 3.2500 4.1000 0.5000
v 3.3000 4.1000 0.5000
v 3.3500 4.1000 0.0000
v 3.4000 4.1000 0.0000
v 6.7500 4.1000 0.0000
v 6.8000 4.1000 0.5000
v 12.7500 4.1000 0.5000
v 12.8000 4.1000 0.2549
v 12.8500 4.1000 0.0000
v 16.3000 4.1000 0.0000
v 16.3500 4.1000 0.2777
v 16.4000 4.1000 0.5000
v 3.3000 4.1500 0.5000
v 3.3500 4.1500 0.0167
v 3.4000 4.1500 0.0000
v 6.7500 4.1500 0.0000
v 6.8000 4.1500 0.5000
v 12.7500 4.1500 0.5000
v 12.8000 4.1500 0.0000
v 12.8500 4.1500 0.0000
v 16.3000 4.1500 0.0000
v 16.3500 4.1500 0.2313
v 16.4000 4.1500 0.5000
v 3.3000 4.2000 0.5000
v 3.3500 4.2000 0.5000
v 3.4000 4.2000 0.0000
v 3.4500 4.2000 0.0000
v 6.7500 4.2000 0.0000
v 6.8000 4.2000 0.5000
v 12.7500 4.2000 0.5000
v 12.8000 4.2000 0.0000
v 16.3000 4.2000 0.0000
v 16.3500 4.2000 0.5000
v 16.4000 4.2000 0.5000
v 3.3500 4.2500 0.5000
v 3.4000 4.2500 0.3777
v 3.4500 4.2500 0.0000
v 6.7500 4.2500 0.0000
v 6.8000 4.2500 0.5000
v 6.8500 4.2500 0.5000
v 12.7500 4.2500 0.5000
v 12.8000 4.2500 0.0000
v 16.3000 4.2500 0.0000
v 16.3500 4.2500 0.5000
v 3.3500 4.3000 0.5000
v 3.4000 4.3000 0.5000
v 3.4500 4.3000 0.0000
v 3.5000 4.3000 0.0000
v 3.5500 4.3000 0.0000
v 6.7500 4.3000 0.0000
v 6.8000 4.3000 0.0000
v 6.8500 4.3000 0.5000
v 6.9000 4.3000 0.5000
v 12.7500 4.3000 0.5000
v 12.8000 4.3000 0.0000
v 16.2500 4.3000 0.0000
v 16.3000 4.3000 0.0000
v 16.3500 4.3000 0.5000
v 3.4000 4.3500 0.5000
v 3.4500 4.3500 0.5000
v 3.5000 4.3500 0.1009
v 3.5500 4.3500 0.0000
v 3.6000 4.3500 0.0000
v 3.6500 4.3500 0.0000
v 6.8000 4.3500 0.0000
v 6.8500 4.3500 0.0000
v 6.9000 4.3500 0.5000
v 6.9500 4.3500 0.5000
v 12.7000 4.3500 0.5000
v 12.7500 4.3500 0.5000
v 12.8000 4.3500 0.0000
v 16.2500 4.3500 0.0000
v 16.3000 4.3500 0.0599
v 16.3500 4.3500 0.5000
v 3.4500 4.4000 0.5000
v 3.5000 4.4000 0.5000
v 3.5500 4.4000 0.5000
v 3.6000 4.4000 0.3385
v 3.6500 4.4000 0.0000
v 3.7000 4.4000 0.0000
v 3.7500 4.4000 0.0000
v 3.8000 4.4000 0.0000
v 3.8500 4.4000 0.0000
v 3.9000 4.4000 0.0000
v 3.9500 4.4000 0.0000
v 4.0000 4.4000 0.0000
v 4.0500 4.4000 0.0000
v 4.1000 4.4000 0.0000
v 4.1500 4.4000 0.0000
v 4.2000 4.4000 0.0000
v 4.2500 4.4000 0.0000
v 4.3000 4.4000 0.0000
v 4.3500 4.4000 0.0000
v 6.8500 4.4000 0.0000
v 6.9000 4.4000 0.0000
v 6.9500 4.4000 0.5000
v 7.0000 4.4000 0.5000
v 12.7000 4.4000 0.5000
v 12.7500 4.4000 0.2440
v 12.8000 4.4000 0.0000
v 16.2500 4.4000 0.0000
v 16.3000 4.4000 0.5000
v 16.3500 4.4000 0.5000
v 3.5500 4.4500 0.5000
v 3.6000 4.4500 0.5000
v 3.6500 4.4500 0.5000
v 3.7000 4.4500 0.5000
v 3.7500 4.4500 0.5000
v 3.8000 4.4500 0.5000
v 3.8500 4.4500 0.5000
v 3.9000 4.4500 0.5000
v 3.9500 4.4500 0.5000
v 4.0000 4.4500 0.5000
v 4.0500 4.4500 0.1673
v 4.1000 4.4500 0.0019
v 4.1500 4.4500 0.2692
v 4.2000 4.4500 0.5000
v 4.2500 4.4500 0.5000
v 4.3000 4.4500 0.4127
v 4.3500 4.4500 0.0000
v 4.4000 4.4500 0.0000
v 4.4500 4.4500 0.0000
v 4.5000 4.4500 0.0000
v 5.7500 4.4500 0.0000
v 5.8000 4.4500 0.0000
v 5.8500 4.4500 0.0000
v 6.9000 4.4500 0.0000
v 6.9500 4.4500 0.0000
v 7.0000 4.4500 0.5000
v 7.0500 4.4500 0.5000
v 12.7000 4.4500 0.5000
v 12.7500 4.4500 0.0000
v 12.8000 4.4500 0.0000
v 16.2500 4.4500 0.0000
v 16.3000 4.4500 0.5000
v 4.0000 4.5000 0.5000
v 4.0500 4.5000 0.5000
v 4.1000 4.5000 0.5000
v 4.1500 4.5000 0.5000
v 4.2000 4.5000 0.5000
v 4.2500 4.5000 0.5000
v 4.3000 4.5000 0.5000
v 4.3500 4.5000 0.5000
v 4.4000 4.5000 0.5000
v 4.4500 4.5000 0.1453
v 4.5000 4.5000 0.0000
v 4.5500 4.5000 0.0000
v 5.5000 4.5000 0.0000
v 5.5500 4.5000 0.0000
v 5.6000 4.5000 0.0000
v 5.6500 4.5000 0.0000
v 5.7000 4.5000 0.0000
v 5.7500 4.5000 0.0000
v 5.8000 4.5000 0.0386
v 5.8500 4.5000 0.0000
v 5.9000 4.5000 0.0000
v 5.9500 4.5000 0.0000
v 6.0000 4.5000 0.0000
v 6.0500 4.5000 0.0000
v 6.9500 4.5000 0.0000
v 7.0000 4.5000 0.0000
v 7.0500 4.5000 0.5000
v 7.1000 4.5000 0.5000
v 12.7000 4.5000 0.5000
v 12.7500 4.5000 0.0000
v 16.2500 4.5000 0.0000
v 16.3000 4.5000 0.5000
v 4.4000 4.5500 0.5000
v 4.4500 4.5500 0.5000
v 4.5000 4.5500 0.5000
v 4.5500 4.5500 0.0000
v 4.6000 4.5500 0.0000
v 4.6500 4.5500 0.0000
v 4.7000 4.5500 0.0000
v 5.4000 4.5500 0.0000
v 5.4500 4.5500 0.0000
v 5.5000 4.5500 0.0000
v 5.5500 4.5500 0.1784
v 5.6000 4.5500 0.5000
v 5.6500 4.5500 0.5000
v 5.7000 4.5500 0.5000
v 5.7500 4.5500 0.5000
v 5.8000 4.5500 0.5000
v 5.8500 4.5500 0.5000
v 5.9000 4.5500 0.5000
v 5.9500 4.5500 0.5000
v 6.0000 4.5500 0.4886
v 6.0500 4.5500 0.0000
v 6.1000 4.5500 0.0000
v 6.1500 4.5500 0.0000
v 7.0000 4.5500 0.0000
v 7.0500 4.5500 0.0000
v 7.1000 4.5500 0.5000
v 7.1500 4.5500 0.5000
v 7.2000 4.5500 0.5000
v 12.6500 4.5500 0.5000
v 12.7000 4.5500 0.5000
v 12.7500 4.5500 0.0000
v 16.2500 4.5500 0.0000
v 16.3000 4.5500 0.5000
v 4.5000 4.6000 0.5000
v 4.5500 4.6000 0.5000
v 4.6000 4.6000 0.5000
v 4.6500 4.6000 0.0486
v 4.7000 4.6000 0.0000
v 4.7500 4.6000 0.0000
v 4.8000 4.6000 0.0000
v 4.8500 4.6000 0.0000
v 5.2500 4.6000 0.0000
v 5.3000 4.6000 0.0000
v 5.3500 4.6000 0.0000
v 5.4000 4.6000 0.0000
v 5.4500 4.6000 0.5000
v 5.5000 4.6000 0.5000
v 5.5500 4.6000 0.5000
v 5.6000 4.6000 0.5000
v 5.9500 4.6000 0.5000
v 6.0000 4.6000 0.5000
v 6.0500 4.6000 0.5000
v 6.1000 4.6000 0.5000
v 6.1500 4.6000 0.0000
v 6.2000 4.6000 0.0000
v 6.2500 4.6000 0.0000
v 7.0500 4.6000 0.0000
v 7.1000 4.6000 0.0000
v 7.1500 4.6000 0.1790
v 7.2000 4.6000 0.5000
v 7.2500 4.6000 0.5000
v 12.6500 4.6000 0.5000
v 12.7000 4.6000 0.0000
v 12.7500 4.6000 0.0000
v 16.2500 4.6000 0.0000
v 16.3000 4.6000 0.5000
v 4.6000 4.6500 0.5000
v 4.6500 4.6500 0.5000
v 4.7000 4.6500 0.5000
v 4.7500 4.6500 0.5000
v 4.8000 4.6500 0.0736
v 4.8500 4.6500 0.0000
v 4.9000 4.6500 0.0000
v 4.9500 4.6500 0.0000
v 5.0000 4.6500 0.0000
v 5.0500 4.6500 0.0000
v 5.1000 4.6500 0.0000
v 5.1500 4.6500 0.0000
v 5.2000 4.6500 0.0000
v 5.2500 4.6500 0.0000
v 5.3000 4.6500 0.2972
v 5.3500 4.6500 0.5000
v 5.4000 4.6500 0.5000
v 5.4500 4.6500 0.5000
v 6.1000 4.6500 0.5000
v 6.1500 4.6500 0.5000
v 6.2000 4.6500 0.4338
v 6.2500 4.6500 0.0000
v 6.3000 4.6500 0.0000
v 7.1000 4.6500 0.0000
v 7.1500 4.6500 0.0000
v 7.2000 4.6500 0.0000
v 7.2500 4.6500 0.5000
v 7.3000 4.6500 0.5000
v 7.3500 4.6500 0.5000
v 12.6500 4.6500 0.5000
v 12.7000 4.6500 0.0000
v 16.2500 4.6500 0.0000
v 16.3000 4.6500 0.5000
v 4.7500 4.7000 0.5000
v 4.8000 4.7000 0.5000
v 4.8500 4.7000 0.5000
v 4.9000 4.7000 0.5000
v 4.9500 4.7000 0.5000
v 5.0000 4.7000 0.5000
v 5.0500 4.7000 0.5000
v 5.1000 4.7000 0.5000
v 5.1500 4.7000 0.5000
v 5.2000 4.7000 0.5000
v 5.2500 4.7000 0.5000
v 5.3000 4.7000 0.5000
v 5.3500 4.7000 0.5000
v 6.1500 4.7000 0.5000
v 6.2000 4.7000 0.5000
v 6.2500 4.7000 0.5000
v 6.3000 4.7000 0.0000
v 6.3500 4.7000 0.0000
v 6.4000 4.7000 0.0000
v 7.2000 4.7000 0.0000
v 7.2500 4.7000 0.0000
v 7.3000 4.7000 0.0630
v 7.3500 4.7000 0.5000
v 7.4000 4.7000 0.5000
v 7.4500 4.7000 0.5000
v 12.6000 4.7000 0.5000
v 12.6500 4.7000 0.5000
v 12.7000 4.7000 0.0000
v 16.2500 4.7000 0.0000
v 16.3000 4.7000 0.5000
v 6.2500 4.7500 0.5000
v 6.3000 4.7500 0.5000
v 6.3500 4.7500 0.4724
v 6.4000 4.7500 0.0000
v 6.4500 4.7500 0.0000
v 7.2500 4.7500 0.0000
v 7.3000 4.7500 0.0000
v 7.3500 4.7500 0.0000
v 7.4000 4.7500 0.0000
v 7.4500 4.7500 0.5000
v 7.5000 4.7500 0.5000
v 7.5500 4.7500 0.5000
v 12.6000 4.7500 0.5000
v 12.6500 4.7500 0.0000
v 12.7000 4.7500 0.0000
v 16.2500 4.7500 0.0000
v 16.3000 4.7500 0.5000
v 6.3000 4.8000 0.5000
v 6.3500 4.8000 0.5000
v 6.4000 4.8000 0.5000
v 6.4500 4.8000 0.0000
v 6.5000 4.8000 0.0000
v 7.4000 4.8000 0.0000
v 7.4500 4.8000 0.0000
v 7.5000 4.8000 0.0000
v 7.5500 4.8000 0.5000
v 7.6000 4.8000 0.5000
v 7.6500 4.8000 0.5000
v 12.5500 4.8000 0.5000
v 12.6000 4.8000 0.5000
v 12.6500 4.8000 0.0000
v 16.2500 4.8000 0.0000
v 16.3000 4.8000 0.5000
v 6.4000 4.8500 0.5000
v 6.4500 4.8500 0.5000
v 6.5000 4.8500 0.0000
v 6.5500 4.8500 0.0000
v 7.5000 4.8500 0.0000
v 7.5500 4.8500 0.0000
v 7.6000 4.8500 0.3292
v 7.6500 4.8500 0.5000
v 7.7000 4.8500 0.5000
v 12.5500 4.8500 0.5000
v 12.6000 4.8500 0.0000
v 12.6500 4.8500 0.0000
v 16.2500 4.8500 0.0000
v 16.3000 4.8500 0.5000
v 6.4500 4.9000 0.5000
v 6.5000 4.9000 0.5000
v 6.5500 4.9000 0.0000
v 6.6000 4.9000 0.0000
v 7.5500 4.9000 0.0000
v 7.6000 4.9000 0.0000
v 7.6500 4.9000 0.0000
v 7.7000 4.9000 0.5000
v 7.7500 4.9000 0.5000
v 7.8000 4.9000 0.5000
v 12.5000 4.9000 0.5000
v 12.5500 4.9000 0.5000
v 12.6000 4.9000 0.0000
v 16.2500 4.9000 0.0000
v 16.3000 4.9000 0.5000
v 6.5000 4.9500 0.5000
v 6.5500 4.9500 0.5000
v 6.6000 4.9500 0.0000
v 6.6500 4.9500 0.0000
v 7.6500 4.9500 0.0000
v 7.7000 4.9500 0.0000
v 7.7500 4.9500 0.2692
v 7.8000 4.9500 0.5000
v 7.8500 4.9500 0.5000
v 12.4500 4.9500 0.5000
v 12.5000 4.9500 0.5000
v 12.5500 4.9500 0.0000
v 12.6000 4.9500 0.0000
v 16.2500 4.9500 0.0000
v 16.3000 4.9500 0.5000
v 6.5500 5.0000 0.5000
v 6.6000 5.0000 0.5000
v 6.6500 5.0000 0.0000
v 6.7000 5.0000 0.0000
v 6.7500 5.0000 0.0000
v 7.7000 5.0000 0.0000
v 7.7500 5.0000 0.0000
v 7.8000 5.0000 0.0000
v 7.8500 5.0000 0.5000
v 7.9000 5.0000 0.5000
v 7.9500 5.0000 0.5000
v 12.4000 5.0000 0.5000
v 12.4500 5.0000 0.5000
v 12.5000 5.0000 0.0000
v 12.5500 5.0000 0.0000
v 16.2500 5.0000 0.0000
v 16.3000 5.0000 0.5000
v 6.6000 5.0500 0.5000
v 6.6500 5.0500 0.5000
v 6.7000 5.0500 0.4902
v 6.7500 5.0500 0.0000
v 6.8000 5.0500 0.0000
v 6.8500 5.0500 0.0000
v 7.8000 5.0500 0.0000
v 7.8500 5.0500 0.0000
v 7.9000 5.0500 0.0000
v 7.9500 5.0500 0.5000
v 8.0000 5.0500 0.5000
v 8.0500 5.0500 0.5000
v 12.3500 5.0500 0.5000
v 12.4000 5.0500 0.5000
v 12.4500 5.0500 0.0000
v 12.5000 5.0500 0.0000
v 16.2500 5.0500 0.0000
v 16.3000 5.0500 0.5000
v 6.6500 5.1000 0.5000
v 6.7000 5.1000 0.5000
v 6.7500 5.1000 0.5000
v 6.8000 5.1000 0.0045
v 6.8500 5.1000 0.0000
v 6.9000 5.1000 0.0000
v 7.9000 5.1000 0.0000
v 7.9500 5.1000 0.0000
v 8.0000 5.1000 0.0554
v 8.0500 5.1000 0.5000
v 8.1000 5.1000 0.5000
v 8.1500 5.1000 0.5000
v 12.1500 5.1000 0.5000
v 12.2000 5.1000 0.5000
v 12.2500 5.1000 0.5000
v 12.3000 5.1000 0.5000
v 12.3500 5.1000 0.5000
v 12.4000 5.1000 0.0000
v 12.4500 5.1000 0.0000
v 16.2000 5.1000 0.0000
v 16.2500 5.1000 0.0000
v 16.3000 5.1000 0.5000
v 6.7500 5.1500 0.5000
v 6.8000 5.1500 0.5000
v 6.8500 5.1500 0.5000
v 6.9000 5.1500 0.0000
v 6.9500 5.1500 0.0000
v 7.9500 5.1500 0.0000
v 8.0000 5.1500 0.0000
v 8.0500 5.1500 0.0000
v 8.1000 5.1500 0.4150
v 8.1500 5.1500 0.5000
v 8.2000 5.1500 0.5000
v 11.9000 5.1500 0.5000
v 11.9500 5.1500 0.5000
v 12.0000 5.1500 0.5000
v 12.0500 5.1500 0.5000
v 12.1000 5.1500 0.5000
v 12.1500 5.1500 0.5000
v 12.2000 5.1500 0.1917
v 12.2500 5.1500 0.0000
v 12.3000 5.1500 0.0000
v 12.3500 5.1500 0.0000
v 12.4000 5.1500 0.0000
v 16.2000 5.1500 0.0000
v 16.2500 5.1500 0.3530
v 16.3000 5.1500 0.5000
v 6.8500 5.2000 0.5000
v 6.9000 5.2000 0.5000
v 6.9500 5.2000 0.0000
v 7.0000 5.2000 0.0000
v 8.0500 5.2000 0.0000
v 8.1000 5.2000 0.0000
v 8.1500 5.2000 0.0000
v 8.2000 5.2000 0.5000
v 8.2500 5.2000 0.5000
v 8.3000 5.2000 0.5000
v 11.8000 5.2000 0.5000
v 11.8500 5.2000 0.5000
v 11.9000 5.2000 0.5000
v 11.9500 5.2000 0.4728
v 12.0000 5.2000 0.0000
v 12.0500 5.2000 0.0000
v 12.1000 5.2000 0.0000
v 12.1500 5.2000 0.0000
v 12.2000 5.2000 0.0000
v 12.2500 5.2000 0.0000
v 16.2000 5.2000 0.0000
v 16.2500 5.2000 0.5000
v 16.3000 5.2000 0.5000
v 6.9000 5.2500 0.5000
v 6.9500 5.2500 0.5000
v 7.0000 5.2500 0.0000
v 7.0500 5.2500 0.0000
v 7.1000 5.2500 0.0000
v 8.1500 5.2500 0.0000
v 8.2000 5.2500 0.0000
v 8.2500 5.2500 0.0367
v 8.3000 5.2500 0.5000
v 8.3500 5.2500 0.5000
v 8.4000 5.2500 0.5000
v 11.7000 5.2500 0.5000
v 11.7500 5.2500 0.5000
v 11.8000 5.2500 0.5000
v 11.8500 5.2500 0.0402
v 11.9000 5.2500 0.0000
v 11.9500 5.2500 0.0000
v 12.0000 5.2500 0.0000
v 16.1500 5.2500 0.0000
v 16.2000 5.2500 0.0000
v 16.2500 5.2500 0.5000
v 6.9500 5.3000 0.5000
v 7.0000 5.3000 0.5000
v 7.0500 5.3000 0.3151
v 7.1000 5.3000 0.0000
v 7.1500 5.3000 0.0000
v 8.2000 5.3000 0.0000
v 8.2500 5.3000 0.0000
v 8.3000 5.3000 0.0000
v 8.3500 5.3000 0.2717
v 8.4000 5.3000 0.5000
v 8.4500 5.3000 0.5000
v 8.5000 5.3000 0.5000
v 11.5500 5.3000 0.5000
v 11.6000 5.3000 0.5000
v 11.6500 5.3000 0.5000
v 11.7000 5.3000 0.5000
v 11.7500 5.3000 0.0680
v 11.8000 5.3000 0.0000
v 11.8500 5.3000 0.0000
v 11.9000 5.3000 0.0000
v 16.1000 5.3000 0.0000
v 16.1500 5.3000 0.0000
v 16.2000 5.3000 0.5000
v 16.2500 5.3000 0.5000
v 7.0000 5.3500 0.5000
v 7.0500 5.3500 0.5000
v 7.1000 5.3500 0.5000
v 7.1500 5.3500 0.0000
v 7.2000 5.3500 0.0000
v 7.2500 5.3500 0.0000
v 8.3000 5.3500 0.0000
v 8.3500 5.3500 0.0000
v 8.4000 5.3500 0.0000
v 8.4500 5.3500 0.2177
v 8.5000 5.3500 0.5000
v 8.5500 5.3500 0.5000
v 8.6000 5.3500 0.5000
v 11.4500 5.3500 0.5000
v 11.5000 5.3500 0.5000
v 11.5500 5.3500 0.5000
v 11.6000 5.3500 0.3436
v 11.6500 5.3500 0.0000
v 11.7000 5.3500 0.0000
v 11.7500 5.3500 0.0000
v 11.8000 5.3500 0.0000
v 16.1000 5.3500 0.0000
v 16.1500 5.3500 0.1342
v 16.2000 5.3500 0.5000
v 7.1000 5.4000 0.5000
v 7.1500 5.4000 0.5000
v 7.2000 5.4000 0.5000
v 7.2500 5.4000 0.0000
v 7.3000 5.4000 0.0000
v 8.4000 5.4000 0.0000
v 8.4500 5.4000 0.0000
v 8.5000 5.4000 0.0000
v 8.5500 5.4000 0.3720
v 8.6000 5.4000 0.5000
v 8.6500 5.4000 0.5000
v 11.3500 5.4000 0.5000
v 11.4000 5.4000 0.5000
v 11.4500 5.4000 0.5000
v 11.5000 5.4000 0.4374
v 11.5500 5.4000 0.0000
v 11.6000 5.4000 0.0000
v 11.6500 5.4000 0.0000
v 16.0000 5.4000 0.0000
v 16.0500 5.4000 0.0000
v 16.1000 5.4000 0.0000
v 16.1500 5.4000 0.5000
v 16.2000 5.4000 0.5000
v 7.2000 5.4500 0.5000
v 7.2500 5.4500 0.5000
v 7.3000 5.4500 0.0000
v 7.3500 5.4500 0.0000
v 7.4000 5.4500 0.0000
v 8.5000 5.4500 0.0000
v 8.5500 5.4500 0.0000
v 8.6000 5.4500 0.0000
v 8.6500 5.4500 0.5000
v 8.7000 5.4500 0.5000
v 8.7500 5.4500 0.5000
v 11.2500 5.4500 0.5000
v 11.3000 5.4500 0.5000
v 11.3500 5.4500 0.5000
v 11.4000 5.4500 0.4313
v 11.4500 5.4500 0.0000
v 11.5000 5.4500 0.0000
v 11.5500 5.4500 0.0000
v 15.9000 5.4500 0.0000
v 15.9500 5.4500 0.0000
v 16.0000 5.4500 0.0000
v 16.0500 5.4500 0.2350
v 16.1000 5.4500 0.5000
v 16.1500 5.4500 0.5000
v 7.2500 5.5000 0.5000
v 7.3000 5.5000 0.5000
v 7.3500 5.5000 0.4958
v 7.4000 5.5000 0.0000
v 7.4500 5.5000 0.0000
v 8.6000 5.5000 0.0000
v 8.6500 5.5000 0.0000
v 8.7000 5.5000 0.0984
v 8.7500 5.5000 0.5000
v 8.8000 5.5000 0.5000
v 8.8500 5.5000 0.5000
v 11.2000 5.5000 0.5000
v 11.2500 5.5000 0.5000
v 11.3000 5.5000 0.3059
v 11.3500 5.5000 0.0000
v 11.4000 5.5000 0.0000
v 11.4500 5.5000 0.0000
v 15.7500 5.5000 0.0000
v 15.8000 5.5000 0.0000
v 15.8500 5.5000 0.0000
v 15.9000 5.5000 0.0000
v 15.9500 5.5000 0.3760
v 16.0000 5.5000 0.5000
v 16.0500 5.5000 0.5000
v 16.1000 5.5000 0.5000
v 7.3000 5.5500 0.5000
v 7.3500 5.5500 0.5000
v 7.4000 5.5500 0.5000
v 7.4500 5.5500 0.0000
v 7.5000 5.5500 0.0000
v 7.5500 5.5500 0.0000
v 8.6500 5.5500 0.0000
v 8.7000 5.5500 0.0000
v 8.7500 5.5500 0.0000
v 8.8000 5.5500 0.4065
v 8.8500 5.5500 0.5000
v 8.9000 5.5500 0.5000
v 10.8000 5.5500 0.5000
v 10.8500 5.5500 0.5000
v 10.9000 5.5500 0.5000
v 10.9500 5.5500 0.5000
v 11.0000 5.5500 0.5000
v 11.0500 5.5500 0.5000
v 11.1000 5.5500 0.5000
v 11.1500 5.5500 0.5000
v 11.2000 5.5500 0.5000
v 11.2500 5.5500 0.0000
v 11.3000 5.5500 0.0000
v 11.3500 5.5500 0.0000
v 15.4000 5.5500 0.0000
v 15.4500 5.5500 0.0000
v 15.5000 5.5500 0.0000
v 15.5500 5.5500 0.0000
v 15.6000 5.5500 0.0000
v 15.6500 5.5500 0.0000
v 15.7000 5.5500 0.0000
v 15.7500 5.5500 0.0000
v 15.8000 5.5500 0.3093
v 15.8500 5.5500 0.5000
v 15.9000 5.5500 0.5000
v 15.9500 5.5500 0.5000
v 16.0000 5.5500 0.5000
v 7.4000 5.6000 0.5000
v 7.4500 5.6000 0.5000
v 7.5000 5.6000 0.3526
v 7.5500 5.6000 0.0000
v 7.6000 5.6000 0.0000
v 8.7500 5.6000 0.0000
v 8.8000 5.6000 0.0000
v 8.8500 5.6000 0.0000
v 8.9000 5.6000 0.5000
v 8.9500 5.6000 0.5000
v 10.3000 5.6000 0.5000
v 10.3500 5.6000 0.5000
v 10.4000 5.6000 0.5000
v 10.4500 5.6000 0.5000
v 10.5000 5.6000 0.5000
v 10.5500 5.6000 0.5000
v 10.6000 5.6000 0.5000
v 10.6500 5.6000 0.5000
v 10.7000 5.6000 0.5000
v 10.7500 5.6000 0.5000
v 10.8000 5.6000 0.5000
v 10.8500 5.6000 0.1512
v 10.9000 5.6000 0.0000
v 10.9500 5.6000 0.0000
v 11.0000 5.6000 0.0000
v 11.0500 5.6000 0.0000
v 11.1000 5.6000 0.0000
v 11.1500 5.6000 0.0000
v 11.2000 5.6000 0.0000
v 11.2500 5.6000 0.0000
v 13.1500 5.6000 0.0000
v 13.2000 5.6000 0.0000
v 13.2500 5.6000 0.0000
v 13.3000 5.6000 0.0000
v 15.1000 5.6000 0.0000
v 15.1500 5.6000 0.0000
v 15.2000 5.6000 0.0000
v 15.2500 5.6000 0.0000
v 15.3000 5.6000 0.0000
v 15.3500 5.6000 0.0000
v 15.4000 5.6000 0.0000
v 15.4500 5.6000 0.1625
v 15.5000 5.6000 0.5000
v 15.5500 5.6000 0.5000
v 15.6000 5.6000 0.5000
v 15.6500 5.6000 0.5000
v 15.7000 5.6000 0.5000
v 15.7500 5.6000 0.5000
v 15.8000 5.6000 0.5000
v 15.8500 5.6000 0.5000
v 7.4500 5.6500 0.5000
v 7.5000 5.6500 0.5000
v 7.5500 5.6500 0.5000
v 7.6000 5.6500 0.0000
v 7.6500 5.6500 0.0000
v 8.8500 5.6500 0.0000
v 8.9000 5.6500 0.0000
v 8.9500 5.6500 0.5000
v 9.0000 5.6500 0.5000
v 9.0500 5.6500 0.5000
v 10.1000 5.6500 0.5000
v 10.1500 5.6500 0.5000
v 10.2000 5.6500 0.5000
v 10.2500 5.6500 0.5000
v 10.3000 5.6500 0.5000
v 10.3500 5.6500 0.4859
v 10.4000 5.6500 0.0000
v 10.4500 5.6500 0.0000
v 10.5000 5.6500 0.0000
v 10.5500 5.6500 0.0000
v 10.6000 5.6500 0.0000
v 10.6500 5.6500 0.0000
v 10.7000 5.6500 0.0000
v 10.7500 5.6500 0.0000
v 10.8000 5.6500 0.0000
v 10.8500 5.6500 0.0000
v 10.9000 5.6500 0.0000
v 12.8000 5.6500 0.0000
v 12.8500 5.6500 0.0000
v 12.9000 5.6500 0.0000
v 12.9500 5.6500 0.0000
v 13.0000 5.6500 0.0000
v 13.0500 5.6500 0.0000
v 13.1000 5.6500 0.0000
v 13.1500 5.6500 0.0000
v 13.2000 5.6500 0.0397
v 13.2500 5.6500 0.1490
v 13.3000 5.6500 0.0000
v 13.3500 5.6500 0.0000
v 13.4000 5.6500 0.0000
v 13.4500 5.6500 0.0000
v 13.5000 5.6500 0.0000
v 13.5500 5.6500 0.0000
v 13.6000 5.6500 0.0000
v 15.0000 5.6500 0.0000
v 15.0500 5.6500 0.0000
v 15.1000 5.6500 0.0000
v 15.1500 5.6500 0.5000
v 15.2000 5.6500 0.5000
v 15.2500 5.6500 0.5000
v 15.3000 5.6500 0.5000
v 15.3500 5.6500 0.5000
v 15.4000 5.6500 0.5000
v 15.4500 5.6500 0.5000
v 15.5000 5.6500 0.5000
v 7.5500 5.7000 0.5000
v 7.6000 5.7000 0.5000
v 7.6500 5.7000 0.0000
v 7.7000 5.7000 0.0000
v 8.9000 5.7000 0.0000
v 8.9500 5.7000 0.0000
v 9.0000 5.7000 0.3607
v 9.0500 5.7000 0.5000
v 9.1000 5.7000 0.5000
v 9.1500 5.7000 0.5000
v 9.5500 5.7000 0.5000
v 9.6000 5.7000 0.5000
v 9.6500 5.7000 0.5000
v 9.7000 5.7000 0.5000
v 9.7500 5.7000 0.5000
v 9.8000 5.7000 0.5000
v 9.8500 5.7000 0.5000
v 9.9000 5.7000 0.5000
v 9.9500 5.7000 0.5000
v 10.0000 5.7000 0.5000
v 10.0500 5.7000 0.5000
v 10.1000 5.7000 0.5000
v 10.1500 5.7000 0.4424
v 10.2000 5.7000 0.1016
v 10.2500 5.7000 0.0000
v 10.3000 5.7000 0.0000
v 10.3500 5.7000 0.0000
v 10.4000 5.7000 0.0000
v 12.6500 5.7000 0.0000
v 12.7000 5.7000 0.0000
v 12.7500 5.7000 0.0000
v 12.8000 5.7000 0.0000
v 12.8500 5.7000 0.2656
v 12.9000 5.7000 0.5000
v 12.9500 5.7000 0.5000
v 13.0000 5.7000 0.5000
v 13.0500 5.7000 0.5000
v 13.1000 5.7000 0.5000
v 13.1500 5.7000 0.5000
v 13.2000 5.7000 0.5000
v 13.2500 5.7000 0.5000
v 13.3000 5.7000 0.5000
v 13.3500 5.7000 0.5000
v 13.4000 5.7000 0.5000
v 13.4500 5.7000 0.5000
v 13.5000 5.7000 0.5000
v 13.5500 5.7000 0.5000
v 13.6000 5.7000 0.0000
v 13.6500 5.7000 0.0000
v 13.7000 5.7000 0.0000
v 13.7500 5.7000 0.0000
v 13.8000 5.7000 0.0000
v 13.8500 5.7000 0.0000
v 13.9000 5.7000 0.0000
v 14.9000 5.7000 0.0000
v 14.9500 5.7000 0.0000
v 15.0000 5.7000 0.0000
v 15.0500 5.7000 0.5000
v 15.1000 5.7000 0.5000
v 15.1500 5.7000 0.5000
v 7.6000 5.7500 0.5000
v 7.6500 5.7500 0.5000
v 7.7000 5.7500 0.0000
v 7.7500 5.7500 0.0000
v 7.8000 5.7500 0.0000
v 8.9500 5.7500 0.0000
v 9.0000 5.7500 0.0000
v 9.0500 5.7500 0.0000
v 9.1000 5.7500 0.3270
v 9.1500 5.7500 0.5000
v 9.2000 5.7500 0.5000
v 9.2500 5.7500 0.5000
v 9.3000 5.7500 0.5000
v 9.3500 5.7500 0.5000
v 9.4000 5.7500 0.5000
v 9.4500 5.7500 0.5000
v 9.5000 5.7500 0.5000
v 9.5500 5.7500 0.5000
v 9.6000 5.7500 0.4888
v 9.6500 5.7500 0.3004
v 9.7000 5.7500 0.1679
v 9.7500 5.7500 0.0599
v 9.8000 5.7500 0.0000
v 9.8500 5.7500 0.0000
v 9.9000 5.7500 0.0000
v 9.9500 5.7500 0.0000
v 10.0000 5.7500 0.0000
v 10.0500 5.7500 0.0000
v 10.1000 5.7500 0.0000
v 10.1500 5.7500 0.0000
v 10.2000 5.7500 0.0000
v 10.2500 5.7500 0.0000
v 12.5000 5.7500 0.0000
v 12.5500 5.7500 0.0000
v 12.6000 5.7500 0.0000
v 12.6500 5.7500 0.0000
v 12.7000 5.7500 0.4445
v 12.7500 5.7500 0.5000
v 12.8000 5.7500 0.5000
v 12.8500 5.7500 0.5000
v 12.9000 5.7500 0.5000
v 13.5500 5.7500 0.5000
v 13.6000 5.7500 0.5000
v 13.6500 5.7500 0.5000
v 13.7000 5.7500 0.5000
v 13.7500 5.7500 0.5000
v 13.8000 5.7500 0.5000
v 13.8500 5.7500 0.5000
v 13.9000 5.7500 0.0000
v 13.9500 5.7500 0.0000
v 14.0000 5.7500 0.0000
v 14.8000 5.7500 0.0000
v 14.8500 5.7500 0.0000
v 14.9000 5.7500 0.0000
v 14.9500 5.7500 0.3832
v 15.0000 5.7500 0.5000
v 15.0500 5.7500 0.5000
v 7.6500 5.8000 0.5000
v 7.7000 5.8000 0.5000
v 7.7500 5.8000 0.3625
v 7.8000 5.8000 0.0000
v 7.8500 5.8000 0.0000
v 9.0500 5.8000 0.0000
v 9.1000 5.8000 0.0000
v 9.1500 5.8000 0.0000
v 9.2000 5.8000 0.0000
v 9.2500 5.8000 0.0000
v 9.3000 5.8000 0.0000
v 9.3500 5.8000 0.0000
v 9.4000 5.8000 0.0000
v 9.4500 5.8000 0.0000
v 9.5000 5.8000 0.0000
v 9.5500 5.8000 0.0000
v 9.6000 5.8000 0.0000
v 9.6500 5.8000 0.0000
v 9.7000 5.8000 0.0000
v 9.7500 5.8000 0.0000
v 9.8000 5.8000 0.0000
v 12.4000 5.8000 0.0000
v 12.4500 5.8000 0.0000
v 12.5000 5.8000 0.0000
v 12.5500 5.8000 0.0399
v 12.6000 5.8000 0.5000
v 12.6500 5.8000 0.5000
v 12.7000 5.8000 0.5000
v 12.7500 5.8000 0.5000
v 13.8500 5.8000 0.5000
v 13.9000 5.8000 0.5000
v 13.9500 5.8000 0.5000
v 14.0000 5.8000 0.0000
v 14.0500 5.8000 0.0000
v 14.1000 5.8000 0.0000
v 14.7000 5.8000 0.0000
v 14.7500 5.8000 0.0000
v 14.8000 5.8000 0.0000
v 14.8500 5.8000 0.0542
v 14.9000 5.8000 0.5000
v 14.9500 5.8000 0.5000
v 15.0000 5.8000 0.5000
v 7.7000 5.8500 0.5000
v 7.7500 5.8500 0.5000
v 7.8000 5.8500 0.5000
v 7.8500 5.8500 0.0000
v 7.9000 5.8500 0.0000
v 7.9500 5.8500 0.0000
v 12.2000 5.8500 0.0000
v 12.2500 5.8500 0.0000
v 12.3000 5.8500 0.0000
v 12.3500 5.8500 0.0000
v 12.4000 5.8500 0.0000
v 12.4500 5.8500 0.5000
v 12.5000 5.8500 0.5000
v 12.5500 5.8500 0.5000
v 12.6000 5.8500 0.5000
v 13.9500 5.8500 0.5000
v 14.0000 5.8500 0.5000
v 14.0500 5.8500 0.5000
v 14.1000 5.8500 0.0000
v 14.1500 5.8500 0.0000
v 14.2000 5.8500 0.0000
v 14.2500 5.8500 0.0000
v 14.4500 5.8500 0.0000
v 14.5000 5.8500 0.0000
v 14.5500 5.8500 0.0000
v 14.6000 5.8500 0.0000
v 14.6500 5.8500 0.0000
v 14.7000 5.8500 0.0000
v 14.7500 5.8500 0.1902
v 14.8000 5.8500 0.5000
v 14.8500 5.8500 0.5000
v 14.9000 5.8500 0.5000
v 7.8000 5.9000 0.5000
v 7.8500 5.9000 0.5000
v 7.9000 5.9000 0.2478
v 7.9500 5.9000 0.0000
v 8.0000 5.9000 0.0000
v 12.0500 5.9000 0.0000
v 12.1000 5.9000 0.0000
v 12.1500 5.9000 0.0000
v 12.2000 5.9000 0.0000
v 12.2500 5.9000 0.2855
v 12.3000 5.9000 0.5000
v 12.3500 5.9000 0.5000
v 12.4000 5.9000 0.5000
v 12.4500 5.9000 0.5000
v 14.0500 5.9000 0.5000
v 14.1000 5.9000 0.5000
v 14.1500 5.9000 0.5000
v 14.2000 5.9000 0.4801
v 14.2500 5.9000 0.0000
v 14.3000 5.9000 0.0000
v 14.3500 5.9000 0.0000
v 14.4000 5.9000 0.0000
v 14.4500 5.9000 0.0000
v 14.5000 5.9000 0.0044
v 14.5500 5.9000 0.2556
v 14.6000 5.9000 0.5000
v 14.6500 5.9000 0.5000
v 14.7000 5.9000 0.5000
v 14.7500 5.9000 0.5000
v 14.8000 5.9000 0.5000
v 7.8500 5.9500 0.5000
v 7.9000 5.9500 0.5000
v 7.9500 5.9500 0.5000
v 8.0000 5.9500 0.0000
v 8.0500 5.9500 0.0000
v 8.1000 5.9500 0.0000
v 8.1500 5.9500 0.0000
v 11.9500 5.9500 0.0000
v 12.0000 5.9500 0.0000
v 12.0500 5.9500 0.0000
v 12.1000 5.9500 0.1782
v 12.1500 5.9500 0.5000
v 12.2000 5.9500 0.5000
v 12.2500 5.9500 0.5000
v 12.3000 5.9500 0.5000
v 14.1500 5.9500 0.5000
v 14.2000 5.9500 0.5000
v 14.2500 5.9500 0.5000
v 14.3000 5.9500 0.5000
v 14.3500 5.9500 0.5000
v 14.4000 5.9500 0.5000
v 14.4500 5.9500 0.5000
v 14.5000 5.9500 0.5000
v 14.5500 5.9500 0.5000
v 14.6000 5.9500 0.5000
v 7.9500 6.0000 0.5000
v 8.0000 6.0000 0.5000
v 8.0500 6.0000 0.5000
v 8.1000 6.0000 0.2610
v 8.1500 6.0000 0.0000
v 8.2000 6.0000 0.0000
v 8.2500 6.0000 0.0000
v 8.3000 6.0000 0.0000
v 8.3500 6.0000 0.0000
v 11.8500 6.0000 0.0000
v 11.9000 6.0000 0.0000
v 11.9500 6.0000 0.0000
v 12.0000 6.0000 0.1364
v 12.0500 6.0000 0.5000
v 12.1000 6.0000 0.5000
v 12.1500 6.0000 0.5000
v 8.0500 6.0500 0.5000
v 8.1000 6.0500 0.5000
v 8.1500 6.0500 0.5000
v 8.2000 6.0500 0.5000
v 8.2500 6.0500 0.5000
v 8.3000 6.0500 0.0169
v 8.3500 6.0500 0.0000
v 8.4000 6.0500 0.0000
v 8.4500 6.0500 0.0000
v 11.7500 6.0500 0.0000
v 11.8000 6.0500 0.0000
v 11.8500 6.0500 0.0000
v 11.9000 6.0500 0.3407
v 11.9500 6.0500 0.5000
v 12.0000 6.0500 0.5000
v 12.0500 6.0500 0.5000
v 8.2500 6.1000 0.5000
v 8.3000 6.1000 0.5000
v 8.3500 6.1000 0.5000
v 8.4000 6.1000 0.0966
v 8.4500 6.1000 0.0000
v 8.5000 6.1000 0.0000
v 11.6500 6.1000 0.0000
v 11.7000 6.1000 0.0000
v 11.7500 6.1000 0.0000
v 11.8000 6.1000 0.4411
v 11.8500 6.1000 0.5000
v 11.9000 6.1000 0.5000
v 11.9500 6.1000 0.5000
v 8.3500 6.1500 0.5000
v 8.4000 6.1500 0.5000
v 8.4500 6.1500 0.5000
v 8.5000 6.1500 0.0000
v 8.5500 6.1500 0.0000
v 8.6000 6.1500 0.0000
v 11.5500 6.1500 0.0000
v 11.6000 6.1500 0.0000
v 11.6500 6.1500 0.0000
v 11.7000 6.1500 0.4645
v 11.7500 6.1500 0.5000
v 11.8000 6.1500 0.5000
v 11.8500 6.1500 0.5000
v 8.4500 6.2000 0.5000
v 8.5000 6.2000 0.5000
v 8.5500 6.2000 0.5000
v 8.6000 6.2000 0.0000
v 8.6500 6.2000 0.0000
v 8.7000 6.2000 0.0000
v 11.4500 6.2000 0.0000
v 11.5000 6.2000 0.0000
v 11.5500 6.2000 0.0000
v 11.6000 6.2000 0.5000
v 11.6500 6.2000 0.5000
v 11.7000 6.2000 0.5000
v 11.7500 6.2000 0.5000
v 8.5500 6.2500 0.5000
v 8.6000 6.2500 0.5000
v 8.6500 6.2500 0.2196
v 8.7000 6.2500 0.0000
v 8.7500 6.2500 0.0000
v 8.8000 6.2500 0.0000
v 11.3000 6.2500 0.0000
v 11.3500 6.2500 0.0000
v 11.4000 6.2500 0.0000
v 11.4500 6.2500 0.0000
v 11.5000 6.2500 0.0281
v 11.5500 6.2500 0.5000
v 11.6000 6.2500 0.5000
v 8.6000 6.3000 0.5000
v 8.6500 6.3000 0.5000
v 8.7000 6.3000 0.5000
v 8.7500 6.3000 0.3139
v 8.8000 6.3000 0.0000
v 8.8500 6.3000 0.0000
v 8.9000 6.3000 0.0000
v 8.9500 6.3000 0.0000
v 11.1000 6.3000 0.0000
v 11.1500 6.3000 0.0000
v 11.2000 6.3000 0.0000
v 11.2500 6.3000 0.0000
v 11.3000 6.3000 0.0000
v 11.3500 6.3000 0.0042
v 11.4000 6.3000 0.4229
v 11.4500 6.3000 0.5000
v 11.5000 6.3000 0.5000
v 11.5500 6.3000 0.5000
v 8.7000 6.3500 0.5000
v 8.7500 6.3500 0.5000
v 8.8000 6.3500 0.5000
v 8.8500 6.3500 0.5000
v 8.9000 6.3500 0.2286
v 8.9500 6.3500 0.0000
v 9.0000 6.3500 0.0000
v 9.0500 6.3500 0.0000
v 9.1000 6.3500 0.0000
v 10.0000 6.3500 0.0000
v 10.0500 6.3500 0.0000
v 10.1000 6.3500 0.0000
v 10.1500 6.3500 0.0000
v 10.2000 6.3500 0.0000
v 10.2500 6.3500 0.0000
v 10.3000 6.3500 0.0000
v 10.3500 6.3500 0.0000
v 10.4000 6.3500 0.0000
v 10.4500 6.3500 0.0000
v 10.5000 6.3500 0.0000
v 10.5500 6.3500 0.0000
v 10.6000 6.3500 0.0000
v 10.6500 6.3500 0.0000
v 10.7000 6.3500 0.0000
v 10.7500 6.3500 0.0000
v 10.8000 6.3500 0.0000
v 10.8500 6.3500 0.0000
v 10.9000 6.3500 0.0000
v 10.9500 6.3500 0.0000
v 11.0000 6.3500 0.0000
v 11.0500 6.3500 0.0000
v 11.1000 6.3500 0.0000
v 11.1500 6.3500 0.3462
v 11.2000 6.3500 0.5000
v 11.2500 6.3500 0.5000
v 11.3000 6.3500 0.5000
v 11.3500 6.3500 0.5000
v 11.4000 6.3500 0.5000
v 11.4500 6.3500 0.5000
v 8.8500 6.4000 0.5000
v 8.9000 6.4000 0.5000
v 8.9500 6.4000 0.5000
v 9.0000 6.4000 0.5000
v 9.0500 6.4000 0.1507
v 9.1000 6.4000 0.0000
v 9.1500 6.4000 0.0000
v 9.2000 6.4000 0.0000
v 9.2500 6.4000 0.0000
v 9.3000 6.4000 0.0000
v 9.3500 6.4000 0.0000
v 9.4000 6.4000 0.0000
v 9.4500 6.4000 0.0000
v 9.5000 6.4000 0.0000
v 9.5500 6.4000 0.0000
v 9.6000 6.4000 0.0000
v 9.6500 6.4000 0.0000
v 9.7000 6.4000 0.0000
v 9.7500 6.4000 0.0000
v 9.8000 6.4000 0.0000
v 9.8500 6.4000 0.0000
v 9.9000 6.4000 0.0000
v 9.9500 6.4000 0.0000
v 10.0000 6.4000 0.0000
v 10.0500 6.4000 0.1426
v 10.1000 6.4000 0.5000
v 10.1500 6.4000 0.5000
v 10.2000 6.4000 0.5000
v 10.2500 6.4000 0.5000
v 10.3000 6.4000 0.5000
v 10.3500 6.4000 0.5000
v 10.4000 6.4000 0.3438
v 10.4500 6.4000 0.5000
v 10.5000 6.4000 0.5000
v 10.5500 6.4000 0.5000
v 10.6000 6.4000 0.5000
v 10.6500 6.4000 0.5000
v 10.7000 6.4000 0.5000
v 10.7500 6.4000 0.5000
v 10.8000 6.4000 0.5000
v 10.8500 6.4000 0.5000
v 10.9000 6.4000 0.5000
v 10.9500 6.4000 0.5000
v 11.0000 6.4000 0.5000
v 11.0500 6.4000 0.5000
v 11.1000 6.4000 0.5000
v 11.1500 6.4000 0.5000
v 11.2000 6.4000 0.5000
v 9.0000 6.4500 0.5000
v 9.0500 6.4500 0.5000
v 9.1000 6.4500 0.5000
v 9.1500 6.4500 0.5000
v 9.2000 6.4500 0.5000
v 9.2500 6.4500 0.5000
v 9.3000 6.4500 0.5000
v 9.3500 6.4500 0.5000
v 9.4000 6.4500 0.5000
v 9.4500 6.4500 0.5000
v 9.5000 6.4500 0.5000
v 9.5500 6.4500 0.5000
v 9.6000 6.4500 0.3159
v 9.6500 6.4500 0.2542
v 9.7000 6.4500 0.2104
v 9.7500 6.4500 0.2083
v 9.8000 6.4500 0.2981
v 9.8500 6.4500 0.5000
v 9.9000 6.4500 0.5000
v 9.9500 6.4500 0.5000
v 10.0000 6.4500 0.5000
v 10.0500 6.4500 0.5000
v 10.1000 6.4500 0.5000
v 10.3500 6.4500 0.5000
v 10.4000 6.4500 0.5000
v 10.4500 6.4500 0.5000
v 9.5500 6.5000 0.5000
v 9.6000 6.5000 0.5000
v 9.6500 6.5000 0.5000
v 9.7000 6.5000 0.5000
v 9.7500 6.5000 0.5000
v 9.8000 6.5000 0.5000
v 9.8500 6.5000 0.5000
vt 0.4500 -7.2500
vt -7.2500 0.5000
vt 0.5000 0.5000
vt 0.5000 -7.2500
vt 0.5500 0.5000
vt 0.6000 0.5000
vt 0.6500 0.5000
vt -7.2500 0.5000
vt 0.7000 0.5000
vt 0.7000 -7.2500
vt 0.7500 -7.2500
vt 0.3500 -7.2000
vt -7.2000 0.5000
vt 0.4000 0.5000
vt 0.4000 -7.2000
vt -7.2000 0.5000
vt 0.4500 0.5000
vt 0.4500 -7.2000
vt -7.2000 0.1491
vt 0.5000 0.1491
vt -7.2000 0.0000
vt 0.5500 0.0000
vt 0.5500 -7.2000
vt 0.6000 0.0000
vt 0.6000 -7.2000
vt 0.6500 0.0420
vt 0.6500 -7.2000
vt -7.2000 0.3755
vt 0.7000 0.3755
vt -7.2000 0.5000
vt 0.7500 0.5000
vt 0.7500 -7.2000
vt 0.8000 0.5000
vt 0.8500 0.5000
vt 0.9000 0.5000
vt 0.9500 0.5000
vt 1.0000 0.5000
vt 1.0500 0.5000
vt 1.1000 0.5000
vt 1.1500 0.5000
vt 1.2000 0.5000
vt 1.2500 0.5000
vt 1.3000 0.5000
vt 1.3500 0.5000
vt 1.3500 -7.2000
vt 1.4000 -7.2000
vt 1.4500 -7.2000
vt 0.3000 -7.1500
vt -7.1500 0.5000
vt 0.3500 -7.1500
vt -7.1500 0.1127
vt 0.4000 0.1127
vt -7.1500 0.0000
vt 0.4500 0.0000
vt 0.4500 -7.1500
vt -7.1500 0.0000
vt 0.5000 0.0000
vt 0.5000 -7.1500
vt 0.5500 -7.1500
vt 0.6000 -7.1500
vt 0.6500 -7.1500
vt 0.7000 0.0000
vt 0.7000 -7.1500
vt 0.7500 0.0000
vt 0.8000 0.0000
vt 0.8500 0.0000
vt 0.9000 0.0000
vt 0.9500 0.0000
vt 1.0000 0.0000
vt 1.0500 0.0000
vt 1.1000 0.0000
vt 1.1500 0.0000
vt 1.2000 0.0000
vt 1.2500 0.0000
vt 1.3000 0.0000
vt -7.1500 0.0000
vt 1.3500 0.0000
vt 1.3500 -7.1500
vt -7.1500 0.4687
vt 1.4000 0.4687
vt 1.4000 -7.1500
vt 1.4500 0.5000
vt 1.4500 -7.1500
vt 1.5000 0.5000
vt 1.5500 0.5000
vt -7.1500 0.5000
vt 1.6000 0.5000
vt 1.6000 -7.1500
vt 1.6500 -7.1500
vt -7.1000 0.5000
vt 0.3000 -7.1000
vt -7.1000 0.1847
vt -7.1000 0.0000
vt 0.4000 -7.1000
vt 0.4500 -7.1000
vt 1.3500 -7.1000
vt -7.1000 0.0000
vt 1.4000 0.0000
vt 1.4000 -7.1000
vt 1.4500 0.0000
vt 1.5000 0.0000
vt -7.1000 0.0000
vt 1.5500 0.0000
vt 1.5500 -7.1000
vt -7.1000 0.2965
vt 1.6000 0.2965
vt -7.1000 0.5000
vt 1.6500 0.5000
vt 1.6500 -7.1000
vt 1.7000 0.5000
vt -7.1000 0.5000
vt 1.7500 0.5000
vt 1.7500 -7.1000
vt 1.8000 -7.1000
vt 0.2500 -7.0500
vt -7.0500 0.5000
vt 0.3000 -7.0500
vt -7.0500 0.0000
vt 0.3500 -7.0500
vt 0.4000 -7.0500
vt 1.5500 -7.0500
vt -7.0500 0.0000
vt 1.6000 0.0000
vt 1.6000 -7.0500
vt 1.6500 0.0000
vt 1.7000 0.0000
vt -7.0500 0.0000
vt 1.7500 0.0000
vt 1.7500 -7.0500
vt -7.0500 0.5000
vt 1.8000 0.5000
vt 1.8000 -7.0500
vt 1.8500 0.5000
vt 1.9000 0.5000
vt 1.9500 0.5000
vt 2.0000 0.5000
vt -7.0500 0.5000
vt 2.0500 0.5000
vt 2.0500 -7.0500
vt 2.1000 -7.0500
vt -7.0000 0.5000
vt 0.2500 -7.0000
vt -7.0000 0.0000
vt 0.3000 -7.0000
vt 0.3500 -7.0000
vt 1.7500 -7.0000
vt -7.0000 0.0000
vt 1.8000 0.0000
vt 1.8000 -7.0000
vt 1.8500 0.0000
vt 1.9000 0.0000
vt 1.9500 0.0000
vt 2.0000 0.0000
vt -7.0000 0.0000
vt 2.0500 0.0000
vt 2.0500 -7.0000
vt -7.0000 0.5000
vt 2.1000 0.5000
vt 2.1000 -7.0000
vt 2.1500 0.5000
vt 2.2000 0.5000
vt 2.2500 0.5000
vt 2.3000 0.5000
vt 2.3500 0.5000
vt 2.4000 0.5000
vt 2.4500 0.5000
vt 2.5000 0.5000
vt -7.0000 0.5000
vt 2.5500 0.5000
vt 2.5500 -7.0000
vt 2.6000 -7.0000
vt -6.9500 0.5000
vt -6.9500 0.0000
vt 2.0500 -6.9500
vt -6.9500 0.0000
vt 2.1000 0.0000
vt 2.1000 -6.9500
vt 2.1500 0.0000
vt 2.2000 0.0000
vt 2.2500 0.0000
vt 2.3000 0.0000
vt 2.3500 0.0000
vt 2.4000 0.0000
vt 2.4000 -6.9500
vt 2.4500 0.0215
vt 2.4500 -6.9500
vt 2.5000 0.1160
vt -6.9500 0.3540
vt 2.5500 0.3540
vt -6.9500 0.5000
vt 2.6000 0.5000
vt 2.6000 -6.9500
vt 2.6500 0.5000
vt 2.7000 0.5000
vt -6.9500 0.5000
vt 2.7500 0.5000
vt 2.7500 -6.9500
vt 2.8000 -6.9500
vt -6.9000 0.5000
vt -6.9000 0.0000
vt 2.4000 -6.9000
vt 2.4500 -6.9000
vt 2.5000 0.0000
vt 2.5000 -6.9000
vt 2.5500 0.0000
vt 2.6000 0.0000
vt 2.6500 0.0000
vt -6.9000 0.0000
vt 2.7000 0.0000
vt 2.7000 -6.9000
vt -6.9000 0.2849
vt 2.7500 0.2849
vt -6.9000 0.5000
vt 2.8000 0.5000
vt 2.8000 -6.9000
vt 2.8500 0.5000
vt 2.9000 0.5000
vt 2.9500 0.5000
vt 3.0000 0.5000
vt -6.9000 0.5000
vt 3.0500 0.5000
vt 3.0500 -6.9000
vt 3.1000 -6.9000
vt -6.8500 0.5000
vt -6.8500 0.0000
vt 0.3000 -6.8500
vt 0.3500 -6.8500
vt 2.7000 -6.8500
vt -6.8500 0.0000
vt 2.7500 0.0000
vt 2.7500 -6.8500
vt 2.8000 0.0000
vt 2.8500 0.0000
vt 2.9000 0.0000
vt 2.9500 0.0000
vt -6.8500 0.0000
vt 3.0000 0.0000
vt 3.0000 -6.8500
vt -6.8500 0.0555
vt 3.0500 0.0555
vt -6.8500 0.5000
vt 3.1000 0.5000
vt 3.1000 -6.8500
vt 3.1500 0.5000
vt 3.2000 0.5000
vt 3.2500 0.5000
vt -6.8500 0.5000
vt 3.3000 0.5000
vt 3.3000 -6.8500
vt 3.3500 -6.8500
vt -6.8000 0.5000
vt 0.2500 -6.8000
vt -6.8000 0.1135
vt -6.8000 0.0000
vt 0.3500 -6.8000
vt 3.0000 -6.8000
vt -6.8000 0.0000
vt 3.0500 0.0000
vt 3.0500 -6.8000
vt 3.1000 0.0000
vt 3.1500 0.0000
vt 3.2000 0.0000
vt -6.8000 0.0000
vt 3.2500 0.0000
vt 3.2500 -6.8000
vt -6.8000 0.3016
vt 3.3000 0.3016
vt -6.8000 0.5000
vt 3.3500 0.5000
vt 3.3500 -6.8000
vt -6.8000 0.5000
vt 3.4000 0.5000
vt 3.4000 -6.8000
vt 3.4500 -6.8000
vt 0.2500 -6.7500
vt -6.7500 0.5000
vt 0.3000 -6.7500
vt -6.7500 0.0000
vt 0.3500 -6.7500
vt 0.4000 -6.7500
vt 3.2500 -6.7500
vt -6.7500 0.0000
vt 3.3000 0.0000
vt 3.3000 -6.7500
vt 3.3500 0.0000
vt -6.7500 0.0000
vt 3.4000 0.0000
vt 3.4000 -6.7500
vt -6.7500 0.5000
vt 3.4500 0.5000
vt 3.4500 -6.7500
vt 3.5000 0.5000
vt -6.7500 0.5000
vt 3.5500 0.5000
vt 3.5500 -6.7500
vt 3.6000 -6.7500
vt -6.7000 0.5000
vt 0.3000 -6.7000
vt -6.7000 0.2453
vt -6.7000 0.0000
vt 0.4000 -6.7000
vt 3.4000 -6.7000
vt -6.7000 0.0000
vt 3.4500 0.0000
vt 3.4500 -6.7000
vt -6.7000 0.0000
vt 3.5000 0.0000
vt 3.5000 -6.7000
vt -6.7000 0.2177
vt 3.5500 0.2177
vt -6.7000 0.5000
vt 3.6000 0.5000
vt 3.6000 -6.7000
vt -6.7000 0.5000
vt 3.6500 0.5000
vt 3.6500 -6.7000
vt 3.7000 -6.7000
vt 0.3000 -6.6500
vt -6.6500 0.5000
vt 0.3500 -6.6500
vt -6.6500 0.0000
vt 0.4000 -6.6500
vt 0.4500 -6.6500
vt 3.5000 -6.6500
vt -6.6500 0.0000
vt 3.5500 0.0000
vt 3.5500 -6.6500
vt -6.6500 0.0000
vt 3.6000 0.0000
vt 3.6000 -6.6500
vt -6.6500 0.0658
vt 3.6500 0.0658
vt -6.6500 0.5000
vt 3.7000 0.5000
vt 3.7000 -6.6500
vt 3.7500 -6.6500
vt 14.8500 -6.6500
vt -6.6500 0.5000
vt 14.9000 0.5000
vt 14.9000 -6.6500
vt 14.9500 0.5000
vt 15.0000 0.5000
vt 15.0500 0.5000
vt 15.1000 0.5000
vt 15.1500 0.5000
vt 15.2000 0.5000
vt -6.6500 0.5000
vt 15.2500 0.5000
vt 15.2500 -6.6500
vt 15.3000 -6.6500
vt 0.3500 -6.6000
vt -6.6000 0.5000
vt 0.4000 -6.6000
vt -6.6000 0.0000
vt 0.4500 0.0000
vt 0.4500 -6.6000
vt 0.5000 0.0000
vt 0.5500 0.0000
vt 0.5500 -6.6000
vt 0.6000 -6.6000
vt -6.6000 0.0000
vt 0.6500 0.0000
vt 0.6500 -6.6000
vt 0.7000 -6.6000
vt 0.9000 -6.6000
vt 0.9500 -6.6000
vt 1.0000 0.0000
vt 1.0000 -6.6000
vt 1.0500 0.0000
vt 1.1000 0.0000
vt 1.1500 0.0000
vt -6.6000 0.0000
vt 1.2000 0.0000
vt 1.2000 -6.6000
vt 1.2500 -6.6000
vt 3.6000 -6.6000
vt -6.6000 0.0000
vt 3.6500 0.0000
vt 3.6500 -6.6000
vt -6.6000 0.0000
vt 3.7000 0.0000
vt 3.7000 -6.6000
vt -6.6000 0.5000
vt 3.7500 0.5000
vt 3.7500 -6.6000
vt 3.8000 -6.6000
vt 3.8500 -6.6000
vt 14.7000 -6.6000
vt -6.6000 0.5000
vt 14.7500 0.5000
vt 14.7500 -6.6000
vt 14.8000 0.5000
vt -6.6000 0.5000
vt 14.8500 0.5000
vt 14.8500 -6.6000
vt -6.6000 0.3454
vt 14.9000 0.3454
vt -6.6000 0.0000
vt 14.9500 0.0000
vt 14.9500 -6.6000
vt 15.0000 0.0000
vt 15.0500 0.0000
vt 15.1000 0.0000
vt 15.1500 0.0000
vt 15.1500 -6.6000
vt 15.2000 0.0380
vt 15.2000 -6.6000
vt -6.6000 0.2952
vt 15.2500 0.2952
vt -6.6000 0.5000
vt 15.3000 0.5000
vt 15.3000 -6.6000
vt 15.3500 0.5000
vt -6.6000 0.5000
vt 15.4000 0.5000
vt 15.4000 -6.6000
vt 15.4500 -6.6000
vt 0.4000 -6.5500
vt -6.5500 0.5000
vt 0.4500 0.5000
vt 0.4500 -6.5500
vt -6.5500 0.5000
vt 0.5000 0.5000
vt 0.5000 -6.5500
vt -6.5500 0.1012
vt 0.5500 0.1012
vt 0.6000 0.0365
vt 0.6000 -6.5500
vt -6.5500 0.0568
vt 0.6500 0.0568
vt -6.5500 0.0000
vt 0.7000 0.0000
vt 0.7000 -6.5500
vt 0.7500 0.0000
vt 0.8000 0.0000
vt 0.8500 0.0000
vt 0.9000 0.0000
vt 0.9000 -6.5500
vt 0.9500 0.0388
vt 0.9500 -6.5500
vt 1.0000 0.4837
vt 1.0000 -6.5500
vt 1.0500 0.5000
vt 1.0500 -6.5500
vt 1.1000 0.5000
vt -6.5500 0.5000
vt 1.1500 0.5000
vt 1.1500 -6.5500
vt -6.5500 0.1702
vt 1.2000 0.1702
vt -6.5500 0.0000
vt 1.2500 0.0000
vt 1.2500 -6.5500
vt 1.3000 0.0000
vt 1.3500 0.0000
vt 1.4000 0.0000
vt 1.4500 0.0000
vt 1.5000 0.0000
vt 1.5500 0.0000
vt 1.6000 0.0000
vt 1.6000 -6.5500
vt 1.6500 -6.5500
vt 1.7000 -6.5500
vt 3.7000 -6.5500
vt -6.5500 0.0000
vt 3.7500 0.0000
vt 3.7500 -6.5500
vt -6.5500 0.4507
vt 3.8000 0.4507
vt 3.8000 -6.5500
vt -6.5500 0.5000
vt 3.8500 0.5000
vt 3.8500 -6.5500
vt 3.9000 -6.5500
vt 14.6000 -6.5500
vt -6.5500 0.5000
vt 14.6500 0.5000
vt 14.6500 -6.5500
vt -6.5500 0.5000
vt 14.7000 0.5000
vt 14.7000 -6.5500
vt -6.5500 0.0000
vt 14.7500 0.0000
vt 14.7500 -6.5500
vt 14.8000 0.0000
vt 14.8500 0.0000
vt -6.5500 0.0000
vt 14.9000 0.0000
vt 14.9000 -6.5500
vt 14.9500 -6.5500
vt 15.1500 -6.5500
vt 15.2000 -6.5500
vt 15.2500 0.0000
vt 15.2500 -6.5500
vt 15.3000 0.0000
vt -6.5500 0.0000
vt 15.3500 0.0000
vt 15.3500 -6.5500
vt -6.5500 0.0779
vt 15.4000 0.0779
vt -6.5500 0.5000
vt 15.4500 0.5000
vt 15.4500 -6.5500
vt -6.5500 0.5000
vt 15.5000 0.5000
vt 15.5000 -6.5500
vt 15.5500 -6.5500
vt 0.5000 -6.5000
vt -6.5000 0.5000
vt 0.5500 0.5000
vt 0.5500 -6.5000
vt 0.6000 0.5000
vt 0.6500 0.5000
vt 0.7000 0.5000
vt 0.7500 0.5000
vt 0.8000 0.5000
vt 0.8500 0.5000
vt 0.9000 0.5000
vt 0.9500 0.5000
vt 0.9500 -6.5000
vt 1.0000 -6.5000
vt 1.0500 -6.5000
vt 1.1500 -6.5000
vt -6.5000 0.5000
vt 1.2000 0.5000
vt 1.2000 -6.5000
vt 1.2500 0.5000
vt 1.3000 0.5000
vt 1.3500 0.5000
vt 1.4000 0.5000
vt 1.4500 0.5000
vt 1.5000 0.5000
vt -6.5000 0.5000
vt 1.5500 0.5000
vt 1.5500 -6.5000
vt -6.5000 0.2031
vt 1.6000 0.2031
vt 1.6500 0.0469
vt 1.6500 -6.5000
vt 1.7000 0.0000
vt 1.7000 -6.5000
vt 1.7500 0.0000
vt 1.8000 0.0000
vt 1.8500 0.0000
vt 1.9000 0.0000
vt 1.9500 0.0000
vt -6.5000 0.0000
vt 2.0000 0.0000
vt 2.0000 -6.5000
vt 2.0500 -6.5000
vt 3.7500 -6.5000
vt -6.5000 0.0000
vt 3.8000 0.0000
vt 3.8000 -6.5000
vt -6.5000 0.1875
vt 3.8500 0.1875
vt -6.5000 0.5000
vt 3.9000 0.5000
vt 3.9000 -6.5000
vt 3.9500 -6.5000
vt 14.5000 -6.5000
vt -6.5000 0.5000
vt 14.5500 0.5000
vt 14.5500 -6.5000
vt -6.5000 0.5000
vt 14.6000 0.5000
vt 14.6000 -6.5000
vt -6.5000 0.0000
vt 14.6500 0.0000
vt 14.6500 -6.5000
vt -6.5000 0.0000
vt 14.7000 0.0000
vt 14.7000 -6.5000
vt 14.7500 -6.5000
vt 15.3500 -6.5000
vt -6.5000 0.0000
vt 15.4000 0.0000
vt 15.4000 -6.5000
vt 15.4500 0.0000
vt -6.5000 0.0000
vt 15.5000 0.0000
vt 15.5000 -6.5000
vt -6.5000 0.5000
vt 15.5500 0.5000
vt 15.5500 -6.5000
vt 15.6000 0.5000
vt 15.6500 0.5000
vt -6.5000 0.5000
vt 15.7000 0.5000
vt 15.7000 -6.5000
vt 15.7500 -6.5000
vt 1.5500 -6.4500
vt -6.4500 0.5000
vt 1.6000 0.5000
vt 1.6000 -6.4500
vt 1.6500 0.5000
vt 1.7000 0.5000
vt 1.7500 0.5000
vt 1.8000 0.5000
vt 1.8500 0.5000
vt 1.9000 0.5000
vt 1.9500 0.5000
vt -6.4500 0.5000
vt 2.0000 0.5000
vt 2.0000 -6.4500
vt -6.4500 0.0000
vt 2.0500 0.0000
vt 2.0500 -6.4500
vt 2.1000 0.0000
vt 2.1500 0.0000
vt 2.2000 0.0000
vt -6.4500 0.0000
vt 2.2500 0.0000
vt 2.2500 -6.4500
vt 2.3000 -6.4500
vt 3.8000 -6.4500
vt -6.4500 0.0000
vt 3.8500 0.0000
vt 3.8500 -6.4500
vt -6.4500 0.0000
vt 3.9000 0.0000
vt 3.9000 -6.4500
vt -6.4500 0.5000
vt 3.9500 -6.4500
vt 4.0000 -6.4500
vt 14.4500 -6.4500
vt -6.4500 0.5000
vt 14.5000 -6.4500
vt -6.4500 0.0000
vt 14.5500 0.0000
vt 14.5500 -6.4500
vt -6.4500 0.0000
vt 14.6000 0.0000
vt 14.6000 -6.4500
vt 14.6500 -6.4500
vt 15.5000 -6.4500
vt -6.4500 0.0000
vt 15.5500 0.0000
vt 15.5500 -6.4500
vt 15.6000 0.0000
vt -6.4500 0.0000
vt 15.6500 0.0000
vt 15.6500 -6.4500
vt -6.4500 0.1377
vt 15.7000 0.1377
vt -6.4500 0.5000
vt 15.7500 0.5000
vt 15.7500 -6.4500
vt 15.8000 0.5000
vt 15.8500 0.5000
vt 15.9000 0.5000
vt 15.9500 0.5000
vt 16.0000 0.5000
vt 16.0500 0.5000
vt -6.4500 0.5000
vt 16.1000 0.5000
vt 16.1000 -6.4500
vt 16.1500 -6.4500
vt 2.0000 -6.4000
vt -6.4000 0.5000
vt 2.0500 0.5000
vt 2.0500 -6.4000
vt 2.1000 0.5000
vt 2.1500 0.5000
vt -6.4000 0.5000
vt 2.2000 0.5000
vt 2.2000 -6.4000
vt -6.4000 0.3925
vt 2.2500 0.3925
vt -6.4000 0.0000
vt 2.3000 0.0000
vt 2.3000 -6.4000
vt 2.3500 0.0000
vt 2.4000 0.0000
vt -6.4000 0.0000
vt 2.4500 0.0000
vt 2.4500 -6.4000
vt 2.5000 -6.4000
vt 3.9000 -6.4000
vt -6.4000 0.0000
vt 3.9500 -6.4000
vt -6.4000 0.5000
vt 4.0000 -6.4000
vt 4.0500 -6.4000
vt 14.4000 -6.4000
vt -6.4000 0.5000
vt 14.4500 -6.4000
vt -6.4000 0.0000
vt 14.5000 -6.4000
vt 14.5500 -6.4000
vt 15.6500 -6.4000
vt -6.4000 0.0000
vt 15.7000 0.0000
vt 15.7000 -6.4000
vt 15.7500 0.0000
vt 15.8000 0.0000
vt 15.8500 0.0000
vt 15.9000 0.0000
vt 15.9500 0.0000
vt 16.0000 0.0000
vt 16.0500 0.0000
vt -6.4000 0.0000
vt 16.1000 0.0000
vt 16.1000 -6.4000
vt -6.4000 0.5000
vt 16.1500 0.5000
vt 16.1500 -6.4000
vt -6.4000 0.5000
vt 16.2000 0.5000
vt 16.2000 -6.4000
vt 16.2500 -6.4000
vt 2.2000 -6.3500
vt -6.3500 0.5000
vt 2.2500 0.5000
vt 2.2500 -6.3500
vt 2.3000 0.5000
vt 2.3500 0.5000
vt -6.3500 0.5000
vt 2.4000 0.5000
vt 2.4000 -6.3500
vt -6.3500 0.2329
vt 2.4500 0.2329
vt -6.3500 0.0000
vt 2.5000 0.0000
vt 2.5000 -6.3500
vt 2.5500 0.0000
vt 2.6000 0.0000
vt 2.6000 -6.3500
vt 2.6500 -6.3500
vt 2.7000 -6.3500
vt 3.9500 -6.3500
vt -6.3500 0.0000
vt 4.0000 -6.3500
vt -6.3500 0.5000
vt 4.0500 -6.3500
vt 4.1000 -6.3500
vt 14.3000 -6.3500
vt -6.3500 0.5000
vt 14.3500 0.5000
vt 14.3500 -6.3500
vt -6.3500 0.5000
vt 14.4000 0.5000
vt 14.4000 -6.3500
vt -6.3500 0.0000
vt 14.4500 -6.3500
vt 14.5000 -6.3500
vt 16.1000 -6.3500
vt -6.3500 0.0000
vt 16.1500 0.0000
vt 16.1500 -6.3500
vt -6.3500 0.0000
vt 16.2000 0.0000
vt 16.2000 -6.3500
vt -6.3500 0.5000
vt 16.2500 0.5000
vt 16.2500 -6.3500
vt -6.3500 0.5000
vt 16.3000 0.5000
vt 16.3000 -6.3500
vt 16.3500 -6.3500
vt 2.4000 -6.3000
vt -6.3000 0.5000
vt 2.4500 0.5000
vt 2.4500 -6.3000
vt 2.5000 0.5000
vt 2.5500 0.5000
vt -6.3000 0.5000
vt 2.6000 0.5000
vt 2.6000 -6.3000
vt -6.3000 0.0428
vt 2.6500 0.0428
vt 2.6500 -6.3000
vt 2.7000 0.0000
vt 2.7000 -6.3000
vt 2.7500 0.0000
vt -6.3000 0.0000
vt 2.8000 0.0000
vt 2.8000 -6.3000
vt 2.8500 -6.3000
vt -6.3000 0.0000
vt 4.0000 -6.3000
vt -6.3000 0.1743
vt -6.3000 0.5000
vt 4.1000 -6.3000
vt 4.1500 -6.3000
vt 14.2500 -6.3000
vt -6.3000 0.5000
vt 14.3000 0.5000
vt 14.3000 -6.3000
vt -6.3000 0.2871
vt 14.3500 0.2871
vt -6.3000 0.0000
vt 14.4000 0.0000
vt 14.4000 -6.3000
vt 14.4500 -6.3000
vt 16.2000 -6.3000
vt -6.3000 0.0000
vt 16.2500 0.0000
vt 16.2500 -6.3000
vt -6.3000 0.0000
vt 16.3000 0.0000
vt -6.3000 0.5000
vt 16.3500 -6.3000
vt 16.4000 -6.3000
vt 2.6000 -6.2500
vt -6.2500 0.5000
vt 2.6500 0.5000
vt 2.6500 -6.2500
vt 2.7000 0.5000
vt -6.2500 0.5000
vt 2.7500 0.5000
vt 2.7500 -6.2500
vt -6.2500 0.1475
vt 2.8000 0.1475
vt -6.2500 0.0000
vt 2.8500 0.0000
vt 2.8500 -6.2500
vt 2.9000 0.0000
vt -6.2500 0.0000
vt 2.9500 0.0000
vt 2.9500 -6.2500
vt 3.0000 -6.2500
vt 4.0000 -6.2500
vt -6.2500 0.0000
vt 4.0500 -6.2500
vt -6.2500 0.4029
vt -6.2500 0.5000
vt 4.1500 -6.2500
vt 4.2000 -6.2500
vt 14.1500 -6.2500
vt -6.2500 0.5000
vt 14.2000 0.5000
vt 14.2000 -6.2500
vt -6.2500 0.5000
vt 14.2500 0.5000
vt 14.2500 -6.2500
vt -6.2500 0.0000
vt 14.3000 0.0000
vt 14.3000 -6.2500
vt -6.2500 0.0000
vt 14.3500 0.0000
vt 14.3500 -6.2500
vt 14.4000 -6.2500
vt -6.2500 0.0000
vt 16.3000 -6.2500
vt -6.2500 0.0729
vt -6.2500 0.5000
vt 16.4000 -6.2500
vt 2.7500 -6.2000
vt -6.2000 0.5000
vt 2.8000 0.5000
vt 2.8000 -6.2000
vt 2.8500 0.5000
vt -6.2000 0.5000
vt 2.9000 0.5000
vt 2.9000 -6.2000
vt -6.2000 0.0753
vt 2.9500 0.0753
vt -6.2000 0.0000
vt 3.0000 0.0000
vt 3.0000 -6.2000
vt -6.2000 0.0000
vt 3.0500 0.0000
vt 3.0500 -6.2000
vt 3.1000 -6.2000
vt 4.0500 -6.2000
vt -6.2000 0.0000
vt 4.1000 -6.2000
vt -6.2000 0.4553
vt 4.1500 -6.2000
vt 4.2000 -6.2000
vt 14.1000 -6.2000
vt -6.2000 0.5000
vt 14.1500 0.5000
vt 14.1500 -6.2000
vt -6.2000 0.3648
vt 14.2000 0.3648
vt -6.2000 0.0000
vt 14.2500 0.0000
vt 14.2500 -6.2000
vt 14.3000 -6.2000
vt 16.3000 -6.2000
vt -6.2000 0.0000
vt 16.3500 -6.2000
vt -6.2000 0.5000
vt 2.9000 -6.1500
vt -6.1500 0.5000
vt 2.9500 0.5000
vt 2.9500 -6.1500
vt 3.0000 0.5000
vt -6.1500 0.5000
vt 3.0500 0.5000
vt 3.0500 -6.1500
vt -6.1500 0.0000
vt 3.1000 0.0000
vt 3.1000 -6.1500
vt 3.1500 0.0000
vt -6.1500 0.0000
vt 3.2000 0.0000
vt 3.2000 -6.1500
vt 3.2500 -6.1500
vt 4.1000 -6.1500
vt -6.1500 0.0000
vt 4.1500 -6.1500
vt -6.1500 0.5000
vt 4.2000 0.5000
vt 4.2000 -6.1500
vt -6.1500 0.5000
vt 4.2500 0.5000
vt 4.2500 -6.1500
vt 4.3000 -6.1500
vt 14.0500 -6.1500
vt -6.1500 0.5000
vt 14.1000 -6.1500
vt -6.1500 0.0568
vt 14.1500 0.0568
vt -6.1500 0.0000
vt 14.2000 0.0000
vt 14.2000 -6.1500
vt 14.2500 -6.1500
vt -6.1500 0.0000
vt -6.1500 0.5000
vt 3.0500 -6.1000
vt -6.1000 0.5000
vt 3.1000 0.5000
vt 3.1000 -6.1000
vt -6.1000 0.5000
vt 3.1500 0.5000
vt 3.1500 -6.1000
vt -6.1000 0.0588
vt 3.2000 0.0588
vt -6.1000 0.0000
vt 3.2500 0.0000
vt 3.2500 -6.1000
vt -6.1000 0.0000
vt 3.3000 0.0000
vt 3.3000 -6.1000
vt 3.3500 -6.1000
vt 4.1500 -6.1000
vt -6.1000 0.0000
vt 4.2000 0.0000
vt 4.2000 -6.1000
vt -6.1000 0.3935
vt 4.2500 0.3935
vt -6.1000 0.5000
vt 4.3000 0.5000
vt 4.3000 -6.1000
vt 4.3500 -6.1000
vt 14.0000 -6.1000
vt -6.1000 0.5000
vt 14.0500 -6.1000
vt -6.1000 0.0747
vt -6.1000 0.0000
vt 14.1500 -6.1000
vt 14.2000 -6.1000
vt -6.1000 0.0000
vt -6.1000 0.5000
vt 3.1500 -6.0500
vt -6.0500 0.5000
vt 3.2000 0.5000
vt 3.2000 -6.0500
vt -6.0500 0.5000
vt 3.2500 0.5000
vt 3.2500 -6.0500
vt -6.0500 0.0627
vt 3.3000 0.0627
vt -6.0500 0.0000
vt 3.3500 0.0000
vt 3.3500 -6.0500
vt 3.4000 -6.0500
vt 4.2000 -6.0500
vt -6.0500 0.0000
vt 4.2500 0.0000
vt 4.2500 -6.0500
vt -6.0500 0.2460
vt 4.3000 0.2460
vt -6.0500 0.5000
vt 4.3500 0.5000
vt 4.3500 -6.0500
vt 4.4000 -6.0500
vt 14.0000 -6.0500
vt -6.0500 0.4705
vt 14.0500 -6.0500
vt -6.0500 0.0000
vt 14.1000 -6.0500
vt 14.1500 -6.0500
vt -6.0500 0.0000
vt -6.0500 0.5000
vt 3.2500 -6.0000
vt -6.0000 0.5000
vt 3.3000 0.5000
vt 3.3000 -6.0000
vt -6.0000 0.5000
vt 3.3500 0.5000
vt -6.0000 0.0000
vt 3.4000 -6.0000
vt 3.4500 -6.0000
vt 4.2500 -6.0000
vt -6.0000 0.0000
vt 4.3000 0.0000
vt 4.3000 -6.0000
vt -6.0000 0.0228
vt 4.3500 0.0228
vt 4.3500 -6.0000
vt -6.0000 0.5000
vt 4.4000 0.5000
vt 4.4000 -6.0000
vt 4.4500 -6.0000
vt 13.9500 -6.0000
vt -6.0000 0.5000
vt 14.0000 -6.0000
vt -6.0000 0.0000
vt 14.0500 -6.0000
vt 14.1000 -6.0000
vt 16.3000 -6.0000
vt -6.0000 0.0000
vt 16.3500 -6.0000
vt -6.0000 0.5000
vt 16.4000 -6.0000
vt -5.9500 0.5000
vt 3.3500 -5.9500
vt -5.9500 0.3040
vt -5.9500 0.0000
vt 3.4500 -5.9500
vt 4.3000 -5.9500
vt 4.3500 -5.9500
vt -5.9500 0.0000
vt 4.4000 0.0000
vt 4.4000 -5.9500
vt -5.9500 0.5000
vt 4.4500 0.5000
vt 4.4500 -5.9500
vt -5.9500 0.5000
vt 4.5000 0.5000
vt 4.5000 -5.9500
vt 4.5500 -5.9500
vt -5.9500 0.5000
vt 13.9500 -5.9500
vt -5.9500 0.0742
vt -5.9500 0.0000
vt 14.0500 -5.9500
vt -5.9500 0.0000
vt 16.3000 -5.9500
vt -5.9500 0.5000
vt 16.3500 -5.9500
vt 16.4000 -5.9500
vt 3.3500 -5.9000
vt -5.9000 0.5000
vt 3.4000 -5.9000
vt -5.9000 0.0000
vt 3.4500 -5.9000
vt 3.5000 -5.9000
vt 4.4000 -5.9000
vt -5.9000 0.0000
vt 4.4500 0.0000
vt 4.4500 -5.9000
vt -5.9000 0.3265
vt 4.5000 0.3265
vt -5.9000 0.5000
vt 4.5500 0.5000
vt 4.5500 -5.9000
vt 4.6000 -5.9000
vt 13.9000 -5.9000
vt -5.9000 0.5000
vt 13.9500 -5.9000
vt -5.9000 0.0000
vt 14.0000 -5.9000
vt 14.0500 -5.9000
vt 16.2500 -5.9000
vt -5.9000 0.0000
vt 16.3000 -5.9000
vt -5.9000 0.5000
vt 3.4000 -5.8500
vt -5.8500 0.5000
vt 3.4500 -5.8500
vt -5.8500 0.0000
vt 3.5000 -5.8500
vt 3.5500 -5.8500
vt 4.4500 -5.8500
vt -5.8500 0.0000
vt 4.5000 0.0000
vt 4.5000 -5.8500
vt -5.8500 0.0000
vt 4.5500 0.0000
vt 4.5500 -5.8500
vt -5.8500 0.5000
vt 4.6000 0.5000
vt 4.6000 -5.8500
vt 4.6500 0.5000
vt 4.7000 0.5000
vt 4.7500 0.5000
vt 4.8000 0.5000
vt 4.8500 0.5000
vt 4.9000 0.5000
vt 4.9500 0.5000
vt 5.0000 0.5000
vt 5.0500 0.5000
vt 5.1000 0.5000
vt 5.1500 0.5000
vt -5.8500 0.5000
vt 5.2000 0.5000
vt 5.2000 -5.8500
vt 5.2500 -5.8500
vt 13.8500 -5.8500
vt -5.8500 0.5000
vt 13.9000 -5.8500
vt -5.8500 0.0000
vt 13.9500 -5.8500
vt 14.0000 -5.8500
vt -5.8500 0.0000
vt 16.2500 -5.8500
vt -5.8500 0.2540
vt -5.8500 0.5000
vt 16.3500 -5.8500
vt -5.8000 0.5000
vt 3.4500 -5.8000
vt -5.8000 0.1812
vt -5.8000 0.0000
vt 3.5500 -5.8000
vt 4.5500 -5.8000
vt -5.8000 0.0000
vt 4.6000 0.0000
vt 4.6000 -5.8000
vt 4.6500 0.0000
vt -5.8000 0.0000
vt 4.7000 0.0000
vt 4.7000 -5.8000
vt -5.8000 0.2984
vt 4.7500 0.2984
vt -5.8000 0.2239
vt 4.8000 0.2239
vt -5.8000 0.0000
vt 4.8500 0.0000
vt 4.8500 -5.8000
vt 4.9000 0.0000
vt 4.9500 0.0000
vt 5.0000 0.0000
vt 5.0500 0.0000
vt 5.1000 0.0000
vt -5.8000 0.0000
vt 5.1500 0.0000
vt 5.1500 -5.8000
vt -5.8000 0.4383
vt 5.2000 0.4383
vt -5.8000 0.5000
vt 5.2500 0.5000
vt 5.2500 -5.8000
vt 5.3000 0.5000
vt -5.8000 0.5000
vt 5.3500 0.5000
vt 5.3500 -5.8000
vt 5.4000 -5.8000
vt -5.8000 0.5000
vt 13.8500 -5.8000
vt -5.8000 0.3590
vt -5.8000 0.0000
vt 13.9500 -5.8000
vt -5.8000 0.0000
vt -5.8000 0.5000
vt 16.3000 -5.8000
vt 16.3500 -5.8000
vt 3.4500 -5.7500
vt -5.7500 0.5000
vt 3.5000 -5.7500
vt -5.7500 0.0000
vt 3.5500 -5.7500
vt 3.6000 -5.7500
vt 4.7000 -5.7500
vt -5.7500 0.0000
vt 4.7500 0.0000
vt 4.7500 -5.7500
vt -5.7500 0.0000
vt 4.8000 0.0000
vt 4.8000 -5.7500
vt 4.8500 -5.7500
vt 5.1500 -5.7500
vt -5.7500 0.0000
vt 5.2000 0.0000
vt 5.2000 -5.7500
vt 5.2500 0.0000
vt -5.7500 0.0000
vt 5.3000 0.0000
vt 5.3000 -5.7500
vt -5.7500 0.4140
vt 5.3500 0.4140
vt -5.7500 0.5000
vt 5.4000 0.5000
vt 5.4000 -5.7500
vt -5.7500 0.5000
vt 5.4500 0.5000
vt 5.4500 -5.7500
vt 5.5000 -5.7500
vt 13.8000 -5.7500
vt -5.7500 0.5000
vt 13.8500 -5.7500
vt -5.7500 0.0000
vt 13.9000 -5.7500
vt 13.9500 -5.7500
vt 16.2000 -5.7500
vt -5.7500 0.0000
vt 16.2500 -5.7500
vt -5.7500 0.5000
vt -5.7000 0.5000
vt 3.5000 -5.7000
vt -5.7000 0.0248
vt 3.5500 -5.7000
vt 3.6000 -5.7000
vt 5.3000 -5.7000
vt -5.7000 0.0000
vt 5.3500 0.0000
vt 5.3500 -5.7000
vt -5.7000 0.0000
vt 5.4000 0.0000
vt 5.4000 -5.7000
vt -5.7000 0.0794
vt 5.4500 0.0794
vt -5.7000 0.5000
vt 5.5000 0.5000
vt 5.5000 -5.7000
vt -5.7000 0.5000
vt 5.5500 0.5000
vt 5.5500 -5.7000
vt 5.6000 -5.7000
vt 13.7500 -5.7000
vt -5.7000 0.5000
vt 13.8000 -5.7000
vt -5.7000 0.0000
vt 13.8500 -5.7000
vt 13.9000 -5.7000
vt -5.7000 0.0000
vt 16.2000 -5.7000
vt -5.7000 0.2907
vt -5.7000 0.5000
vt 16.3000 -5.7000
vt 3.5000 -5.6500
vt -5.6500 0.5000
vt 3.5500 -5.6500
vt -5.6500 0.0000
vt 3.6000 -5.6500
vt 5.4000 -5.6500
vt -5.6500 0.0000
vt 5.4500 0.0000
vt 5.4500 -5.6500
vt -5.6500 0.0000
vt 5.5000 0.0000
vt 5.5000 -5.6500
vt -5.6500 0.2392
vt 5.5500 0.2392
vt -5.6500 0.5000
vt 5.6000 0.5000
vt 5.6000 -5.6500
vt 5.6500 -5.6500
vt 13.7000 -5.6500
vt -5.6500 0.5000
vt 13.7500 -5.6500
vt -5.6500 0.0000
vt 13.8000 -5.6500
vt 13.8500 -5.6500
vt -5.6500 0.0000
vt -5.6500 0.5000
vt 16.2500 -5.6500
vt 16.3000 -5.6500
vt -5.6000 0.5000
vt -5.6000 0.0000
vt 5.5000 -5.6000
vt -5.6000 0.0000
vt 5.5500 0.0000
vt 5.5500 -5.6000
vt -5.6000 0.0000
vt 5.6000 0.0000
vt 5.6000 -5.6000
vt -5.6000 0.5000
vt 5.6500 0.5000
vt 5.6500 -5.6000
vt -5.6000 0.5000
vt 5.7000 0.5000
vt 5.7000 -5.6000
vt 5.7500 -5.6000
vt -5.6000 0.5000
vt 13.7000 -5.6000
vt -5.6000 0.0929
vt -5.6000 0.0000
vt 13.8000 -5.6000
vt -5.6000 0.0000
vt -5.6000 0.5000
vt -5.5500 0.5000
vt -5.5500 0.0000
vt 5.6000 -5.5500
vt -5.5500 0.0000
vt 5.6500 0.0000
vt 5.6500 -5.5500
vt -5.5500 0.3242
vt 5.7000 0.3242
vt -5.5500 0.5000
vt 5.7500 0.5000
vt 5.7500 -5.5500
vt 5.8000 -5.5500
vt 13.6500 -5.5500
vt -5.5500 0.5000
vt 13.7000 -5.5500
vt -5.5500 0.0000
vt 13.7500 -5.5500
vt 13.8000 -5.5500
vt -5.5500 0.0000
vt -5.5500 0.5000
vt -5.5000 0.5000
vt -5.5000 0.0000
vt 5.6500 -5.5000
vt -5.5000 0.0000
vt 5.7000 0.0000
vt 5.7000 -5.5000
vt -5.5000 0.0992
vt 5.7500 0.0992
vt -5.5000 0.5000
vt 5.8000 -5.5000
vt 5.8500 -5.5000
vt 13.6000 -5.5000
vt -5.5000 0.5000
vt 13.6500 -5.5000
vt -5.5000 0.0000
vt 13.7000 -5.5000
vt 13.7500 -5.5000
vt -5.5000 0.0000
vt -5.5000 0.5000
vt -5.4500 0.5000
vt -5.4500 0.0000
vt 5.7000 -5.4500
vt -5.4500 0.0000
vt 5.7500 -5.4500
vt -5.4500 0.3431
vt -5.4500 0.5000
vt 5.8500 -5.4500
vt -5.4500 0.5000
vt 13.6000 -5.4500
vt -5.4500 0.3155
vt -5.4500 0.0000
vt 13.7000 -5.4500
vt -5.4500 0.0000
vt -5.4500 0.5000
vt -5.4000 0.5000
vt -5.4000 0.0000
vt 5.7500 -5.4000
vt -5.4000 0.0000
vt 5.8000 -5.4000
vt -5.4000 0.5000
vt 5.8500 -5.4000
vt 5.9000 -5.4000
vt 13.5500 -5.4000
vt -5.4000 0.5000
vt 13.6000 -5.4000
vt -5.4000 0.0000
vt 13.6500 -5.4000
vt 13.7000 -5.4000
vt -5.4000 0.0000
vt -5.4000 0.5000
vt -5.3500 0.5000
vt -5.3500 0.0000
vt 5.8000 -5.3500
vt -5.3500 0.0000
vt 5.8500 -5.3500
vt -5.3500 0.5000
vt 5.9000 -5.3500
vt 5.9500 -5.3500
vt 13.5500 -5.3500
vt -5.3500 0.4628
vt 13.6000 -5.3500
vt -5.3500 0.0000
vt 13.6500 -5.3500
vt 16.1500 -5.3500
vt -5.3500 0.0000
vt 16.2000 -5.3500
vt -5.3500 0.5000
vt -5.3000 0.5000
vt -5.3000 0.0000
vt 5.8500 -5.3000
vt -5.3000 0.0000
vt 5.9000 -5.3000
vt -5.3000 0.5000
vt 5.9500 -5.3000
vt 6.0000 -5.3000
vt -5.3000 0.5000
vt 13.5500 -5.3000
vt -5.3000 0.0000
vt 13.6000 -5.3000
vt 13.6500 -5.3000
vt -5.3000 0.0000
vt 16.1500 -5.3000
vt -5.3000 0.3448
vt -5.3000 0.5000
vt 16.2500 -5.3000
vt -5.2500 0.5000
vt -5.2500 0.0000
vt 5.9000 -5.2500
vt -5.2500 0.0000
vt 5.9500 -5.2500
vt -5.2500 0.5000
vt 6.0000 -5.2500
vt 6.0500 -5.2500
vt -5.2500 0.5000
vt -5.2500 0.0000
vt 16.1000 -5.2500
vt -5.2500 0.0000
vt 16.1500 -5.2500
vt -5.2500 0.5000
vt 16.2000 -5.2500
vt 16.2500 -5.2500
vt -5.2000 0.5000
vt -5.2000 0.0000
vt 5.9500 -5.2000
vt -5.2000 0.0000
vt 6.0000 -5.2000
vt -5.2000 0.5000
vt 6.0500 -5.2000
vt 6.1000 -5.2000
vt -5.2000 0.5000
vt -5.2000 0.0000
vt 16.0500 -5.2000
vt -5.2000 0.0000
vt 16.1000 -5.2000
vt -5.2000 0.4987
vt 16.1500 -5.2000
vt 16.2000 -5.2000
vt 3.5000 -5.1500
vt -5.1500 0.5000
vt 3.5500 -5.1500
vt -5.1500 0.0000
vt 6.0000 -5.1500
vt -5.1500 0.0000
vt 6.0500 -5.1500
vt -5.1500 0.5000
vt 6.1000 0.5000
vt 6.1000 -5.1500
vt -5.1500 0.5000
vt 6.1500 0.5000
vt 6.1500 -5.1500
vt 6.2000 -5.1500
vt 13.5000 -5.1500
vt -5.1500 0.5000
vt 13.5500 -5.1500
vt -5.1500 0.0000
vt 13.6000 -5.1500
vt 16.0000 -5.1500
vt -5.1500 0.0000
vt 16.0500 0.0000
vt 16.0500 -5.1500
vt -5.1500 0.3771
vt 16.1000 0.3771
vt -5.1500 0.5000
vt 16.1500 -5.1500
vt 16.2000 -5.1500
vt 3.5000 -5.1000
vt -5.1000 0.4803
vt 3.5500 -5.1000
vt -5.1000 0.0000
vt 3.6000 -5.1000
vt 6.0500 -5.1000
vt -5.1000 0.0000
vt 6.1000 0.0000
vt 6.1000 -5.1000
vt -5.1000 0.1720
vt 6.1500 0.1720
vt -5.1000 0.5000
vt 6.2000 0.5000
vt 6.2000 -5.1000
vt 6.2500 -5.1000
vt -5.1000 0.5000
vt 13.5000 -5.1000
vt -5.1000 0.0000
vt 13.5500 -5.1000
vt 13.6000 -5.1000
vt 15.9500 -5.1000
vt -5.1000 0.0000
vt 16.0000 -5.1000
vt -5.1000 0.5000
vt 16.0500 0.5000
vt 16.0500 -5.1000
vt -5.1000 0.5000
vt 16.1000 0.5000
vt 16.1000 -5.1000
vt 16.1500 -5.1000
vt 3.4500 -5.0500
vt -5.0500 0.5000
vt 3.5000 -5.0500
vt -5.0500 0.0000
vt 3.5500 -5.0500
vt 3.6000 -5.0500
vt 6.1000 -5.0500
vt -5.0500 0.0000
vt 6.1500 0.0000
vt 6.1500 -5.0500
vt -5.0500 0.0000
vt 6.2000 0.0000
vt 6.2000 -5.0500
vt -5.0500 0.5000
vt 6.2500 -5.0500
vt 6.3000 -5.0500
vt 13.4500 -5.0500
vt -5.0500 0.5000
vt 13.5000 -5.0500
vt -5.0500 0.0000
vt 15.9000 -5.0500
vt -5.0500 0.0000
vt 15.9500 -5.0500
vt -5.0500 0.5000
vt 16.0000 -5.0500
vt 16.0500 -5.0500
vt -5.0000 0.5000
vt 3.4500 -5.0000
vt -5.0000 0.0809
vt -5.0000 0.0000
vt 3.5500 -5.0000
vt 6.2000 -5.0000
vt -5.0000 0.0000
vt 6.2500 -5.0000
vt -5.0000 0.5000
vt 6.3000 -5.0000
vt 6.3500 -5.0000
vt -5.0000 0.5000
vt 13.4500 -5.0000
vt -5.0000 0.3484
vt -5.0000 0.0000
vt 13.5500 -5.0000
vt 15.8500 -5.0000
vt -5.0000 0.0000
vt 15.9000 -5.0000
vt -5.0000 0.5000
vt 15.9500 -5.0000
vt 16.0000 -5.0000
vt 3.4000 -4.9500
vt -4.9500 0.5000
vt 3.4500 -4.9500
vt -4.9500 0.0000
vt 3.5000 -4.9500
vt 3.5500 -4.9500
vt 6.2500 -4.9500
vt -4.9500 0.0000
vt 6.3000 -4.9500
vt -4.9500 0.5000
vt 6.3500 -4.9500
vt 6.4000 -4.9500
vt -4.9500 0.5000
vt -4.9500 0.0000
vt 13.5000 -4.9500
vt 13.5500 -4.9500
vt 15.8000 -4.9500
vt -4.9500 0.0000
vt 15.8500 -4.9500
vt -4.9500 0.5000
vt 15.9000 -4.9500
vt 15.9500 -4.9500
vt -4.9000 0.5000
vt 3.4000 -4.9000
vt -4.9000 0.0000
vt 3.4500 -4.9000
vt 3.5000 -4.9000
vt 6.3000 -4.9000
vt -4.9000 0.0000
vt 6.3500 -4.9000
vt -4.9000 0.5000
vt 6.4000 -4.9000
vt 6.4500 -4.9000
vt 13.4000 -4.9000
vt -4.9000 0.5000
vt 13.4500 -4.9000
vt -4.9000 0.0000
vt 13.5000 -4.9000
vt -4.9000 0.0000
vt 15.8000 -4.9000
vt -4.9000 0.4060
vt -4.9000 0.5000
vt 15.9000 -4.9000
vt 3.3500 -4.8500
vt -4.8500 0.5000
vt 3.4000 -4.8500
vt -4.8500 0.0000
vt 6.3500 -4.8500
vt -4.8500 0.0000
vt 6.4000 -4.8500
vt -4.8500 0.5000
vt 6.4500 -4.8500
vt 6.5000 -4.8500
vt -4.8500 0.5000
vt 13.4000 -4.8500
vt -4.8500 0.0363
vt 13.4500 -4.8500
vt 13.5000 -4.8500
vt 15.7500 -4.8500
vt -4.8500 0.0000
vt 15.8000 -4.8500
vt -4.8500 0.5000
vt 15.8500 -4.8500
vt 15.9000 -4.8500
vt 3.3500 -4.8000
vt -4.8000 0.4650
vt 3.4000 -4.8000
vt -4.8000 0.0000
vt 3.4500 -4.8000
vt 6.4000 -4.8000
vt -4.8000 0.0000
vt 6.4500 -4.8000
vt -4.8000 0.5000
vt 6.5000 -4.8000
vt 6.5500 -4.8000
vt 13.3500 -4.8000
vt -4.8000 0.5000
vt 13.4000 -4.8000
vt -4.8000 0.0000
vt 13.4500 -4.8000
vt 13.5000 -4.8000
vt 15.7000 -4.8000
vt -4.8000 0.0000
vt 15.7500 -4.8000
vt -4.8000 0.5000
vt 15.8000 -4.8000
vt 15.8500 -4.8000
vt -4.7500 0.5000
vt 3.3500 -4.7500
vt -4.7500 0.0000
vt 3.4000 -4.7500
vt 3.4500 -4.7500
vt -4.7500 0.0000
vt 6.4500 -4.7500
vt -4.7500 0.3024
vt -4.7500 0.5000
vt 6.5500 -4.7500
vt 13.3000 -4.7500
vt -4.7500 0.5000
vt 13.3500 -4.7500
vt -4.7500 0.0000
vt 13.4000 -4.7500
vt 13.4500 -4.7500
vt 15.6500 -4.7500
vt -4.7500 0.0000
vt 15.7000 -4.7500
vt -4.7500 0.5000
vt 15.7500 -4.7500
vt 15.8000 -4.7500
vt -4.7000 0.5000
vt -4.7000 0.0000
vt 6.4500 -4.7000
vt -4.7000 0.0000
vt 6.5000 -4.7000
vt -4.7000 0.5000
vt 6.5500 -4.7000
vt 6.6000 -4.7000
vt 13.2000 -4.7000
vt -4.7000 0.5000
vt 13.2500 0.5000
vt 13.2500 -4.7000
vt -4.7000 0.5000
vt 13.3000 0.5000
vt 13.3000 -4.7000
vt -4.7000 0.0000
vt 13.3500 -4.7000
vt 13.4000 -4.7000
vt 15.6000 -4.7000
vt -4.7000 0.0000
vt 15.6500 -4.7000
vt -4.7000 0.5000
vt 15.7000 -4.7000
vt 15.7500 -4.7000
vt -4.6500 0.5000
vt -4.6500 0.0000
vt -4.6500 0.0000
vt 6.5000 -4.6500
vt -4.6500 0.2347
vt -4.6500 0.5000
vt 6.6000 -4.6500
vt 13.1500 -4.6500
vt -4.6500 0.5000
vt 13.2000 0.5000
vt 13.2000 -4.6500
vt -4.6500 0.1888
vt 13.2500 0.1888
vt -4.6500 0.0000
vt 13.3000 0.0000
vt 13.3000 -4.6500
vt 13.3500 -4.6500
vt 15.5000 -4.6500
vt -4.6500 0.0000
vt 15.5500 0.0000
vt 15.5500 -4.6500
vt -4.6500 0.0000
vt 15.6000 0.0000
vt 15.6000 -4.6500
vt -4.6500 0.5000
vt 15.6500 -4.6500
vt 15.7000 -4.6500
vt 3.3000 -4.6000
vt -4.6000 0.5000
vt 3.3500 -4.6000
vt -4.6000 0.0000
vt 6.5000 -4.6000
vt -4.6000 0.0000
vt 6.5500 -4.6000
vt -4.6000 0.5000
vt 13.1000 -4.6000
vt -4.6000 0.5000
vt 13.1500 -4.6000
vt -4.6000 0.0000
vt 13.2000 0.0000
vt 13.2000 -4.6000
vt -4.6000 0.0000
vt 13.2500 0.0000
vt 13.2500 -4.6000
vt 13.3000 -4.6000
vt 15.4500 -4.6000
vt -4.6000 0.0000
vt 15.5000 0.0000
vt 15.5000 -4.6000
vt -4.6000 0.1542
vt 15.5500 0.1542
vt -4.6000 0.5000
vt 15.6000 0.5000
vt 15.6000 -4.6000
vt 15.6500 -4.6000
vt -4.5500 0.5000
vt 3.3000 -4.5500
vt -4.5500 0.1326
vt -4.5500 0.0000
vt 3.4000 -4.5500
vt -4.5500 0.0000
vt 6.5500 -4.5500
vt -4.5500 0.5000
vt 6.6000 -4.5500
vt 6.6500 -4.5500
vt 13.0000 -4.5500
vt -4.5500 0.5000
vt 13.0500 0.5000
vt 13.0500 -4.5500
vt -4.5500 0.5000
vt 13.1000 0.5000
vt 13.1000 -4.5500
vt -4.5500 0.0000
vt 13.1500 -4.5500
vt 13.2000 -4.5500
vt 15.3500 -4.5500
vt -4.5500 0.0000
vt 15.4000 0.0000
vt 15.4000 -4.5500
vt -4.5500 0.0000
vt 15.4500 0.0000
vt 15.4500 -4.5500
vt -4.5500 0.5000
vt 15.5000 0.5000
vt 15.5000 -4.5500
vt -4.5500 0.5000
vt 15.5500 0.5000
vt 15.5500 -4.5500
vt 15.6000 -4.5500
vt -4.5000 0.5000
vt -4.5000 0.0000
vt 3.3500 -4.5000
vt 3.4000 -4.5000
vt 6.5500 -4.5000
vt -4.5000 0.0000
vt 6.6000 -4.5000
vt -4.5000 0.5000
vt 6.6500 -4.5000
vt 6.7000 -4.5000
vt 12.9500 -4.5000
vt -4.5000 0.5000
vt 13.0000 0.5000
vt 13.0000 -4.5000
vt -4.5000 0.3123
vt 13.0500 0.3123
vt -4.5000 0.0000
vt 13.1000 0.0000
vt 13.1000 -4.5000
vt 13.1500 -4.5000
vt 14.9000 -4.5000
vt 14.9500 -4.5000
vt 15.0000 0.0000
vt 15.0000 -4.5000
vt 15.0500 0.0000
vt 15.1000 0.0000
vt 15.1500 0.0000
vt 15.2000 0.0000
vt 15.2500 0.0000
vt 15.3000 0.0000
vt -4.5000 0.0000
vt 15.3500 0.0000
vt 15.3500 -4.5000
vt -4.5000 0.5000
vt 15.4000 0.5000
vt 15.4000 -4.5000
vt -4.5000 0.5000
vt 15.4500 0.5000
vt 15.4500 -4.5000
vt 15.5000 -4.5000
vt -4.4500 0.5000
vt -4.4500 0.0000
vt -4.4500 0.0000
vt 6.6000 -4.4500
vt -4.4500 0.3764
vt 6.6500 0.3764
vt -4.4500 0.5000
vt 6.7000 0.5000
vt 6.7000 -4.4500
vt 6.7500 -4.4500
vt 12.8500 -4.4500
vt -4.4500 0.5000
vt 12.9000 0.5000
vt 12.9000 -4.4500
vt -4.4500 0.5000
vt 12.9500 0.5000
vt 12.9500 -4.4500
vt -4.4500 0.0000
vt 13.0000 0.0000
vt 13.0000 -4.4500
vt -4.4500 0.0000
vt 13.0500 0.0000
vt 13.0500 -4.4500
vt 13.1000 -4.4500
vt 14.6000 -4.4500
vt -4.4500 0.0000
vt 14.6500 0.0000
vt 14.6500 -4.4500
vt 14.7000 0.0000
vt 14.7500 0.0000
vt 14.8000 0.0000
vt 14.8500 0.0000
vt 14.9000 0.0000
vt 14.9000 -4.4500
vt 14.9500 0.0246
vt 14.9500 -4.4500
vt -4.4500 0.3134
vt 15.0000 0.3134
vt -4.4500 0.5000
vt 15.0500 0.5000
vt 15.0500 -4.4500
vt 15.1000 0.5000
vt 15.1500 0.5000
vt 15.2000 0.5000
vt 15.2500 0.5000
vt 15.3000 0.5000
vt -4.4500 0.5000
vt 15.3500 0.5000
vt 15.3500 -4.4500
vt 15.4000 -4.4500
vt 3.2500 -4.4000
vt -4.4000 0.5000
vt 3.3000 -4.4000
vt -4.4000 0.0000
vt 3.3500 -4.4000
vt 6.6000 -4.4000
vt -4.4000 0.0000
vt 6.6500 0.0000
vt 6.6500 -4.4000
vt -4.4000 0.3415
vt 6.7000 0.3415
vt -4.4000 0.5000
vt 6.7500 0.5000
vt 6.7500 -4.4000
vt 6.8000 -4.4000
vt 12.8000 -4.4000
vt -4.4000 0.5000
vt 12.8500 0.5000
vt 12.8500 -4.4000
vt -4.4000 0.3274
vt 12.9000 0.3274
vt -4.4000 0.0000
vt 12.9500 0.0000
vt 12.9500 -4.4000
vt 13.0000 -4.4000
vt 14.4000 -4.4000
vt -4.4000 0.0000
vt 14.4500 0.0000
vt 14.4500 -4.4000
vt 14.5000 0.0000
vt 14.5500 0.0000
vt -4.4000 0.0000
vt 14.6000 0.0000
vt 14.6000 -4.4000
vt -4.4000 0.1596
vt 14.6500 0.1596
vt -4.4000 0.5000
vt 14.7000 0.5000
vt 14.7000 -4.4000
vt 14.7500 0.5000
vt 14.8000 0.5000
vt 14.8500 0.5000
vt 14.9000 0.5000
vt 14.9500 0.5000
vt -4.4000 0.5000
vt 15.0000 0.5000
vt 15.0000 -4.4000
vt 15.0500 -4.4000
vt -4.3500 0.5000
vt 3.2500 -4.3500
vt -4.3500 0.0494
vt 3.3000 -4.3500
vt 3.3500 -4.3500
vt 6.6500 -4.3500
vt -4.3500 0.0000
vt 6.7000 0.0000
vt 6.7000 -4.3500
vt -4.3500 0.0000
vt 6.7500 0.0000
vt 6.7500 -4.3500
vt -4.3500 0.5000
vt 6.8000 0.5000
vt 6.8000 -4.3500
vt -4.3500 0.5000
vt 6.8500 0.5000
vt 6.8500 -4.3500
vt 6.9000 -4.3500
vt 12.7500 -4.3500
vt -4.3500 0.5000
vt 12.8000 -4.3500
vt -4.3500 0.0000
vt 12.8500 0.0000
vt 12.8500 -4.3500
vt -4.3500 0.0000
vt 12.9000 0.0000
vt 12.9000 -4.3500
vt 12.9500 -4.3500
vt 14.2500 -4.3500
vt -4.3500 0.0000
vt 14.3000 0.0000
vt 14.3000 -4.3500
vt 14.3500 0.0000
vt -4.3500 0.0000
vt 14.4000 0.0000
vt 14.4000 -4.3500
vt -4.3500 0.5000
vt 14.4500 0.5000
vt 14.4500 -4.3500
vt 14.5000 0.5000
vt 14.5500 0.5000
vt 14.6000 0.5000
vt -4.3500 0.5000
vt 14.6500 0.5000
vt 14.6500 -4.3500
vt 14.7000 -4.3500
vt 3.2000 -4.3000
vt -4.3000 0.5000
vt 3.2500 -4.3000
vt -4.3000 0.0000
vt 3.3000 -4.3000
vt 3.3500 -4.3000
vt 6.7500 -4.3000
vt -4.3000 0.0000
vt 6.8000 0.0000
vt 6.8000 -4.3000
vt -4.3000 0.0952
vt 6.8500 0.0952
vt -4.3000 0.5000
vt 6.9000 0.5000
vt 6.9000 -4.3000
vt -4.3000 0.5000
vt 6.9500 0.5000
vt 6.9500 -4.3000
vt 7.0000 -4.3000
vt 12.7000 -4.3000
vt -4.3000 0.5000
vt 12.7500 -4.3000
vt -4.3000 0.0000
vt 12.8000 -4.3000
vt 12.8500 -4.3000
vt 14.1000 -4.3000
vt -4.3000 0.0000
vt 14.1500 0.0000
vt 14.1500 -4.3000
vt 14.2000 0.0000
vt -4.3000 0.0000
vt 14.2500 0.0000
vt 14.2500 -4.3000
vt -4.3000 0.5000
vt 14.3000 0.5000
vt 14.3000 -4.3000
vt 14.3500 0.5000
vt -4.3000 0.5000
vt 14.4000 0.5000
vt 14.4000 -4.3000
vt 14.4500 -4.3000
vt 3.1500 -4.2500
vt -4.2500 0.5000
vt 3.2000 -4.2500
vt -4.2500 0.0000
vt 3.2500 -4.2500
vt 3.3000 -4.2500
vt 6.8000 -4.2500
vt -4.2500 0.0000
vt 6.8500 0.0000
vt 6.8500 -4.2500
vt 6.9000 0.0000
vt 6.9000 -4.2500
vt -4.2500 0.0318
vt 6.9500 0.0318
vt 6.9500 -4.2500
vt -4.2500 0.5000
vt 7.0000 0.5000
vt 7.0000 -4.2500
vt 7.0500 0.5000
vt -4.2500 0.5000
vt 7.1000 0.5000
vt 7.1000 -4.2500
vt 7.1500 -4.2500
vt 12.6000 -4.2500
vt 12.6500 -4.2500
vt -4.2500 0.5000
vt 12.7000 0.5000
vt 12.7000 -4.2500
vt -4.2500 0.0000
vt 12.7500 -4.2500
vt 12.8000 -4.2500
vt 14.0000 -4.2500
vt -4.2500 0.0000
vt 14.0500 0.0000
vt 14.0500 -4.2500
vt -4.2500 0.0000
vt 14.1000 0.0000
vt 14.1000 -4.2500
vt -4.2500 0.2161
vt 14.1500 0.2161
vt -4.2500 0.5000
vt 14.2000 0.5000
vt 14.2000 -4.2500
vt -4.2500 0.5000
vt 14.2500 0.5000
vt 14.2500 -4.2500
vt 14.3000 -4.2500
vt 3.1000 -4.2000
vt -4.2000 0.5000
vt 3.1500 -4.2000
vt -4.2000 0.0000
vt 3.2000 -4.2000
vt 3.2500 -4.2000
vt 6.9000 -4.2000
vt 6.9500 -4.2000
vt 7.0000 0.0000
vt 7.0000 -4.2000
vt -4.2000 0.0000
vt 7.0500 0.0000
vt 7.0500 -4.2000
vt -4.2000 0.2730
vt 7.1000 0.2730
vt -4.2000 0.5000
vt 7.1500 0.5000
vt 7.1500 -4.2000
vt -4.2000 0.5000
vt 7.2000 0.5000
vt 7.2000 -4.2000
vt 7.2500 -4.2000
vt 12.5500 -4.2000
vt -4.2000 0.5000
vt 12.6000 0.5000
vt 12.6000 -4.2000
vt -4.2000 0.4900
vt 12.6500 0.4900
vt 12.6500 -4.2000
vt -4.2000 0.0000
vt 12.7000 0.0000
vt 12.7000 -4.2000
vt 12.7500 -4.2000
vt 13.9500 -4.2000
vt -4.2000 0.0000
vt 14.0000 -4.2000
vt -4.2000 0.5000
vt 14.0500 0.5000
vt 14.0500 -4.2000
vt 14.1000 0.5000
vt -4.2000 0.5000
vt 14.1500 0.5000
vt 14.1500 -4.2000
vt 14.2000 -4.2000
vt 3.0500 -4.1500
vt -4.1500 0.5000
vt 3.1000 -4.1500
vt -4.1500 0.0000
vt 3.1500 -4.1500
vt 3.2000 -4.1500
vt 7.0500 -4.1500
vt -4.1500 0.0000
vt 7.1000 0.0000
vt 7.1000 -4.1500
vt -4.1500 0.0000
vt 7.1500 0.0000
vt 7.1500 -4.1500
vt -4.1500 0.4304
vt 7.2000 0.4304
vt -4.1500 0.5000
vt 7.2500 0.5000
vt 7.2500 -4.1500
vt 7.3000 -4.1500
vt 12.5000 -4.1500
vt -4.1500 0.5000
vt 12.5500 0.5000
vt 12.5500 -4.1500
vt -4.1500 0.2951
vt 12.6000 0.2951
vt -4.1500 0.0000
vt 12.6500 0.0000
vt 12.6500 -4.1500
vt 12.7000 -4.1500
vt 13.9000 -4.1500
vt -4.1500 0.0000
vt 13.9500 -4.1500
vt -4.1500 0.5000
vt 14.0000 -4.1500
vt 14.0500 -4.1500
vt 3.0000 -4.1000
vt -4.1000 0.5000
vt 3.0500 -4.1000
vt -4.1000 0.0000
vt 3.1000 -4.1000
vt 3.1500 -4.1000
vt 7.1500 -4.1000
vt -4.1000 0.0000
vt 7.2000 0.0000
vt 7.2000 -4.1000
vt -4.1000 0.0000
vt 7.2500 0.0000
vt 7.2500 -4.1000
vt -4.1000 0.5000
vt 7.3000 0.5000
vt 7.3000 -4.1000
vt -4.1000 0.5000
vt 7.3500 0.5000
vt 7.3500 -4.1000
vt 7.4000 -4.1000
vt 12.4500 -4.1000
vt -4.1000 0.5000
vt 12.5000 0.5000
vt 12.5000 -4.1000
vt -4.1000 0.0516
vt 12.5500 0.0516
vt -4.1000 0.0000
vt 12.6000 0.0000
vt 12.6000 -4.1000
vt 12.6500 -4.1000
vt 13.8500 -4.1000
vt -4.1000 0.0000
vt 13.9000 -4.1000
vt -4.1000 0.5000
vt 13.9500 -4.1000
vt 14.0000 -4.1000
vt 2.8500 -4.0500
vt -4.0500 0.5000
vt 2.9000 0.5000
vt 2.9000 -4.0500
vt 2.9500 0.5000
vt -4.0500 0.5000
vt 3.0000 0.5000
vt 3.0000 -4.0500
vt -4.0500 0.0000
vt 3.0500 -4.0500
vt 3.1000 -4.0500
vt 7.2500 -4.0500
vt -4.0500 0.0000
vt 7.3000 0.0000
vt 7.3000 -4.0500
vt -4.0500 0.3858
vt 7.3500 0.3858
vt -4.0500 0.5000
vt 7.4000 0.5000
vt 7.4000 -4.0500
vt 7.4500 -4.0500
vt 12.4000 -4.0500
vt -4.0500 0.5000
vt 12.4500 -4.0500
vt -4.0500 0.0000
vt 12.5000 0.0000
vt 12.5000 -4.0500
vt -4.0500 0.0000
vt 12.5500 0.0000
vt 12.5500 -4.0500
vt 12.6000 -4.0500
vt 13.7500 -4.0500
vt -4.0500 0.0000
vt 13.8000 0.0000
vt 13.8000 -4.0500
vt -4.0500 0.0000
vt 13.8500 0.0000
vt 13.8500 -4.0500
vt -4.0500 0.5000
vt 13.9000 -4.0500
vt 13.9500 -4.0500
vt 2.7000 -4.0000
vt 2.7500 -4.0000
vt 2.8000 0.5000
vt 2.8000 -4.0000
vt -4.0000 0.5000
vt 2.8500 0.5000
vt 2.8500 -4.0000
vt -4.0000 0.3770
vt 2.9000 0.3770
vt -4.0000 0.0000
vt 2.9500 0.0000
vt 2.9500 -4.0000
vt -4.0000 0.0000
vt 3.0000 0.0000
vt 3.0000 -4.0000
vt 3.0500 -4.0000
vt 7.3000 -4.0000
vt -4.0000 0.0000
vt 7.3500 0.0000
vt 7.3500 -4.0000
vt -4.0000 0.0000
vt 7.4000 0.0000
vt 7.4000 -4.0000
vt -4.0000 0.5000
vt 7.4500 0.5000
vt 7.4500 -4.0000
vt -4.0000 0.5000
vt 7.5000 0.5000
vt 7.5000 -4.0000
vt 7.5500 -4.0000
vt 12.3500 -4.0000
vt -4.0000 0.5000
vt 12.4000 -4.0000
vt -4.0000 0.0000
vt 12.4500 -4.0000
vt 12.5000 -4.0000
vt 13.7000 -4.0000
vt -4.0000 0.0000
vt 13.7500 0.0000
vt 13.7500 -4.0000
vt -4.0000 0.1692
vt 13.8000 0.1692
vt -4.0000 0.5000
vt 13.8500 0.5000
vt 13.8500 -4.0000
vt 13.9000 -4.0000
vt 2.6500 -3.9500
vt -3.9500 0.5000
vt 2.7000 0.5000
vt 2.7000 -3.9500
vt -3.9500 0.4990
vt 2.7500 0.4990
vt 2.7500 -3.9500
vt -3.9500 0.0000
vt 2.8000 0.0000
vt 2.8000 -3.9500
vt 2.8500 0.0000
vt -3.9500 0.0000
vt 2.9000 0.0000
vt 2.9000 -3.9500
vt 2.9500 -3.9500
vt 7.4000 -3.9500
vt -3.9500 0.0000
vt 7.4500 0.0000
vt 7.4500 -3.9500
vt -3.9500 0.2234
vt 7.5000 0.2234
vt -3.9500 0.5000
vt 7.5500 0.5000
vt 7.5500 -3.9500
vt 7.6000 -3.9500
vt 12.3000 -3.9500
vt -3.9500 0.5000
vt 12.3500 -3.9500
vt -3.9500 0.0000
vt 12.4000 -3.9500
vt 12.4500 -3.9500
vt 13.6500 -3.9500
vt -3.9500 0.0000
vt 13.7000 -3.9500
vt -3.9500 0.5000
vt 13.7500 0.5000
vt 13.7500 -3.9500
vt -3.9500 0.5000
vt 13.8000 0.5000
vt 13.8000 -3.9500
vt 13.8500 -3.9500
vt 2.6000 -3.9000
vt -3.9000 0.5000
vt 2.6500 -3.9000
vt -3.9000 0.0000
vt 2.7000 0.0000
vt 2.7000 -3.9000
vt -3.9000 0.0000
vt 2.7500 0.0000
vt 2.7500 -3.9000
vt 2.8000 -3.9000
vt 7.4500 -3.9000
vt -3.9000 0.0000
vt 7.5000 0.0000
vt 7.5000 -3.9000
vt -3.9000 0.0000
vt 7.5500 0.0000
vt 7.5500 -3.9000
vt -3.9000 0.5000
vt 7.6000 -3.9000
vt 7.6500 -3.9000
vt 12.3000 -3.9000
vt -3.9000 0.4690
vt 12.3500 -3.9000
vt -3.9000 0.0000
vt 12.4000 -3.9000
vt 13.6000 -3.9000
vt -3.9000 0.0000
vt 13.6500 -3.9000
vt -3.9000 0.5000
vt 13.7000 -3.9000
vt 13.7500 -3.9000
vt 2.5500 -3.8500
vt -3.8500 0.5000
vt 2.6000 -3.8500
vt -3.8500 0.0000
vt 2.6500 -3.8500
vt 2.7000 -3.8500
vt 7.5500 -3.8500
vt -3.8500 0.0000
vt 7.6000 -3.8500
vt -3.8500 0.5000
vt 7.6500 -3.8500
vt 7.7000 -3.8500
vt 12.2500 -3.8500
vt -3.8500 0.5000
vt 12.3000 -3.8500
vt -3.8500 0.0000
vt 12.3500 -3.8500
vt 12.4000 -3.8500
vt 13.5500 -3.8500
vt -3.8500 0.0000
vt 13.6000 -3.8500
vt -3.8500 0.5000
vt 13.6500 -3.8500
vt 13.7000 -3.8500
vt 2.5000 -3.8000
vt -3.8000 0.5000
vt 2.5500 -3.8000
vt -3.8000 0.0000
vt 2.6000 -3.8000
vt 2.6500 -3.8000
vt 7.6000 -3.8000
vt -3.8000 0.0000
vt 7.6500 -3.8000
vt -3.8000 0.5000
vt 7.7000 -3.8000
vt 7.7500 -3.8000
vt -3.8000 0.5000
vt 12.2500 -3.8000
vt -3.8000 0.1300
vt -3.8000 0.0000
vt 12.3500 -3.8000
vt 13.5000 -3.8000
vt -3.8000 0.0000
vt 13.5500 -3.8000
vt -3.8000 0.5000
vt 13.6000 -3.8000
vt 13.6500 -3.8000
vt 2.4000 -3.7500
vt -3.7500 0.5000
vt 2.4500 0.5000
vt 2.4500 -3.7500
vt -3.7500 0.5000
vt 2.5000 0.5000
vt 2.5000 -3.7500
vt -3.7500 0.0000
vt 2.5500 -3.7500
vt 2.6000 -3.7500
vt 7.6500 -3.7500
vt -3.7500 0.0000
vt 7.7000 -3.7500
vt -3.7500 0.5000
vt 7.7500 0.5000
vt 7.7500 -3.7500
vt -3.7500 0.5000
vt 7.8000 0.5000
vt 7.8000 -3.7500
vt 7.8500 -3.7500
vt 12.2000 -3.7500
vt -3.7500 0.5000
vt 12.2500 -3.7500
vt -3.7500 0.0000
vt 12.3000 -3.7500
vt 12.3500 -3.7500
vt 13.4500 -3.7500
vt -3.7500 0.0000
vt 13.5000 -3.7500
vt -3.7500 0.5000
vt 13.5500 -3.7500
vt 13.6000 -3.7500
vt 2.3500 -3.7000
vt -3.7000 0.5000
vt 2.4000 0.5000
vt 2.4000 -3.7000
vt -3.7000 0.4001
vt 2.4500 0.4001
vt -3.7000 0.0000
vt 2.5000 0.0000
vt 2.5000 -3.7000
vt 2.5500 -3.7000
vt 7.7000 -3.7000
vt -3.7000 0.0000
vt 7.7500 0.0000
vt 7.7500 -3.7000
vt -3.7000 0.0892
vt 7.8000 0.0892
vt -3.7000 0.5000
vt 7.8500 0.5000
vt 7.8500 -3.7000
vt 7.9000 -3.7000
vt 12.1500 -3.7000
vt -3.7000 0.5000
vt 12.2000 -3.7000
vt -3.7000 0.0000
vt 12.2500 -3.7000
vt 12.3000 -3.7000
vt 13.4000 -3.7000
vt -3.7000 0.0000
vt 13.4500 -3.7000
vt -3.7000 0.5000
vt 13.5000 -3.7000
vt 13.5500 -3.7000
vt 2.3000 -3.6500
vt -3.6500 0.5000
vt 2.3500 -3.6500
vt -3.6500 0.2969
vt 2.4000 0.2969
vt -3.6500 0.0000
vt 2.4500 0.0000
vt 2.4500 -3.6500
vt 2.5000 -3.6500
vt 7.7500 -3.6500
vt -3.6500 0.0000
vt 7.8000 0.0000
vt 7.8000 -3.6500
vt -3.6500 0.0000
vt 7.8500 0.0000
vt 7.8500 -3.6500
vt -3.6500 0.5000
vt 7.9000 -3.6500
vt 7.9500 -3.6500
vt 12.1500 -3.6500
vt -3.6500 0.4678
vt 12.2000 -3.6500
vt -3.6500 0.0000
vt 12.2500 -3.6500
vt 13.3500 -3.6500
vt -3.6500 0.0000
vt 13.4000 -3.6500
vt -3.6500 0.5000
vt 13.4500 -3.6500
vt 13.5000 -3.6500
vt 2.2500 -3.6000
vt -3.6000 0.5000
vt 2.3000 0.5000
vt 2.3000 -3.6000
vt -3.6000 0.3171
vt 2.3500 0.3171
vt -3.6000 0.0000
vt 2.4000 -3.6000
vt 2.4500 -3.6000
vt 3.6500 -3.6000
vt -3.6000 0.0000
vt 3.7000 0.0000
vt 3.7000 -3.6000
vt 3.7500 0.0000
vt 3.8000 0.0000
vt 3.8500 0.0000
vt 3.9000 0.0000
vt 3.9500 0.0000
vt 4.0000 0.0000
vt 4.0500 0.0000
vt 4.1000 0.0000
vt 4.1500 0.0000
vt 4.2000 0.0000
vt 4.2500 0.0000
vt -3.6000 0.0000
vt 4.3000 0.0000
vt 4.3000 -3.6000
vt 4.3500 -3.6000
vt 7.8500 -3.6000
vt -3.6000 0.0000
vt 7.9000 -3.6000
vt -3.6000 0.5000
vt 7.9500 -3.6000
vt 8.0000 -3.6000
vt 12.1000 -3.6000
vt -3.6000 0.5000
vt 12.1500 -3.6000
vt -3.6000 0.0000
vt 12.2000 -3.6000
vt 12.2500 -3.6000
vt 13.3000 -3.6000
vt -3.6000 0.0000
vt 13.3500 -3.6000
vt -3.6000 0.5000
vt 13.4000 -3.6000
vt 13.4500 -3.6000
vt 2.2000 -3.5500
vt -3.5500 0.5000
vt 2.2500 0.5000
vt 2.2500 -3.5500
vt -3.5500 0.2437
vt 2.3000 0.2437
vt -3.5500 0.0000
vt 2.3500 0.0000
vt 2.3500 -3.5500
vt 2.4000 -3.5500
vt 3.5500 -3.5500
vt -3.5500 0.0000
vt 3.6000 0.0000
vt 3.6000 -3.5500
vt -3.5500 0.0000
vt 3.6500 0.0000
vt 3.6500 -3.5500
vt -3.5500 0.3283
vt 3.7000 0.3283
vt -3.5500 0.5000
vt 3.7500 0.5000
vt 3.7500 -3.5500
vt 3.8000 0.5000
vt 3.8500 0.5000
vt 3.9000 0.5000
vt 3.9500 0.5000
vt 4.0000 0.5000
vt 4.0500 0.5000
vt 4.1000 0.5000
vt 4.1500 0.5000
vt 4.2000 0.5000
vt -3.5500 0.5000
vt 4.2500 0.5000
vt 4.2500 -3.5500
vt -3.5500 0.0724
vt 4.3000 0.0724
vt -3.5500 0.0000
vt 4.3500 0.0000
vt 4.3500 -3.5500
vt 4.4000 0.0000
vt -3.5500 0.0000
vt 4.4500 0.0000
vt 4.4500 -3.5500
vt 4.5000 -3.5500
vt 7.9000 -3.5500
vt -3.5500 0.0000
vt 7.9500 -3.5500
vt -3.5500 0.5000
vt 8.0000 -3.5500
vt 8.0500 -3.5500
vt 12.0500 -3.5500
vt -3.5500 0.5000
vt 12.1000 -3.5500
vt -3.5500 0.0000
vt 12.1500 -3.5500
vt 12.2000 -3.5500
vt 13.2000 -3.5500
vt 13.2500 -3.5500
vt -3.5500 0.0000
vt 13.3000 0.0000
vt 13.3000 -3.5500
vt -3.5500 0.5000
vt 13.3500 -3.5500
vt 13.4000 -3.5500
vt 2.1500 -3.5000
vt -3.5000 0.5000
vt 2.2000 0.5000
vt 2.2000 -3.5000
vt -3.5000 0.1113
vt 2.2500 0.1113
vt -3.5000 0.0000
vt 2.3000 0.0000
vt 2.3000 -3.5000
vt 2.3500 -3.5000
vt 3.4500 -3.5000
vt -3.5000 0.0000
vt 3.5000 0.0000
vt 3.5000 -3.5000
vt -3.5000 0.0000
vt 3.5500 0.0000
vt 3.5500 -3.5000
vt -3.5000 0.5000
vt 3.6000 0.5000
vt 3.6000 -3.5000
vt 3.6500 0.5000
vt -3.5000 0.5000
vt 3.7000 0.5000
vt 3.7000 -3.5000
vt 3.7500 -3.5000
vt 4.2500 -3.5000
vt -3.5000 0.5000
vt 4.3000 0.5000
vt 4.3000 -3.5000
vt 4.3500 0.5000
vt -3.5000 0.5000
vt 4.4000 0.5000
vt 4.4000 -3.5000
vt -3.5000 0.0834
vt 4.4500 0.0834
vt -3.5000 0.0000
vt 4.5000 0.0000
vt 4.5000 -3.5000
vt -3.5000 0.0000
vt 4.5500 0.0000
vt 4.5500 -3.5000
vt 4.6000 -3.5000
vt 7.9500 -3.5000
vt -3.5000 0.0000
vt 8.0000 -3.5000
vt -3.5000 0.5000
vt 8.0500 -3.5000
vt 8.1000 -3.5000
vt 12.0000 -3.5000
vt -3.5000 0.5000
vt 12.0500 -3.5000
vt -3.5000 0.0748
vt -3.5000 0.0000
vt 12.1500 -3.5000
vt 13.1500 -3.5000
vt -3.5000 0.0000
vt 13.2000 0.0000
vt 13.2000 -3.5000
vt -3.5000 0.0144
vt 13.2500 0.0144
vt 13.2500 -3.5000
vt -3.5000 0.5000
vt 13.3000 0.5000
vt 13.3000 -3.5000
vt 13.3500 -3.5000
vt 2.1000 -3.4500
vt -3.4500 0.5000
vt 2.1500 -3.4500
vt -3.4500 0.0840
vt 2.2000 0.0840
vt -3.4500 0.0000
vt 2.2500 0.0000
vt 2.2500 -3.4500
vt 2.3000 -3.4500
vt 3.4000 -3.4500
vt -3.4500 0.0000
vt 3.4500 -3.4500
vt -3.4500 0.5000
vt 3.5000 0.5000
vt 3.5000 -3.4500
vt -3.4500 0.5000
vt 3.5500 0.5000
vt 3.5500 -3.4500
vt 3.6000 -3.4500
vt 4.4000 -3.4500
vt -3.4500 0.5000
vt 4.4500 0.5000
vt 4.4500 -3.4500
vt -3.4500 0.5000
vt 4.5000 0.5000
vt 4.5000 -3.4500
vt -3.4500 0.3442
vt 4.5500 0.3442
vt -3.4500 0.0000
vt 4.6000 0.0000
vt 4.6000 -3.4500
vt -3.4500 0.0000
vt 4.6500 0.0000
vt 4.6500 -3.4500
vt 4.7000 -3.4500
vt 6.3500 -3.4500
vt -3.4500 0.0000
vt 6.4000 0.0000
vt 6.4000 -3.4500
vt 6.4500 0.0000
vt 6.5000 0.0000
vt 6.5500 0.0000
vt 6.6000 0.0000
vt 6.6500 0.0000
vt 6.7000 0.0000
vt -3.4500 0.0000
vt 6.7500 0.0000
vt 6.7500 -3.4500
vt 6.8000 -3.4500
vt 8.0000 -3.4500
vt -3.4500 0.0000
vt 8.0500 -3.4500
vt -3.4500 0.5000
vt 8.1000 -3.4500
vt 8.1500 -3.4500
vt 11.9500 -3.4500
vt -3.4500 0.5000
vt 12.0000 0.5000
vt 12.0000 -3.4500
vt -3.4500 0.1372
vt 12.0500 0.1372
vt -3.4500 0.0000
vt 12.1000 -3.4500
vt 12.1500 -3.4500
vt 13.1000 -3.4500
vt -3.4500 0.0000
vt 13.1500 0.0000
vt 13.1500 -3.4500
vt -3.4500 0.3227
vt 13.2000 0.3227
vt -3.4500 0.5000
vt 13.2500 0.5000
vt 13.2500 -3.4500
vt 13.3000 -3.4500
vt 2.0500 -3.4000
vt -3.4000 0.5000
vt 2.1000 -3.4000
vt -3.4000 0.1223
vt -3.4000 0.0000
vt 2.2000 -3.4000
vt 2.2500 -3.4000
vt 3.3000 -3.4000
vt -3.4000 0.0000
vt 3.3500 0.0000
vt 3.3500 -3.4000
vt -3.4000 0.0000
vt 3.4000 0.0000
vt 3.4000 -3.4000
vt -3.4000 0.5000
vt 3.4500 -3.4000
vt 3.5000 -3.4000
vt 4.5000 -3.4000
vt -3.4000 0.5000
vt 4.5500 0.5000
vt 4.5500 -3.4000
vt -3.4000 0.5000
vt 4.6000 0.5000
vt 4.6000 -3.4000
vt -3.4000 0.3244
vt 4.6500 0.3244
vt -3.4000 0.0000
vt 4.7000 0.0000
vt 4.7000 -3.4000
vt -3.4000 0.0000
vt 4.7500 0.0000
vt 4.7500 -3.4000
vt 4.8000 -3.4000
vt 5.8500 -3.4000
vt -3.4000 0.0000
vt 5.9000 0.0000
vt 5.9000 -3.4000
vt 5.9500 0.0000
vt 6.0000 0.0000
vt 6.0500 0.0000
vt 6.1000 0.0000
vt 6.1500 0.0000
vt 6.2000 0.0000
vt 6.2500 0.0000
vt 6.3000 0.0000
vt -3.4000 0.0000
vt 6.3500 0.0000
vt 6.3500 -3.4000
vt -3.4000 0.1523
vt 6.4000 0.1523
vt -3.4000 0.5000
vt 6.4500 0.5000
vt 6.4500 -3.4000
vt 6.5000 0.5000
vt 6.5500 0.5000
vt 6.6000 0.5000
vt 6.6500 0.5000
vt 6.7000 0.5000
vt -3.4000 0.5000
vt 6.7500 0.5000
vt 6.7500 -3.4000
vt -3.4000 0.0000
vt 6.8000 0.0000
vt 6.8000 -3.4000
vt -3.4000 0.0000
vt 6.8500 0.0000
vt 6.8500 -3.4000
vt 6.9000 -3.4000
vt 8.0500 -3.4000
vt -3.4000 0.0000
vt 8.1000 -3.4000
vt -3.4000 0.5000
vt 8.1500 -3.4000
vt 8.2000 -3.4000
vt 11.8000 -3.4000
vt -3.4000 0.5000
vt 11.8500 0.5000
vt 11.8500 -3.4000
vt 11.9000 0.5000
vt -3.4000 0.5000
vt 11.9500 0.5000
vt 11.9500 -3.4000
vt -3.4000 0.0000
vt 12.0000 0.0000
vt 12.0000 -3.4000
vt -3.4000 0.0000
vt 12.0500 0.0000
vt 12.0500 -3.4000
vt 12.1000 -3.4000
vt 13.0500 -3.4000
vt -3.4000 0.0000
vt 13.1000 -3.4000
vt -3.4000 0.5000
vt 13.1500 0.5000
vt -3.4000 0.5000
vt 13.2000 0.5000
vt 13.2000 -3.4000
vt 13.2500 -3.4000
vt 2.0000 -3.3500
vt -3.3500 0.5000
vt 2.0500 -3.3500
vt -3.3500 0.2237
vt -3.3500 0.0000
vt 2.1500 -3.3500
vt 2.2000 -3.3500
vt 3.2000 -3.3500
vt -3.3500 0.0000
vt 3.2500 0.0000
vt 3.2500 -3.3500
vt -3.3500 0.0000
vt 3.3000 0.0000
vt 3.3000 -3.3500
vt -3.3500 0.5000
vt 3.3500 0.5000
vt 3.3500 -3.3500
vt -3.3500 0.5000
vt 3.4000 0.5000
vt 3.4000 -3.3500
vt 3.4500 -3.3500
vt 4.6000 -3.3500
vt -3.3500 0.5000
vt 4.6500 0.5000
vt 4.6500 -3.3500
vt -3.3500 0.5000
vt 4.7000 0.5000
vt 4.7000 -3.3500
vt -3.3500 0.3821
vt 4.7500 0.3821
vt -3.3500 0.0000
vt 4.8000 0.0000
vt 4.8000 -3.3500
vt 4.8500 0.0000
vt -3.3500 0.0000
vt 4.9000 0.0000
vt 4.9000 -3.3500
vt 4.9500 -3.3500
vt 5.7500 -3.3500
vt -3.3500 0.0000
vt 5.8000 0.0000
vt 5.8000 -3.3500
vt -3.3500 0.0000
vt 5.8500 0.0000
vt 5.8500 -3.3500
vt -3.3500 0.1692
vt 5.9000 0.1692
vt -3.3500 0.5000
vt 5.9500 0.5000
vt 5.9500 -3.3500
vt 6.0000 0.5000
vt 6.0500 0.5000
vt 6.1000 0.5000
vt 6.1500 0.5000
vt 6.2000 0.5000
vt 6.2500 0.5000
vt 6.3000 0.5000
vt 6.3500 0.5000
vt -3.3500 0.5000
vt 6.4000 0.5000
vt 6.4000 -3.3500
vt 6.4500 -3.3500
vt 6.7500 -3.3500
vt -3.3500 0.5000
vt 6.8000 0.5000
vt 6.8000 -3.3500
vt -3.3500 0.5000
vt 6.8500 0.5000
vt 6.8500 -3.3500
vt -3.3500 0.0000
vt 6.9000 -3.3500
vt 6.9500 -3.3500
vt 8.1000 -3.3500
vt -3.3500 0.0000
vt 8.1500 -3.3500
vt -3.3500 0.5000
vt 8.2000 -3.3500
vt 8.2500 -3.3500
vt 11.7500 -3.3500
vt -3.3500 0.5000
vt 11.8000 0.5000
vt 11.8000 -3.3500
vt -3.3500 0.4122
vt 11.8500 0.4122
vt -3.3500 0.0000
vt 11.9000 0.0000
vt 11.9000 -3.3500
vt -3.3500 0.0000
vt 11.9500 0.0000
vt 11.9500 -3.3500
vt 12.0000 -3.3500
vt 13.0000 -3.3500
vt -3.3500 0.0000
vt 13.0500 -3.3500
vt -3.3500 0.4335
vt -3.3500 0.5000
vt 13.1500 -3.3500
vt -3.3000 0.5000
vt 2.0000 -3.3000
vt -3.3000 0.3674
vt -3.3000 0.0000
vt 2.1000 -3.3000
vt 2.1500 -3.3000
vt 3.1000 -3.3000
vt -3.3000 0.0000
vt 3.1500 0.0000
vt 3.1500 -3.3000
vt -3.3000 0.0000
vt 3.2000 0.0000
vt 3.2000 -3.3000
vt -3.3000 0.5000
vt 3.2500 0.5000
vt 3.2500 -3.3000
vt -3.3000 0.5000
vt 3.3000 0.5000
vt 3.3000 -3.3000
vt 3.3500 -3.3000
vt 4.7000 -3.3000
vt -3.3000 0.5000
vt 4.7500 0.5000
vt 4.7500 -3.3000
vt 4.8000 0.5000
vt -3.3000 0.5000
vt 4.8500 0.5000
vt 4.8500 -3.3000
vt -3.3000 0.1121
vt 4.9000 0.1121
vt -3.3000 0.0000
vt 4.9500 0.0000
vt 4.9500 -3.3000
vt 5.0000 -3.3000
vt 5.6000 -3.3000
vt -3.3000 0.0000
vt 5.6500 0.0000
vt 5.6500 -3.3000
vt 5.7000 0.0000
vt -3.3000 0.0000
vt 5.7500 0.0000
vt 5.7500 -3.3000
vt -3.3000 0.5000
vt 5.8000 0.5000
vt 5.8000 -3.3000
vt 5.8500 0.5000
vt -3.3000 0.5000
vt 5.9000 0.5000
vt 5.9000 -3.3000
vt 5.9500 -3.3000
vt 6.8500 -3.3000
vt -3.3000 0.5000
vt 6.9000 -3.3000
vt -3.3000 0.0000
vt 6.9500 -3.3000
vt 7.0000 -3.3000
vt 8.1500 -3.3000
vt -3.3000 0.0000
vt 8.2000 -3.3000
vt -3.3000 0.5000
vt 8.2500 0.5000
vt 8.2500 -3.3000
vt -3.3000 0.5000
vt 8.3000 0.5000
vt 8.3000 -3.3000
vt 8.3500 -3.3000
vt 11.6500 -3.3000
vt -3.3000 0.5000
vt 11.7000 0.5000
vt 11.7000 -3.3000
vt -3.3000 0.5000
vt 11.7500 0.5000
vt 11.7500 -3.3000
vt -3.3000 0.0000
vt 11.8000 0.0000
vt 11.8000 -3.3000
vt -3.3000 0.0000
vt 11.8500 0.0000
vt 11.8500 -3.3000
vt 11.9000 -3.3000
vt -3.3000 0.0000
vt 13.0000 -3.3000
vt -3.3000 0.1755
vt -3.3000 0.5000
vt 13.1000 -3.3000
vt 13.1500 -3.3000
vt 1.9500 -3.2500
vt -3.2500 0.5000
vt 2.0000 -3.2500
vt -3.2500 0.0000
vt 2.0500 -3.2500
vt 2.1000 -3.2500
vt 2.9500 -3.2500
vt -3.2500 0.0000
vt 3.0000 0.0000
vt 3.0000 -3.2500
vt 3.0500 0.0000
vt -3.2500 0.0000
vt 3.1000 0.0000
vt 3.1000 -3.2500
vt -3.2500 0.5000
vt 3.1500 0.5000
vt 3.1500 -3.2500
vt -3.2500 0.5000
vt 3.2000 0.5000
vt 3.2000 -3.2500
vt 3.2500 -3.2500
vt 4.8500 -3.2500
vt -3.2500 0.5000
vt 4.9000 0.5000
vt 4.9000 -3.2500
vt -3.2500 0.5000
vt 4.9500 0.5000
vt 4.9500 -3.2500
vt -3.2500 0.0000
vt 5.0000 0.0000
vt 5.0000 -3.2500
vt -3.2500 0.0000
vt 5.0500 0.0000
vt 5.0500 -3.2500
vt 5.1000 -3.2500
vt 5.4500 -3.2500
vt -3.2500 0.0000
vt 5.5000 0.0000
vt 5.5000 -3.2500
vt 5.5500 0.0000
vt -3.2500 0.0000
vt 5.6000 0.0000
vt 5.6000 -3.2500
vt -3.2500 0.1645
vt 5.6500 0.1645
vt -3.2500 0.5000
vt 5.7000 0.5000
vt 5.7000 -3.2500
vt -3.2500 0.5000
vt 5.7500 0.5000
vt 5.7500 -3.2500
vt 5.8000 -3.2500
vt 6.9000 -3.2500
vt -3.2500 0.5000
vt 6.9500 -3.2500
vt -3.2500 0.0000
vt 7.0000 -3.2500
vt 7.0500 -3.2500
vt 8.2000 -3.2500
vt -3.2500 0.0000
vt 8.2500 0.0000
vt 8.2500 -3.2500
vt -3.2500 0.3960
vt 8.3000 0.3960
vt -3.2500 0.5000
vt 8.3500 0.5000
vt 8.3500 -3.2500
vt 8.4000 -3.2500
vt 11.5500 -3.2500
vt -3.2500 0.5000
vt 11.6000 0.5000
vt 11.6000 -3.2500
vt -3.2500 0.5000
vt 11.6500 0.5000
vt 11.6500 -3.2500
vt -3.2500 0.1933
vt 11.7000 0.1933
vt -3.2500 0.0000
vt 11.7500 0.0000
vt 11.7500 -3.2500
vt 11.8000 -3.2500
vt 12.9500 -3.2500
vt -3.2500 0.0000
vt 13.0000 -3.2500
vt -3.2500 0.5000
vt 13.0500 -3.2500
vt 13.1000 -3.2500
vt 1.9000 -3.2000
vt -3.2000 0.5000
vt 1.9500 -3.2000
vt -3.2000 0.0000
vt 2.0000 -3.2000
vt 2.0500 -3.2000
vt 2.8500 -3.2000
vt -3.2000 0.0000
vt 2.9000 0.0000
vt 2.9000 -3.2000
vt -3.2000 0.0000
vt 2.9500 0.0000
vt 2.9500 -3.2000
vt -3.2000 0.2498
vt 3.0000 0.2498
vt -3.2000 0.5000
vt 3.0500 0.5000
vt 3.0500 -3.2000
vt -3.2000 0.5000
vt 3.1000 0.5000
vt 3.1000 -3.2000
vt 3.1500 -3.2000
vt 4.9500 -3.2000
vt -3.2000 0.5000
vt 5.0000 0.5000
vt 5.0000 -3.2000
vt -3.2000 0.5000
vt 5.0500 0.5000
vt 5.0500 -3.2000
vt -3.2000 0.0000
vt 5.1000 0.0000
vt 5.1000 -3.2000
vt 5.1500 0.0000
vt 5.2000 0.0000
vt 5.2500 0.0000
vt 5.3000 0.0000
vt 5.3500 0.0000
vt 5.4000 0.0000
vt -3.2000 0.0000
vt 5.4500 0.0000
vt 5.4500 -3.2000
vt -3.2000 0.3663
vt 5.5000 0.3663
vt -3.2000 0.5000
vt 5.5500 0.5000
vt 5.5500 -3.2000
vt 5.6000 0.5000
vt -3.2000 0.5000
vt 5.6500 0.5000
vt 5.6500 -3.2000
vt 5.7000 -3.2000
vt 6.9500 -3.2000
vt -3.2000 0.5000
vt 7.0000 -3.2000
vt -3.2000 0.0000
vt 7.0500 -3.2000
vt 7.1000 -3.2000
vt 8.2500 -3.2000
vt -3.2000 0.0000
vt 8.3000 0.0000
vt 8.3000 -3.2000
vt -3.2000 0.0000
vt 8.3500 0.0000
vt 8.3500 -3.2000
vt -3.2000 0.5000
vt 8.4000 -3.2000
vt 8.4500 -3.2000
vt 11.4500 -3.2000
vt -3.2000 0.5000
vt 11.5000 0.5000
vt 11.5000 -3.2000
vt -3.2000 0.5000
vt 11.5500 0.5000
vt 11.5500 -3.2000
vt -3.2000 0.3120
vt 11.6000 0.3120
vt -3.2000 0.0000
vt 11.6500 0.0000
vt 11.6500 -3.2000
vt -3.2000 0.0000
vt 11.7000 0.0000
vt 11.7000 -3.2000
vt 11.7500 -3.2000
vt 12.9000 -3.2000
vt -3.2000 0.0000
vt 12.9500 -3.2000
vt -3.2000 0.5000
vt 13.0000 -3.2000
vt 13.0500 -3.2000
vt 1.8500 -3.1500
vt -3.1500 0.5000
vt 1.9000 -3.1500
vt -3.1500 0.0650
vt -3.1500 0.0000
vt 2.0000 -3.1500
vt 2.8000 -3.1500
vt -3.1500 0.0000
vt 2.8500 -3.1500
vt -3.1500 0.5000
vt 2.9000 0.5000
vt 2.9000 -3.1500
vt 2.9500 0.5000
vt -3.1500 0.5000
vt 3.0000 0.5000
vt 3.0000 -3.1500
vt 3.0500 -3.1500
vt 5.0500 -3.1500
vt -3.1500 0.5000
vt 5.1000 0.5000
vt 5.1000 -3.1500
vt 5.1500 0.5000
vt -3.1500 0.5000
vt 5.2000 0.5000
vt 5.2000 -3.1500
vt -3.1500 0.2974
vt 5.2500 0.2974
vt -3.1500 0.5000
vt 5.3000 0.5000
vt 5.3000 -3.1500
vt 5.3500 0.5000
vt 5.4000 0.5000
vt 5.4500 0.5000
vt -3.1500 0.5000
vt 5.5000 0.5000
vt 5.5000 -3.1500
vt 5.5500 -3.1500
vt 7.0000 -3.1500
vt -3.1500 0.4983
vt 7.0500 -3.1500
vt -3.1500 0.0000
vt 7.1000 -3.1500
vt 7.1500 -3.1500
vt 8.3500 -3.1500
vt -3.1500 0.0000
vt 8.4000 -3.1500
vt -3.1500 0.5000
vt 8.4500 -3.1500
vt 8.5000 -3.1500
vt 11.2500 -3.1500
vt -3.1500 0.5000
vt 11.3000 0.5000
vt 11.3000 -3.1500
vt 11.3500 0.5000
vt 11.4000 0.5000
vt -3.1500 0.5000
vt 11.4500 0.5000
vt 11.4500 -3.1500
vt -3.1500 0.0000
vt 11.5000 0.0000
vt 11.5000 -3.1500
vt 11.5500 0.0000
vt -3.1500 0.0000
vt 11.6000 0.0000
vt 11.6000 -3.1500
vt 11.6500 -3.1500
vt 12.8500 -3.1500
vt -3.1500 0.0000
vt 12.9000 -3.1500
vt -3.1500 0.5000
vt 12.9500 -3.1500
vt 13.0000 -3.1500
vt 1.8000 -3.1000
vt -3.1000 0.5000
vt 1.8500 0.5000
vt 1.8500 -3.1000
vt -3.1000 0.1909
vt 1.9000 0.1909
vt -3.1000 0.0000
vt 1.9500 -3.1000
vt 2.0000 -3.1000
vt 2.7500 -3.1000
vt -3.1000 0.0000
vt 2.8000 -3.1000
vt -3.1000 0.5000
vt 2.8500 -3.1000
vt 2.9000 -3.1000
vt 5.2000 -3.1000
vt -3.1000 0.5000
vt 5.2500 -3.1000
vt 5.3000 -3.1000
vt 7.0000 -3.1000
vt -3.1000 0.5000
vt 7.0500 -3.1000
vt -3.1000 0.2531
vt -3.1000 0.0000
vt 7.1500 -3.1000
vt 7.2000 -3.1000
vt 8.4000 -3.1000
vt -3.1000 0.0000
vt 8.4500 -3.1000
vt -3.1000 0.5000
vt 8.5000 -3.1000
vt 8.5500 -3.1000
vt 10.1500 -3.1000
vt 10.2000 -3.1000
vt 10.2500 0.5000
vt 10.2500 -3.1000
vt 10.3000 0.5000
vt 10.3500 0.5000
vt 10.4000 0.5000
vt 10.4500 0.5000
vt 10.5000 0.5000
vt 10.5500 0.5000
vt 10.6000 0.5000
vt 10.6500 0.5000
vt 10.7000 0.5000
vt 10.7500 0.5000
vt 10.8000 0.5000
vt 10.8500 0.5000
vt 10.9000 0.5000
vt 10.9500 0.5000
vt 11.0000 0.5000
vt 11.0500 0.5000
vt 11.1000 0.5000
vt 11.1500 0.5000
vt 11.2000 0.5000
vt -3.1000 0.5000
vt 11.2500 0.5000
vt 11.2500 -3.1000
vt -3.1000 0.2605
vt 11.3000 0.2605
vt -3.1000 0.0000
vt 11.3500 0.0000
vt 11.3500 -3.1000
vt 11.4000 0.0000
vt -3.1000 0.0000
vt 11.4500 0.0000
vt 11.4500 -3.1000
vt 11.5000 -3.1000
vt 12.8000 -3.1000
vt -3.1000 0.0000
vt 12.8500 -3.1000
vt -3.1000 0.3247
vt -3.1000 0.5000
vt 12.9500 -3.1000
vt 1.7500 -3.0500
vt -3.0500 0.5000
vt 1.8000 -3.0500
vt -3.0500 0.1866
vt 1.8500 0.1866
vt -3.0500 0.0000
vt 1.9000 0.0000
vt 1.9000 -3.0500
vt 1.9500 -3.0500
vt 2.7000 -3.0500
vt -3.0500 0.0000
vt 2.7500 -3.0500
vt -3.0500 0.5000
vt 2.8000 -3.0500
vt 2.8500 -3.0500
vt 7.0500 -3.0500
vt -3.0500 0.5000
vt 7.1000 -3.0500
vt -3.0500 0.2180
vt -3.0500 0.0000
vt 7.2000 -3.0500
vt 7.2500 -3.0500
vt 8.4500 -3.0500
vt -3.0500 0.0000
vt 8.5000 -3.0500
vt -3.0500 0.5000
vt 8.5500 0.5000
vt 8.5500 -3.0500
vt -3.0500 0.5000
vt 8.6000 0.5000
vt 8.6000 -3.0500
vt 8.6500 -3.0500
vt 9.9000 -3.0500
vt -3.0500 0.5000
vt 9.9500 0.5000
vt 9.9500 -3.0500
vt 10.0000 0.5000
vt 10.0500 0.5000
vt 10.1000 0.5000
vt 10.1500 0.5000
vt 10.1500 -3.0500
vt 10.2000 0.4677
vt 10.2000 -3.0500
vt -3.0500 0.1196
vt 10.2500 0.1196
vt -3.0500 0.0000
vt 10.3000 0.0000
vt 10.3000 -3.0500
vt 10.3500 0.0000
vt 10.4000 0.0000
vt 10.4500 0.0000
vt 10.5000 0.0000
vt 10.5500 0.0000
vt 10.6000 0.0000
vt 10.6500 0.0000
vt 10.7000 0.0000
vt 10.7500 0.0000
vt 10.8000 0.0000
vt 10.8500 0.0000
vt 10.9000 0.0000
vt 10.9500 0.0000
vt 11.0000 0.0000
vt 11.0500 0.0000
vt 11.1000 0.0000
vt 11.1500 0.0000
vt 11.2000 0.0000
vt 11.2500 0.0000
vt -3.0500 0.0000
vt 11.3000 0.0000
vt 11.3000 -3.0500
vt 11.3500 -3.0500
vt 12.7500 -3.0500
vt -3.0500 0.0000
vt 12.8000 0.0000
vt 12.8000 -3.0500
vt -3.0500 0.2602
vt 12.8500 0.2602
vt -3.0500 0.5000
vt 12.9000 -3.0500
vt 12.9500 -3.0500
vt 1.7000 -3.0000
vt -3.0000 0.5000
vt 1.7500 0.5000
vt 1.7500 -3.0000
vt -3.0000 0.2855
vt 1.8000 0.2855
vt -3.0000 0.0000
vt 1.8500 -3.0000
vt 1.9000 -3.0000
vt 2.6500 -3.0000
vt -3.0000 0.0000
vt 2.7000 -3.0000
vt -3.0000 0.5000
vt 2.7500 -3.0000
vt 2.8000 -3.0000
vt 7.1000 -3.0000
vt -3.0000 0.5000
vt 7.1500 -3.0000
vt -3.0000 0.1896
vt -3.0000 0.0000
vt 7.2500 -3.0000
vt 7.3000 -3.0000
vt 8.5000 -3.0000
vt -3.0000 0.0000
vt 8.5500 0.0000
vt 8.5500 -3.0000
vt -3.0000 0.0000
vt 8.6000 0.0000
vt 8.6000 -3.0000
vt -3.0000 0.5000
vt 8.6500 0.5000
vt 8.6500 -3.0000
vt 8.7000 0.5000
vt -3.0000 0.5000
vt 8.7500 0.5000
vt 8.7500 -3.0000
vt 8.8000 -3.0000
vt 9.7000 -3.0000
vt -3.0000 0.5000
vt 9.7500 0.5000
vt 9.7500 -3.0000
vt 9.8000 0.5000
vt 9.8500 0.5000
vt -3.0000 0.5000
vt 9.9000 0.5000
vt 9.9000 -3.0000
vt -3.0000 0.2101
vt 9.9500 0.2101
vt -3.0000 0.0000
vt 10.0000 0.0000
vt 10.0000 -3.0000
vt 10.0500 0.0000
vt 10.1000 0.0000
vt 10.1500 0.0000
vt 10.2000 0.0000
vt -3.0000 0.0000
vt 10.2500 0.0000
vt 10.2500 -3.0000
vt 10.3000 -3.0000
vt 12.7000 -3.0000
vt -3.0000 0.0000
vt 12.7500 -3.0000
vt -3.0000 0.4457
vt 12.8000 0.4457
vt -3.0000 0.5000
vt 12.8500 0.5000
vt 12.8500 -3.0000
vt 12.9000 -3.0000
vt 1.6500 -2.9500
vt -2.9500 0.5000
vt 1.7000 0.5000
vt 1.7000 -2.9500
vt -2.9500 0.2219
vt 1.7500 0.2219
vt -2.9500 0.0000
vt 1.8000 0.0000
vt 1.8000 -2.9500
vt 1.8500 -2.9500
vt 2.5500 -2.9500
vt -2.9500 0.0000
vt 2.6000 0.0000
vt 2.6000 -2.9500
vt -2.9500 0.0000
vt 2.6500 0.0000
vt 2.6500 -2.9500
vt -2.9500 0.5000
vt 2.7000 -2.9500
vt 2.7500 -2.9500
vt 7.1500 -2.9500
vt -2.9500 0.5000
vt 7.2000 -2.9500
vt -2.9500 0.0282
vt 7.2500 -2.9500
vt 7.3000 -2.9500
vt 8.6000 -2.9500
vt -2.9500 0.0000
vt 8.6500 0.0000
vt 8.6500 -2.9500
vt -2.9500 0.0000
vt 8.7000 0.0000
vt 8.7000 -2.9500
vt -2.9500 0.1951
vt 8.7500 0.1951
vt -2.9500 0.5000
vt 8.8000 0.5000
vt 8.8000 -2.9500
vt -2.9500 0.5000
vt 8.8500 0.5000
vt 8.8500 -2.9500
vt 8.9000 -2.9500
vt 9.4500 -2.9500
vt -2.9500 0.5000
vt 9.5000 0.5000
vt 9.5000 -2.9500
vt 9.5500 0.5000
vt 9.6000 0.5000
vt 9.6500 0.5000
vt -2.9500 0.5000
vt 9.7000 0.5000
vt 9.7000 -2.9500
vt -2.9500 0.0499
vt 9.7500 0.0499
vt 9.7500 -2.9500
vt 9.8000 0.0000
vt 9.8000 -2.9500
vt 9.8500 0.0000
vt 9.9000 0.0000
vt -2.9500 0.0000
vt 9.9500 0.0000
vt 9.9500 -2.9500
vt 10.0000 -2.9500
vt 12.6500 -2.9500
vt -2.9500 0.0000
vt 12.7000 0.0000
vt 12.7000 -2.9500
vt -2.9500 0.1985
vt 12.7500 0.1985
vt -2.9500 0.5000
vt 12.8000 -2.9500
vt 12.8500 -2.9500
vt 1.6000 -2.9000
vt -2.9000 0.5000
vt 1.6500 -2.9000
vt -2.9000 0.0000
vt 1.7000 0.0000
vt 1.7000 -2.9000
vt -2.9000 0.0000
vt 1.7500 0.0000
vt 1.7500 -2.9000
vt 1.8000 -2.9000
vt 2.5000 -2.9000
vt -2.9000 0.0000
vt 2.5500 0.0000
vt 2.5500 -2.9000
vt -2.9000 0.1001
vt 2.6000 0.1001
vt -2.9000 0.5000
vt 2.6500 0.5000
vt 2.6500 -2.9000
vt 2.7000 -2.9000
vt 7.2000 -2.9000
vt -2.9000 0.5000
vt 7.2500 -2.9000
vt -2.9000 0.0000
vt 7.3000 -2.9000
vt 7.3500 -2.9000
vt 8.7000 -2.9000
vt -2.9000 0.0000
vt 8.7500 0.0000
vt 8.7500 -2.9000
vt 8.8000 0.0000
vt -2.9000 0.0000
vt 8.8500 0.0000
vt 8.8500 -2.9000
vt -2.9000 0.5000
vt 8.9000 0.5000
vt 8.9000 -2.9000
vt 8.9500 0.5000
vt 9.0000 0.5000
vt 9.0500 0.5000
vt 9.1000 0.5000
vt -2.9000 0.5000
vt 9.1500 0.5000
vt 9.1500 -2.9000
vt 9.2000 -2.9000
vt 9.3500 -2.9000
vt -2.9000 0.5000
vt 9.4000 0.5000
vt 9.4000 -2.9000
vt -2.9000 0.5000
vt 9.4500 0.5000
vt 9.4500 -2.9000
vt -2.9000 0.3931
vt 9.5000 0.3931
vt -2.9000 0.0000
vt 9.5500 0.0000
vt 9.5500 -2.9000
vt 9.6000 0.0000
vt 9.6500 0.0000
vt 9.7000 0.0000
vt 9.7000 -2.9000
vt 9.7500 -2.9000
vt 9.8000 -2.9000
vt 12.6000 -2.9000
vt -2.9000 0.0000
vt 12.6500 0.0000
vt 12.6500 -2.9000
vt -2.9000 0.2025
vt 12.7000 0.2025
vt -2.9000 0.5000
vt 12.7500 0.5000
vt 12.7500 -2.9000
vt 12.8000 -2.9000
vt 1.5500 -2.8500
vt -2.8500 0.5000
vt 1.6000 -2.8500
vt -2.8500 0.0000
vt 1.6500 -2.8500
vt 1.7000 -2.8500
vt 2.4500 -2.8500
vt -2.8500 0.0000
vt 2.5000 0.0000
vt 2.5000 -2.8500
vt -2.8500 0.2429
vt 2.5500 0.2429
vt -2.8500 0.5000
vt 2.6000 0.5000
vt 2.6000 -2.8500
vt 2.6500 -2.8500
vt -2.8500 0.5000
vt 7.2500 -2.8500
vt -2.8500 0.3289
vt -2.8500 0.0000
vt 7.3500 -2.8500
vt 8.8500 -2.8500
vt -2.8500 0.0000
vt 8.9000 0.0000
vt 8.9000 -2.8500
vt 8.9500 0.0000
vt 9.0000 0.0000
vt 9.0500 0.0000
vt -2.8500 0.0000
vt 9.1000 0.0000
vt 9.1000 -2.8500
vt -2.8500 0.3497
vt 9.1500 0.3497
vt -2.8500 0.5000
vt 9.2000 0.5000
vt 9.2000 -2.8500
vt 9.2500 0.5000
vt 9.3000 0.5000
vt -2.8500 0.5000
vt 9.3500 0.5000
vt 9.3500 -2.8500
vt -2.8500 0.0372
vt 9.4000 0.0372
vt 9.4000 -2.8500
vt 9.4500 0.0000
vt 9.4500 -2.8500
vt -2.8500 0.0000
vt 9.5000 0.0000
vt 9.5000 -2.8500
vt 9.5500 -2.8500
vt 12.5500 -2.8500
vt -2.8500 0.0000
vt 12.6000 -2.8500
vt -2.8500 0.5000
vt 12.6500 0.5000
vt 12.6500 -2.8500
vt -2.8500 0.5000
vt 12.7000 0.5000
vt 12.7000 -2.8500
vt 12.7500 -2.8500
vt 1.5000 -2.8000
vt -2.8000 0.5000
vt 1.5500 -2.8000
vt -2.8000 0.0000
vt 1.6000 -2.8000
vt 1.6500 -2.8000
vt 2.4000 -2.8000
vt -2.8000 0.0000
vt 2.4500 -2.8000
vt -2.8000 0.3003
vt 2.5000 0.3003
vt -2.8000 0.5000
vt 2.5500 0.5000
vt 2.5500 -2.8000
vt 2.6000 -2.8000
vt 7.2500 -2.8000
vt -2.8000 0.5000
vt 7.3000 -2.8000
vt -2.8000 0.0000
vt 9.1000 -2.8000
vt -2.8000 0.0000
vt 9.1500 0.0000
vt 9.1500 -2.8000
vt 9.2000 0.0000
vt 9.2500 0.0000
vt 9.3000 0.0000
vt 9.3500 0.0000
vt 9.3500 -2.8000
vt 9.4000 -2.8000
vt 9.4500 -2.8000
vt -2.8000 0.0000
vt 12.5500 -2.8000
vt -2.8000 0.4553
vt 12.6000 -2.8000
vt 12.6500 -2.8000
vt 1.4000 -2.7500
vt -2.7500 0.5000
vt 1.4500 0.5000
vt 1.4500 -2.7500
vt -2.7500 0.5000
vt 1.5000 0.5000
vt 1.5000 -2.7500
vt -2.7500 0.0000
vt 1.5500 -2.7500
vt 1.6000 -2.7500
vt -2.7500 0.0000
vt 2.4000 -2.7500
vt -2.7500 0.1275
vt -2.7500 0.5000
vt 2.5000 -2.7500
vt 2.5500 -2.7500
vt -2.7500 0.5000
vt -2.7500 0.0000
vt 7.3500 -2.7500
vt 7.4000 -2.7500
vt -2.7500 0.0000
vt -2.7500 0.5000
vt 12.6000 -2.7500
vt 12.6500 -2.7500
vt 1.3500 -2.7000
vt -2.7000 0.5000
vt 1.4000 -2.7000
vt -2.7000 0.1889
vt 1.4500 0.1889
vt -2.7000 0.0000
vt 1.5000 0.0000
vt 1.5000 -2.7000
vt 1.5500 -2.7000
vt 2.3000 -2.7000
vt -2.7000 0.0000
vt 2.3500 0.0000
vt 2.3500 -2.7000
vt -2.7000 0.0000
vt 2.4000 0.0000
vt -2.7000 0.5000
vt 2.4500 -2.7000
vt 2.5000 -2.7000
vt -2.7000 0.5000
vt -2.7000 0.0662
vt -2.7000 0.0000
vt 7.4000 -2.7000
vt 12.5000 -2.7000
vt -2.7000 0.0000
vt 12.5500 -2.7000
vt -2.7000 0.5000
vt -2.6500 0.5000
vt 1.3500 -2.6500
vt -2.6500 0.2276
vt -2.6500 0.0000
vt 1.4500 -2.6500
vt 1.5000 -2.6500
vt 2.2500 -2.6500
vt -2.6500 0.0000
vt 2.3000 0.0000
vt 2.3000 -2.6500
vt -2.6500 0.0928
vt 2.3500 0.0928
vt -2.6500 0.5000
vt 2.4000 0.5000
vt 2.4000 -2.6500
vt 2.4500 -2.6500
vt -2.6500 0.5000
vt -2.6500 0.0000
vt 7.3500 -2.6500
vt 7.4000 -2.6500
vt -2.6500 0.0000
vt 12.5000 -2.6500
vt -2.6500 0.3496
vt -2.6500 0.5000
vt 12.6000 -2.6500
vt 1.3000 -2.6000
vt -2.6000 0.5000
vt 1.3500 -2.6000
vt -2.6000 0.0000
vt 1.4000 -2.6000
vt 1.4500 -2.6000
vt 2.2000 -2.6000
vt -2.6000 0.0000
vt 2.2500 0.0000
vt 2.2500 -2.6000
vt -2.6000 0.4636
vt 2.3000 0.4636
vt 2.3000 -2.6000
vt -2.6000 0.5000
vt 2.3500 0.5000
vt 2.3500 -2.6000
vt 2.4000 -2.6000
vt -2.6000 0.5000
vt -2.6000 0.0000
vt -2.6000 0.0000
vt -2.6000 0.4797
vt 12.5500 -2.6000
vt 12.6000 -2.6000
vt 1.2500 -2.5500
vt -2.5500 0.5000
vt 1.3000 -2.5500
vt -2.5500 0.0000
vt 1.3500 -2.5500
vt 1.4000 -2.5500
vt 2.1500 -2.5500
vt -2.5500 0.0000
vt 2.2000 -2.5500
vt -2.5500 0.5000
vt 2.2500 0.5000
vt 2.2500 -2.5500
vt 2.3000 -2.5500
vt 2.3500 -2.5500
vt -2.5500 0.5000
vt -2.5500 0.0000
vt -2.5500 0.0000
vt -2.5500 0.5000
vt 12.5500 -2.5500
vt 12.6000 -2.5500
vt -2.5000 0.5000
vt 1.2500 -2.5000
vt -2.5000 0.3096
vt -2.5000 0.0000
vt 1.3500 -2.5000
vt 2.0500 -2.5000
vt -2.5000 0.0000
vt 2.1000 0.0000
vt 2.1000 -2.5000
vt -2.5000 0.0000
vt 2.1500 0.0000
vt 2.1500 -2.5000
vt -2.5000 0.5000
vt 2.2000 -2.5000
vt 2.2500 -2.5000
vt -2.5000 0.5000
vt -2.5000 0.0000
vt -2.5000 0.0000
vt -2.5000 0.5000
vt 12.5500 -2.5000
vt 12.6000 -2.5000
vt 1.2000 -2.4500
vt -2.4500 0.5000
vt 1.2500 -2.4500
vt -2.4500 0.0000
vt 1.3000 -2.4500
vt 1.3500 -2.4500
vt 2.0000 -2.4500
vt -2.4500 0.0000
vt 2.0500 0.0000
vt 2.0500 -2.4500
vt -2.4500 0.0757
vt 2.1000 0.0757
vt -2.4500 0.5000
vt 2.1500 0.5000
vt 2.1500 -2.4500
vt 2.2000 -2.4500
vt -2.4500 0.5000
vt -2.4500 0.0000
vt -2.4500 0.0000
vt -2.4500 0.4711
vt 12.5500 -2.4500
vt 12.6000 -2.4500
vt 1.1500 -2.4000
vt -2.4000 0.5000
vt 1.2000 -2.4000
vt -2.4000 0.0000
vt 1.2500 -2.4000
vt 1.3000 -2.4000
vt 1.9500 -2.4000
vt -2.4000 0.0000
vt 2.0000 -2.4000
vt -2.4000 0.0874
vt 2.0500 0.0874
vt -2.4000 0.5000
vt 2.1000 0.5000
vt 2.1000 -2.4000
vt 2.1500 -2.4000
vt -2.4000 0.5000
vt -2.4000 0.0000
vt -2.4000 0.0000
vt 12.5000 -2.4000
vt -2.4000 0.0866
vt -2.4000 0.5000
vt 12.6000 -2.4000
vt -2.3500 0.5000
vt 1.1500 -2.3500
vt -2.3500 0.0000
vt 1.2000 -2.3500
vt 1.2500 -2.3500
vt 1.9500 -2.3500
vt -2.3500 0.0276
vt 2.0000 -2.3500
vt -2.3500 0.5000
vt 2.0500 -2.3500
vt 2.1000 -2.3500
vt -2.3500 0.5000
vt -2.3500 0.0000
vt 12.5000 -2.3500
vt -2.3500 0.0000
vt 12.5500 -2.3500
vt -2.3500 0.5000
vt 1.1000 -2.3000
vt -2.3000 0.5000
vt 1.1500 -2.3000
vt -2.3000 0.0000
vt 1.2000 -2.3000
vt 1.9000 -2.3000
vt -2.3000 0.0000
vt 1.9500 -2.3000
vt -2.3000 0.5000
vt 2.0000 -2.3000
vt 2.0500 -2.3000
vt -2.3000 0.5000
vt -2.3000 0.0000
vt -2.3000 0.0000
vt -2.3000 0.5000
vt 1.0500 -2.2500
vt -2.2500 0.5000
vt 1.1000 -2.2500
vt -2.2500 0.0000
vt 1.1500 -2.2500
vt 1.2000 -2.2500
vt 1.8500 -2.2500
vt -2.2500 0.0000
vt 1.9000 -2.2500
vt -2.2500 0.5000
vt 1.9500 -2.2500
vt 2.0000 -2.2500
vt -2.2500 0.5000
vt -2.2500 0.0000
vt -2.2500 0.0000
vt -2.2500 0.5000
vt -2.2000 0.5000
vt 1.0500 -2.2000
vt -2.2000 0.0000
vt 1.1000 -2.2000
vt 1.1500 -2.2000
vt 1.8000 -2.2000
vt -2.2000 0.0000
vt 1.8500 -2.2000
vt -2.2000 0.5000
vt 1.9000 -2.2000
vt 1.9500 -2.2000
vt -2.2000 0.5000
vt -2.2000 0.0000
vt -2.2000 0.0000
vt 12.5500 -2.2000
vt -2.2000 0.5000
vt 12.6000 -2.2000
vt 12.6500 -2.2000
vt 1.0000 -2.1500
vt -2.1500 0.5000
vt 1.0500 -2.1500
vt -2.1500 0.0000
vt 1.1000 -2.1500
vt -2.1500 0.0000
vt 1.8000 -2.1500
vt -2.1500 0.2718
vt -2.1500 0.5000
vt 1.9000 -2.1500
vt -2.1500 0.5000
vt -2.1500 0.0000
vt 12.5500 -2.1500
vt -2.1500 0.0000
vt 12.6000 -2.1500
vt -2.1500 0.5000
vt 12.6500 -2.1500
vt 0.9500 -2.1000
vt -2.1000 0.5000
vt 1.0000 -2.1000
vt -2.1000 0.0000
vt 1.0500 -2.1000
vt 1.1000 -2.1000
vt 1.7500 -2.1000
vt -2.1000 0.0000
vt 1.8000 -2.1000
vt -2.1000 0.5000
vt 1.8500 -2.1000
vt 1.9000 -2.1000
vt 7.2500 -2.1000
vt -2.1000 0.5000
vt 7.3000 -2.1000
vt -2.1000 0.0000
vt 7.3500 -2.1000
vt -2.1000 0.0000
vt -2.1000 0.5000
vt 12.6500 -2.1000
vt 12.7000 -2.1000
vt 0.9000 -2.0500
vt -2.0500 0.5000
vt 0.9500 -2.0500
vt -2.0500 0.0000
vt 1.0000 -2.0500
vt 1.0500 -2.0500
vt -2.0500 0.0000
vt 1.7500 -2.0500
vt -2.0500 0.4627
vt 1.8000 -2.0500
vt 1.8500 -2.0500
vt -2.0500 0.5000
vt 7.2500 -2.0500
vt -2.0500 0.0000
vt 7.3000 -2.0500
vt 7.3500 -2.0500
vt -2.0500 0.0000
vt 12.6000 -2.0500
vt -2.0500 0.2200
vt -2.0500 0.5000
vt 12.7000 -2.0500
vt -2.0000 0.5000
vt 0.9000 -2.0000
vt -2.0000 0.2694
vt -2.0000 0.0000
vt 1.0000 -2.0000
vt 1.7000 -2.0000
vt -2.0000 0.0000
vt 1.7500 -2.0000
vt -2.0000 0.5000
vt 1.8000 -2.0000
vt 1.8500 -2.0000
vt 7.2000 -2.0000
vt -2.0000 0.5000
vt 7.2500 -2.0000
vt -2.0000 0.0000
vt 12.6000 -2.0000
vt -2.0000 0.0000
vt 12.6500 -2.0000
vt -2.0000 0.5000
vt 0.8500 -1.9500
vt -1.9500 0.5000
vt 0.9000 -1.9500
vt -1.9500 0.0000
vt 0.9500 -1.9500
vt 1.0000 -1.9500
vt -1.9500 0.0000
vt 1.7000 -1.9500
vt -1.9500 0.2385
vt -1.9500 0.5000
vt 1.8000 -1.9500
vt 7.2000 -1.9500
vt -1.9500 0.4516
vt 7.2500 -1.9500
vt -1.9500 0.0000
vt 7.3000 -1.9500
vt -1.9500 0.0000
vt -1.9500 0.5000
vt -1.9000 0.5000
vt 0.8500 -1.9000
vt -1.9000 0.2404
vt -1.9000 0.0000
vt 0.9500 -1.9000
vt -1.9000 0.0000
vt -1.9000 0.5000
vt 1.7500 -1.9000
vt 1.8000 -1.9000
vt -1.9000 0.5000
vt 7.2000 -1.9000
vt -1.9000 0.0000
vt 7.2500 -1.9000
vt 7.3000 -1.9000
vt -1.9000 0.0000
vt -1.9000 0.5000
vt 0.8000 -1.8500
vt -1.8500 0.5000
vt 0.8500 -1.8500
vt -1.8500 0.0000
vt 0.9000 -1.8500
vt 0.9500 -1.8500
vt -1.8500 0.0000
vt -1.8500 0.5000
vt 7.1500 -1.8500
vt -1.8500 0.5000
vt 7.2000 -1.8500
vt -1.8500 0.0000
vt 7.2500 -1.8500
vt -1.8500 0.0000
vt -1.8500 0.5000
vt -1.8000 0.5000
vt 0.8000 -1.8000
vt -1.8000 0.0000
vt 0.8500 -1.8000
vt 0.9000 -1.8000
vt 1.6500 -1.8000
vt -1.8000 0.0000
vt 1.7000 -1.8000
vt -1.8000 0.5000
vt 7.1000 -1.8000
vt -1.8000 0.5000
vt 7.1500 -1.8000
vt -1.8000 0.0312
vt 7.2000 -1.8000
vt 7.2500 -1.8000
vt -1.8000 0.0000
vt -1.8000 0.5000
vt 0.7500 -1.7500
vt -1.7500 0.5000
vt 0.8000 -1.7500
vt -1.7500 0.0000
vt 0.8500 -1.7500
vt -1.7500 0.0000
vt 1.6500 -1.7500
vt -1.7500 0.4327
vt -1.7500 0.5000
vt 1.7500 -1.7500
vt -1.7500 0.5000
vt 7.1000 -1.7500
vt -1.7500 0.4168
vt -1.7500 0.0000
vt 7.2000 -1.7500
vt 7.2500 -1.7500
vt -1.7500 0.0000
vt -1.7500 0.5000
vt -1.7000 0.5000
vt 0.7500 -1.7000
vt -1.7000 0.0000
vt 0.8000 -1.7000
vt 0.8500 -1.7000
vt -1.7000 0.0000
vt -1.7000 0.5000
vt 1.7000 -1.7000
vt 1.7500 -1.7000
vt 7.0500 -1.7000
vt -1.7000 0.5000
vt 7.1000 -1.7000
vt -1.7000 0.0000
vt 7.1500 -1.7000
vt 7.2000 -1.7000
vt -1.7000 0.0000
vt -1.7000 0.5000
vt 0.7000 -1.6500
vt -1.6500 0.5000
vt 0.7500 -1.6500
vt -1.6500 0.0000
vt 1.6000 -1.6500
vt -1.6500 0.0000
vt 1.6500 -1.6500
vt -1.6500 0.5000
vt -1.6500 0.5000
vt 7.0500 -1.6500
vt -1.6500 0.2733
vt -1.6500 0.0000
vt 7.1500 -1.6500
vt -1.6500 0.0000
vt -1.6500 0.5000
vt -1.6000 0.5000
vt 0.7000 -1.6000
vt -1.6000 0.1426
vt -1.6000 0.0000
vt 0.8000 -1.6000
vt -1.6000 0.0000
vt 1.6000 -1.6000
vt -1.6000 0.4140
vt -1.6000 0.5000
vt 1.7000 -1.6000
vt -1.6000 0.5000
vt -1.6000 0.0000
vt 7.1000 -1.6000
vt 7.1500 -1.6000
vt -1.6000 0.0000
vt -1.6000 0.5000
vt 12.7000 -1.6000
vt 12.7500 -1.6000
vt 0.6500 -1.5500
vt -1.5500 0.5000
vt 0.7000 -1.5500
vt -1.5500 0.0000
vt 0.7500 -1.5500
vt 0.8000 -1.5500
vt -1.5500 0.0000
vt -1.5500 0.5000
vt 1.6500 -1.5500
vt 1.7000 -1.5500
vt 7.0000 -1.5500
vt -1.5500 0.5000
vt 7.0500 -1.5500
vt -1.5500 0.0000
vt 7.1000 -1.5500
vt -1.5500 0.0000
vt 12.6500 -1.5500
vt -1.5500 0.3412
vt -1.5500 0.5000
vt 12.7500 -1.5500
vt 0.6000 -1.5000
vt -1.5000 0.5000
vt 0.6500 -1.5000
vt -1.5000 0.0000
vt 0.7000 -1.5000
vt 0.7500 -1.5000
vt 1.5500 -1.5000
vt -1.5000 0.0000
vt 1.6000 -1.5000
vt -1.5000 0.5000
vt 1.6500 -1.5000
vt 6.9500 -1.5000
vt -1.5000 0.5000
vt 7.0000 -1.5000
vt -1.5000 0.0000
vt 7.0500 -1.5000
vt 7.1000 -1.5000
vt 12.6500 -1.5000
vt -1.5000 0.0000
vt 12.7000 -1.5000
vt -1.5000 0.5000
vt 0.5500 -1.4500
vt -1.4500 0.5000
vt 0.6000 -1.4500
vt -1.4500 0.0000
vt 0.6500 -1.4500
vt 0.7000 -1.4500
vt -1.4500 0.0000
vt 1.5500 -1.4500
vt -1.4500 0.4640
vt 1.6000 -1.4500
vt 1.6500 -1.4500
vt -1.4500 0.5000
vt 6.9500 -1.4500
vt -1.4500 0.4459
vt -1.4500 0.0000
vt 7.0500 -1.4500
vt -1.4500 0.0000
vt -1.4500 0.5000
vt 12.7500 -1.4500
vt 12.8000 -1.4500
vt 0.4500 -1.4000
vt -1.4000 0.5000
vt 0.5000 0.5000
vt 0.5000 -1.4000
vt -1.4000 0.5000
vt 0.5500 0.5000
vt 0.5500 -1.4000
vt -1.4000 0.0000
vt 0.6000 -1.4000
vt 0.6500 -1.4000
vt 1.5000 -1.4000
vt -1.4000 0.0000
vt 1.5500 -1.4000
vt -1.4000 0.5000
vt 1.6000 -1.4000
vt 1.6500 -1.4000
vt 6.9000 -1.4000
vt -1.4000 0.5000
vt 6.9500 -1.4000
vt -1.4000 0.0000
vt 7.0000 -1.4000
vt 7.0500 -1.4000
vt -1.4000 0.0000
vt 12.7000 -1.4000
vt -1.4000 0.4163
vt -1.4000 0.5000
vt 12.8000 -1.4000
vt 0.3000 -1.3500
vt -1.3500 0.5000
vt 0.3500 0.5000
vt 0.3500 -1.3500
vt 0.4000 0.5000
vt -1.3500 0.5000
vt 0.4500 0.5000
vt 0.4500 -1.3500
vt -1.3500 0.0000
vt 0.5000 0.0000
vt 0.5000 -1.3500
vt -1.3500 0.0000
vt 0.5500 0.0000
vt 0.5500 -1.3500
vt 0.6000 -1.3500
vt -1.3500 0.0000
vt 1.5000 -1.3500
vt -1.3500 0.2648
vt -1.3500 0.5000
vt 1.6000 -1.3500
vt 6.8500 -1.3500
vt -1.3500 0.5000
vt 6.9000 -1.3500
vt -1.3500 0.0000
vt 6.9500 -1.3500
vt 7.0000 -1.3500
vt 12.7000 -1.3500
vt -1.3500 0.0000
vt 12.7500 -1.3500
vt -1.3500 0.5000
vt 0.1000 -1.3000
vt -1.3000 0.5000
vt 0.1500 0.5000
vt 0.1500 -1.3000
vt 0.2000 0.5000
vt 0.2500 0.5000
vt -1.3000 0.5000
vt 0.3000 0.5000
vt 0.3000 -1.3000
vt -1.3000 0.0768
vt 0.3500 0.0768
vt -1.3000 0.0000
vt 0.4000 0.0000
vt 0.4000 -1.3000
vt -1.3000 0.0000
vt 0.4500 0.0000
vt 0.4500 -1.3000
vt 0.5000 -1.3000
vt -1.3000 0.0000
vt -1.3000 0.5000
vt 1.5500 -1.3000
vt 1.6000 -1.3000
vt -1.3000 0.5000
vt 6.8500 -1.3000
vt -1.3000 0.0263
vt 6.9000 -1.3000
vt 6.9500 -1.3000
vt -1.3000 0.0000
vt -1.3000 0.5000
vt 12.8000 -1.3000
vt 12.8500 -1.3000
vt -0.0500 -1.2500
vt -1.2500 0.5000
vt -0.0000 0.5000
vt -0.0000 -1.2500
vt 0.0500 0.5000
vt -1.2500 0.5000
vt 0.1000 0.5000
vt 0.1000 -1.2500
vt -1.2500 0.1225
vt 0.1500 0.1225
vt -1.2500 0.0000
vt 0.2000 0.0000
vt 0.2000 -1.2500
vt 0.2500 0.0000
vt 0.3000 0.0000
vt -1.2500 0.0000
vt 0.3500 0.0000
vt 0.3500 -1.2500
vt 0.4000 -1.2500
vt 1.4500 -1.2500
vt -1.2500 0.0000
vt 1.5000 -1.2500
vt -1.2500 0.5000
vt 6.8000 -1.2500
vt -1.2500 0.5000
vt 6.8500 -1.2500
vt -1.2500 0.0000
vt 6.9000 -1.2500
vt 6.9500 -1.2500
vt -1.2500 0.0000
vt 12.7500 -1.2500
vt -1.2500 0.2118
vt -1.2500 0.5000
vt 12.8500 -1.2500
vt -0.1500 -1.2000
vt -1.2000 0.5000
vt -0.1000 0.5000
vt -0.1000 -1.2000
vt -1.2000 0.5000
vt -0.0500 0.5000
vt -0.0500 -1.2000
vt -1.2000 0.1523
vt -0.0000 0.1523
vt -1.2000 0.0000
vt 0.0500 0.0000
vt 0.0500 -1.2000
vt 0.1000 0.0000
vt -1.2000 0.0000
vt 0.1500 0.0000
vt 0.1500 -1.2000
vt 0.2000 -1.2000
vt -1.2000 0.0000
vt 1.4500 -1.2000
vt -1.2000 0.3720
vt -1.2000 0.5000
vt 1.5500 -1.2000
vt -1.2000 0.5000
vt 6.8000 -1.2000
vt -1.2000 0.0000
vt 6.8500 -1.2000
vt 6.9000 -1.2000
vt 12.7500 -1.2000
vt -1.2000 0.0000
vt 12.8000 -1.2000
vt -1.2000 0.5000
vt 12.8500 -1.2000
vt 12.9000 -1.2000
vt -0.3500 -1.1500
vt -1.1500 0.5000
vt -0.3000 0.5000
vt -0.3000 -1.1500
vt -0.2500 0.5000
vt -0.2000 0.5000
vt -1.1500 0.5000
vt -0.1500 0.5000
vt -0.1500 -1.1500
vt -1.1500 0.0000
vt -0.1000 0.0000
vt -0.1000 -1.1500
vt -0.0500 0.0000
vt -1.1500 0.0000
vt -0.0000 0.0000
vt -0.0000 -1.1500
vt 0.0500 -1.1500
vt 1.4000 -1.1500
vt -1.1500 0.0000
vt 1.4500 -1.1500
vt -1.1500 0.5000
vt 1.5000 -1.1500
vt 1.5500 -1.1500
vt 6.7500 -1.1500
vt -1.1500 0.5000
vt 6.8000 -1.1500
vt -1.1500 0.0000
vt 6.8500 -1.1500
vt -1.1500 0.0000
vt 12.8000 -1.1500
vt -1.1500 0.3605
vt -1.1500 0.5000
vt 12.9000 -1.1500
vt -1.0500 -1.1000
vt -1.0000 -1.1000
vt -0.9500 0.5000
vt -0.9500 -1.1000
vt -0.9000 0.5000
vt -0.8500 0.5000
vt -0.8000 0.5000
vt -0.7500 0.5000
vt -0.7000 0.5000
vt -0.6500 0.5000
vt -0.6000 0.5000
vt -0.5500 0.5000
vt -0.5000 0.5000
vt -0.4500 0.5000
vt -0.4000 0.5000
vt -1.1000 0.5000
vt -0.3500 0.5000
vt -0.3500 -1.1000
vt -1.1000 0.3049
vt -0.3000 0.3049
vt -1.1000 0.0000
vt -0.2500 0.0000
vt -0.2500 -1.1000
vt -0.2000 0.0000
vt -1.1000 0.0000
vt -0.1500 0.0000
vt -0.1500 -1.1000
vt -0.1000 -1.1000
vt -1.1000 0.0000
vt 1.4000 -1.1000
vt -1.1000 0.0769
vt -1.1000 0.5000
vt 1.5000 -1.1000
vt -1.1000 0.5000
vt 6.7500 -1.1000
vt -1.1000 0.0000
vt 6.8000 -1.1000
vt 6.8500 -1.1000
vt 12.8000 -1.1000
vt -1.1000 0.0000
vt 12.8500 -1.1000
vt -1.1000 0.5000
vt -1.1500 -1.0500
vt -1.0500 0.5000
vt -1.1000 0.5000
vt -1.1000 -1.0500
vt -1.0500 0.5000
vt -1.0500 -1.0500
vt -1.0000 0.4975
vt -1.0000 -1.0500
vt -1.0500 0.0561
vt -0.9500 0.0561
vt -1.0500 0.0000
vt -0.9000 0.0000
vt -0.9000 -1.0500
vt -0.8500 0.0000
vt -0.8000 0.0000
vt -0.7500 0.0000
vt -0.7000 0.0000
vt -0.6500 0.0000
vt -0.6000 0.0000
vt -0.5500 0.0000
vt -0.5000 0.0000
vt -0.4500 0.0000
vt -0.4000 0.0000
vt -0.3500 0.0000
vt -1.0500 0.0000
vt -0.3000 0.0000
vt -0.3000 -1.0500
vt -0.2500 -1.0500
vt -1.0500 0.0000
vt -1.0500 0.5000
vt 1.4500 -1.0500
vt 1.5000 -1.0500
vt -1.0500 0.5000
vt -1.0500 0.0000
vt -1.0500 0.0000
vt -1.0500 0.5000
vt -1.2500 -1.0000
vt -1.0000 0.5000
vt -1.2000 0.5000
vt -1.2000 -1.0000
vt -1.0000 0.5000
vt -1.1500 0.5000
vt -1.1500 -1.0000
vt -1.0000 0.1458
vt -1.1000 0.1458
vt -1.0000 0.0000
vt -1.0500 0.0000
vt -1.0500 -1.0000
vt -1.0000 0.0000
vt -1.0000 0.0000
vt -0.9500 0.0000
vt -0.9500 -1.0000
vt -0.9000 -1.0000
vt 1.3500 -1.0000
vt -1.0000 0.0000
vt 1.4000 -1.0000
vt -1.0000 0.5000
vt 6.7000 -1.0000
vt -1.0000 0.5000
vt 6.7500 -1.0000
vt -1.0000 0.0000
vt 6.8000 -1.0000
vt -1.0000 0.0000
vt 12.8500 -1.0000
vt -1.0000 0.5000
vt 12.9000 -1.0000
vt 12.9500 -1.0000
vt -1.3500 -0.9500
vt -0.9500 0.5000
vt -1.3000 0.5000
vt -1.3000 -0.9500
vt -0.9500 0.5000
vt -1.2500 0.5000
vt -1.2500 -0.9500
vt -0.9500 0.0000
vt -1.2000 0.0000
vt -1.2000 -0.9500
vt -1.1500 0.0000
vt -0.9500 0.0000
vt -1.1000 0.0000
vt -1.1000 -0.9500
vt -1.0500 -0.9500
vt -0.9500 0.0000
vt 1.3500 -0.9500
vt -0.9500 0.4303
vt -0.9500 0.5000
vt 1.4500 -0.9500
vt -0.9500 0.5000
vt 6.7000 -0.9500
vt -0.9500 0.0000
vt 6.7500 -0.9500
vt 6.8000 -0.9500
vt 12.8500 -0.9500
vt -0.9500 0.0000
vt 12.9000 -0.9500
vt -0.9500 0.5000
vt 12.9500 -0.9500
vt -1.4000 -0.9000
vt -0.9000 0.5000
vt -1.3500 0.5000
vt -1.3500 -0.9000
vt -0.9000 0.1884
vt -1.3000 0.1884
vt -0.9000 0.0000
vt -1.2500 0.0000
vt -1.2500 -0.9000
vt -1.2000 -0.9000
vt -0.9000 0.0000
vt -0.9000 0.5000
vt 1.4000 -0.9000
vt 1.4500 -0.9000
vt 6.6500 -0.9000
vt -0.9000 0.5000
vt 6.7000 -0.9000
vt -0.9000 0.0000
vt -0.9000 0.0000
vt 12.9000 -0.9000
vt -0.9000 0.5000
vt 12.9500 -0.9000
vt 13.0000 -0.9000
vt -1.4500 -0.8500
vt -0.8500 0.5000
vt -1.4000 -0.8500
vt -0.8500 0.0704
vt -1.3500 0.0704
vt -0.8500 0.0000
vt -1.3000 0.0000
vt -1.3000 -0.8500
vt -1.2500 -0.8500
vt -0.8500 0.0000
vt -0.8500 0.5000
vt -0.8500 0.5000
vt 6.6500 -0.8500
vt -0.8500 0.1227
vt -0.8500 0.0000
vt 6.7500 -0.8500
vt 12.9000 -0.8500
vt -0.8500 0.0000
vt 12.9500 -0.8500
vt -0.8500 0.5000
vt 13.0000 -0.8500
vt -0.8000 0.5000
vt -1.4500 -0.8000
vt -0.8000 0.2674
vt -0.8000 0.0000
vt -1.3500 -0.8000
vt -1.3000 -0.8000
vt -0.8000 0.0000
vt -0.8000 0.5000
vt -0.8000 0.5000
vt -0.8000 0.0000
vt 6.7000 -0.8000
vt 6.7500 -0.8000
vt -0.8000 0.0000
vt -0.8000 0.5000
vt -1.5000 -0.7500
vt -0.7500 0.5000
vt -1.4500 -0.7500
vt -0.7500 0.0000
vt -1.4000 -0.7500
vt -1.3500 -0.7500
vt -0.7500 0.0000
vt -0.7500 0.5000
vt -0.7500 0.5000
vt -0.7500 0.0000
vt -0.7500 0.0000
vt -0.7500 0.5000
vt -0.7000 0.5000
vt -1.5000 -0.7000
vt -0.7000 0.0941
vt -0.7000 0.0000
vt -1.4000 -0.7000
vt -0.7000 0.0000
vt -0.7000 0.5000
vt -0.7000 0.5000
vt -0.7000 0.0000
vt -0.7000 0.0000
vt -0.7000 0.5000
vt -1.5500 -0.6500
vt -0.6500 0.5000
vt -1.5000 -0.6500
vt -0.6500 0.0000
vt -1.4500 -0.6500
vt -1.4000 -0.6500
vt -0.6500 0.0000
vt -0.6500 0.5000
vt -0.6500 0.5000
vt -0.6500 0.0000
vt 6.7000 -0.6500
vt 6.7500 -0.6500
vt -0.6500 0.0000
vt -0.6500 0.5000
vt -0.6000 0.5000
vt -1.5500 -0.6000
vt -0.6000 0.4380
vt -0.6000 0.0000
vt -1.4500 -0.6000
vt -0.6000 0.0000
vt -0.6000 0.5000
vt 1.4000 -0.6000
vt 1.4500 -0.6000
vt -0.6000 0.5000
vt 6.6500 -0.6000
vt -0.6000 0.4294
vt -0.6000 0.0000
vt 6.7500 -0.6000
vt -0.6000 0.0000
vt -0.6000 0.5000
vt -1.6000 -0.5500
vt -0.5500 0.5000
vt -1.5500 -0.5500
vt -0.5500 0.0000
vt -1.5000 -0.5500
vt -1.4500 -0.5500
vt -0.5500 0.0000
vt 1.3500 -0.5500
vt -0.5500 0.1731
vt -0.5500 0.5000
vt 1.4500 -0.5500
vt 6.6500 -0.5500
vt -0.5500 0.5000
vt 6.7000 -0.5500
vt -0.5500 0.0000
vt 6.7500 -0.5500
vt 6.8000 -0.5500
vt -0.5500 0.0000
vt -0.5500 0.5000
vt -1.6500 -0.5000
vt -0.5000 0.5000
vt -1.6000 -0.5000
vt -0.5000 0.0000
vt -1.5500 -0.5000
vt -1.5000 -0.5000
vt 1.3500 -0.5000
vt -0.5000 0.0000
vt 1.4000 -0.5000
vt -0.5000 0.5000
vt -0.5000 0.5000
vt 6.7000 -0.5000
vt -0.5000 0.1315
vt -0.5000 0.0000
vt 6.8000 -0.5000
vt 12.9000 -0.5000
vt -0.5000 0.0000
vt 12.9500 -0.5000
vt -0.5000 0.5000
vt -0.4500 0.5000
vt -1.6500 -0.4500
vt -0.4500 0.1104
vt -0.4500 0.0000
vt -1.5500 -0.4500
vt -0.4500 0.0000
vt 1.4000 -0.4500
vt -0.4500 0.5000
vt 1.4500 -0.4500
vt 1.5000 -0.4500
vt 6.7000 -0.4500
vt -0.4500 0.5000
vt 6.7500 -0.4500
vt -0.4500 0.0000
vt 6.8000 -0.4500
vt 6.8500 -0.4500
vt -0.4500 0.0000
vt 12.9000 -0.4500
vt -0.4500 0.3489
vt -0.4500 0.5000
vt 13.0000 -0.4500
vt -1.7000 -0.4000
vt -0.4000 0.5000
vt -1.6500 -0.4000
vt -0.4000 0.0000
vt -1.6000 -0.4000
vt -1.5500 -0.4000
vt 1.4000 -0.4000
vt -0.4000 0.0000
vt 1.4500 -0.4000
vt -0.4000 0.5000
vt 1.5000 -0.4000
vt 6.7500 -0.4000
vt -0.4000 0.5000
vt 6.8000 -0.4000
vt -0.4000 0.0000
vt 6.8500 -0.4000
vt 6.9000 -0.4000
vt -0.4000 0.0000
vt -0.4000 0.5000
vt 12.9500 -0.4000
vt 13.0000 -0.4000
vt -1.7500 -0.3500
vt -0.3500 0.5000
vt -1.7000 -0.3500
vt -0.3500 0.0000
vt -1.6500 -0.3500
vt -1.6000 -0.3500
vt -0.3500 0.0000
vt 1.4500 -0.3500
vt -0.3500 0.5000
vt 1.5000 -0.3500
vt 1.5500 -0.3500
vt 6.8000 -0.3500
vt -0.3500 0.5000
vt 6.8500 -0.3500
vt -0.3500 0.0000
vt 6.9000 -0.3500
vt 6.9500 -0.3500
vt 12.8500 -0.3500
vt -0.3500 0.0000
vt 12.9000 -0.3500
vt -0.3500 0.5000
vt -1.8000 -0.3000
vt -0.3000 0.5000
vt -1.7500 -0.3000
vt -0.3000 0.0000
vt -1.7000 -0.3000
vt -1.6500 -0.3000
vt 1.4500 -0.3000
vt -0.3000 0.0000
vt 1.5000 -0.3000
vt -0.3000 0.5000
vt 1.5500 -0.3000
vt 6.8500 -0.3000
vt -0.3000 0.5000
vt 6.9000 -0.3000
vt -0.3000 0.0000
vt 6.9500 -0.3000
vt 7.0000 -0.3000
vt -0.3000 0.0000
vt 12.8500 -0.3000
vt -0.3000 0.1807
vt -0.3000 0.5000
vt 12.9500 -0.3000
vt -1.8500 -0.2500
vt -0.2500 0.5000
vt -1.8000 -0.2500
vt -0.2500 0.1277
vt -0.2500 0.0000
vt -1.7000 -0.2500
vt -0.2500 0.0000
vt -0.2500 0.5000
vt 1.5500 -0.2500
vt 1.6000 -0.2500
vt 6.9000 -0.2500
vt -0.2500 0.5000
vt 6.9500 -0.2500
vt -0.2500 0.0000
vt 7.0000 -0.2500
vt 7.0500 -0.2500
vt 12.8000 -0.2500
vt -0.2500 0.0000
vt 12.8500 -0.2500
vt -0.2500 0.5000
vt 12.9000 -0.2500
vt 12.9500 -0.2500
vt -1.9000 -0.2000
vt -0.2000 0.5000
vt -1.8500 0.5000
vt -1.8500 -0.2000
vt -0.2000 0.2590
vt -1.8000 0.2590
vt -0.2000 0.0000
vt -1.7500 -0.2000
vt -1.7000 -0.2000
vt -0.2000 0.0000
vt 1.5000 -0.2000
vt -0.2000 0.3794
vt -0.2000 0.5000
vt 1.6000 -0.2000
vt 6.9500 -0.2000
vt -0.2000 0.5000
vt 7.0000 -0.2000
vt -0.2000 0.0000
vt 7.0500 -0.2000
vt 7.1000 -0.2000
vt 12.7500 -0.2000
vt -0.2000 0.0000
vt 12.8000 -0.2000
vt -0.2000 0.5000
vt 12.8500 -0.2000
vt 12.9000 -0.2000
vt -2.0000 -0.1500
vt -0.1500 0.5000
vt -1.9500 0.5000
vt -1.9500 -0.1500
vt -0.1500 0.5000
vt -1.9000 0.5000
vt -1.9000 -0.1500
vt -0.1500 0.0000
vt -1.8500 0.0000
vt -1.8500 -0.1500
vt -0.1500 0.0000
vt -1.8000 0.0000
vt -1.8000 -0.1500
vt -1.7500 -0.1500
vt 1.5000 -0.1500
vt -0.1500 0.0000
vt 1.5500 -0.1500
vt -0.1500 0.5000
vt 7.0000 -0.1500
vt -0.1500 0.5000
vt 7.0500 -0.1500
vt -0.1500 0.0000
vt 7.1000 0.0000
vt 7.1000 -0.1500
vt -0.1500 0.0000
vt 7.1500 0.0000
vt 7.1500 -0.1500
vt 7.2000 -0.1500
vt 12.7000 -0.1500
vt -0.1500 0.0000
vt 12.7500 -0.1500
vt -0.1500 0.5000
vt 12.8000 -0.1500
vt 12.8500 -0.1500
vt -2.0500 -0.1000
vt -0.1000 0.5000
vt -2.0000 0.5000
vt -2.0000 -0.1000
vt -0.1000 0.1729
vt -1.9500 0.1729
vt -0.1000 0.0000
vt -1.9000 0.0000
vt -1.9000 -0.1000
vt -1.8500 -0.1000
vt -0.1000 0.0000
vt -0.1000 0.5000
vt 1.6000 -0.1000
vt 1.6500 -0.1000
vt 7.0500 -0.1000
vt -0.1000 0.5000
vt 7.1000 0.5000
vt 7.1000 -0.1000
vt -0.1000 0.3919
vt 7.1500 0.3919
vt -0.1000 0.0000
vt 7.2000 0.0000
vt 7.2000 -0.1000
vt 7.2500 -0.1000
vt 12.6500 -0.1000
vt -0.1000 0.0000
vt 12.7000 -0.1000
vt -0.1000 0.5000
vt 12.7500 -0.1000
vt 12.8000 -0.1000
vt -2.2000 -0.0500
vt -0.0500 0.5000
vt -2.1500 0.5000
vt -2.1500 -0.0500
vt -2.1000 0.5000
vt -0.0500 0.5000
vt -2.0500 0.5000
vt -2.0500 -0.0500
vt -0.0500 0.0000
vt -2.0000 0.0000
vt -2.0000 -0.0500
vt -0.0500 0.0000
vt -1.9500 0.0000
vt -1.9500 -0.0500
vt -1.9000 -0.0500
vt -0.0500 0.0000
vt 1.5500 -0.0500
vt -0.0500 0.3942
vt -0.0500 0.5000
vt 1.6500 -0.0500
vt 7.1000 -0.0500
vt -0.0500 0.5000
vt 7.1500 0.5000
vt 7.1500 -0.0500
vt -0.0500 0.5000
vt 7.2000 0.5000
vt 7.2000 -0.0500
vt -0.0500 0.0000
vt 7.2500 0.0000
vt 7.2500 -0.0500
vt -0.0500 0.0000
vt 7.3000 0.0000
vt 7.3000 -0.0500
vt 7.3500 -0.0500
vt 12.6000 -0.0500
vt -0.0500 0.0000
vt 12.6500 -0.0500
vt -0.0500 0.5000
vt 12.7000 -0.0500
vt 12.7500 -0.0500
vt -2.2500 0.0000
vt 0.0000 0.5000
vt -2.2000 0.5000
vt -2.2000 0.0000
vt 0.0000 0.4415
vt -2.1500 0.4415
vt 0.0000 0.0000
vt -2.1000 0.0000
vt -2.1000 0.0000
vt 0.0000 0.0000
vt -2.0500 0.0000
vt -2.0500 0.0000
vt -2.0000 0.0000
vt 1.5500 0.0000
vt 0.0000 0.0000
vt 1.6000 0.0000
vt 0.0000 0.5000
vt 7.2000 0.0000
vt 0.0000 0.5000
vt 7.2500 0.5000
vt 7.2500 0.0000
vt 0.0000 0.4814
vt 7.3000 0.4814
vt 7.3000 0.0000
vt 0.0000 0.0000
vt 7.3500 0.0000
vt 7.3500 0.0000
vt 0.0000 0.0000
vt 7.4000 0.0000
vt 7.4000 0.0000
vt 7.4500 0.0000
vt 12.5500 0.0000
vt 0.0000 0.0000
vt 12.6000 0.0000
vt 0.0000 0.5000
vt 12.6500 0.0000
vt 12.7000 0.0000
vt -2.3500 0.0500
vt 0.0500 0.5000
vt -2.3000 0.5000
vt -2.3000 0.0500
vt 0.0500 0.5000
vt -2.2500 0.5000
vt -2.2500 0.0500
vt 0.0500 0.0000
vt -2.2000 0.0000
vt -2.2000 0.0500
vt 0.0500 0.0000
vt -2.1500 0.0000
vt -2.1500 0.0500
vt -2.1000 0.0500
vt 0.0500 0.0000
vt 0.0500 0.5000
vt 7.2500 0.0500
vt 7.3000 0.0500
vt 0.0500 0.5000
vt 7.3500 0.5000
vt 7.3500 0.0500
vt 0.0500 0.1881
vt 7.4000 0.1881
vt 0.0500 0.0000
vt 7.4500 0.0000
vt 7.4500 0.0500
vt 7.5000 0.0500
vt 12.5000 0.0500
vt 0.0500 0.0000
vt 12.5500 0.0500
vt 0.0500 0.5000
vt 12.6000 0.0500
vt 12.6500 0.0500
vt -2.4500 0.1000
vt 0.1000 0.5000
vt -2.4000 0.5000
vt -2.4000 0.1000
vt 0.1000 0.5000
vt -2.3500 0.5000
vt -2.3500 0.1000
vt 0.1000 0.0000
vt -2.3000 0.0000
vt -2.3000 0.1000
vt 0.1000 0.0000
vt -2.2500 0.0000
vt -2.2500 0.1000
vt -2.2000 0.1000
vt 0.1000 0.0000
vt 0.1000 0.5000
vt 7.3500 0.1000
vt 0.1000 0.5000
vt 7.4000 0.5000
vt 7.4000 0.1000
vt 0.1000 0.5000
vt 7.4500 0.5000
vt 7.4500 0.1000
vt 0.1000 0.0000
vt 7.5000 0.0000
vt 7.5000 0.1000
vt 0.1000 0.0000
vt 7.5500 0.0000
vt 7.5500 0.1000
vt 7.6000 0.1000
vt 12.4500 0.1000
vt 0.1000 0.0000
vt 12.5000 0.0000
vt 12.5000 0.1000
vt 0.1000 0.3523
vt 12.5500 0.3523
vt 0.1000 0.5000
vt 12.6000 0.1000
vt -2.5000 0.1500
vt 0.1500 0.5000
vt -2.4500 0.1500
vt 0.1500 0.0000
vt -2.4000 0.0000
vt -2.4000 0.1500
vt 0.1500 0.0000
vt -2.3500 0.0000
vt -2.3500 0.1500
vt -2.3000 0.1500
vt 1.5500 0.1500
vt 0.1500 0.0000
vt 1.6000 0.1500
vt 0.1500 0.5000
vt 7.4500 0.1500
vt 0.1500 0.5000
vt 7.5000 0.5000
vt 7.5000 0.1500
vt 0.1500 0.3417
vt 7.5500 0.3417
vt 0.1500 0.0000
vt 7.6000 0.0000
vt 7.6000 0.1500
vt 0.1500 0.0000
vt 7.6500 0.0000
vt 7.6500 0.1500
vt 7.7000 0.1500
vt 12.4000 0.1500
vt 0.1500 0.0000
vt 12.4500 0.1500
vt 0.1500 0.5000
vt 12.5000 0.5000
vt 12.5000 0.1500
vt 0.1500 0.5000
vt 12.5500 0.5000
vt 12.5500 0.1500
vt 12.6000 0.1500
vt -2.5500 0.2000
vt 0.2000 0.5000
vt -2.5000 0.2000
vt 0.2000 0.0000
vt -2.4500 0.2000
vt -2.4000 0.2000
vt 0.2000 0.0000
vt 1.5500 0.2000
vt 0.2000 0.1231
vt 0.2000 0.5000
vt 1.6500 0.2000
vt 7.5000 0.2000
vt 0.2000 0.5000
vt 7.5500 0.5000
vt 7.5500 0.2000
vt 0.2000 0.5000
vt 7.6000 0.5000
vt 7.6000 0.2000
vt 0.2000 0.0657
vt 7.6500 0.0657
vt 0.2000 0.0000
vt 7.7000 0.0000
vt 7.7000 0.2000
vt 7.7500 0.2000
vt 12.3500 0.2000
vt 0.2000 0.0000
vt 12.4000 0.2000
vt 0.2000 0.5000
vt 12.4500 0.2000
vt 12.5000 0.2000
vt -2.6000 0.2500
vt 0.2500 0.5000
vt -2.5500 0.2500
vt 0.2500 0.0000
vt -2.5000 0.2500
vt -2.4500 0.2500
vt 0.2500 0.0000
vt 0.2500 0.5000
vt 1.6000 0.2500
vt 1.6500 0.2500
vt 7.6000 0.2500
vt 0.2500 0.5000
vt 7.6500 0.5000
vt 7.6500 0.2500
vt 0.2500 0.5000
vt 7.7000 0.5000
vt 7.7000 0.2500
vt 0.2500 0.0000
vt 7.7500 0.0000
vt 7.7500 0.2500
vt 7.8000 0.0000
vt 0.2500 0.0000
vt 7.8500 0.0000
vt 7.8500 0.2500
vt 7.9000 0.2500
vt 12.3000 0.2500
vt 0.2500 0.0000
vt 12.3500 0.2500
vt 0.2500 0.5000
vt 12.4000 0.2500
vt 12.4500 0.2500
vt -2.6500 0.3000
vt 0.3000 0.5000
vt -2.6000 0.5000
vt -2.6000 0.3000
vt 0.3000 0.1899
vt -2.5500 0.1899
vt 0.3000 0.0000
vt -2.5000 0.3000
vt 0.3000 0.0000
vt 0.3000 0.5000
vt 7.7000 0.3000
vt 0.3000 0.5000
vt 7.7500 0.5000
vt 7.7500 0.3000
vt 0.3000 0.5000
vt 7.8000 0.5000
vt 7.8000 0.3000
vt 0.3000 0.0913
vt 7.8500 0.0913
vt 0.3000 0.0000
vt 7.9000 0.0000
vt 7.9000 0.3000
vt 7.9500 0.3000
vt 12.2500 0.3000
vt 0.3000 0.0000
vt 12.3000 0.3000
vt 0.3000 0.5000
vt 12.3500 0.3000
vt 12.4000 0.3000
vt -2.7000 0.3500
vt 0.3500 0.5000
vt -2.6500 0.5000
vt -2.6500 0.3500
vt 0.3500 0.1361
vt -2.6000 0.1361
vt 0.3500 0.0000
vt -2.5500 0.0000
vt -2.5500 0.3500
vt -2.5000 0.3500
vt 0.3500 0.0000
vt 0.3500 0.5000
vt 7.8000 0.3500
vt 0.3500 0.5000
vt 7.8500 0.5000
vt 7.8500 0.3500
vt 0.3500 0.5000
vt 7.9000 0.5000
vt 7.9000 0.3500
vt 0.3500 0.0000
vt 7.9500 0.0000
vt 7.9500 0.3500
vt 0.3500 0.0000
vt 8.0000 0.0000
vt 8.0000 0.3500
vt 8.0500 0.3500
vt 12.2000 0.3500
vt 0.3500 0.0000
vt 12.2500 0.3500
vt 0.3500 0.5000
vt 12.3000 0.3500
vt 12.3500 0.3500
vt -2.7500 0.4000
vt 0.4000 0.5000
vt -2.7000 0.4000
vt 0.4000 0.0000
vt -2.6500 0.0000
vt -2.6500 0.4000
vt 0.4000 0.0000
vt -2.6000 0.0000
vt -2.6000 0.4000
vt -2.5500 0.4000
vt 1.5000 0.4000
vt 0.4000 0.0000
vt 1.5500 0.4000
vt 0.4000 0.5000
vt 1.6000 0.4000
vt 7.9000 0.4000
vt 0.4000 0.5000
vt 7.9500 0.5000
vt 7.9500 0.4000
vt 0.4000 0.2671
vt 8.0000 0.2671
vt 0.4000 0.0000
vt 8.0500 0.0000
vt 8.0500 0.4000
vt 0.4000 0.0000
vt 8.1000 0.0000
vt 8.1000 0.4000
vt 8.1500 0.4000
vt 12.2000 0.4000
vt 0.4000 0.0382
vt 12.2500 0.4000
vt 0.4000 0.5000
vt 12.3000 0.4000
vt -2.8000 0.4500
vt 0.4500 0.5000
vt -2.7500 0.4500
vt 0.4500 0.0000
vt -2.7000 0.4500
vt -2.6500 0.4500
vt 1.4500 0.4500
vt 0.4500 0.0000
vt 1.5000 0.4500
vt 0.4500 0.5000
vt 1.5500 0.4500
vt 1.6000 0.4500
vt 7.9500 0.4500
vt 0.4500 0.5000
vt 8.0000 0.5000
vt 8.0000 0.4500
vt 0.4500 0.5000
vt 8.0500 0.5000
vt 8.0500 0.4500
vt 0.4500 0.1158
vt 8.1000 0.1158
vt 0.4500 0.0000
vt 8.1500 0.0000
vt 8.1500 0.4500
vt 8.2000 0.4500
vt 0.4500 0.0000
vt 12.2000 0.4500
vt 0.4500 0.5000
vt 12.2500 0.4500
vt 12.3000 0.4500
vt -2.8500 0.5000
vt 0.5000 0.5000
vt -2.8000 0.5000
vt 0.5000 0.1479
vt 0.5000 0.0000
vt -2.7000 0.5000
vt 0.5000 0.0000
vt 1.4500 0.5000
vt 0.5000 0.3904
vt 0.5000 0.5000
vt 1.5500 0.5000
vt 8.0500 0.5000
vt 0.5000 0.5000
vt 8.1000 0.5000
vt 8.1000 0.5000
vt 0.5000 0.5000
vt 8.1500 0.5000
vt 8.1500 0.5000
vt 0.5000 0.0000
vt 8.2000 0.5000
vt 8.2500 0.5000
vt 12.1500 0.5000
vt 0.5000 0.0000
vt 12.2000 0.5000
vt 0.5000 0.5000
vt 12.2500 0.5000
vt -2.9000 0.5500
vt 0.5500 0.5000
vt -2.8500 0.5000
vt -2.8500 0.5500
vt 0.5500 0.3198
vt -2.8000 0.3198
vt 0.5500 0.0000
vt -2.7500 0.5500
vt -2.7000 0.5500
vt 0.5500 0.0000
vt 0.5500 0.5000
vt 1.5000 0.5500
vt 1.5500 0.5500
vt 8.1500 0.5500
vt 0.5500 0.5000
vt 8.2000 0.5500
vt 0.5500 0.0000
vt 8.2500 0.5500
vt 8.3000 0.5500
vt 0.5500 0.0000
vt 12.1500 0.5500
vt 0.5500 0.5000
vt 12.2000 0.5500
vt 12.2500 0.5500
vt -2.9500 0.6000
vt 0.6000 0.5000
vt -2.9000 0.5000
vt -2.9000 0.6000
vt 0.6000 0.0752
vt -2.8500 0.0752
vt 0.6000 0.0000
vt -2.8000 0.0000
vt -2.8000 0.6000
vt -2.7500 0.6000
vt 1.4000 0.6000
vt 0.6000 0.0000
vt 1.4500 0.6000
vt 0.6000 0.5000
vt 0.6000 0.5000
vt 8.2000 0.6000
vt 0.6000 0.1404
vt 0.6000 0.0000
vt 8.3000 0.6000
vt 0.6000 0.0000
vt 0.6000 0.5000
vt -3.0000 0.6500
vt 0.6500 0.5000
vt -2.9500 0.6500
vt 0.6500 0.0000
vt -2.9000 0.0000
vt -2.9000 0.6500
vt 0.6500 0.0000
vt -2.8500 0.0000
vt -2.8500 0.6500
vt -2.8000 0.6500
vt 0.6500 0.0000
vt 1.4000 0.6500
vt 0.6500 0.3925
vt 0.6500 0.5000
vt 8.2000 0.6500
vt 0.6500 0.5000
vt 8.2500 0.6500
vt 0.6500 0.0000
vt 12.1000 0.6500
vt 0.6500 0.0000
vt 12.1500 0.6500
vt 0.6500 0.5000
vt -3.0500 0.7000
vt 0.7000 0.5000
vt -3.0000 0.7000
vt 0.7000 0.0293
vt -2.9500 0.7000
vt -2.9000 0.7000
vt -1.8000 0.7000
vt 0.7000 0.0000
vt -1.7500 0.0000
vt -1.7500 0.7000
vt -1.7000 0.0000
vt -1.6500 0.0000
vt -1.6000 0.0000
vt -1.5500 0.0000
vt -1.5000 0.0000
vt -1.4500 0.0000
vt -1.4000 0.0000
vt -1.3500 0.0000
vt 0.7000 0.0000
vt -1.3000 0.0000
vt -1.3000 0.7000
vt -1.2500 0.7000
vt 0.7000 0.0000
vt 1.4000 0.7000
vt 0.7000 0.4067
vt 0.7000 0.5000
vt 0.7000 0.5000
vt 0.7000 0.0000
vt 0.7000 0.0000
vt 12.1000 0.7000
vt 0.7000 0.0515
vt 0.7000 0.5000
vt -3.0500 0.7500
vt 0.7500 0.4544
vt -3.0000 0.7500
vt 0.7500 0.0000
vt -2.9500 0.7500
vt -2.9000 0.7500
vt -2.0000 0.7500
vt 0.7500 0.0000
vt -1.9500 0.0000
vt -1.9500 0.7500
vt -1.9000 0.0000
vt -1.8500 0.0000
vt 0.7500 0.0000
vt -1.8000 0.0000
vt -1.8000 0.7500
vt 0.7500 0.1597
vt -1.7500 0.1597
vt 0.7500 0.5000
vt -1.7000 0.5000
vt -1.7000 0.7500
vt -1.6500 0.5000
vt -1.6000 0.5000
vt -1.5500 0.5000
vt -1.5000 0.5000
vt -1.4500 0.5000
vt -1.4000 0.5000
vt 0.7500 0.5000
vt -1.3500 0.5000
vt -1.3500 0.7500
vt 0.7500 0.3210
vt -1.3000 0.3210
vt 0.7500 0.0000
vt -1.2500 0.0000
vt -1.2500 0.7500
vt 0.7500 0.0000
vt -1.2000 0.0000
vt -1.2000 0.7500
vt -1.1500 0.7500
vt 1.4000 0.7500
vt 0.7500 0.0000
vt 1.4500 0.7500
vt 0.7500 0.5000
vt 8.2000 0.7500
vt 0.7500 0.5000
vt 8.2500 0.7500
vt 0.7500 0.0000
vt 12.1000 0.7500
vt 0.7500 0.0000
vt 12.1500 0.7500
vt 0.7500 0.5000
vt -3.1000 0.8000
vt 0.8000 0.5000
vt -3.0500 0.8000
vt 0.8000 0.0000
vt -3.0000 0.8000
vt -2.9500 0.8000
vt -2.0500 0.8000
vt 0.8000 0.0000
vt -2.0000 0.0000
vt -2.0000 0.8000
vt 0.8000 0.0661
vt -1.9500 0.0661
vt 0.8000 0.5000
vt -1.9000 0.5000
vt -1.9000 0.8000
vt -1.8500 0.5000
vt -1.8000 0.5000
vt 0.8000 0.5000
vt -1.7500 0.5000
vt -1.7500 0.8000
vt -1.7000 0.8000
vt -1.3500 0.8000
vt 0.8000 0.5000
vt -1.3000 0.5000
vt -1.3000 0.8000
vt -1.2500 0.5000
vt 0.8000 0.5000
vt -1.2000 0.5000
vt -1.2000 0.8000
vt 0.8000 0.0000
vt -1.1500 0.8000
vt -1.1000 0.8000
vt 0.8000 0.0000
vt 1.4500 0.8000
vt 0.8000 0.5000
vt 1.5000 0.8000
vt 1.5500 0.8000
vt 0.8000 0.5000
vt 8.2000 0.8000
vt 0.8000 0.1815
vt 0.8000 0.0000
vt 8.3000 0.8000
vt 0.8000 0.0000
vt 0.8000 0.5000
vt 0.8500 0.5000
vt -3.1000 0.8500
vt 0.8500 0.0000
vt -3.0500 0.8500
vt -3.0000 0.8500
vt -2.1000 0.8500
vt 0.8500 0.0000
vt -2.0500 0.8500
vt 0.8500 0.5000
vt -2.0000 0.5000
vt -2.0000 0.8500
vt 0.8500 0.5000
vt -1.9500 0.5000
vt -1.9500 0.8500
vt -1.9000 0.8500
vt -1.2000 0.8500
vt 0.8500 0.5000
vt -1.1500 0.8500
vt 0.8500 0.0000
vt -1.1000 0.8500
vt -1.0500 0.8500
vt 1.4500 0.8500
vt 0.8500 0.0000
vt 1.5000 0.8500
vt 0.8500 0.5000
vt 1.5500 0.8500
vt 1.6000 0.8500
vt 0.8500 0.5000
vt 0.8500 0.0000
vt 8.2500 0.8500
vt 8.3000 0.8500
vt 0.8500 0.0000
vt 12.1500 0.8500
vt 0.8500 0.5000
vt 12.2000 0.8500
vt 12.2500 0.8500
vt -3.1500 0.9000
vt 0.9000 0.5000
vt -3.1000 0.9000
vt 0.9000 0.0000
vt -3.0500 0.9000
vt -2.1500 0.9000
vt 0.9000 0.0000
vt -2.1000 0.9000
vt 0.9000 0.5000
vt -2.0500 0.9000
vt -2.0000 0.9000
vt 0.9000 0.5000
vt -1.1500 0.9000
vt 0.9000 0.2788
vt 0.9000 0.0000
vt -1.0500 0.9000
vt -1.0000 0.9000
vt 0.9000 0.0000
vt 1.5000 0.9000
vt 0.9000 0.4394
vt 0.9000 0.5000
vt 1.6000 0.9000
vt 8.1500 0.9000
vt 0.9000 0.5000
vt 8.2000 0.9000
vt 0.9000 0.0000
vt 12.1500 0.9000
vt 0.9000 0.0000
vt 12.2000 0.9000
vt 0.9000 0.5000
vt 12.2500 0.9000
vt 12.3000 0.9000
vt -3.2000 0.9500
vt 0.9500 0.5000
vt -3.1500 0.9500
vt 0.9500 0.0000
vt -3.1000 0.9500
vt -3.0500 0.9500
vt -2.2000 0.9500
vt 0.9500 0.0000
vt -2.1500 0.9500
vt 0.9500 0.5000
vt -2.1000 0.9500
vt -2.0500 0.9500
vt -1.1500 0.9500
vt 0.9500 0.5000
vt -1.1000 0.9500
vt 0.9500 0.0745
vt 0.9500 0.0000
vt -1.0000 0.9500
vt -0.9500 0.9500
vt 1.5000 0.9500
vt 0.9500 0.0000
vt 1.5500 0.9500
vt 0.9500 0.5000
vt 1.6000 0.9500
vt 1.6500 0.9500
vt 8.1500 0.9500
vt 0.9500 0.4837
vt 8.2000 0.9500
vt 0.9500 0.0000
vt 8.2500 0.9500
vt 12.2000 0.9500
vt 0.9500 0.0000
vt 12.2500 0.9500
vt 0.9500 0.5000
vt 12.3000 0.9500
vt 12.3500 0.9500
vt -3.2500 1.0000
vt 1.0000 0.5000
vt -3.2000 1.0000
vt 1.0000 0.0000
vt -3.1500 1.0000
vt -3.1000 1.0000
vt -2.2500 1.0000
vt 1.0000 0.0000
vt -2.2000 1.0000
vt 1.0000 0.5000
vt -2.1500 1.0000
vt -2.1000 1.0000
vt -1.1000 1.0000
vt 1.0000 0.5000
vt -1.0500 1.0000
vt 1.0000 0.0007
vt -1.0000 1.0000
vt -0.9500 1.0000
vt 1.5500 1.0000
vt 1.0000 0.0000
vt 1.6000 1.0000
vt 1.0000 0.5000
vt 1.6500 1.0000
vt 1.7000 1.0000
vt 8.1000 1.0000
vt 1.0000 0.5000
vt 8.1500 1.0000
vt 1.0000 0.0000
vt 8.2000 1.0000
vt 8.2500 1.0000
vt 12.2500 1.0000
vt 1.0000 0.0000
vt 12.3000 1.0000
vt 1.0000 0.5000
vt 12.3500 1.0000
vt 12.4000 1.0000
vt -3.2500 1.0500
vt 1.0500 0.4781
vt -3.2000 1.0500
vt 1.0500 0.0000
vt -3.1500 1.0500
vt -2.3000 1.0500
vt 1.0500 0.0000
vt -2.2500 1.0500
vt 1.0500 0.5000
vt -2.2000 1.0500
vt -2.1500 1.0500
vt -1.0500 1.0500
vt 1.0500 0.5000
vt -1.0000 1.0500
vt 1.0500 0.0000
vt -0.9500 0.0000
vt -0.9500 1.0500
vt 1.0500 0.0000
vt -0.9000 0.0000
vt -0.9000 1.0500
vt -0.8500 1.0500
vt 1.6000 1.0500
vt 1.0500 0.0000
vt 1.6500 1.0500
vt 1.0500 0.5000
vt 1.7000 1.0500
vt 1.7500 1.0500
vt 8.0500 1.0500
vt 1.0500 0.5000
vt 8.1000 1.0500
vt 1.0500 0.0000
vt 8.1500 1.0500
vt 8.2000 1.0500
vt 12.3000 1.0500
vt 1.0500 0.0000
vt 12.3500 1.0500
vt 1.0500 0.5000
vt 12.4000 1.0500
vt 12.4500 1.0500
vt 1.1000 0.5000
vt -3.2500 1.1000
vt 1.1000 0.0000
vt -3.2000 1.1000
vt -3.1500 1.1000
vt -2.3500 1.1000
vt 1.1000 0.0000
vt -2.3000 1.1000
vt 1.1000 0.5000
vt -2.2500 1.1000
vt -2.2000 1.1000
vt -1.0000 1.1000
vt 1.1000 0.5000
vt -0.9500 0.5000
vt -0.9500 1.1000
vt 1.1000 0.1921
vt -0.9000 0.1921
vt 1.1000 0.0000
vt -0.8500 0.0000
vt -0.8500 1.1000
vt -0.8000 1.1000
vt 1.6500 1.1000
vt 1.1000 0.0000
vt 1.7000 1.1000
vt 1.1000 0.5000
vt 1.7500 1.1000
vt 1.8000 1.1000
vt 8.0000 1.1000
vt 1.1000 0.5000
vt 8.0500 1.1000
vt 1.1000 0.0000
vt 8.1000 1.1000
vt 8.1500 1.1000
vt 9.5000 1.1000
vt 1.1000 0.0000
vt 9.5500 0.0000
vt 9.5500 1.1000
vt 9.6000 0.0000
vt 9.6500 0.0000
vt 9.7000 0.0000
vt 9.7500 0.0000
vt 9.8000 0.0000
vt 9.8500 0.0000
vt 9.9000 0.0000
vt 9.9500 0.0000
vt 10.0000 0.0000
vt 10.0500 0.0000
vt 10.1000 0.0000
vt 10.1500 0.0000
vt 10.2000 0.0000
vt 10.2500 0.0000
vt 10.3000 0.0000
vt 10.3500 0.0000
vt 10.4000 0.0000
vt 10.4500 0.0000
vt 10.5000 0.0000
vt 10.5500 0.0000
vt 10.6000 0.0000
vt 10.6500 0.0000
vt 1.1000 0.0000
vt 10.7000 0.0000
vt 10.7000 1.1000
vt 10.7500 1.1000
vt 12.3500 1.1000
vt 1.1000 0.0000
vt 12.4000 1.1000
vt 1.1000 0.5000
vt 12.4500 1.1000
vt 12.5000 1.1000
vt 1.1500 0.5000
vt 1.1500 0.0000
vt -2.4000 1.1500
vt 1.1500 0.0000
vt -2.3500 1.1500
vt 1.1500 0.5000
vt -2.3000 1.1500
vt -2.2500 1.1500
vt -0.9500 1.1500
vt 1.1500 0.5000
vt -0.9000 0.5000
vt -0.9000 1.1500
vt 1.1500 0.5000
vt -0.8500 0.5000
vt -0.8500 1.1500
vt 1.1500 0.0000
vt -0.8000 0.0000
vt -0.8000 1.1500
vt 1.1500 0.0000
vt -0.7500 0.0000
vt -0.7500 1.1500
vt -0.7000 1.1500
vt 1.7000 1.1500
vt 1.1500 0.0000
vt 1.7500 1.1500
vt 1.1500 0.5000
vt 1.8000 1.1500
vt 1.8500 1.1500
vt 1.1500 0.5000
vt 8.0000 1.1500
vt 1.1500 0.4238
vt 1.1500 0.0000
vt 8.1000 1.1500
vt 9.3500 1.1500
vt 1.1500 0.0000
vt 9.4000 0.0000
vt 9.4000 1.1500
vt 9.4500 0.0000
vt 1.1500 0.0000
vt 9.5000 0.0000
vt 9.5000 1.1500
vt 1.1500 0.5000
vt 9.5500 0.5000
vt 9.5500 1.1500
vt 9.6000 0.5000
vt 9.6500 0.5000
vt 9.7000 0.5000
vt 9.7500 0.5000
vt 9.8000 0.5000
vt 9.8500 0.5000
vt 9.9000 0.5000
vt 9.9500 0.5000
vt 10.0000 0.5000
vt 10.0500 0.5000
vt 10.1000 0.5000
vt 10.1500 0.5000
vt 10.2000 0.5000
vt 10.2500 0.5000
vt 10.3000 0.5000
vt 10.3500 0.5000
vt 10.4000 0.5000
vt 10.4500 0.5000
vt 10.5000 0.5000
vt 10.5500 0.5000
vt 10.6000 0.5000
vt 1.1500 0.5000
vt 10.6500 0.5000
vt 10.6500 1.1500
vt 1.1500 0.1244
vt 10.7000 0.1244
vt 1.1500 0.0000
vt 10.7500 0.0000
vt 10.7500 1.1500
vt 1.1500 0.0000
vt 10.8000 0.0000
vt 10.8000 1.1500
vt 10.8500 1.1500
vt 12.4000 1.1500
vt 1.1500 0.0000
vt 12.4500 1.1500
vt 1.1500 0.5000
vt 12.5000 0.5000
vt 12.5000 1.1500
vt 1.1500 0.5000
vt 12.5500 0.5000
vt 12.5500 1.1500
vt 12.6000 1.1500
vt 1.2000 0.5000
vt 1.2000 0.0000
vt -2.4500 1.2000
vt 1.2000 0.0000
vt -2.4000 1.2000
vt 1.2000 0.5000
vt -2.3500 1.2000
vt -2.3000 1.2000
vt -0.8500 1.2000
vt 1.2000 0.5000
vt -0.8000 0.5000
vt -0.8000 1.2000
vt 1.2000 0.3220
vt -0.7500 0.3220
vt 1.2000 0.0000
vt -0.7000 0.0000
vt -0.7000 1.2000
vt 1.2000 0.0000
vt -0.6500 0.0000
vt -0.6500 1.2000
vt -0.6000 1.2000
vt 1.7500 1.2000
vt 1.2000 0.0000
vt 1.8000 1.2000
vt 1.2000 0.5000
vt 1.8500 0.5000
vt 1.8500 1.2000
vt 1.2000 0.5000
vt 1.9000 0.5000
vt 1.9000 1.2000
vt 1.9500 1.2000
vt 7.9500 1.2000
vt 1.2000 0.5000
vt 8.0000 1.2000
vt 1.2000 0.0000
vt 8.0500 1.2000
vt 8.1000 1.2000
vt 9.2500 1.2000
vt 1.2000 0.0000
vt 9.3000 0.0000
vt 9.3000 1.2000
vt 1.2000 0.0000
vt 9.3500 0.0000
vt 9.3500 1.2000
vt 1.2000 0.1952
vt 9.4000 0.1952
vt 1.2000 0.5000
vt 9.4500 0.5000
vt 9.4500 1.2000
vt 1.2000 0.5000
vt 9.5000 0.5000
vt 9.5000 1.2000
vt 9.5500 1.2000
vt 10.6500 1.2000
vt 1.2000 0.5000
vt 10.7000 0.5000
vt 10.7000 1.2000
vt 10.7500 0.5000
vt 1.2000 0.5000
vt 10.8000 0.5000
vt 10.8000 1.2000
vt 1.2000 0.0000
vt 10.8500 0.0000
vt 10.8500 1.2000
vt 1.2000 0.0000
vt 10.9000 0.0000
vt 10.9000 1.2000
vt 10.9500 1.2000
vt 12.4500 1.2000
vt 1.2000 0.0000
vt 12.5000 0.0000
vt 12.5000 1.2000
vt 1.2000 0.4064
vt 12.5500 0.4064
vt 1.2000 0.5000
vt 12.6000 0.5000
vt 12.6000 1.2000
vt 12.6500 1.2000
vt -3.3000 1.2500
vt 1.2500 0.5000
vt -3.2500 1.2500
vt 1.2500 0.0000
vt -2.5000 1.2500
vt 1.2500 0.0000
vt -2.4500 1.2500
vt 1.2500 0.5000
vt -2.4000 1.2500
vt -2.3500 1.2500
vt -0.8000 1.2500
vt 1.2500 0.5000
vt -0.7500 0.5000
vt -0.7500 1.2500
vt 1.2500 0.5000
vt -0.7000 0.5000
vt -0.7000 1.2500
vt 1.2500 0.3296
vt -0.6500 0.3296
vt 1.2500 0.0000
vt -0.6000 0.0000
vt -0.6000 1.2500
vt 1.2500 0.0000
vt -0.5500 0.0000
vt -0.5500 1.2500
vt -0.5000 1.2500
vt 1.8000 1.2500
vt 1.2500 0.0000
vt 1.8500 0.0000
vt 1.8500 1.2500
vt 1.2500 0.1624
vt 1.9000 0.1624
vt 1.2500 0.5000
vt 1.9500 0.5000
vt 1.9500 1.2500
vt 2.0000 1.2500
vt 1.2500 0.5000
vt 7.9500 1.2500
vt 1.2500 0.3841
vt 1.2500 0.0000
vt 8.0500 1.2500
vt 9.2000 1.2500
vt 1.2500 0.0000
vt 9.2500 0.0000
vt 9.2500 1.2500
vt 1.2500 0.2717
vt 9.3000 0.2717
vt 1.2500 0.5000
vt 9.3500 0.5000
vt 9.3500 1.2500
vt 1.2500 0.5000
vt 9.4000 0.5000
vt 9.4000 1.2500
vt 9.4500 1.2500
vt 10.8000 1.2500
vt 1.2500 0.5000
vt 10.8500 0.5000
vt 10.8500 1.2500
vt 1.2500 0.5000
vt 10.9000 0.5000
vt 10.9000 1.2500
vt 1.2500 0.0000
vt 10.9500 0.0000
vt 10.9500 1.2500
vt 11.0000 0.0000
vt 1.2500 0.0000
vt 11.0500 0.0000
vt 11.0500 1.2500
vt 11.1000 1.2500
vt 12.5000 1.2500
vt 1.2500 0.0000
vt 12.5500 0.0000
vt 12.5500 1.2500
vt 1.2500 0.1027
vt 12.6000 0.1027
vt 1.2500 0.5000
vt 12.6500 0.5000
vt 12.6500 1.2500
vt 12.7000 1.2500
vt 1.3000 0.5000
vt -3.3000 1.3000
vt 1.3000 0.2047
vt 1.3000 0.0000
vt -3.2000 1.3000
vt -2.5500 1.3000
vt 1.3000 0.0000
vt -2.5000 1.3000
vt 1.3000 0.5000
vt -2.4500 1.3000
vt -2.4000 1.3000
vt -0.7000 1.3000
vt 1.3000 0.5000
vt -0.6500 0.5000
vt -0.6500 1.3000
vt 1.3000 0.5000
vt -0.6000 0.5000
vt -0.6000 1.3000
vt 1.3000 0.3233
vt -0.5500 0.3233
vt 1.3000 0.0000
vt -0.5000 0.0000
vt -0.5000 1.3000
vt -0.4500 0.0000
vt -0.4000 0.0000
vt -0.3500 0.0000
vt -0.3000 0.0000
vt -0.2500 0.0000
vt -0.2000 0.0000
vt -0.1500 0.0000
vt -0.1000 0.0000
vt -0.0500 0.0000
vt -0.0000 0.0000
vt 0.0500 0.0000
vt 1.3000 0.0000
vt 0.1000 0.0000
vt 0.1000 1.3000
vt 0.1500 1.3000
vt 1.8500 1.3000
vt 1.3000 0.0000
vt 1.9000 0.0000
vt 1.9000 1.3000
vt 1.3000 0.0000
vt 1.9500 0.0000
vt 1.9500 1.3000
vt 1.3000 0.5000
vt 2.0000 1.3000
vt 2.0500 1.3000
vt 7.9000 1.3000
vt 1.3000 0.5000
vt 7.9500 1.3000
vt 1.3000 0.0000
vt 8.0000 1.3000
vt 8.0500 1.3000
vt 9.1500 1.3000
vt 1.3000 0.0000
vt 9.2000 1.3000
vt 1.3000 0.5000
vt 9.2500 0.5000
vt 1.3000 0.5000
vt 9.3000 0.5000
vt 9.3000 1.3000
vt 9.3500 1.3000
vt 10.9000 1.3000
vt 1.3000 0.5000
vt 10.9500 0.5000
vt 10.9500 1.3000
vt 11.0000 0.5000
vt 1.3000 0.5000
vt 11.0500 0.5000
vt 11.0500 1.3000
vt 1.3000 0.0000
vt 11.1000 0.0000
vt 11.1000 1.3000
vt 11.1500 0.0000
vt 1.3000 0.0000
vt 11.2000 0.0000
vt 11.2000 1.3000
vt 11.2500 1.3000
vt 12.5500 1.3000
vt 1.3000 0.0000
vt 12.6000 0.0000
vt 12.6000 1.3000
vt 1.3000 0.0000
vt 12.6500 0.0000
vt 12.6500 1.3000
vt 1.3000 0.5000
vt 12.7000 1.3000
vt 12.7500 1.3000
vt 1.3500 0.5000
vt 1.3500 0.0000
vt -3.2500 1.3500
vt -3.2000 1.3500
vt 1.3500 0.0000
vt -2.5500 1.3500
vt 1.3500 0.4352
vt 1.3500 0.5000
vt -2.4500 1.3500
vt -0.6000 1.3500
vt 1.3500 0.5000
vt -0.5500 0.5000
vt -0.5500 1.3500
vt -0.5000 0.5000
vt -0.4500 0.5000
vt -0.4000 0.5000
vt -0.3500 0.5000
vt 1.3500 0.5000
vt -0.3000 0.5000
vt -0.3000 1.3500
vt 1.3500 0.3736
vt -0.2500 0.3736
vt -0.2000 0.2079
vt -0.1500 0.2678
vt -0.1000 0.4809
vt -0.1000 1.3500
vt 1.3500 0.5000
vt -0.0500 0.5000
vt -0.0500 1.3500
vt 1.3500 0.3693
vt -0.0000 0.3693
vt 0.0500 0.2134
vt 1.3500 0.1003
vt 0.1000 0.1003
vt 1.3500 0.0000
vt 0.1500 0.0000
vt 0.1500 1.3500
vt 0.2000 0.0000
vt 0.2500 0.0000
vt 0.3000 0.0000
vt 0.3500 0.0000
vt 0.4000 0.0000
vt 0.4500 0.0000
vt 0.5000 0.0000
vt 0.5500 0.0000
vt 0.6000 0.0000
vt 0.6500 0.0000
vt 0.7000 0.0000
vt 0.7500 0.0000
vt 0.8000 0.0000
vt 0.8500 0.0000
vt 1.3500 0.0000
vt 0.9000 0.0000
vt 0.9000 1.3500
vt 0.9500 1.3500
vt 1.9500 1.3500
vt 1.3500 0.0000
vt 2.0000 1.3500
vt 1.3500 0.5000
vt 2.0500 1.3500
vt 2.1000 1.3500
vt 1.3500 0.5000
vt 7.9000 1.3500
vt 1.3500 0.4342
vt 1.3500 0.0000
vt 8.0000 1.3500
vt 1.3500 0.0000
vt 9.1500 1.3500
vt 1.3500 0.2189
vt 1.3500 0.5000
vt 9.2500 1.3500
vt 11.0500 1.3500
vt 1.3500 0.5000
vt 11.1000 0.5000
vt 11.1000 1.3500
vt 1.3500 0.5000
vt 11.1500 0.5000
vt 11.1500 1.3500
vt 1.3500 0.4136
vt 11.2000 0.4136
vt 1.3500 0.0000
vt 11.2500 0.0000
vt 11.2500 1.3500
vt 11.3000 0.0000
vt 1.3500 0.0000
vt 11.3500 0.0000
vt 11.3500 1.3500
vt 11.4000 1.3500
vt 12.6500 1.3500
vt 1.3500 0.0000
vt 12.7000 1.3500
vt 1.3500 0.5000
vt 12.7500 1.3500
vt 12.8000 1.3500
vt 1.4000 0.5000
vt 1.4000 0.0000
vt -2.6000 1.4000
vt 1.4000 0.0000
vt -2.5500 1.4000
vt 1.4000 0.5000
vt -2.5000 1.4000
vt -2.4500 1.4000
vt -0.3000 1.4000
vt 1.4000 0.5000
vt -0.2500 0.5000
vt -0.2500 1.4000
vt -0.2000 0.5000
vt -0.1500 0.5000
vt -0.1500 1.4000
vt -0.1000 1.4000
vt -0.0500 1.4000
vt 1.4000 0.5000
vt -0.0000 0.5000
vt -0.0000 1.4000
vt 0.0500 0.5000
vt 0.1000 0.5000
vt 0.1500 0.5000
vt 0.2000 0.5000
vt 0.2500 0.5000
vt 0.3000 0.5000
vt 0.3500 0.5000
vt 0.4000 0.5000
vt 0.4500 0.5000
vt 0.5000 0.5000
vt 0.5500 0.5000
vt 0.6000 0.5000
vt 0.6500 0.5000
vt 0.7000 0.5000
vt 0.7500 0.5000
vt 0.8000 0.5000
vt 1.4000 0.5000
vt 0.8500 0.5000
vt 0.8500 1.4000
vt 1.4000 0.0776
vt 0.9000 0.0776
vt 1.4000 0.0000
vt 0.9500 0.0000
vt 0.9500 1.4000
vt 1.4000 0.0000
vt 1.0000 0.0000
vt 1.0000 1.4000
vt 1.0500 1.4000
vt 2.0000 1.4000
vt 1.4000 0.0000
vt 2.0500 1.4000
vt 1.4000 0.5000
vt 2.1000 1.4000
vt 2.1500 1.4000
vt 1.4000 0.5000
vt 1.4000 0.0000
vt 7.9500 1.4000
vt 8.0000 1.4000
vt 9.1000 1.4000
vt 1.4000 0.0000
vt 9.1500 1.4000
vt 1.4000 0.5000
vt 9.2000 1.4000
vt 9.2500 1.4000
vt 11.1500 1.4000
vt 1.4000 0.5000
vt 11.2000 0.5000
vt 11.2000 1.4000
vt 11.2500 0.5000
vt 11.3000 0.5000
vt 1.4000 0.5000
vt 11.3500 0.5000
vt 11.3500 1.4000
vt 1.4000 0.0000
vt 11.4000 1.4000
vt 11.4500 1.4000
vt 12.7000 1.4000
vt 1.4000 0.0000
vt 12.7500 1.4000
vt 1.4000 0.5000
vt 12.8000 1.4000
vt 12.8500 1.4000
vt -3.3500 1.4500
vt 1.4500 0.5000
vt -3.3000 1.4500
vt 1.4500 0.0000
vt 1.4500 0.0000
vt -2.6000 1.4500
vt 1.4500 0.0981
vt 1.4500 0.5000
vt -2.5000 1.4500
vt 0.8500 1.4500
vt 1.4500 0.5000
vt 0.9000 0.5000
vt 0.9000 1.4500
vt 0.9500 0.5000
vt 1.4500 0.5000
vt 1.0000 0.5000
vt 1.0000 1.4500
vt 1.4500 0.0000
vt 1.0500 0.0000
vt 1.0500 1.4500
vt 1.4500 0.0000
vt 1.1000 0.0000
vt 1.1000 1.4500
vt 1.1500 1.4500
vt 2.0500 1.4500
vt 1.4500 0.0000
vt 2.1000 1.4500
vt 1.4500 0.5000
vt 2.1500 0.5000
vt 2.1500 1.4500
vt 1.4500 0.5000
vt 2.2000 0.5000
vt 2.2000 1.4500
vt 2.2500 1.4500
vt 5.0500 1.4500
vt 1.4500 0.5000
vt 5.1000 0.5000
vt 5.1000 1.4500
vt 5.1500 0.5000
vt 5.2000 0.5000
vt 5.2500 0.5000
vt 5.3000 0.5000
vt 5.3500 0.5000
vt 5.4000 0.5000
vt 5.4500 0.5000
vt 5.5000 0.5000
vt 5.5500 0.5000
vt 5.6000 0.5000
vt 5.6500 0.5000
vt 5.7000 0.5000
vt 5.7500 0.5000
vt 5.8000 0.5000
vt 5.8500 0.5000
vt 5.9000 0.5000
vt 5.9500 0.5000
vt 5.9500 1.4500
vt 6.0000 1.4500
vt 6.0500 1.4500
vt 7.8500 1.4500
vt 1.4500 0.5000
vt 7.9000 1.4500
vt 1.4500 0.0000
vt 9.0000 1.4500
vt 9.0500 1.4500
vt 1.4500 0.0000
vt 9.1000 0.0000
vt 9.1000 1.4500
vt 1.4500 0.5000
vt 9.1500 1.4500
vt 9.2000 1.4500
vt 11.3500 1.4500
vt 1.4500 0.5000
vt 11.4000 1.4500
vt 1.4500 0.0000
vt 11.4500 0.0000
vt 11.4500 1.4500
vt 1.4500 0.0000
vt 11.5000 0.0000
vt 11.5000 1.4500
vt 11.5500 1.4500
vt 12.7500 1.4500
vt 1.4500 0.0000
vt 12.8000 1.4500
vt 1.4500 0.5000
vt 12.8500 1.4500
vt 12.9000 1.4500
vt 1.5000 0.5000
vt -3.3500 1.5000
vt 1.5000 0.2500
vt 1.5000 0.0000
vt 1.5000 0.0000
vt 1.5000 0.5000
vt -2.5500 1.5000
vt -2.5000 1.5000
vt 1.0000 1.5000
vt 1.5000 0.5000
vt 1.0500 0.5000
vt 1.0500 1.5000
vt 1.5000 0.1687
vt 1.1000 0.1687
vt 1.5000 0.0000
vt 1.1500 1.5000
vt 1.2000 1.5000
vt 2.1000 1.5000
vt 1.5000 0.0000
vt 2.1500 0.0000
vt 2.1500 1.5000
vt 1.5000 0.0692
vt 2.2000 0.0692
vt 1.5000 0.5000
vt 2.2500 0.5000
vt 2.2500 1.5000
vt 2.3000 1.5000
vt 4.8500 1.5000
vt 1.5000 0.5000
vt 4.9000 0.5000
vt 4.9000 1.5000
vt 4.9500 0.5000
vt 5.0000 0.5000
vt 1.5000 0.5000
vt 5.0500 0.5000
vt 5.0500 1.5000
vt 1.5000 0.2657
vt 5.1000 0.2657
vt 5.1500 0.0402
vt 5.1500 1.5000
vt 5.2000 0.0000
vt 5.2000 1.5000
vt 5.2500 0.0000
vt 5.3000 0.0000
vt 5.3500 0.0000
vt 5.4000 0.0000
vt 5.4500 0.0000
vt 5.5000 0.0000
vt 5.5500 0.0000
vt 5.6000 0.0000
vt 5.6500 0.0000
vt 5.7000 0.0000
vt 5.7500 0.0000
vt 5.8000 0.0000
vt 5.8500 0.0000
vt 1.5000 0.0000
vt 5.9000 0.0000
vt 5.9000 1.5000
vt 1.5000 0.1208
vt 5.9500 0.1208
vt 6.0000 0.4687
vt 6.0000 1.5000
vt 6.0500 0.5000
vt 6.0500 1.5000
vt 6.1000 0.5000
vt 6.1500 0.5000
vt 1.5000 0.5000
vt 6.2000 0.5000
vt 6.2000 1.5000
vt 6.2500 1.5000
vt 1.5000 0.5000
vt 7.8500 1.5000
vt 1.5000 0.1700
vt 1.5000 0.0000
vt 7.9500 1.5000
vt 9.0000 1.5000
vt 1.5000 0.0030
vt 9.0500 0.0030
vt 9.0500 1.5000
vt 1.5000 0.5000
vt 9.1000 0.5000
vt 9.1000 1.5000
vt 9.1500 1.5000
vt 11.4000 1.5000
vt 1.5000 0.5000
vt 11.4500 0.5000
vt 11.4500 1.5000
vt 1.5000 0.4451
vt 11.5000 0.4451
vt 1.5000 0.0000
vt 11.5500 0.0000
vt 11.5500 1.5000
vt 11.6000 1.5000
vt 12.8000 1.5000
vt 1.5000 0.0000
vt 12.8500 1.5000
vt 1.5000 0.5000
vt 12.9000 1.5000
vt 12.9500 1.5000
vt 1.5500 0.5000
vt 1.5500 0.2431
vt 1.5500 0.0000
vt 1.5500 0.0000
vt 1.5500 0.5000
vt 1.0500 1.5500
vt 1.5500 0.5000
vt 1.1000 1.5500
vt 1.5500 0.1340
vt 1.5500 0.0000
vt 1.2000 1.5500
vt 1.2500 1.5500
vt 2.1500 1.5500
vt 1.5500 0.0000
vt 2.2000 0.0000
vt 2.2000 1.5500
vt 1.5500 0.0000
vt 2.2500 0.0000
vt 2.2500 1.5500
vt 1.5500 0.5000
vt 2.3000 0.5000
vt 2.3000 1.5500
vt 1.5500 0.5000
vt 2.3500 0.5000
vt 2.3500 1.5500
vt 2.4000 1.5500
vt 4.3500 1.5500
vt 1.5500 0.5000
vt 4.4000 0.5000
vt 4.4000 1.5500
vt 4.4500 0.5000
vt 1.5500 0.5000
vt 4.5000 0.5000
vt 4.5000 1.5500
vt 4.5500 1.5500
vt 4.6500 1.5500
vt 1.5500 0.5000
vt 4.7000 0.5000
vt 4.7000 1.5500
vt 4.7500 0.5000
vt 4.8000 0.5000
vt 1.5500 0.5000
vt 4.8500 0.5000
vt 4.8500 1.5500
vt 1.5500 0.0000
vt 4.9000 0.0000
vt 4.9000 1.5500
vt 4.9500 0.0000
vt 5.0000 0.0000
vt 5.0500 0.0000
vt 5.1000 0.0000
vt 5.1000 1.5500
vt 5.1500 1.5500
vt 5.2000 1.5500
vt 5.9000 1.5500
vt 1.5500 0.0000
vt 5.9500 0.0000
vt 5.9500 1.5500
vt 6.0000 0.0000
vt 6.0500 0.0000
vt 6.1000 0.0000
vt 1.5500 0.0000
vt 6.1500 0.0000
vt 6.1500 1.5500
vt 1.5500 0.2271
vt 6.2000 0.2271
vt 1.5500 0.5000
vt 6.2500 0.5000
vt 6.2500 1.5500
vt 6.3000 0.5000
vt 6.3500 0.5000
vt 6.4000 0.5000
vt 6.4500 0.5000
vt 6.5000 0.5000
vt 6.5500 0.5000
vt 1.5500 0.5000
vt 6.6000 0.5000
vt 6.6000 1.5500
vt 6.6500 1.5500
vt 7.8000 1.5500
vt 1.5500 0.5000
vt 7.8500 1.5500
vt 1.5500 0.0000
vt 7.9000 1.5500
vt 7.9500 1.5500
vt 8.9500 1.5500
vt 1.5500 0.0000
vt 9.0000 1.5500
vt 1.5500 0.5000
vt 9.0500 1.5500
vt 9.1000 1.5500
vt 11.4500 1.5500
vt 1.5500 0.5000
vt 11.5000 0.5000
vt 11.5000 1.5500
vt 1.5500 0.5000
vt 11.5500 0.5000
vt 11.5500 1.5500
vt 1.5500 0.0000
vt 11.6000 1.5500
vt 11.6500 1.5500
vt 12.8500 1.5500
vt 1.5500 0.0000
vt 12.9000 1.5500
vt 1.5500 0.5000
vt 12.9500 1.5500
vt 13.0000 1.5500
vt 1.6000 0.5000
vt -3.3500 1.6000
vt 1.6000 0.3116
vt 1.6000 0.0000
vt -2.6500 1.6000
vt 1.6000 0.0000
vt -2.6000 1.6000
vt 1.6000 0.5000
vt 1.1000 1.6000
vt 1.6000 0.5000
vt 1.1500 1.6000
vt 1.6000 0.0504
vt 1.6000 0.0000
vt 1.2500 1.6000
vt 2.2500 1.6000
vt 1.6000 0.0000
vt 2.3000 0.0000
vt 2.3000 1.6000
vt 1.6000 0.3320
vt 2.3500 0.3320
vt 1.6000 0.5000
vt 2.4000 0.5000
vt 2.4000 1.6000
vt 2.4500 1.6000
vt 3.8500 1.6000
vt 1.6000 0.5000
vt 3.9000 0.5000
vt 3.9000 1.6000
vt 3.9500 0.5000
vt 4.0000 0.5000
vt 4.0500 0.5000
vt 4.1000 0.5000
vt 4.1500 0.5000
vt 4.2000 0.5000
vt 4.2500 0.5000
vt 4.3000 0.5000
vt 1.6000 0.5000
vt 4.3500 0.5000
vt 4.3500 1.6000
vt 1.6000 0.2552
vt 4.4000 0.2552
vt 4.4500 0.2297
vt 1.6000 0.3867
vt 4.5000 0.3867
vt 1.6000 0.5000
vt 4.5500 0.5000
vt 4.5500 1.6000
vt 4.6000 0.5000
vt 1.6000 0.5000
vt 4.6500 0.5000
vt 4.6500 1.6000
vt 1.6000 0.1592
vt 4.7000 0.1592
vt 1.6000 0.0000
vt 4.7500 0.0000
vt 4.7500 1.6000
vt 4.8000 0.0000
vt 1.6000 0.0000
vt 4.8500 0.0000
vt 4.8500 1.6000
vt 4.9000 1.6000
vt 6.1500 1.6000
vt 1.6000 0.0000
vt 6.2000 0.0000
vt 6.2000 1.6000
vt 6.2500 0.0000
vt 6.3000 0.0000
vt 6.3500 0.0000
vt 6.4000 0.0000
vt 6.4500 0.0000
vt 6.5000 0.0000
vt 1.6000 0.0000
vt 6.5500 0.0000
vt 6.5500 1.6000
vt 1.6000 0.1208
vt 6.6000 0.1208
vt 1.6000 0.5000
vt 6.6500 0.5000
vt 6.6500 1.6000
vt 6.7000 0.5000
vt 6.7500 0.5000
vt 1.6000 0.5000
vt 6.8000 0.5000
vt 6.8000 1.6000
vt 6.8500 1.6000
vt 1.6000 0.5000
vt 7.8000 1.6000
vt 1.6000 0.3696
vt 1.6000 0.0000
vt 7.9000 1.6000
vt 8.9000 1.6000
vt 1.6000 0.0000
vt 8.9500 1.6000
vt 1.6000 0.5000
vt 9.0000 1.6000
vt 9.0500 1.6000
vt 11.5500 1.6000
vt 1.6000 0.5000
vt 11.6000 1.6000
vt 1.6000 0.0000
vt 11.6500 1.6000
vt 11.7000 1.6000
vt 12.9000 1.6000
vt 1.6000 0.0000
vt 12.9500 1.6000
vt 1.6000 0.5000
vt 13.0000 1.6000
vt 13.0500 1.6000
vt -3.3500 1.6500
vt 1.6500 0.5000
vt -3.3000 1.6500
vt 1.6500 0.0000
vt 1.6500 0.0000
vt -2.6500 1.6500
vt 1.6500 0.2470
vt 1.6500 0.5000
vt -2.5500 1.6500
vt 1.1500 1.6500
vt 1.6500 0.5000
vt 1.2000 1.6500
vt 1.6500 0.0000
vt 1.2500 1.6500
vt 1.3000 1.6500
vt 2.3000 1.6500
vt 1.6500 0.0000
vt 2.3500 0.0000
vt 2.3500 1.6500
vt 1.6500 0.0000
vt 2.4000 0.0000
vt 2.4000 1.6500
vt 1.6500 0.5000
vt 2.4500 1.6500
vt 2.5000 1.6500
vt 3.6000 1.6500
vt 3.6500 1.6500
vt 3.7000 0.5000
vt 3.7000 1.6500
vt 3.7500 0.5000
vt 3.8000 0.5000
vt 1.6500 0.5000
vt 3.8500 0.5000
vt 3.8500 1.6500
vt 1.6500 0.1897
vt 3.9000 0.1897
vt 1.6500 0.0000
vt 3.9500 0.0000
vt 3.9500 1.6500
vt 4.0000 0.0000
vt 4.0500 0.0000
vt 4.1000 0.0000
vt 4.1500 0.0000
vt 4.2000 0.0000
vt 4.2500 0.0000
vt 4.3000 0.0000
vt 4.3500 0.0000
vt 4.4000 0.0000
vt 4.4500 0.0000
vt 4.5000 0.0000
vt 4.5500 0.0000
vt 4.6000 0.0000
vt 4.6500 0.0000
vt 1.6500 0.0000
vt 4.7000 0.0000
vt 4.7000 1.6500
vt 4.7500 1.6500
vt 6.5500 1.6500
vt 1.6500 0.0000
vt 6.6000 0.0000
vt 6.6000 1.6500
vt 6.6500 0.0000
vt 6.7000 0.0000
vt 1.6500 0.0000
vt 6.7500 0.0000
vt 6.7500 1.6500
vt 1.6500 0.0942
vt 6.8000 0.0942
vt 1.6500 0.5000
vt 6.8500 0.5000
vt 6.8500 1.6500
vt 1.6500 0.5000
vt 6.9000 0.5000
vt 6.9000 1.6500
vt 6.9500 1.6500
vt 7.7500 1.6500
vt 1.6500 0.5000
vt 7.8000 1.6500
vt 1.6500 0.0000
vt 7.8500 1.6500
vt 7.9000 1.6500
vt 1.6500 0.0000
vt 8.9000 1.6500
vt 1.6500 0.4470
vt 1.6500 0.5000
vt 9.0000 1.6500
vt 11.6000 1.6500
vt 1.6500 0.5000
vt 11.6500 1.6500
vt 1.6500 0.0000
vt 11.7000 0.0000
vt 11.7000 1.6500
vt 1.6500 0.0000
vt 11.7500 0.0000
vt 11.7500 1.6500
vt 11.8000 1.6500
vt 1.6500 0.0000
vt 12.9500 1.6500
vt 1.6500 0.0562
vt 13.0000 0.0562
vt 1.6500 0.5000
vt 13.0500 0.5000
vt 13.0500 1.6500
vt 13.1000 1.6500
vt 1.7000 0.5000
vt 1.7000 0.0000
vt 1.7000 0.0000
vt 1.7000 0.5000
vt -2.6000 1.7000
vt -2.5500 1.7000
vt 1.2000 1.7000
vt 1.7000 0.5000
vt 1.2500 1.7000
vt 1.7000 0.0000
vt 1.3000 1.7000
vt 1.3500 1.7000
vt 2.4000 1.7000
vt 1.7000 0.0000
vt 2.4500 1.7000
vt 1.7000 0.5000
vt 2.5000 1.7000
vt 2.5500 1.7000
vt 3.5000 1.7000
vt 1.7000 0.5000
vt 3.5500 0.5000
vt 3.5500 1.7000
vt 3.6000 0.5000
vt 3.6000 1.7000
vt 1.7000 0.4892
vt 3.6500 0.4892
vt 3.6500 1.7000
vt 1.7000 0.0000
vt 3.7000 0.0000
vt 3.7000 1.7000
vt 3.7500 0.0000
vt 3.8000 0.0000
vt 3.8500 0.0000
vt 1.7000 0.0000
vt 3.9000 0.0000
vt 3.9000 1.7000
vt 3.9500 1.7000
vt 6.7500 1.7000
vt 1.7000 0.0000
vt 6.8000 0.0000
vt 6.8000 1.7000
vt 6.8500 0.0000
vt 1.7000 0.0000
vt 6.9000 0.0000
vt 6.9000 1.7000
vt 1.7000 0.5000
vt 6.9500 0.5000
vt 6.9500 1.7000
vt 1.7000 0.5000
vt 7.0000 0.5000
vt 7.0000 1.7000
vt 7.0500 1.7000
vt 7.7500 1.7000
vt 1.7000 0.4772
vt 7.8000 1.7000
vt 1.7000 0.0000
vt 7.8500 1.7000
vt 8.8500 1.7000
vt 1.7000 0.0000
vt 8.9000 1.7000
vt 1.7000 0.5000
vt 8.9500 1.7000
vt 9.0000 1.7000
vt 11.6500 1.7000
vt 1.7000 0.5000
vt 11.7000 0.5000
vt 11.7000 1.7000
vt 1.7000 0.0848
vt 11.7500 0.0848
vt 1.7000 0.0000
vt 11.8000 0.0000
vt 11.8000 1.7000
vt 11.8500 1.7000
vt 12.9500 1.7000
vt 1.7000 0.0000
vt 13.0000 0.0000
vt 13.0000 1.7000
vt 1.7000 0.0000
vt 13.0500 0.0000
vt 13.0500 1.7000
vt 1.7000 0.5000
vt 13.1000 1.7000
vt 13.1500 1.7000
vt -3.3500 1.7500
vt 1.7500 0.5000
vt -3.3000 1.7500
vt 1.7500 0.0000
vt 1.7500 0.0000
vt 1.7500 0.5000
vt 1.2500 1.7500
vt 1.7500 0.5000
vt 1.3000 1.7500
vt 1.7500 0.0000
vt 1.3500 0.0000
vt 1.3500 1.7500
vt 1.7500 0.0000
vt 1.4000 0.0000
vt 1.4000 1.7500
vt 1.4500 1.7500
vt 2.4500 1.7500
vt 1.7500 0.0000
vt 2.5000 1.7500
vt 1.7500 0.5000
vt 2.5500 0.5000
vt 2.5500 1.7500
vt 1.7500 0.5000
vt 2.6000 0.5000
vt 2.6000 1.7500
vt 2.6500 1.7500
vt 3.3500 1.7500
vt 1.7500 0.5000
vt 3.4000 0.5000
vt 3.4000 1.7500
vt 3.4500 0.5000
vt 1.7500 0.5000
vt 3.5000 0.5000
vt 3.5000 1.7500
vt 1.7500 0.0964
vt 3.5500 0.0964
vt 1.7500 0.0000
vt 3.6000 0.0000
vt 3.6000 1.7500
vt 1.7500 0.0000
vt 3.6500 0.0000
vt 3.6500 1.7500
vt 3.7000 1.7500
vt 6.9000 1.7500
vt 1.7500 0.0000
vt 6.9500 0.0000
vt 6.9500 1.7500
vt 1.7500 0.0000
vt 7.0000 0.0000
vt 7.0000 1.7500
vt 1.7500 0.5000
vt 7.0500 1.7500
vt 7.1000 1.7500
vt 7.7000 1.7500
vt 1.7500 0.5000
vt 7.7500 1.7500
vt 1.7500 0.0000
vt 7.8000 1.7500
vt 7.8500 1.7500
vt 8.8000 1.7500
vt 1.7500 0.0000
vt 8.8500 1.7500
vt 1.7500 0.5000
vt 8.9000 1.7500
vt 8.9500 1.7500
vt 11.7000 1.7500
vt 1.7500 0.5000
vt 11.7500 0.5000
vt 11.7500 1.7500
vt 1.7500 0.1593
vt 11.8000 0.1593
vt 1.7500 0.0000
vt 11.8500 0.0000
vt 11.8500 1.7500
vt 11.9000 1.7500
vt 13.0500 1.7500
vt 1.7500 0.0000
vt 13.1000 1.7500
vt 1.7500 0.5000
vt 13.1500 1.7500
vt 13.2000 1.7500
vt 1.8000 0.5000
vt -3.3500 1.8000
vt 1.8000 0.4359
vt 1.8000 0.0000
vt 1.8000 0.0000
vt 1.8000 0.5000
vt 1.3000 1.8000
vt 1.8000 0.5000
vt 1.3500 0.5000
vt 1.3500 1.8000
vt 1.8000 0.0977
vt 1.4000 0.0977
vt 1.8000 0.0000
vt 1.4500 0.0000
vt 1.4500 1.8000
vt 1.5000 1.8000
vt 2.5000 1.8000
vt 1.8000 0.0000
vt 2.5500 0.0000
vt 2.5500 1.8000
vt 1.8000 0.0000
vt 2.6000 0.0000
vt 2.6000 1.8000
vt 1.8000 0.5000
vt 2.6500 0.5000
vt 2.6500 1.8000
vt 2.7000 0.5000
vt 1.8000 0.5000
vt 2.7500 0.5000
vt 2.7500 1.8000
vt 2.8000 1.8000
vt 3.2500 1.8000
vt 1.8000 0.5000
vt 3.3000 0.5000
vt 3.3000 1.8000
vt 1.8000 0.5000
vt 3.3500 0.5000
vt 3.3500 1.8000
vt 1.8000 0.1786
vt 3.4000 0.1786
vt 1.8000 0.0000
vt 3.4500 0.0000
vt 3.4500 1.8000
vt 3.5000 0.0000
vt 1.8000 0.0000
vt 3.5500 0.0000
vt 3.5500 1.8000
vt 3.6000 1.8000
vt 7.0000 1.8000
vt 1.8000 0.0000
vt 7.0500 1.8000
vt 1.8000 0.5000
vt 7.1000 0.5000
vt 7.1000 1.8000
vt 1.8000 0.5000
vt 7.1500 0.5000
vt 7.1500 1.8000
vt 7.2000 1.8000
vt 7.7000 1.8000
vt 1.8000 0.4622
vt 7.7500 1.8000
vt 1.8000 0.0000
vt 7.8000 1.8000
vt 8.7500 1.8000
vt 1.8000 0.0000
vt 8.8000 1.8000
vt 1.8000 0.5000
vt 8.8500 1.8000
vt 8.9000 1.8000
vt 11.7500 1.8000
vt 1.8000 0.5000
vt 11.8000 0.5000
vt 11.8000 1.8000
vt 1.8000 0.3179
vt 11.8500 0.3179
vt 1.8000 0.0000
vt 11.9000 0.0000
vt 11.9000 1.8000
vt 11.9500 1.8000
vt 13.1000 1.8000
vt 1.8000 0.0000
vt 13.1500 1.8000
vt 1.8000 0.5000
vt 13.2000 1.8000
vt 13.2500 1.8000
vt 1.8500 0.5000
vt 1.8500 0.1888
vt 1.8500 0.0000
vt 1.8500 0.0000
vt 1.8500 0.5000
vt 1.3500 1.8500
vt 1.8500 0.5000
vt 1.4000 0.5000
vt 1.4000 1.8500
vt 1.8500 0.2420
vt 1.4500 0.2420
vt 1.8500 0.0000
vt 1.5000 0.0000
vt 1.5000 1.8500
vt 1.5500 1.8500
vt 2.6000 1.8500
vt 1.8500 0.0000
vt 2.6500 0.0000
vt 2.6500 1.8500
vt 1.8500 0.0000
vt 2.7000 0.0000
vt 2.7000 1.8500
vt 1.8500 0.1902
vt 2.7500 0.1902
vt 1.8500 0.5000
vt 2.8000 0.5000
vt 2.8000 1.8500
vt 2.8500 0.5000
vt 2.9000 0.5000
vt 2.9000 1.8500
vt 2.9500 1.8500
vt 3.0000 1.8500
vt 3.0500 1.8500
vt 1.8500 0.5000
vt 3.1000 0.5000
vt 3.1000 1.8500
vt 3.1500 0.5000
vt 3.2000 0.5000
vt 1.8500 0.5000
vt 3.2500 0.5000
vt 3.2500 1.8500
vt 1.8500 0.0000
vt 3.3000 0.0000
vt 3.3000 1.8500
vt 3.3500 0.0000
vt 1.8500 0.0000
vt 3.4000 0.0000
vt 3.4000 1.8500
vt 3.4500 1.8500
vt 7.0500 1.8500
vt 1.8500 0.0000
vt 7.1000 0.0000
vt 7.1000 1.8500
vt 1.8500 0.0933
vt 7.1500 0.0933
vt 1.8500 0.5000
vt 7.2000 0.5000
vt 7.2000 1.8500
vt 7.2500 1.8500
vt 7.6000 1.8500
vt 1.8500 0.5000
vt 7.6500 0.5000
vt 7.6500 1.8500
vt 1.8500 0.5000
vt 7.7000 0.5000
vt 7.7000 1.8500
vt 1.8500 0.0000
vt 7.7500 1.8500
vt 7.8000 1.8500
vt 1.8500 0.0000
vt 8.7500 1.8500
vt 1.8500 0.1555
vt 1.8500 0.5000
vt 8.8500 1.8500
vt 11.8000 1.8500
vt 1.8500 0.5000
vt 11.8500 0.5000
vt 11.8500 1.8500
vt 1.8500 0.3541
vt 11.9000 0.3541
vt 1.8500 0.0000
vt 11.9500 0.0000
vt 11.9500 1.8500
vt 12.0000 1.8500
vt 13.1500 1.8500
vt 1.8500 0.0000
vt 13.2000 1.8500
vt 1.8500 0.5000
vt 13.2500 1.8500
vt 13.3000 1.8500
vt 1.9000 0.5000
vt 1.9000 0.0529
vt 1.9000 0.0000
vt -3.2500 1.9000
vt 1.9000 0.0000
vt 1.9000 0.5000
vt 1.4000 1.9000
vt 1.9000 0.5000
vt 1.4500 0.5000
vt 1.4500 1.9000
vt 1.9000 0.3367
vt 1.5000 0.3367
vt 1.9000 0.0000
vt 1.5500 0.0000
vt 1.5500 1.9000
vt 1.6000 1.9000
vt 2.7000 1.9000
vt 1.9000 0.0000
vt 2.7500 0.0000
vt 2.7500 1.9000
vt 2.8000 0.0000
vt 1.9000 0.0000
vt 2.8500 0.0000
vt 2.8500 1.9000
vt 1.9000 0.0869
vt 2.9000 0.0869
vt 2.9500 0.4924
vt 2.9500 1.9000
vt 3.0000 0.5000
vt 3.0000 1.9000
vt 1.9000 0.5000
vt 3.0500 0.5000
vt 3.0500 1.9000
vt 1.9000 0.1899
vt 3.1000 0.1899
vt 1.9000 0.0000
vt 3.1500 0.0000
vt 3.1500 1.9000
vt 3.2000 0.0000
vt 1.9000 0.0000
vt 3.2500 0.0000
vt 3.2500 1.9000
vt 3.3000 1.9000
vt 7.1000 1.9000
vt 1.9000 0.0000
vt 7.1500 0.0000
vt 7.1500 1.9000
vt 1.9000 0.0000
vt 7.2000 0.0000
vt 1.9000 0.5000
vt 7.2500 1.9000
vt 7.5500 1.9000
vt 1.9000 0.5000
vt 7.6000 0.5000
vt 7.6000 1.9000
vt 1.9000 0.0992
vt 7.6500 0.0992
vt 1.9000 0.0000
vt 7.7000 0.0000
vt 7.7000 1.9000
vt 7.7500 1.9000
vt 8.7000 1.9000
vt 1.9000 0.0000
vt 8.7500 1.9000
vt 1.9000 0.5000
vt 8.8000 1.9000
vt 8.8500 1.9000
vt 11.8500 1.9000
vt 1.9000 0.5000
vt 11.9000 0.5000
vt 11.9000 1.9000
vt 1.9000 0.4225
vt 11.9500 0.4225
vt 1.9000 0.0000
vt 12.0000 0.0000
vt 12.0000 1.9000
vt 12.0500 1.9000
vt 13.2000 1.9000
vt 1.9000 0.0000
vt 13.2500 1.9000
vt 1.9000 0.5000
vt 13.3000 1.9000
vt 13.3500 1.9000
vt 1.9500 0.5000
vt 1.9500 0.0000
vt -3.3000 1.9500
vt -3.2500 1.9500
vt 1.9500 0.0000
vt 1.9500 0.5000
vt 1.4500 1.9500
vt 1.9500 0.5000
vt 1.5000 0.5000
vt 1.5000 1.9500
vt 1.9500 0.3569
vt 1.5500 0.3569
vt 1.9500 0.0000
vt 1.6000 1.9500
vt 1.6500 1.9500
vt 2.8500 1.9500
vt 1.9500 0.0000
vt 2.9000 0.0000
vt 2.9000 1.9500
vt 2.9500 0.0000
vt 3.0000 0.0000
vt 3.0500 0.0000
vt 1.9500 0.0000
vt 3.1000 0.0000
vt 3.1000 1.9500
vt 3.1500 1.9500
vt 1.9500 0.0000
vt 7.2000 1.9500
vt 1.9500 0.5000
vt 7.2500 1.9500
vt 7.3000 1.9500
vt 7.4500 1.9500
vt 1.9500 0.5000
vt 7.5000 0.5000
vt 7.5000 1.9500
vt 1.9500 0.5000
vt 7.5500 0.5000
vt 7.5500 1.9500
vt 1.9500 0.0000
vt 7.6000 0.0000
vt 7.6000 1.9500
vt 1.9500 0.0000
vt 7.6500 0.0000
vt 7.6500 1.9500
vt 7.7000 1.9500
vt 8.6500 1.9500
vt 1.9500 0.0000
vt 8.7000 1.9500
vt 1.9500 0.5000
vt 8.7500 1.9500
vt 8.8000 1.9500
vt 11.9000 1.9500
vt 1.9500 0.5000
vt 11.9500 0.5000
vt 11.9500 1.9500
vt 1.9500 0.5000
vt 12.0000 0.5000
vt 1.9500 0.0000
vt 12.0500 1.9500
vt 12.1000 1.9500
vt 13.2500 1.9500
vt 1.9500 0.0000
vt 13.3000 1.9500
vt 1.9500 0.5000
vt 13.3500 1.9500
vt 13.4000 1.9500
vt 2.0000 0.5000
vt 2.0000 0.0000
vt -2.7000 2.0000
vt 2.0000 0.0000
vt -2.6500 2.0000
vt 2.0000 0.5000
vt 1.5000 2.0000
vt 2.0000 0.5000
vt 1.5500 2.0000
vt 2.0000 0.3479
vt 1.6000 0.3479
vt 2.0000 0.0000
vt 1.6500 0.0000
vt 1.6500 2.0000
vt 1.7000 2.0000
vt 7.2000 2.0000
vt 2.0000 0.0000
vt 7.2500 2.0000
vt 2.0000 0.5000
vt 7.3000 0.5000
vt 7.3000 2.0000
vt 7.3500 0.5000
vt 7.4000 0.5000
vt 2.0000 0.5000
vt 7.4500 0.5000
vt 7.4500 2.0000
vt 2.0000 0.0000
vt 7.5000 0.0000
vt 7.5000 2.0000
vt 2.0000 0.0000
vt 7.5500 0.0000
vt 7.5500 2.0000
vt 7.6000 2.0000
vt 2.0000 0.0000
vt 8.6500 2.0000
vt 2.0000 0.4465
vt 2.0000 0.5000
vt 8.7500 2.0000
vt 2.0000 0.5000
vt 12.0000 2.0000
vt 2.0000 0.2593
vt 2.0000 0.0000
vt 12.1000 2.0000
vt 12.1500 2.0000
vt 13.3000 2.0000
vt 2.0000 0.0000
vt 13.3500 2.0000
vt 2.0000 0.5000
vt 13.4000 2.0000
vt 13.4500 2.0000
vt 2.0500 0.5000
vt 2.0500 0.0000
vt 2.0500 0.0000
vt -2.7000 2.0500
vt 2.0500 0.0941
vt 2.0500 0.5000
vt -2.6000 2.0500
vt 1.5500 2.0500
vt 2.0500 0.5000
vt 1.6000 0.5000
vt 1.6000 2.0500
vt 2.0500 0.5000
vt 1.6500 0.5000
vt 1.6500 2.0500
vt 2.0500 0.0000
vt 1.7000 2.0500
vt 1.7500 2.0500
vt 7.2500 2.0500
vt 2.0500 0.0000
vt 7.3000 0.0000
vt 7.3000 2.0500
vt 7.3500 0.0000
vt 7.4000 0.0000
vt 2.0500 0.0000
vt 7.4500 0.0000
vt 7.4500 2.0500
vt 7.5000 2.0500
vt 8.6000 2.0500
vt 2.0500 0.0000
vt 8.6500 2.0500
vt 2.0500 0.5000
vt 8.7000 2.0500
vt 8.7500 2.0500
vt 12.0000 2.0500
vt 2.0500 0.5000
vt 12.0500 2.0500
vt 2.0500 0.0113
vt 12.1000 2.0500
vt 12.1500 2.0500
vt 13.3500 2.0500
vt 2.0500 0.0000
vt 13.4000 2.0500
vt 2.0500 0.5000
vt 13.4500 2.0500
vt 13.5000 2.0500
vt 2.1000 0.5000
vt 2.1000 0.0000
vt 2.1000 0.0000
vt 2.1000 0.5000
vt -2.6500 2.1000
vt -2.6000 2.1000
vt 1.6500 2.1000
vt 2.1000 0.5000
vt 1.7000 2.1000
vt 2.1000 0.0000
vt 1.7500 2.1000
vt 1.8000 2.1000
vt 8.5500 2.1000
vt 2.1000 0.0000
vt 8.6000 2.1000
vt 2.1000 0.5000
vt 8.6500 2.1000
vt 8.7000 2.1000
vt 12.0500 2.1000
vt 2.1000 0.5000
vt 12.1000 2.1000
vt 2.1000 0.0000
vt 12.1500 2.1000
vt 12.2000 2.1000
vt 13.4000 2.1000
vt 2.1000 0.0000
vt 13.4500 2.1000
vt 2.1000 0.5000
vt 13.5000 2.1000
vt 13.5500 2.1000
vt -3.4000 2.1500
vt 2.1500 0.5000
vt -3.3500 2.1500
vt 2.1500 0.0000
vt 2.1500 0.0000
vt 2.1500 0.5000
vt 1.7000 2.1500
vt 2.1500 0.5000
vt 1.7500 2.1500
vt 2.1500 0.0000
vt 1.8000 2.1500
vt 1.8500 2.1500
vt 2.1500 0.0000
vt 8.5500 2.1500
vt 2.1500 0.0657
vt 2.1500 0.5000
vt 8.6500 2.1500
vt 12.1000 2.1500
vt 2.1500 0.5000
vt 12.1500 2.1500
vt 2.1500 0.0000
vt 12.2000 2.1500
vt 12.2500 2.1500
vt 13.4500 2.1500
vt 2.1500 0.0000
vt 13.5000 2.1500
vt 2.1500 0.5000
vt 13.5500 2.1500
vt 13.6000 2.1500
vt 2.2000 0.5000
vt -3.4000 2.2000
vt 2.2000 0.1453
vt 2.2000 0.0000
vt -3.3000 2.2000
vt -2.7500 2.2000
vt 2.2000 0.0000
vt -2.7000 2.2000
vt 2.2000 0.5000
vt 2.2000 0.5000
vt 1.7500 2.2000
vt 2.2000 0.1243
vt 2.2000 0.0000
vt 1.8500 2.2000
vt 8.5000 2.2000
vt 2.2000 0.0000
vt 8.5500 2.2000
vt 2.2000 0.5000
vt 8.6000 2.2000
vt 8.6500 2.2000
vt 12.1500 2.2000
vt 2.2000 0.5000
vt 12.2000 2.2000
vt 2.2000 0.0000
vt 12.2500 2.2000
vt 12.3000 2.2000
vt 13.5000 2.2000
vt 2.2000 0.0285
vt 13.5500 2.2000
vt 2.2000 0.5000
vt 13.6000 2.2000
vt 13.6500 2.2000
vt 2.2500 0.5000
vt 2.2500 0.0000
vt -3.3500 2.2500
vt -3.3000 2.2500
vt 2.2500 0.0000
vt -2.7500 2.2500
vt 2.2500 0.0971
vt 2.2500 0.5000
vt -2.6500 2.2500
vt 1.7500 2.2500
vt 2.2500 0.5000
vt 1.8000 2.2500
vt 2.2500 0.0000
vt 1.8500 2.2500
vt 1.9000 2.2500
vt 8.4500 2.2500
vt 2.2500 0.0000
vt 8.5000 2.2500
vt 2.2500 0.5000
vt 8.5500 2.2500
vt 8.6000 2.2500
vt 12.2000 2.2500
vt 2.2500 0.5000
vt 12.2500 2.2500
vt 2.2500 0.0000
vt 12.3000 2.2500
vt 12.3500 2.2500
vt 13.5000 2.2500
vt 2.2500 0.0000
vt 13.5500 2.2500
vt 2.2500 0.3304
vt 2.2500 0.5000
vt 13.6500 2.2500
vt 2.3000 0.5000
vt 2.3000 0.0000
vt 2.3000 0.0000
vt 2.3000 0.5000
vt -2.7000 2.3000
vt -2.6500 2.3000
vt 1.8000 2.3000
vt 2.3000 0.5000
vt 1.8500 2.3000
vt 2.3000 0.0000
vt 1.9000 2.3000
vt 1.9500 2.3000
vt 8.4000 2.3000
vt 2.3000 0.0000
vt 8.4500 2.3000
vt 2.3000 0.2388
vt 2.3000 0.5000
vt 8.5500 2.3000
vt 2.3000 0.5000
vt 12.2500 2.3000
vt 2.3000 0.3877
vt 2.3000 0.0000
vt 12.3500 2.3000
vt 13.5500 2.3000
vt 2.3000 0.0000
vt 13.6000 2.3000
vt 2.3000 0.5000
vt 13.6500 2.3000
vt 13.7000 2.3000
vt -3.4500 2.3500
vt 2.3500 0.5000
vt -3.4000 2.3500
vt 2.3500 0.0000
vt 2.3500 0.0000
vt 2.3500 0.5000
vt 1.8500 2.3500
vt 2.3500 0.5000
vt 1.9000 2.3500
vt 2.3500 0.0000
vt 1.9500 0.0000
vt 1.9500 2.3500
vt 2.3500 0.0000
vt 2.0000 0.0000
vt 2.0000 2.3500
vt 2.0500 2.3500
vt 2.3500 0.0000
vt 8.4000 2.3500
vt 2.3500 0.1053
vt 2.3500 0.5000
vt 8.5000 2.3500
vt 8.5500 2.3500
vt 12.2500 2.3500
vt 2.3500 0.5000
vt 12.3000 2.3500
vt 2.3500 0.0000
vt 12.3500 2.3500
vt 12.4000 2.3500
vt 13.6000 2.3500
vt 2.3500 0.0293
vt 13.6500 2.3500
vt 2.3500 0.5000
vt 13.7000 2.3500
vt 2.4000 0.5000
vt -3.4500 2.4000
vt 2.4000 0.3681
vt 2.4000 0.0000
vt -3.3500 2.4000
vt -2.8000 2.4000
vt 2.4000 0.0000
vt -2.7500 2.4000
vt 2.4000 0.5000
vt 1.9000 2.4000
vt 2.4000 0.5000
vt 1.9500 0.5000
vt 1.9500 2.4000
vt 2.4000 0.3456
vt 2.0000 0.3456
vt 2.4000 0.0000
vt 2.0500 0.0000
vt 2.0500 2.4000
vt 2.1000 2.4000
vt 8.3500 2.4000
vt 2.4000 0.0000
vt 8.4000 2.4000
vt 2.4000 0.5000
vt 8.4500 2.4000
vt 8.5000 2.4000
vt 12.3000 2.4000
vt 2.4000 0.5000
vt 12.3500 2.4000
vt 2.4000 0.0000
vt 12.4000 0.0000
vt 12.4000 2.4000
vt 2.4000 0.0000
vt 12.4500 0.0000
vt 12.4500 2.4000
vt 12.5000 2.4000
vt 13.6000 2.4000
vt 2.4000 0.0000
vt 13.6500 2.4000
vt 2.4000 0.5000
vt 13.7000 2.4000
vt 13.7500 2.4000
vt 2.4500 0.5000
vt 2.4500 0.0000
vt -3.4000 2.4500
vt -3.3500 2.4500
vt 2.4500 0.0000
vt -2.8000 2.4500
vt 2.4500 0.2015
vt 2.4500 0.5000
vt -2.7000 2.4500
vt 1.9500 2.4500
vt 2.4500 0.5000
vt 2.0000 0.5000
vt 2.0000 2.4500
vt 2.4500 0.5000
vt 2.0500 0.5000
vt 2.0500 2.4500
vt 2.4500 0.0000
vt 2.1000 2.4500
vt 2.1500 2.4500
vt 8.3000 2.4500
vt 2.4500 0.0000
vt 8.3500 2.4500
vt 2.4500 0.5000
vt 8.4000 2.4500
vt 8.4500 2.4500
vt 12.3500 2.4500
vt 2.4500 0.5000
vt 12.4000 0.5000
vt 12.4000 2.4500
vt 2.4500 0.3203
vt 12.4500 0.3203
vt 2.4500 0.0000
vt 12.5000 0.0000
vt 12.5000 2.4500
vt 12.5500 2.4500
vt 13.6500 2.4500
vt 2.4500 0.0000
vt 13.7000 2.4500
vt 2.4500 0.5000
vt 13.7500 2.4500
vt 13.8000 2.4500
vt -3.5000 2.5000
vt 2.5000 0.5000
vt -3.4500 2.5000
vt 2.5000 0.0000
vt 2.5000 0.0000
vt 2.5000 0.5000
vt -2.7500 2.5000
vt -2.7000 2.5000
vt 2.0500 2.5000
vt 2.5000 0.5000
vt 2.1000 2.5000
vt 2.5000 0.0000
vt 2.1500 0.0000
vt 2.1500 2.5000
vt 2.5000 0.0000
vt 2.2000 0.0000
vt 2.2000 2.5000
vt 2.2500 2.5000
vt 2.5000 0.0000
vt 8.3000 2.5000
vt 2.5000 0.4960
vt 8.3500 2.5000
vt 8.4000 2.5000
vt 12.4000 2.5000
vt 2.5000 0.5000
vt 12.4500 0.5000
vt 12.4500 2.5000
vt 2.5000 0.5000
vt 12.5000 0.5000
vt 12.5000 2.5000
vt 2.5000 0.0000
vt 12.5500 2.5000
vt 12.6000 2.5000
vt 2.5000 0.0000
vt 13.7000 2.5000
vt 2.5000 0.2409
vt 2.5000 0.5000
vt 13.8000 2.5000
vt 2.5500 0.5000
vt -3.5000 2.5500
vt 2.5500 0.3632
vt 2.5500 0.0000
vt -3.4000 2.5500
vt -2.8500 2.5500
vt 2.5500 0.0000
vt -2.8000 2.5500
vt 2.5500 0.5000
vt 2.1000 2.5500
vt 2.5500 0.5000
vt 2.1500 0.5000
vt 2.1500 2.5500
vt 2.5500 0.2528
vt 2.2000 0.2528
vt 2.5500 0.0000
vt 2.2500 0.0000
vt 2.2500 2.5500
vt 2.3000 2.5500
vt 8.2500 2.5500
vt 2.5500 0.0000
vt 8.3000 2.5500
vt 2.5500 0.5000
vt 8.3500 2.5500
vt 8.4000 2.5500
vt 12.5000 2.5500
vt 2.5500 0.5000
vt 12.5500 2.5500
vt 2.5500 0.0000
vt 12.6000 0.0000
vt 12.6000 2.5500
vt 2.5500 0.0000
vt 12.6500 0.0000
vt 12.6500 2.5500
vt 12.7000 2.5500
vt 13.7000 2.5500
vt 2.5500 0.0000
vt 13.7500 2.5500
vt 2.5500 0.5000
vt 13.8000 2.5500
vt 13.8500 2.5500
vt -3.5500 2.6000
vt 2.6000 0.5000
vt -3.5000 2.6000
vt 2.6000 0.0000
vt -3.4500 2.6000
vt -3.4000 2.6000
vt 2.6000 0.0000
vt -2.8500 2.6000
vt 2.6000 0.4023
vt 2.6000 0.5000
vt -2.7500 2.6000
vt 2.1500 2.6000
vt 2.6000 0.5000
vt 2.2000 0.5000
vt 2.2000 2.6000
vt 2.6000 0.5000
vt 2.2500 0.5000
vt 2.2500 2.6000
vt 2.6000 0.0000
vt 2.3000 0.0000
vt 2.3000 2.6000
vt 2.6000 0.0000
vt 2.3500 0.0000
vt 2.3500 2.6000
vt 2.4000 2.6000
vt 8.2000 2.6000
vt 2.6000 0.0000
vt 8.2500 2.6000
vt 2.6000 0.5000
vt 8.3000 2.6000
vt 8.3500 2.6000
vt 12.5500 2.6000
vt 2.6000 0.5000
vt 12.6000 0.5000
vt 12.6000 2.6000
vt 2.6000 0.1292
vt 12.6500 0.1292
vt 2.6000 0.0000
vt 12.7000 0.0000
vt 12.7000 2.6000
vt 12.7500 2.6000
vt 13.7500 2.6000
vt 2.6000 0.0000
vt 13.8000 2.6000
vt 2.6000 0.5000
vt 13.8500 2.6000
vt 13.9000 2.6000
vt -3.5500 2.6500
vt 2.6500 0.4746
vt -3.5000 2.6500
vt 2.6500 0.0000
vt -2.9000 2.6500
vt 2.6500 0.0000
vt -2.8500 2.6500
vt 2.6500 0.5000
vt -2.8000 2.6500
vt -2.7500 2.6500
vt 2.2500 2.6500
vt 2.6500 0.5000
vt 2.3000 0.5000
vt 2.3000 2.6500
vt 2.6500 0.2136
vt 2.3500 0.2136
vt 2.6500 0.0000
vt 2.4000 0.0000
vt 2.4000 2.6500
vt 2.4500 2.6500
vt 8.1500 2.6500
vt 2.6500 0.0000
vt 8.2000 2.6500
vt 2.6500 0.5000
vt 8.2500 2.6500
vt 8.3000 2.6500
vt 12.6000 2.6500
vt 2.6500 0.5000
vt 12.6500 0.5000
vt 12.6500 2.6500
vt 2.6500 0.3203
vt 12.7000 0.3203
vt 2.6500 0.0000
vt 12.7500 2.6500
vt 12.8000 2.6500
vt 2.6500 0.0000
vt 13.8000 2.6500
vt 2.6500 0.1018
vt 2.6500 0.5000
vt 13.9000 2.6500
vt 2.7000 0.5000
vt -3.5500 2.7000
vt 2.7000 0.0840
vt 2.7000 0.0000
vt 2.7000 0.0000
vt -2.9000 2.7000
vt 2.7000 0.1227
vt 2.7000 0.5000
vt -2.8000 2.7000
vt 2.3000 2.7000
vt 2.7000 0.5000
vt 2.3500 0.5000
vt 2.3500 2.7000
vt 2.7000 0.2460
vt 2.4000 0.2460
vt 2.7000 0.0000
vt 2.4500 0.0000
vt 2.4500 2.7000
vt 2.5000 2.7000
vt 2.7000 0.0000
vt 8.1500 2.7000
vt 2.7000 0.5000
vt 8.2000 2.7000
vt 8.2500 2.7000
vt 12.6500 2.7000
vt 2.7000 0.5000
vt 12.7000 2.7000
vt 2.7000 0.1933
vt 2.7000 0.0000
vt 12.8000 2.7000
vt 13.8000 2.7000
vt 2.7000 0.0000
vt 13.8500 2.7000
vt 2.7000 0.5000
vt 13.9000 2.7000
vt 13.9500 2.7000
vt -3.5500 2.7500
vt 2.7500 0.5000
vt -3.5000 2.7500
vt 2.7500 0.0000
vt 2.7500 0.0000
vt 2.7500 0.5000
vt -2.8500 2.7500
vt -2.8000 2.7500
vt 2.3500 2.7500
vt 2.7500 0.5000
vt 2.4000 0.5000
vt 2.4000 2.7500
vt 2.7500 0.4092
vt 2.4500 0.4092
vt 2.7500 0.0000
vt 2.5000 0.0000
vt 2.5000 2.7500
vt 2.5500 2.7500
vt 8.1000 2.7500
vt 2.7500 0.0000
vt 8.1500 2.7500
vt 2.7500 0.5000
vt 12.7000 2.7500
vt 2.7500 0.5000
vt 12.7500 2.7500
vt 2.7500 0.0000
vt 12.8000 2.7500
vt 12.8500 2.7500
vt 13.8500 2.7500
vt 2.7500 0.0000
vt 13.9000 2.7500
vt 2.7500 0.5000
vt 13.9500 0.5000
vt 13.9500 2.7500
vt 2.7500 0.5000
vt 14.0000 0.5000
vt 14.0000 2.7500
vt 14.0500 2.7500
vt 2.8000 0.5000
vt -3.5000 2.8000
vt 2.8000 0.0000
vt -3.4500 2.8000
vt -3.4000 2.8000
vt -2.9500 2.8000
vt 2.8000 0.0000
vt -2.9000 2.8000
vt 2.8000 0.5000
vt 2.4000 2.8000
vt 2.8000 0.5000
vt 2.4500 0.5000
vt 2.4500 2.8000
vt 2.8000 0.5000
vt 2.5000 0.5000
vt 2.5000 2.8000
vt 2.8000 0.0000
vt 2.5500 2.8000
vt 2.6000 2.8000
vt 2.8000 0.0000
vt 8.1000 2.8000
vt 2.8000 0.3715
vt 2.8000 0.5000
vt 8.2000 2.8000
vt 12.7500 2.8000
vt 2.8000 0.5000
vt 12.8000 2.8000
vt 2.8000 0.0000
vt 12.8500 2.8000
vt 12.9000 2.8000
vt 13.9000 2.8000
vt 2.8000 0.0000
vt 13.9500 0.0000
vt 13.9500 2.8000
vt 2.8000 0.1868
vt 14.0000 0.1868
vt 2.8000 0.5000
vt 14.0500 0.5000
vt 14.0500 2.8000
vt 2.8000 0.5000
vt 14.1000 0.5000
vt 14.1000 2.8000
vt 14.1500 2.8000
vt -3.5000 2.8500
vt 2.8500 0.5000
vt -3.4500 2.8500
vt 2.8500 0.0000
vt -3.4000 2.8500
vt -3.3500 2.8500
vt -2.9500 2.8500
vt 2.8500 0.0363
vt -2.9000 2.8500
vt 2.8500 0.5000
vt -2.8500 2.8500
vt 2.5000 2.8500
vt 2.8500 0.5000
vt 2.5500 2.8500
vt 2.8500 0.0000
vt 2.6000 2.8500
vt 2.6500 2.8500
vt 8.0500 2.8500
vt 2.8500 0.0000
vt 8.1000 2.8500
vt 2.8500 0.5000
vt 8.1500 2.8500
vt 8.2000 2.8500
vt 12.8000 2.8500
vt 2.8500 0.5000
vt 12.8500 2.8500
vt 2.8500 0.0000
vt 12.9000 2.8500
vt 12.9500 2.8500
vt 13.9500 2.8500
vt 2.8500 0.0000
vt 14.0000 0.0000
vt 14.0000 2.8500
vt 2.8500 0.0000
vt 14.0500 0.0000
vt 14.0500 2.8500
vt 2.8500 0.3674
vt 14.1000 0.3674
vt 2.8500 0.5000
vt 14.1500 0.5000
vt 14.1500 2.8500
vt 14.2000 2.8500
vt 2.9000 0.5000
vt -3.4500 2.9000
vt 2.9000 0.0978
vt 2.9000 0.0000
vt -3.3500 2.9000
vt -3.0000 2.9000
vt 2.9000 0.0000
vt -2.9500 2.9000
vt 2.9000 0.5000
vt -2.9000 2.9000
vt -2.8500 2.9000
vt 2.5500 2.9000
vt 2.9000 0.5000
vt 2.6000 2.9000
vt 2.9000 0.0000
vt 2.6500 2.9000
vt 8.0000 2.9000
vt 2.9000 0.0000
vt 8.0500 2.9000
vt 2.9000 0.5000
vt 8.1000 2.9000
vt 8.1500 2.9000
vt 2.9000 0.5000
vt 12.8500 2.9000
vt 2.9000 0.2760
vt 2.9000 0.0000
vt 12.9500 2.9000
vt 14.0500 2.9000
vt 2.9000 0.0000
vt 14.1000 0.0000
vt 14.1000 2.9000
vt 2.9000 0.0000
vt 14.1500 0.0000
vt 14.1500 2.9000
vt 2.9000 0.5000
vt 14.2000 2.9000
vt 14.2500 2.9000
vt -3.4500 2.9500
vt 2.9500 0.5000
vt -3.4000 2.9500
vt 2.9500 0.0000
vt -3.3500 0.0000
vt 2.9500 0.0000
vt -3.3000 0.0000
vt -3.3000 2.9500
vt -3.2500 2.9500
vt -3.1000 2.9500
vt 2.9500 0.0000
vt -3.0500 0.0000
vt -3.0500 2.9500
vt 2.9500 0.0000
vt -3.0000 0.0000
vt -3.0000 2.9500
vt 2.9500 0.5000
vt -2.9500 2.9500
vt -2.9000 2.9500
vt 2.9500 0.5000
vt 2.9500 0.0000
vt 2.6500 2.9500
vt 2.7000 2.9500
vt 7.9500 2.9500
vt 2.9500 0.0000
vt 8.0000 2.9500
vt 2.9500 0.5000
vt 8.0500 2.9500
vt 8.1000 2.9500
vt 12.8500 2.9500
vt 2.9500 0.5000
vt 12.9000 2.9500
vt 2.9500 0.0000
vt 12.9500 2.9500
vt 13.0000 2.9500
vt 14.1500 2.9500
vt 2.9500 0.0000
vt 14.2000 2.9500
vt 2.9500 0.5000
vt 14.2500 0.5000
vt 14.2500 2.9500
vt 2.9500 0.5000
vt 14.3000 0.5000
vt 14.3000 2.9500
vt 14.3500 2.9500
vt -3.4000 3.0000
vt 3.0000 0.5000
vt -3.3500 0.5000
vt -3.3500 3.0000
vt 3.0000 0.2668
vt -3.3000 0.2668
vt 3.0000 0.0000
vt -3.2500 0.0000
vt -3.2500 3.0000
vt -3.2000 0.0000
vt -3.1500 0.0000
vt 3.0000 0.0000
vt -3.1000 0.0000
vt -3.1000 3.0000
vt 3.0000 0.2803
vt -3.0500 0.2803
vt 3.0000 0.5000
vt -3.0000 0.5000
vt -3.0000 3.0000
vt -2.9500 3.0000
vt 3.0000 0.5000
vt 2.6000 3.0000
vt 3.0000 0.1343
vt 3.0000 0.0000
vt 2.7000 3.0000
vt 7.9000 3.0000
vt 3.0000 0.0000
vt 7.9500 3.0000
vt 3.0000 0.5000
vt 8.0000 3.0000
vt 8.0500 3.0000
vt 12.9000 3.0000
vt 3.0000 0.5000
vt 12.9500 3.0000
vt 3.0000 0.0000
vt 13.0000 3.0000
vt 13.0500 3.0000
vt 14.2000 3.0000
vt 3.0000 0.0000
vt 14.2500 0.0000
vt 14.2500 3.0000
vt 3.0000 0.1769
vt 14.3000 0.1769
vt 3.0000 0.5000
vt 14.3500 0.5000
vt 14.3500 3.0000
vt 3.0000 0.5000
vt 14.4000 0.5000
vt 14.4000 3.0000
vt 14.4500 3.0000
vt -3.3500 3.0500
vt 3.0500 0.5000
vt -3.3000 0.5000
vt -3.3000 3.0500
vt -3.2500 0.5000
vt -3.2000 0.5000
vt -3.1500 0.5000
vt -3.1000 0.5000
vt 3.0500 0.5000
vt -3.0500 0.5000
vt -3.0500 3.0500
vt -3.0000 3.0500
vt 2.6000 3.0500
vt 3.0500 0.5000
vt 2.6500 3.0500
vt 3.0500 0.0000
vt 2.7000 3.0500
vt 2.7500 3.0500
vt 7.8000 3.0500
vt 3.0500 0.0000
vt 7.8500 0.0000
vt 7.8500 3.0500
vt 3.0500 0.0000
vt 7.9000 0.0000
vt 7.9000 3.0500
vt 3.0500 0.5000
vt 7.9500 3.0500
vt 8.0000 3.0500
vt 3.0500 0.5000
vt 12.9500 3.0500
vt 3.0500 0.3111
vt 3.0500 0.0000
vt 13.0500 3.0500
vt 14.2500 3.0500
vt 3.0500 0.0000
vt 14.3000 0.0000
vt 14.3000 3.0500
vt 3.0500 0.0000
vt 14.3500 0.0000
vt 14.3500 3.0500
vt 3.0500 0.2886
vt 14.4000 0.2886
vt 3.0500 0.5000
vt 14.4500 0.5000
vt 14.4500 3.0500
vt 3.0500 0.5000
vt 14.5000 0.5000
vt 14.5000 3.0500
vt 14.5500 3.0500
vt 2.6500 3.1000
vt 3.1000 0.5000
vt 2.7000 3.1000
vt 3.1000 0.0000
vt 2.7500 3.1000
vt 7.7000 3.1000
vt 3.1000 0.0000
vt 7.7500 0.0000
vt 7.7500 3.1000
vt 3.1000 0.0000
vt 7.8000 0.0000
vt 7.8000 3.1000
vt 3.1000 0.3463
vt 7.8500 0.3463
vt 3.1000 0.5000
vt 7.9000 0.5000
vt 7.9000 3.1000
vt 7.9500 3.1000
vt 12.9500 3.1000
vt 3.1000 0.5000
vt 13.0000 3.1000
vt 3.1000 0.0000
vt 13.0500 3.1000
vt 13.1000 3.1000
vt 14.3500 3.1000
vt 3.1000 0.0000
vt 14.4000 0.0000
vt 14.4000 3.1000
vt 14.4500 0.0000
vt 3.1000 0.0000
vt 14.5000 0.0000
vt 14.5000 3.1000
vt 3.1000 0.5000
vt 14.5500 0.5000
vt 14.5500 3.1000
vt 14.6000 0.5000
vt 3.1000 0.5000
vt 14.6500 0.5000
vt 14.6500 3.1000
vt 14.7000 3.1000
vt 3.1500 0.5000
vt 2.7000 3.1500
vt 3.1500 0.0000
vt 2.7500 3.1500
vt 2.8000 3.1500
vt 7.6500 3.1500
vt 3.1500 0.0000
vt 7.7000 0.0000
vt 7.7000 3.1500
vt 3.1500 0.0576
vt 7.7500 0.0576
vt 3.1500 0.5000
vt 7.8000 0.5000
vt 7.8000 3.1500
vt 3.1500 0.5000
vt 7.8500 0.5000
vt 7.8500 3.1500
vt 7.9000 3.1500
vt 13.0000 3.1500
vt 3.1500 0.5000
vt 13.0500 3.1500
vt 3.1500 0.0000
vt 13.1000 3.1500
vt 14.5000 3.1500
vt 3.1500 0.0000
vt 14.5500 0.0000
vt 14.5500 3.1500
vt 3.1500 0.0000
vt 14.6000 0.0000
vt 14.6000 3.1500
vt 3.1500 0.3401
vt 14.6500 0.3401
vt 3.1500 0.5000
vt 14.7000 0.5000
vt 14.7000 3.1500
vt 14.7500 3.1500
vt 2.7000 3.2000
vt 3.2000 0.5000
vt 2.7500 3.2000
vt 3.2000 0.0000
vt 2.8000 3.2000
vt 2.8500 3.2000
vt 7.5500 3.2000
vt 3.2000 0.0000
vt 7.6000 0.0000
vt 7.6000 3.2000
vt 3.2000 0.0000
vt 7.6500 0.0000
vt 7.6500 3.2000
vt 3.2000 0.5000
vt 7.7000 0.5000
vt 7.7000 3.2000
vt 3.2000 0.5000
vt 7.7500 0.5000
vt 7.7500 3.2000
vt 7.8000 3.2000
vt 3.2000 0.5000
vt 3.2000 0.0000
vt 13.1000 3.2000
vt 13.1500 3.2000
vt 14.6000 3.2000
vt 3.2000 0.0000
vt 14.6500 0.0000
vt 14.6500 3.2000
vt 3.2000 0.0000
vt 14.7000 0.0000
vt 14.7000 3.2000
vt 3.2000 0.5000
vt 14.7500 0.5000
vt 14.7500 3.2000
vt 14.8000 0.5000
vt 14.8500 0.5000
vt 14.9000 0.5000
vt 14.9500 0.5000
vt 15.0000 0.5000
vt 3.2000 0.5000
vt 15.0500 0.5000
vt 15.0500 3.2000
vt 15.1000 3.2000
vt 3.2500 0.5000
vt 2.7500 3.2500
vt 3.2500 0.4383
vt 3.2500 0.0000
vt 2.8500 3.2500
vt 7.4500 3.2500
vt 3.2500 0.0000
vt 7.5000 0.0000
vt 7.5000 3.2500
vt 3.2500 0.0000
vt 7.5500 0.0000
vt 7.5500 3.2500
vt 3.2500 0.5000
vt 7.6000 0.5000
vt 7.6000 3.2500
vt 3.2500 0.5000
vt 7.6500 0.5000
vt 7.6500 3.2500
vt 7.7000 3.2500
vt 3.2500 0.5000
vt 13.0500 3.2500
vt 3.2500 0.0979
vt 3.2500 0.0000
vt 13.1500 3.2500
vt 14.7000 3.2500
vt 3.2500 0.0000
vt 14.7500 0.0000
vt 14.7500 3.2500
vt 14.8000 0.0000
vt 14.8500 0.0000
vt 14.9000 0.0000
vt 3.2500 0.0000
vt 14.9500 0.0000
vt 14.9500 3.2500
vt 3.2500 0.0837
vt 15.0000 0.0837
vt 3.2500 0.3766
vt 15.0500 0.3766
vt 3.2500 0.5000
vt 15.1000 0.5000
vt 15.1000 3.2500
vt 15.1500 0.5000
vt 15.2000 0.5000
vt 15.2500 0.5000
vt 3.2500 0.5000
vt 15.3000 0.5000
vt 15.3000 3.2500
vt 15.3500 3.2500
vt 2.7500 3.3000
vt 3.3000 0.5000
vt 2.8000 3.3000
vt 3.3000 0.0000
vt 2.8500 3.3000
vt 2.9000 3.3000
vt 7.3500 3.3000
vt 3.3000 0.0000
vt 7.4000 0.0000
vt 7.4000 3.3000
vt 3.3000 0.0000
vt 7.4500 0.0000
vt 7.4500 3.3000
vt 3.3000 0.5000
vt 7.5000 0.5000
vt 7.5000 3.3000
vt 3.3000 0.5000
vt 7.5500 0.5000
vt 7.5500 3.3000
vt 7.6000 3.3000
vt 13.0500 3.3000
vt 3.3000 0.5000
vt 13.1000 3.3000
vt 3.3000 0.0000
vt 14.9500 3.3000
vt 3.3000 0.0000
vt 15.0000 0.0000
vt 15.0000 3.3000
vt 15.0500 0.0000
vt 15.1000 0.0000
vt 15.1500 0.0000
vt 15.2000 0.0000
vt 15.2500 0.0000
vt 3.3000 0.0000
vt 15.3000 0.0000
vt 15.3000 3.3000
vt 3.3000 0.5000
vt 15.3500 0.5000
vt 15.3500 3.3000
vt 15.4000 0.5000
vt 15.4500 0.5000
vt 3.3000 0.5000
vt 15.5000 0.5000
vt 15.5000 3.3000
vt 15.5500 3.3000
vt 2.8000 3.3500
vt 3.3500 0.5000
vt 2.8500 3.3500
vt 3.3500 0.0000
vt 2.9000 3.3500
vt 2.9500 3.3500
vt 7.3000 3.3500
vt 3.3500 0.0000
vt 7.3500 0.0000
vt 7.3500 3.3500
vt 3.3500 0.1847
vt 7.4000 0.1847
vt 3.3500 0.5000
vt 7.4500 0.5000
vt 7.4500 3.3500
vt 7.5000 3.3500
vt 13.0500 3.3500
vt 3.3500 0.4925
vt 13.1000 3.3500
vt 3.3500 0.0000
vt 13.1500 3.3500
vt 15.3000 3.3500
vt 3.3500 0.0000
vt 15.3500 0.0000
vt 15.3500 3.3500
vt 15.4000 0.0000
vt 15.4500 0.0000
vt 3.3500 0.0000
vt 15.5000 0.0000
vt 15.5000 3.3500
vt 3.3500 0.5000
vt 15.5500 0.5000
vt 15.5500 3.3500
vt 3.3500 0.5000
vt 15.6000 0.5000
vt 15.6000 3.3500
vt 15.6500 3.3500
vt 3.4000 0.5000
vt 2.8500 3.4000
vt 3.4000 0.0792
vt 3.4000 0.0000
vt 2.9500 3.4000
vt 7.2500 3.4000
vt 3.4000 0.0000
vt 7.3000 3.4000
vt 3.4000 0.5000
vt 7.3500 0.5000
vt 7.3500 3.4000
vt 3.4000 0.5000
vt 7.4000 0.5000
vt 7.4000 3.4000
vt 7.4500 3.4000
vt 3.4000 0.5000
vt 13.0500 3.4000
vt 3.4000 0.0451
vt 13.1000 3.4000
vt 13.1500 3.4000
vt 15.5000 3.4000
vt 3.4000 0.0000
vt 15.5500 0.0000
vt 15.5500 3.4000
vt 3.4000 0.0000
vt 15.6000 0.0000
vt 15.6000 3.4000
vt 3.4000 0.5000
vt 15.6500 0.5000
vt 15.6500 3.4000
vt 3.4000 0.5000
vt 15.7000 0.5000
vt 15.7000 3.4000
vt 15.7500 3.4000
vt 2.8500 3.4500
vt 3.4500 0.5000
vt 2.9000 3.4500
vt 3.4500 0.0000
vt 2.9500 3.4500
vt 3.0000 3.4500
vt 7.2000 3.4500
vt 3.4500 0.0000
vt 7.2500 3.4500
vt 3.4500 0.5000
vt 7.3000 3.4500
vt 7.3500 3.4500
vt 3.4500 0.5000
vt 3.4500 0.0000
vt 13.1000 3.4500
vt 13.1500 3.4500
vt 15.6000 3.4500
vt 3.4500 0.0000
vt 15.6500 0.0000
vt 15.6500 3.4500
vt 3.4500 0.2305
vt 15.7000 0.2305
vt 3.4500 0.5000
vt 15.7500 0.5000
vt 15.7500 3.4500
vt 15.8000 3.4500
vt 3.5000 0.5000
vt 2.9000 3.5000
vt 3.5000 0.1330
vt 3.5000 0.0000
vt 3.0000 3.5000
vt 7.1500 3.5000
vt 3.5000 0.0000
vt 7.2000 0.0000
vt 7.2000 3.5000
vt 3.5000 0.2633
vt 7.2500 0.2633
vt 3.5000 0.5000
vt 7.3000 3.5000
vt 13.0000 3.5000
vt 3.5000 0.5000
vt 13.0500 3.5000
vt 3.5000 0.0000
vt 15.6500 3.5000
vt 3.5000 0.0000
vt 15.7000 0.0000
vt 15.7000 3.5000
vt 3.5000 0.0000
vt 15.7500 0.0000
vt 15.7500 3.5000
vt 3.5000 0.5000
vt 15.8000 0.5000
vt 15.8000 3.5000
vt 3.5000 0.5000
vt 15.8500 0.5000
vt 15.8500 3.5000
vt 15.9000 3.5000
vt 2.9000 3.5500
vt 3.5500 0.5000
vt 2.9500 3.5500
vt 3.5500 0.0000
vt 3.0000 3.5500
vt 3.0500 3.5500
vt 7.1000 3.5500
vt 3.5500 0.0000
vt 7.1500 0.0000
vt 7.1500 3.5500
vt 3.5500 0.3800
vt 7.2000 0.3800
vt 3.5500 0.5000
vt 7.2500 0.5000
vt 7.2500 3.5500
vt 7.3000 3.5500
vt 3.5500 0.5000
vt 13.0000 3.5500
vt 3.5500 0.2331
vt 3.5500 0.0000
vt 13.1000 3.5500
vt 15.7500 3.5500
vt 3.5500 0.0000
vt 15.8000 0.0000
vt 15.8000 3.5500
vt 3.5500 0.0016
vt 15.8500 0.0016
vt 15.8500 3.5500
vt 3.5500 0.5000
vt 15.9000 0.5000
vt 15.9000 3.5500
vt 3.5500 0.5000
vt 15.9500 0.5000
vt 15.9500 3.5500
vt 16.0000 3.5500
vt 2.9500 3.6000
vt 3.6000 0.5000
vt 3.0000 3.6000
vt 3.6000 0.0000
vt 3.0500 3.6000
vt 3.1000 3.6000
vt 7.0500 3.6000
vt 3.6000 0.0000
vt 7.1000 3.6000
vt 3.6000 0.5000
vt 7.1500 0.5000
vt 7.1500 3.6000
vt 3.6000 0.5000
vt 7.2000 0.5000
vt 7.2000 3.6000
vt 7.2500 3.6000
vt 3.6000 0.5000
vt 3.6000 0.0000
vt 13.0500 3.6000
vt 13.1000 3.6000
vt 15.8000 3.6000
vt 15.8500 3.6000
vt 3.6000 0.0000
vt 15.9000 0.0000
vt 15.9000 3.6000
vt 3.6000 0.3761
vt 15.9500 0.3761
vt 3.6000 0.5000
vt 16.0000 0.5000
vt 16.0000 3.6000
vt 16.0500 3.6000
vt 3.0000 3.6500
vt 3.6500 0.5000
vt 3.0500 3.6500
vt 3.6500 0.0000
vt 3.1000 3.6500
vt 3.1500 3.6500
vt 6.9500 3.6500
vt 3.6500 0.0000
vt 7.0000 0.0000
vt 7.0000 3.6500
vt 3.6500 0.0000
vt 7.0500 0.0000
vt 7.0500 3.6500
vt 3.6500 0.5000
vt 7.1000 3.6500
vt 7.1500 3.6500
vt 12.9500 3.6500
vt 3.6500 0.5000
vt 13.0000 3.6500
vt 3.6500 0.0000
vt 13.0500 3.6500
vt 15.9000 3.6500
vt 3.6500 0.0000
vt 15.9500 0.0000
vt 15.9500 3.6500
vt 3.6500 0.0000
vt 16.0000 0.0000
vt 16.0000 3.6500
vt 3.6500 0.5000
vt 16.0500 3.6500
vt 16.1000 3.6500
vt 3.0500 3.7000
vt 3.7000 0.5000
vt 3.1000 3.7000
vt 3.7000 0.0000
vt 3.1500 3.7000
vt 3.2000 3.7000
vt 6.9000 3.7000
vt 3.7000 0.0000
vt 6.9500 0.0000
vt 6.9500 3.7000
vt 3.7000 0.0703
vt 7.0000 0.0703
vt 3.7000 0.5000
vt 7.0500 0.5000
vt 7.0500 3.7000
vt 7.1000 3.7000
vt 3.7000 0.5000
vt 12.9500 3.7000
vt 3.7000 0.0000
vt 13.0000 3.7000
vt 13.0500 3.7000
vt 16.0000 3.7000
vt 3.7000 0.0000
vt 16.0500 3.7000
vt 3.7000 0.5000
vt 16.1000 0.5000
vt 16.1000 3.7000
vt 3.7000 0.5000
vt 16.1500 0.5000
vt 16.1500 3.7000
vt 16.2000 3.7000
vt 3.1000 3.7500
vt 3.7500 0.5000
vt 3.1500 3.7500
vt 3.7500 0.0000
vt 3.2000 3.7500
vt 3.2500 3.7500
vt 6.8500 3.7500
vt 3.7500 0.0000
vt 6.9000 0.0000
vt 6.9000 3.7500
vt 3.7500 0.4866
vt 6.9500 0.4866
vt 6.9500 3.7500
vt 3.7500 0.5000
vt 7.0000 0.5000
vt 7.0000 3.7500
vt 7.0500 3.7500
vt 12.9000 3.7500
vt 3.7500 0.5000
vt 12.9500 3.7500
vt 3.7500 0.0000
vt 13.0000 3.7500
vt 16.0500 3.7500
vt 3.7500 0.0000
vt 16.1000 0.0000
vt 16.1000 3.7500
vt 3.7500 0.1973
vt 16.1500 0.1973
vt 3.7500 0.5000
vt 16.2000 3.7500
vt 16.2500 3.7500
vt 3.8000 0.5000
vt 3.1500 3.8000
vt 3.8000 0.1230
vt 3.8000 0.0000
vt 3.2500 3.8000
vt 6.8000 3.8000
vt 3.8000 0.0000
vt 6.8500 3.8000
vt 3.8000 0.5000
vt 6.9000 0.5000
vt 6.9000 3.8000
vt 6.9500 3.8000
vt 7.0000 3.8000
vt 12.8500 3.8000
vt 3.8000 0.5000
vt 12.9000 3.8000
vt 3.8000 0.0000
vt 12.9500 3.8000
vt 13.0000 3.8000
vt 16.1000 3.8000
vt 3.8000 0.0000
vt 16.1500 3.8000
vt 3.8000 0.2455
vt 3.8000 0.5000
vt 16.2500 3.8000
vt 3.1500 3.8500
vt 3.8500 0.5000
vt 3.2000 3.8500
vt 3.8500 0.0000
vt 3.8500 0.0000
vt 6.8000 3.8500
vt 3.8500 0.0780
vt 3.8500 0.5000
vt 6.9000 3.8500
vt 3.8500 0.5000
vt 12.8500 3.8500
vt 3.8500 0.3232
vt 3.8500 0.0000
vt 12.9500 3.8500
vt 16.1500 3.8500
vt 3.8500 0.0000
vt 16.2000 3.8500
vt 3.8500 0.5000
vt 16.2500 3.8500
vt 16.3000 3.8500
vt 3.9000 0.5000
vt 3.9000 0.0000
vt 3.2500 3.9000
vt 3.3000 3.9000
vt 3.9000 0.0000
vt 3.9000 0.5000
vt 6.8500 3.9000
vt 6.9000 3.9000
vt 12.8000 3.9000
vt 3.9000 0.5000
vt 12.8500 3.9000
vt 3.9000 0.0000
vt 12.9000 3.9000
vt 12.9500 3.9000
vt 16.2000 3.9000
vt 3.9000 0.0000
vt 16.2500 3.9000
vt 3.9000 0.5000
vt 16.3000 3.9000
vt 3.9500 0.5000
vt 3.2000 3.9500
vt 3.9500 0.0878
vt 3.9500 0.0000
vt 3.3000 3.9500
vt 6.7500 3.9500
vt 3.9500 0.0000
vt 6.8000 3.9500
vt 3.9500 0.5000
vt 6.8500 3.9500
vt 3.9500 0.5000
vt 12.8000 3.9500
vt 3.9500 0.4147
vt 3.9500 0.0000
vt 12.9000 3.9500
vt 3.9500 0.0000
vt 16.2500 3.9500
vt 3.9500 0.5000
vt 16.3000 3.9500
vt 16.3500 3.9500
vt 3.2000 4.0000
vt 4.0000 0.5000
vt 3.2500 4.0000
vt 4.0000 0.0000
vt 4.0000 0.0000
vt 6.7500 4.0000
vt 4.0000 0.4992
vt 6.8000 4.0000
vt 6.8500 4.0000
vt 4.0000 0.5000
vt 4.0000 0.0000
vt 12.8500 4.0000
vt 12.9000 4.0000
vt 16.2500 4.0000
vt 4.0000 0.0000
vt 16.3000 4.0000
vt 4.0000 0.5000
vt 16.3500 4.0000
vt 4.0500 0.5000
vt 3.2500 4.0500
vt 4.0500 0.0000
vt 3.3000 4.0500
vt 3.3500 4.0500
vt 4.0500 0.0000
vt 4.0500 0.5000
vt 6.8000 4.0500
vt 6.8500 4.0500
vt 12.7500 4.0500
vt 4.0500 0.5000
vt 12.8000 4.0500
vt 4.0500 0.0000
vt 4.0500 0.0000
vt 4.0500 0.5000
vt 16.3500 4.0500
vt 16.4000 4.0500
vt 3.2500 4.1000
vt 4.1000 0.5000
vt 3.3000 4.1000
vt 4.1000 0.0000
vt 3.3500 4.1000
vt 3.4000 4.1000
vt 4.1000 0.0000
vt 4.1000 0.5000
vt 4.1000 0.5000
vt 12.7500 4.1000
vt 4.1000 0.2549
vt 4.1000 0.0000
vt 12.8500 4.1000
vt 4.1000 0.0000
vt 4.1000 0.2777
vt 4.1000 0.5000
vt 16.4000 4.1000
vt 4.1500 0.5000
vt 3.3000 4.1500
vt 4.1500 0.0167
vt 3.3500 4.1500
vt 3.4000 4.1500
vt 4.1500 0.0000
vt 4.1500 0.5000
vt 4.1500 0.5000
vt 4.1500 0.0000
vt 12.8000 4.1500
vt 12.8500 4.1500
vt 4.1500 0.0000
vt 4.1500 0.2313
vt 4.1500 0.5000
vt 16.4000 4.1500
vt 3.3000 4.2000
vt 4.2000 0.5000
vt 3.3500 4.2000
vt 4.2000 0.0000
vt 3.4000 4.2000
vt 3.4500 4.2000
vt 4.2000 0.0000
vt 4.2000 0.5000
vt 4.2000 0.5000
vt 4.2000 0.0000
vt 4.2000 0.0000
vt 4.2000 0.5000
vt 16.3500 4.2000
vt 16.4000 4.2000
vt 4.2500 0.5000
vt 3.3500 4.2500
vt 4.2500 0.3777
vt 4.2500 0.0000
vt 3.4500 4.2500
vt 4.2500 0.0000
vt 6.7500 4.2500
vt 4.2500 0.5000
vt 6.8000 4.2500
vt 6.8500 4.2500
vt 4.2500 0.5000
vt 4.2500 0.0000
vt 4.2500 0.0000
vt 4.2500 0.5000
vt 3.3500 4.3000
vt 4.3000 0.5000
vt 3.4000 4.3000
vt 4.3000 0.0000
vt 3.4500 0.0000
vt 4.3000 0.0000
vt 3.5000 0.0000
vt 3.5000 4.3000
vt 3.5500 4.3000
vt 6.7500 4.3000
vt 4.3000 0.0000
vt 6.8000 4.3000
vt 4.3000 0.5000
vt 6.8500 4.3000
vt 6.9000 4.3000
vt 4.3000 0.5000
vt 4.3000 0.0000
vt 16.2500 4.3000
vt 4.3000 0.0000
vt 16.3000 4.3000
vt 4.3000 0.5000
vt 3.4000 4.3500
vt 4.3500 0.5000
vt 3.4500 0.5000
vt 3.4500 4.3500
vt 4.3500 0.1009
vt 3.5000 0.1009
vt 4.3500 0.0000
vt 3.5500 0.0000
vt 3.5500 4.3500
vt 4.3500 0.0000
vt 3.6000 0.0000
vt 3.6000 4.3500
vt 3.6500 4.3500
vt 6.8000 4.3500
vt 4.3500 0.0000
vt 6.8500 4.3500
vt 4.3500 0.5000
vt 6.9000 4.3500
vt 6.9500 4.3500
vt 12.7000 4.3500
vt 4.3500 0.5000
vt 12.7500 4.3500
vt 4.3500 0.0000
vt 4.3500 0.0000
vt 16.2500 4.3500
vt 4.3500 0.0599
vt 4.3500 0.5000
vt 16.3500 4.3500
vt 3.4500 4.4000
vt 4.4000 0.5000
vt 3.5000 0.5000
vt 3.5000 4.4000
vt 4.4000 0.5000
vt 3.5500 0.5000
vt 3.5500 4.4000
vt 4.4000 0.3385
vt 3.6000 0.3385
vt 4.4000 0.0000
vt 3.6500 0.0000
vt 3.6500 4.4000
vt 3.7000 0.0000
vt 3.7500 0.0000
vt 3.8000 0.0000
vt 3.8500 0.0000
vt 3.9000 0.0000
vt 3.9500 0.0000
vt 4.0000 0.0000
vt 4.0500 0.0000
vt 4.0500 4.4000
vt 4.1000 4.4000
vt 4.1500 0.0000
vt 4.1500 4.4000
vt 4.2000 0.0000
vt 4.2500 0.0000
vt 4.4000 0.0000
vt 4.3000 0.0000
vt 4.3000 4.4000
vt 4.3500 4.4000
vt 6.8500 4.4000
vt 4.4000 0.0000
vt 6.9000 4.4000
vt 4.4000 0.5000
vt 6.9500 4.4000
vt 7.0000 4.4000
vt 4.4000 0.5000
vt 12.7000 4.4000
vt 4.4000 0.2440
vt 4.4000 0.0000
vt 12.8000 4.4000
vt 4.4000 0.0000
vt 4.4000 0.5000
vt 16.3000 4.4000
vt 16.3500 4.4000
vt 3.5500 4.4500
vt 4.4500 0.5000
vt 3.6000 0.5000
vt 3.6000 4.4500
vt 3.6500 0.5000
vt 3.7000 0.5000
vt 3.7500 0.5000
vt 3.8000 0.5000
vt 3.8500 0.5000
vt 3.9000 0.5000
vt 3.9500 0.5000
vt 4.4500 0.5000
vt 4.0000 0.5000
vt 4.0000 4.4500
vt 4.4500 0.1673
vt 4.0500 0.1673
vt 4.1000 0.0019
vt 4.1000 4.4500
vt 4.4500 0.2692
vt 4.1500 0.2692
vt 4.4500 0.5000
vt 4.2000 0.5000
vt 4.2000 4.4500
vt 4.4500 0.5000
vt 4.2500 0.5000
vt 4.2500 4.4500
vt 4.4500 0.4127
vt 4.3000 0.4127
vt 4.4500 0.0000
vt 4.3500 0.0000
vt 4.3500 4.4500
vt 4.4000 0.0000
vt 4.4500 0.0000
vt 4.4500 0.0000
vt 4.4500 4.4500
vt 4.5000 4.4500
vt 5.7500 4.4500
vt 5.8000 4.4500
vt 5.8500 4.4500
vt 6.9000 4.4500
vt 4.4500 0.0000
vt 6.9500 4.4500
vt 4.4500 0.5000
vt 7.0000 4.4500
vt 7.0500 4.4500
vt 4.4500 0.5000
vt 4.4500 0.0000
vt 12.7500 4.4500
vt 12.8000 4.4500
vt 4.4500 0.0000
vt 4.4500 0.5000
vt 4.0000 4.5000
vt 4.5000 0.5000
vt 4.0500 0.5000
vt 4.0500 4.5000
vt 4.1000 0.5000
vt 4.5000 0.5000
vt 4.1500 0.5000
vt 4.1500 4.5000
vt 4.2000 4.5000
vt 4.2500 4.5000
vt 4.5000 0.5000
vt 4.3000 0.5000
vt 4.3000 4.5000
vt 4.3500 0.5000
vt 4.5000 0.5000
vt 4.4000 0.5000
vt 4.4000 4.5000
vt 4.5000 0.1453
vt 4.4500 0.1453
vt 4.5000 0.0000
vt 4.5000 0.0000
vt 4.5000 4.5000
vt 4.5500 4.5000
vt 5.5000 4.5000
vt 4.5000 0.0000
vt 5.5500 0.0000
vt 5.5500 4.5000
vt 5.6000 0.0000
vt 5.6500 0.0000
vt 5.7000 0.0000
vt 5.7500 0.0000
vt 5.7500 4.5000
vt 5.8000 0.0386
vt 5.8000 4.5000
vt 5.8500 0.0000
vt 5.8500 4.5000
vt 5.9000 0.0000
vt 5.9500 0.0000
vt 4.5000 0.0000
vt 6.0000 0.0000
vt 6.0000 4.5000
vt 6.0500 4.5000
vt 6.9500 4.5000
vt 4.5000 0.0000
vt 7.0000 4.5000
vt 4.5000 0.5000
vt 7.0500 4.5000
vt 7.1000 4.5000
vt 4.5000 0.5000
vt 4.5000 0.0000
vt 4.5000 0.0000
vt 4.5000 0.5000
vt 4.4000 4.5500
vt 4.5500 0.5000
vt 4.4500 0.5000
vt 4.4500 4.5500
vt 4.5500 0.5000
vt 4.5000 0.5000
vt 4.5000 4.5500
vt 4.5500 0.0000
vt 4.5500 0.0000
vt 4.5500 4.5500
vt 4.6000 0.0000
vt 4.6000 4.5500
vt 4.6500 4.5500
vt 4.7000 4.5500
vt 5.4000 4.5500
vt 4.5500 0.0000
vt 5.4500 0.0000
vt 5.4500 4.5500
vt 4.5500 0.0000
vt 5.5000 0.0000
vt 5.5000 4.5500
vt 4.5500 0.1784
vt 5.5500 0.1784
vt 4.5500 0.5000
vt 5.6000 0.5000
vt 5.6000 4.5500
vt 5.6500 0.5000
vt 5.7000 0.5000
vt 5.7500 0.5000
vt 5.8000 0.5000
vt 5.8500 0.5000
vt 5.9000 0.5000
vt 5.9500 0.5000
vt 5.9500 4.5500
vt 4.5500 0.4886
vt 6.0000 0.4886
vt 6.0000 4.5500
vt 4.5500 0.0000
vt 6.0500 0.0000
vt 6.0500 4.5500
vt 4.5500 0.0000
vt 6.1000 0.0000
vt 6.1000 4.5500
vt 6.1500 4.5500
vt 7.0000 4.5500
vt 4.5500 0.0000
vt 7.0500 4.5500
vt 4.5500 0.5000
vt 7.1000 0.5000
vt 7.1000 4.5500
vt 4.5500 0.5000
vt 7.1500 0.5000
vt 7.1500 4.5500
vt 7.2000 4.5500
vt 12.6500 4.5500
vt 4.5500 0.5000
vt 12.7000 4.5500
vt 4.5500 0.0000
vt 12.7500 4.5500
vt 4.5500 0.0000
vt 4.5500 0.5000
vt 4.5000 4.6000
vt 4.6000 0.5000
vt 4.5500 0.5000
vt 4.5500 4.6000
vt 4.6000 0.5000
vt 4.6000 0.5000
vt 4.6000 4.6000
vt 4.6000 0.0486
vt 4.6500 0.0486
vt 4.6500 4.6000
vt 4.7000 0.0000
vt 4.7000 4.6000
vt 4.7500 0.0000
vt 4.6000 0.0000
vt 4.8000 0.0000
vt 4.8000 4.6000
vt 4.8500 4.6000
vt 5.2500 4.6000
vt 4.6000 0.0000
vt 5.3000 0.0000
vt 5.3000 4.6000
vt 5.3500 0.0000
vt 4.6000 0.0000
vt 5.4000 0.0000
vt 5.4000 4.6000
vt 4.6000 0.5000
vt 5.4500 0.5000
vt 5.4500 4.6000
vt 5.5000 0.5000
vt 4.6000 0.5000
vt 5.5500 0.5000
vt 5.5500 4.6000
vt 5.6000 4.6000
vt 5.9500 4.6000
vt 6.0000 4.6000
vt 6.0500 0.5000
vt 6.0500 4.6000
vt 4.6000 0.5000
vt 6.1000 0.5000
vt 6.1000 4.6000
vt 4.6000 0.0000
vt 6.1500 0.0000
vt 6.1500 4.6000
vt 4.6000 0.0000
vt 6.2000 0.0000
vt 6.2000 4.6000
vt 6.2500 4.6000
vt 7.0500 4.6000
vt 4.6000 0.0000
vt 7.1000 0.0000
vt 7.1000 4.6000
vt 4.6000 0.1790
vt 7.1500 0.1790
vt 4.6000 0.5000
vt 7.2000 0.5000
vt 7.2000 4.6000
vt 7.2500 4.6000
vt 4.6000 0.5000
vt 12.6500 4.6000
vt 4.6000 0.0000
vt 12.7000 4.6000
vt 12.7500 4.6000
vt 4.6000 0.0000
vt 4.6000 0.5000
vt 4.6000 4.6500
vt 4.6500 0.5000
vt 4.6500 0.5000
vt 4.6500 4.6500
vt 4.7000 0.5000
vt 4.6500 0.5000
vt 4.7500 0.5000
vt 4.7500 4.6500
vt 4.6500 0.0736
vt 4.8000 0.0736
vt 4.6500 0.0000
vt 4.8500 0.0000
vt 4.8500 4.6500
vt 4.9000 0.0000
vt 4.9500 0.0000
vt 5.0000 0.0000
vt 5.0500 0.0000
vt 5.1000 0.0000
vt 5.1500 0.0000
vt 5.2000 0.0000
vt 4.6500 0.0000
vt 5.2500 0.0000
vt 5.2500 4.6500
vt 4.6500 0.2972
vt 5.3000 0.2972
vt 4.6500 0.5000
vt 5.3500 0.5000
vt 5.3500 4.6500
vt 4.6500 0.5000
vt 5.4000 0.5000
vt 5.4000 4.6500
vt 5.4500 4.6500
vt 6.1000 4.6500
vt 4.6500 0.5000
vt 6.1500 0.5000
vt 6.1500 4.6500
vt 4.6500 0.4338
vt 6.2000 0.4338
vt 4.6500 0.0000
vt 6.2500 0.0000
vt 6.2500 4.6500
vt 6.3000 4.6500
vt 7.1000 4.6500
vt 4.6500 0.0000
vt 7.1500 0.0000
vt 7.1500 4.6500
vt 4.6500 0.0000
vt 7.2000 0.0000
vt 7.2000 4.6500
vt 4.6500 0.5000
vt 7.2500 0.5000
vt 7.2500 4.6500
vt 4.6500 0.5000
vt 7.3000 0.5000
vt 7.3000 4.6500
vt 7.3500 4.6500
vt 4.6500 0.5000
vt 4.6500 0.0000
vt 4.6500 0.0000
vt 4.6500 0.5000
vt 4.7500 4.7000
vt 4.7000 0.5000
vt 4.8000 0.5000
vt 4.8000 4.7000
vt 4.8500 0.5000
vt 4.9000 0.5000
vt 4.9500 0.5000
vt 5.0000 0.5000
vt 5.0500 0.5000
vt 5.1000 0.5000
vt 5.1500 0.5000
vt 5.2000 0.5000
vt 5.2500 0.5000
vt 4.7000 0.5000
vt 5.3000 0.5000
vt 5.3000 4.7000
vt 5.3500 4.7000
vt 6.1500 4.7000
vt 4.7000 0.5000
vt 6.2000 0.5000
vt 6.2000 4.7000
vt 4.7000 0.5000
vt 6.2500 0.5000
vt 6.2500 4.7000
vt 4.7000 0.0000
vt 6.3000 0.0000
vt 6.3000 4.7000
vt 4.7000 0.0000
vt 6.3500 0.0000
vt 6.3500 4.7000
vt 6.4000 4.7000
vt 7.2000 4.7000
vt 4.7000 0.0000
vt 7.2500 0.0000
vt 7.2500 4.7000
vt 4.7000 0.0630
vt 7.3000 0.0630
vt 4.7000 0.5000
vt 7.3500 0.5000
vt 7.3500 4.7000
vt 4.7000 0.5000
vt 7.4000 0.5000
vt 7.4000 4.7000
vt 7.4500 4.7000
vt 12.6000 4.7000
vt 4.7000 0.5000
vt 12.6500 4.7000
vt 4.7000 0.0000
vt 12.7000 4.7000
vt 4.7000 0.0000
vt 4.7000 0.5000
vt 6.2500 4.7500
vt 4.7500 0.5000
vt 6.3000 0.5000
vt 6.3000 4.7500
vt 4.7500 0.4724
vt 6.3500 0.4724
vt 6.3500 4.7500
vt 4.7500 0.0000
vt 6.4000 0.0000
vt 6.4000 4.7500
vt 6.4500 4.7500
vt 7.2500 4.7500
vt 4.7500 0.0000
vt 7.3000 0.0000
vt 7.3000 4.7500
vt 7.3500 0.0000
vt 4.7500 0.0000
vt 7.4000 0.0000
vt 7.4000 4.7500
vt 4.7500 0.5000
vt 7.4500 0.5000
vt 7.4500 4.7500
vt 4.7500 0.5000
vt 7.5000 0.5000
vt 7.5000 4.7500
vt 7.5500 4.7500
vt 4.7500 0.5000
vt 12.6000 4.7500
vt 4.7500 0.0000
vt 12.6500 4.7500
vt 12.7000 4.7500
vt 4.7500 0.0000
vt 4.7500 0.5000
vt 6.3000 4.8000
vt 6.3500 4.8000
vt 4.8000 0.5000
vt 6.4000 0.5000
vt 6.4000 4.8000
vt 4.8000 0.0000
vt 6.4500 4.8000
vt 6.5000 4.8000
vt 7.4000 4.8000
vt 4.8000 0.0000
vt 7.4500 0.0000
vt 7.4500 4.8000
vt 4.8000 0.0000
vt 7.5000 0.0000
vt 7.5000 4.8000
vt 4.8000 0.5000
vt 7.5500 0.5000
vt 7.5500 4.8000
vt 4.8000 0.5000
vt 7.6000 0.5000
vt 7.6000 4.8000
vt 7.6500 4.8000
vt 12.5500 4.8000
vt 4.8000 0.5000
vt 12.6000 4.8000
vt 4.8000 0.0000
vt 12.6500 4.8000
vt 4.8000 0.0000
vt 4.8000 0.5000
vt 6.4000 4.8500
vt 4.8500 0.5000
vt 6.4500 4.8500
vt 4.8500 0.0000
vt 6.5000 4.8500
vt 6.5500 4.8500
vt 7.5000 4.8500
vt 4.8500 0.0000
vt 7.5500 0.0000
vt 7.5500 4.8500
vt 4.8500 0.3292
vt 7.6000 0.3292
vt 4.8500 0.5000
vt 7.6500 0.5000
vt 7.6500 4.8500
vt 7.7000 4.8500
vt 4.8500 0.5000
vt 12.5500 4.8500
vt 4.8500 0.0000
vt 12.6000 4.8500
vt 12.6500 4.8500
vt 4.8500 0.0000
vt 4.8500 0.5000
vt 6.4500 4.9000
vt 4.9000 0.5000
vt 6.5000 4.9000
vt 4.9000 0.0000
vt 6.5500 4.9000
vt 6.6000 4.9000
vt 7.5500 4.9000
vt 4.9000 0.0000
vt 7.6000 0.0000
vt 7.6000 4.9000
vt 4.9000 0.0000
vt 7.6500 0.0000
vt 7.6500 4.9000
vt 4.9000 0.5000
vt 7.7000 0.5000
vt 7.7000 4.9000
vt 4.9000 0.5000
vt 7.7500 0.5000
vt 7.7500 4.9000
vt 7.8000 4.9000
vt 12.5000 4.9000
vt 4.9000 0.5000
vt 12.5500 4.9000
vt 4.9000 0.0000
vt 12.6000 4.9000
vt 4.9000 0.0000
vt 4.9000 0.5000
vt 6.5000 4.9500
vt 4.9500 0.5000
vt 6.5500 4.9500
vt 4.9500 0.0000
vt 6.6000 4.9500
vt 6.6500 4.9500
vt 7.6500 4.9500
vt 4.9500 0.0000
vt 7.7000 0.0000
vt 7.7000 4.9500
vt 4.9500 0.2692
vt 7.7500 0.2692
vt 4.9500 0.5000
vt 7.8000 0.5000
vt 7.8000 4.9500
vt 7.8500 4.9500
vt 12.4500 4.9500
vt 4.9500 0.5000
vt 12.5000 4.9500
vt 4.9500 0.0000
vt 12.5500 4.9500
vt 12.6000 4.9500
vt 4.9500 0.0000
vt 4.9500 0.5000
vt 6.5500 5.0000
vt 5.0000 0.5000
vt 6.6000 5.0000
vt 5.0000 0.0000
vt 6.6500 0.0000
vt 6.6500 5.0000
vt 5.0000 0.0000
vt 6.7000 0.0000
vt 6.7000 5.0000
vt 6.7500 5.0000
vt 7.7000 5.0000
vt 5.0000 0.0000
vt 7.7500 0.0000
vt 7.7500 5.0000
vt 5.0000 0.0000
vt 7.8000 0.0000
vt 7.8000 5.0000
vt 5.0000 0.5000
vt 7.8500 0.5000
vt 7.8500 5.0000
vt 5.0000 0.5000
vt 7.9000 0.5000
vt 7.9000 5.0000
vt 7.9500 5.0000
vt 12.4000 5.0000
vt 5.0000 0.5000
vt 12.4500 5.0000
vt 5.0000 0.0000
vt 12.5000 5.0000
vt 12.5500 5.0000
vt 5.0000 0.0000
vt 5.0000 0.5000
vt 6.6000 5.0500
vt 5.0500 0.5000
vt 6.6500 0.5000
vt 6.6500 5.0500
vt 5.0500 0.4902
vt 6.7000 0.4902
vt 6.7000 5.0500
vt 5.0500 0.0000
vt 6.7500 0.0000
vt 6.7500 5.0500
vt 6.8000 5.0500
vt 6.8500 5.0500
vt 7.8000 5.0500
vt 5.0500 0.0000
vt 7.8500 0.0000
vt 7.8500 5.0500
vt 5.0500 0.0000
vt 7.9000 0.0000
vt 7.9000 5.0500
vt 5.0500 0.5000
vt 7.9500 0.5000
vt 7.9500 5.0500
vt 5.0500 0.5000
vt 8.0000 0.5000
vt 8.0000 5.0500
vt 8.0500 5.0500
vt 12.3500 5.0500
vt 5.0500 0.5000
vt 12.4000 5.0500
vt 5.0500 0.0000
vt 12.4500 5.0500
vt 12.5000 5.0500
vt 5.0500 0.0000
vt 5.0500 0.5000
vt 6.6500 5.1000
vt 6.7000 5.1000
vt 5.1000 0.5000
vt 6.7500 0.5000
vt 6.7500 5.1000
vt 5.1000 0.0045
vt 6.8000 0.0045
vt 6.8000 5.1000
vt 5.1000 0.0000
vt 6.8500 0.0000
vt 6.8500 5.1000
vt 6.9000 5.1000
vt 7.9000 5.1000
vt 5.1000 0.0000
vt 7.9500 0.0000
vt 7.9500 5.1000
vt 5.1000 0.0554
vt 8.0000 0.0554
vt 5.1000 0.5000
vt 8.0500 0.5000
vt 8.0500 5.1000
vt 5.1000 0.5000
vt 8.1000 0.5000
vt 8.1000 5.1000
vt 8.1500 5.1000
vt 12.1500 5.1000
vt 5.1000 0.5000
vt 12.2000 0.5000
vt 12.2000 5.1000
vt 12.2500 0.5000
vt 12.3000 0.5000
vt 5.1000 0.5000
vt 12.3500 0.5000
vt 12.3500 5.1000
vt 5.1000 0.0000
vt 12.4000 5.1000
vt 12.4500 5.1000
vt 16.2000 5.1000
vt 5.1000 0.0000
vt 16.2500 5.1000
vt 5.1000 0.5000
vt 6.7500 5.1500
vt 5.1500 0.5000
vt 6.8000 0.5000
vt 6.8000 5.1500
vt 5.1500 0.5000
vt 6.8500 0.5000
vt 6.8500 5.1500
vt 5.1500 0.0000
vt 6.9000 5.1500
vt 6.9500 5.1500
vt 7.9500 5.1500
vt 5.1500 0.0000
vt 8.0000 0.0000
vt 8.0000 5.1500
vt 5.1500 0.0000
vt 8.0500 0.0000
vt 8.0500 5.1500
vt 5.1500 0.4150
vt 8.1000 0.4150
vt 5.1500 0.5000
vt 8.1500 0.5000
vt 8.1500 5.1500
vt 8.2000 5.1500
vt 11.9000 5.1500
vt 11.9500 5.1500
vt 12.0000 0.5000
vt 12.0000 5.1500
vt 12.0500 0.5000
vt 12.1000 0.5000
vt 5.1500 0.5000
vt 12.1500 0.5000
vt 12.1500 5.1500
vt 5.1500 0.1917
vt 12.2000 0.1917
vt 5.1500 0.0000
vt 12.2500 0.0000
vt 12.2500 5.1500
vt 12.3000 0.0000
vt 5.1500 0.0000
vt 12.3500 0.0000
vt 12.3500 5.1500
vt 12.4000 5.1500
vt 5.1500 0.0000
vt 16.2000 5.1500
vt 5.1500 0.3530
vt 5.1500 0.5000
vt 16.3000 5.1500
vt 6.8500 5.2000
vt 5.2000 0.5000
vt 6.9000 5.2000
vt 5.2000 0.0000
vt 6.9500 5.2000
vt 7.0000 5.2000
vt 8.0500 5.2000
vt 5.2000 0.0000
vt 8.1000 0.0000
vt 8.1000 5.2000
vt 5.2000 0.0000
vt 8.1500 0.0000
vt 8.1500 5.2000
vt 5.2000 0.5000
vt 8.2000 0.5000
vt 8.2000 5.2000
vt 5.2000 0.5000
vt 8.2500 0.5000
vt 8.2500 5.2000
vt 8.3000 5.2000
vt 11.8000 5.2000
vt 5.2000 0.5000
vt 11.8500 0.5000
vt 11.8500 5.2000
vt 11.9000 0.5000
vt 11.9000 5.2000
vt 5.2000 0.4728
vt 11.9500 0.4728
vt 11.9500 5.2000
vt 5.2000 0.0000
vt 12.0000 0.0000
vt 12.0000 5.2000
vt 12.0500 0.0000
vt 12.1000 0.0000
vt 12.1500 0.0000
vt 5.2000 0.0000
vt 12.2000 0.0000
vt 12.2000 5.2000
vt 12.2500 5.2000
vt 5.2000 0.0000
vt 5.2000 0.5000
vt 16.2500 5.2000
vt 16.3000 5.2000
vt 6.9000 5.2500
vt 5.2500 0.5000
vt 6.9500 5.2500
vt 5.2500 0.0000
vt 7.0000 0.0000
vt 7.0000 5.2500
vt 5.2500 0.0000
vt 7.0500 0.0000
vt 7.0500 5.2500
vt 7.1000 5.2500
vt 8.1500 5.2500
vt 5.2500 0.0000
vt 8.2000 0.0000
vt 8.2000 5.2500
vt 5.2500 0.0367
vt 8.2500 0.0367
vt 8.2500 5.2500
vt 5.2500 0.5000
vt 8.3000 0.5000
vt 8.3000 5.2500
vt 5.2500 0.5000
vt 8.3500 0.5000
vt 8.3500 5.2500
vt 8.4000 5.2500
vt 11.7000 5.2500
vt 5.2500 0.5000
vt 11.7500 0.5000
vt 11.7500 5.2500
vt 5.2500 0.5000
vt 11.8000 0.5000
vt 11.8000 5.2500
vt 5.2500 0.0402
vt 11.8500 0.0402
vt 11.8500 5.2500
vt 11.9000 0.0000
vt 11.9000 5.2500
vt 5.2500 0.0000
vt 11.9500 0.0000
vt 11.9500 5.2500
vt 12.0000 5.2500
vt 16.1500 5.2500
vt 5.2500 0.0000
vt 16.2000 5.2500
vt 5.2500 0.5000
vt 16.2500 5.2500
vt 6.9500 5.3000
vt 5.3000 0.5000
vt 7.0000 0.5000
vt 7.0000 5.3000
vt 5.3000 0.3151
vt 7.0500 0.3151
vt 5.3000 0.0000
vt 7.1000 0.0000
vt 7.1000 5.3000
vt 7.1500 5.3000
vt 8.2000 5.3000
vt 8.2500 5.3000
vt 5.3000 0.0000
vt 8.3000 0.0000
vt 8.3000 5.3000
vt 5.3000 0.2717
vt 8.3500 0.2717
vt 5.3000 0.5000
vt 8.4000 0.5000
vt 8.4000 5.3000
vt 5.3000 0.5000
vt 8.4500 0.5000
vt 8.4500 5.3000
vt 8.5000 5.3000
vt 11.5500 5.3000
vt 5.3000 0.5000
vt 11.6000 0.5000
vt 11.6000 5.3000
vt 11.6500 0.5000
vt 5.3000 0.5000
vt 11.7000 0.5000
vt 11.7000 5.3000
vt 5.3000 0.0680
vt 11.7500 0.0680
vt 5.3000 0.0000
vt 11.8000 0.0000
vt 11.8000 5.3000
vt 11.8500 5.3000
vt 11.9000 5.3000
vt 16.1000 5.3000
vt 5.3000 0.0000
vt 16.1500 5.3000
vt 5.3000 0.5000
vt 16.2000 5.3000
vt 16.2500 5.3000
vt 7.0000 5.3500
vt 5.3500 0.5000
vt 7.0500 0.5000
vt 7.0500 5.3500
vt 5.3500 0.5000
vt 7.1000 0.5000
vt 7.1000 5.3500
vt 5.3500 0.0000
vt 7.1500 0.0000
vt 7.1500 5.3500
vt 5.3500 0.0000
vt 7.2000 0.0000
vt 7.2000 5.3500
vt 7.2500 5.3500
vt 8.3000 5.3500
vt 5.3500 0.0000
vt 8.3500 0.0000
vt 8.3500 5.3500
vt 5.3500 0.0000
vt 8.4000 0.0000
vt 8.4000 5.3500
vt 5.3500 0.2177
vt 8.4500 0.2177
vt 5.3500 0.5000
vt 8.5000 0.5000
vt 8.5000 5.3500
vt 5.3500 0.5000
vt 8.5500 0.5000
vt 8.5500 5.3500
vt 8.6000 5.3500
vt 11.4500 5.3500
vt 5.3500 0.5000
vt 11.5000 0.5000
vt 11.5000 5.3500
vt 5.3500 0.5000
vt 11.5500 0.5000
vt 11.5500 5.3500
vt 5.3500 0.3436
vt 11.6000 0.3436
vt 5.3500 0.0000
vt 11.6500 0.0000
vt 11.6500 5.3500
vt 11.7000 0.0000
vt 5.3500 0.0000
vt 11.7500 0.0000
vt 11.7500 5.3500
vt 11.8000 5.3500
vt 5.3500 0.0000
vt 16.1000 5.3500
vt 5.3500 0.1342
vt 5.3500 0.5000
vt 16.2000 5.3500
vt 7.1000 5.4000
vt 5.4000 0.5000
vt 7.1500 0.5000
vt 7.1500 5.4000
vt 5.4000 0.5000
vt 7.2000 0.5000
vt 7.2000 5.4000
vt 5.4000 0.0000
vt 7.2500 5.4000
vt 7.3000 5.4000
vt 8.4000 5.4000
vt 5.4000 0.0000
vt 8.4500 0.0000
vt 8.4500 5.4000
vt 5.4000 0.0000
vt 8.5000 0.0000
vt 8.5000 5.4000
vt 5.4000 0.3720
vt 8.5500 0.3720
vt 5.4000 0.5000
vt 8.6000 0.5000
vt 8.6000 5.4000
vt 8.6500 5.4000
vt 11.3500 5.4000
vt 5.4000 0.5000
vt 11.4000 0.5000
vt 11.4000 5.4000
vt 5.4000 0.5000
vt 11.4500 0.5000
vt 11.4500 5.4000
vt 5.4000 0.4374
vt 11.5000 0.4374
vt 5.4000 0.0000
vt 11.5500 0.0000
vt 11.5500 5.4000
vt 5.4000 0.0000
vt 11.6000 0.0000
vt 11.6000 5.4000
vt 11.6500 5.4000
vt 16.0000 5.4000
vt 5.4000 0.0000
vt 16.0500 0.0000
vt 16.0500 5.4000
vt 5.4000 0.0000
vt 16.1000 0.0000
vt 5.4000 0.5000
vt 16.1500 5.4000
vt 16.2000 5.4000
vt 7.2000 5.4500
vt 5.4500 0.5000
vt 7.2500 5.4500
vt 5.4500 0.0000
vt 7.3000 0.0000
vt 7.3000 5.4500
vt 5.4500 0.0000
vt 7.3500 0.0000
vt 7.3500 5.4500
vt 7.4000 5.4500
vt 8.5000 5.4500
vt 5.4500 0.0000
vt 8.5500 0.0000
vt 8.5500 5.4500
vt 5.4500 0.0000
vt 8.6000 0.0000
vt 8.6000 5.4500
vt 5.4500 0.5000
vt 8.6500 0.5000
vt 8.6500 5.4500
vt 5.4500 0.5000
vt 8.7000 0.5000
vt 8.7000 5.4500
vt 8.7500 5.4500
vt 11.2500 5.4500
vt 5.4500 0.5000
vt 11.3000 0.5000
vt 11.3000 5.4500
vt 5.4500 0.5000
vt 11.3500 0.5000
vt 11.3500 5.4500
vt 5.4500 0.4313
vt 11.4000 0.4313
vt 5.4500 0.0000
vt 11.4500 0.0000
vt 11.4500 5.4500
vt 5.4500 0.0000
vt 11.5000 0.0000
vt 11.5000 5.4500
vt 11.5500 5.4500
vt 15.9000 5.4500
vt 5.4500 0.0000
vt 15.9500 0.0000
vt 15.9500 5.4500
vt 5.4500 0.0000
vt 16.0000 0.0000
vt 16.0000 5.4500
vt 5.4500 0.2350
vt 16.0500 0.2350
vt 5.4500 0.5000
vt 16.1000 0.5000
vt 16.1000 5.4500
vt 16.1500 5.4500
vt 7.2500 5.5000
vt 5.5000 0.5000
vt 7.3000 0.5000
vt 7.3000 5.5000
vt 5.5000 0.4958
vt 7.3500 0.4958
vt 7.3500 5.5000
vt 5.5000 0.0000
vt 7.4000 0.0000
vt 7.4000 5.5000
vt 7.4500 5.5000
vt 8.6000 5.5000
vt 5.5000 0.0000
vt 8.6500 0.0000
vt 8.6500 5.5000
vt 5.5000 0.0984
vt 8.7000 0.0984
vt 5.5000 0.5000
vt 8.7500 0.5000
vt 8.7500 5.5000
vt 5.5000 0.5000
vt 8.8000 0.5000
vt 8.8000 5.5000
vt 8.8500 5.5000
vt 11.2000 5.5000
vt 5.5000 0.5000
vt 11.2500 0.5000
vt 11.2500 5.5000
vt 5.5000 0.3059
vt 11.3000 0.3059
vt 5.5000 0.0000
vt 11.3500 0.0000
vt 11.3500 5.5000
vt 5.5000 0.0000
vt 11.4000 0.0000
vt 11.4000 5.5000
vt 11.4500 5.5000
vt 15.7500 5.5000
vt 5.5000 0.0000
vt 15.8000 0.0000
vt 15.8000 5.5000
vt 15.8500 0.0000
vt 5.5000 0.0000
vt 15.9000 0.0000
vt 15.9000 5.5000
vt 5.5000 0.3760
vt 15.9500 0.3760
vt 5.5000 0.5000
vt 16.0000 0.5000
vt 16.0000 5.5000
vt 5.5000 0.5000
vt 16.0500 0.5000
vt 16.0500 5.5000
vt 16.1000 5.5000
vt 7.3000 5.5500
vt 7.3500 5.5500
vt 5.5500 0.5000
vt 7.4000 0.5000
vt 7.4000 5.5500
vt 5.5500 0.0000
vt 7.4500 0.0000
vt 7.4500 5.5500
vt 5.5500 0.0000
vt 7.5000 0.0000
vt 7.5000 5.5500
vt 7.5500 5.5500
vt 8.6500 5.5500
vt 5.5500 0.0000
vt 8.7000 0.0000
vt 8.7000 5.5500
vt 5.5500 0.0000
vt 8.7500 0.0000
vt 8.7500 5.5500
vt 5.5500 0.4065
vt 8.8000 0.4065
vt 5.5500 0.5000
vt 8.8500 0.5000
vt 8.8500 5.5500
vt 8.9000 5.5500
vt 10.8000 5.5500
vt 5.5500 0.5000
vt 10.8500 0.5000
vt 10.8500 5.5500
vt 10.9000 0.5000
vt 10.9500 0.5000
vt 11.0000 0.5000
vt 11.0500 0.5000
vt 11.1000 0.5000
vt 11.1500 0.5000
vt 5.5500 0.5000
vt 11.2000 0.5000
vt 11.2000 5.5500
vt 5.5500 0.0000
vt 11.2500 0.0000
vt 11.2500 5.5500
vt 5.5500 0.0000
vt 11.3000 0.0000
vt 11.3000 5.5500
vt 11.3500 5.5500
vt 15.4000 5.5500
vt 5.5500 0.0000
vt 15.4500 0.0000
vt 15.4500 5.5500
vt 15.5000 0.0000
vt 15.5500 0.0000
vt 15.6000 0.0000
vt 15.6500 0.0000
vt 15.7000 0.0000
vt 5.5500 0.0000
vt 15.7500 0.0000
vt 15.7500 5.5500
vt 5.5500 0.3093
vt 15.8000 0.3093
vt 5.5500 0.5000
vt 15.8500 0.5000
vt 15.8500 5.5500
vt 15.9000 0.5000
vt 5.5500 0.5000
vt 15.9500 0.5000
vt 15.9500 5.5500
vt 16.0000 5.5500
vt 7.4000 5.6000
vt 5.6000 0.5000
vt 7.4500 0.5000
vt 7.4500 5.6000
vt 5.6000 0.3526
vt 7.5000 0.3526
vt 5.6000 0.0000
vt 7.5500 0.0000
vt 7.5500 5.6000
vt 7.6000 5.6000
vt 8.7500 5.6000
vt 5.6000 0.0000
vt 8.8000 0.0000
vt 8.8000 5.6000
vt 5.6000 0.0000
vt 8.8500 0.0000
vt 8.8500 5.6000
vt 5.6000 0.5000
vt 8.9000 5.6000
vt 8.9500 5.6000
vt 10.3000 5.6000
vt 10.3500 5.6000
vt 10.4000 0.5000
vt 10.4000 5.6000
vt 10.4500 0.5000
vt 10.5000 0.5000
vt 10.5500 0.5000
vt 10.6000 0.5000
vt 10.6500 0.5000
vt 10.7000 0.5000
vt 10.7500 0.5000
vt 5.6000 0.5000
vt 10.8000 0.5000
vt 10.8000 5.6000
vt 5.6000 0.1512
vt 10.8500 0.1512
vt 5.6000 0.0000
vt 10.9000 0.0000
vt 10.9000 5.6000
vt 10.9500 0.0000
vt 11.0000 0.0000
vt 11.0500 0.0000
vt 11.1000 0.0000
vt 11.1500 0.0000
vt 5.6000 0.0000
vt 11.2000 0.0000
vt 11.2000 5.6000
vt 11.2500 5.6000
vt 13.1500 5.6000
vt 13.2000 5.6000
vt 5.6000 0.0000
vt 13.2500 0.0000
vt 13.2500 5.6000
vt 13.3000 5.6000
vt 15.1000 5.6000
vt 5.6000 0.0000
vt 15.1500 0.0000
vt 15.1500 5.6000
vt 15.2000 0.0000
vt 15.2500 0.0000
vt 15.3000 0.0000
vt 15.3500 0.0000
vt 5.6000 0.0000
vt 15.4000 0.0000
vt 15.4000 5.6000
vt 5.6000 0.1625
vt 15.4500 0.1625
vt 5.6000 0.5000
vt 15.5000 0.5000
vt 15.5000 5.6000
vt 15.5500 0.5000
vt 15.6000 0.5000
vt 15.6500 0.5000
vt 15.7000 0.5000
vt 15.7500 0.5000
vt 5.6000 0.5000
vt 15.8000 0.5000
vt 15.8000 5.6000
vt 15.8500 5.6000
vt 7.4500 5.6500
vt 5.6500 0.5000
vt 7.5000 0.5000
vt 7.5000 5.6500
vt 5.6500 0.5000
vt 7.5500 0.5000
vt 7.5500 5.6500
vt 5.6500 0.0000
vt 7.6000 5.6500
vt 7.6500 5.6500
vt 8.8500 5.6500
vt 5.6500 0.0000
vt 8.9000 5.6500
vt 5.6500 0.5000
vt 8.9500 0.5000
vt 8.9500 5.6500
vt 5.6500 0.5000
vt 9.0000 0.5000
vt 9.0000 5.6500
vt 9.0500 5.6500
vt 10.1000 5.6500
vt 5.6500 0.5000
vt 10.1500 0.5000
vt 10.1500 5.6500
vt 10.2000 0.5000
vt 10.2500 0.5000
vt 10.3000 0.5000
vt 10.3000 5.6500
vt 5.6500 0.4859
vt 10.3500 0.4859
vt 10.3500 5.6500
vt 5.6500 0.0000
vt 10.4000 0.0000
vt 10.4000 5.6500
vt 10.4500 0.0000
vt 10.5000 0.0000
vt 10.5500 0.0000
vt 10.6000 0.0000
vt 10.6500 0.0000
vt 10.7000 0.0000
vt 10.7500 0.0000
vt 10.8000 0.0000
vt 5.6500 0.0000
vt 10.8500 0.0000
vt 10.8500 5.6500
vt 10.9000 5.6500
vt 12.8000 5.6500
vt 5.6500 0.0000
vt 12.8500 0.0000
vt 12.8500 5.6500
vt 12.9000 0.0000
vt 12.9500 0.0000
vt 13.0000 0.0000
vt 13.0500 0.0000
vt 13.1000 0.0000
vt 13.1500 0.0000
vt 13.1500 5.6500
vt 13.2000 0.0397
vt 13.2000 5.6500
vt 5.6500 0.1490
vt 13.2500 0.1490
vt 5.6500 0.0000
vt 13.3000 0.0000
vt 13.3000 5.6500
vt 13.3500 0.0000
vt 13.4000 0.0000
vt 13.4500 0.0000
vt 13.5000 0.0000
vt 5.6500 0.0000
vt 13.5500 0.0000
vt 13.5500 5.6500
vt 13.6000 5.6500
vt 15.0000 5.6500
vt 5.6500 0.0000
vt 15.0500 0.0000
vt 15.0500 5.6500
vt 5.6500 0.0000
vt 15.1000 0.0000
vt 15.1000 5.6500
vt 5.6500 0.5000
vt 15.1500 0.5000
vt 15.1500 5.6500
vt 15.2000 0.5000
vt 15.2500 0.5000
vt 15.3000 0.5000
vt 15.3500 0.5000
vt 15.4000 0.5000
vt 5.6500 0.5000
vt 15.4500 0.5000
vt 15.4500 5.6500
vt 15.5000 5.6500
vt 7.5500 5.7000
vt 5.7000 0.5000
vt 7.6000 5.7000
vt 5.7000 0.0000
vt 7.6500 5.7000
vt 7.7000 5.7000
vt 8.9000 5.7000
vt 5.7000 0.0000
vt 8.9500 0.0000
vt 8.9500 5.7000
vt 5.7000 0.3607
vt 9.0000 0.3607
vt 5.7000 0.5000
vt 9.0500 0.5000
vt 9.0500 5.7000
vt 5.7000 0.5000
vt 9.1000 0.5000
vt 9.1000 5.7000
vt 9.1500 5.7000
vt 9.5500 5.7000
vt 9.6000 5.7000
vt 9.6500 0.5000
vt 9.6500 5.7000
vt 9.7000 0.5000
vt 9.7500 0.5000
vt 9.8000 0.5000
vt 9.8500 0.5000
vt 9.9000 0.5000
vt 9.9500 0.5000
vt 10.0000 0.5000
vt 10.0500 0.5000
vt 5.7000 0.5000
vt 10.1000 0.5000
vt 10.1000 5.7000
vt 5.7000 0.4424
vt 10.1500 0.4424
vt 5.7000 0.1016
vt 10.2000 0.1016
vt 5.7000 0.0000
vt 10.2500 0.0000
vt 10.2500 5.7000
vt 10.3000 0.0000
vt 5.7000 0.0000
vt 10.3500 0.0000
vt 10.3500 5.7000
vt 10.4000 5.7000
vt 12.6500 5.7000
vt 5.7000 0.0000
vt 12.7000 0.0000
vt 12.7000 5.7000
vt 12.7500 0.0000
vt 5.7000 0.0000
vt 12.8000 0.0000
vt 12.8000 5.7000
vt 5.7000 0.2656
vt 12.8500 0.2656
vt 5.7000 0.5000
vt 12.9000 0.5000
vt 12.9000 5.7000
vt 12.9500 0.5000
vt 13.0000 0.5000
vt 13.0500 0.5000
vt 13.1000 0.5000
vt 13.1500 0.5000
vt 13.2000 0.5000
vt 13.2500 0.5000
vt 13.3000 0.5000
vt 13.3500 0.5000
vt 13.4000 0.5000
vt 13.4500 0.5000
vt 13.5000 0.5000
vt 5.7000 0.5000
vt 13.5500 0.5000
vt 13.5500 5.7000
vt 5.7000 0.0000
vt 13.6000 0.0000
vt 13.6000 5.7000
vt 13.6500 0.0000
vt 13.7000 0.0000
vt 13.7500 0.0000
vt 13.8000 0.0000
vt 5.7000 0.0000
vt 13.8500 0.0000
vt 13.8500 5.7000
vt 13.9000 5.7000
vt 14.9000 5.7000
vt 5.7000 0.0000
vt 14.9500 0.0000
vt 14.9500 5.7000
vt 5.7000 0.0000
vt 15.0000 0.0000
vt 15.0000 5.7000
vt 5.7000 0.5000
vt 15.0500 0.5000
vt 15.0500 5.7000
vt 5.7000 0.5000
vt 15.1000 0.5000
vt 15.1000 5.7000
vt 15.1500 5.7000
vt 7.6000 5.7500
vt 5.7500 0.5000
vt 7.6500 5.7500
vt 5.7500 0.0000
vt 7.7000 0.0000
vt 7.7000 5.7500
vt 5.7500 0.0000
vt 7.7500 0.0000
vt 7.7500 5.7500
vt 7.8000 5.7500
vt 8.9500 5.7500
vt 5.7500 0.0000
vt 9.0000 0.0000
vt 9.0000 5.7500
vt 5.7500 0.0000
vt 9.0500 0.0000
vt 9.0500 5.7500
vt 5.7500 0.3270
vt 9.1000 0.3270
vt 5.7500 0.5000
vt 9.1500 0.5000
vt 9.1500 5.7500
vt 9.2000 0.5000
vt 9.2500 0.5000
vt 9.3000 0.5000
vt 9.3500 0.5000
vt 9.4000 0.5000
vt 9.4500 0.5000
vt 9.5000 0.5000
vt 9.5500 0.5000
vt 9.5500 5.7500
vt 9.6000 0.4888
vt 9.6000 5.7500
vt 9.6500 0.3004
vt 9.7000 0.1679
vt 5.7500 0.0599
vt 9.7500 0.0599
vt 5.7500 0.0000
vt 9.8000 0.0000
vt 9.8000 5.7500
vt 9.8500 0.0000
vt 9.9000 0.0000
vt 9.9500 0.0000
vt 10.0000 0.0000
vt 10.0500 0.0000
vt 10.1000 0.0000
vt 10.1500 0.0000
vt 5.7500 0.0000
vt 10.2000 0.0000
vt 10.2000 5.7500
vt 10.2500 5.7500
vt 12.5000 5.7500
vt 12.5500 5.7500
vt 12.6000 0.0000
vt 12.6000 5.7500
vt 5.7500 0.0000
vt 12.6500 0.0000
vt 12.6500 5.7500
vt 5.7500 0.4445
vt 12.7000 0.4445
vt 5.7500 0.5000
vt 12.7500 0.5000
vt 12.7500 5.7500
vt 12.8000 0.5000
vt 5.7500 0.5000
vt 12.8500 0.5000
vt 12.8500 5.7500
vt 12.9000 5.7500
vt 13.5500 5.7500
vt 5.7500 0.5000
vt 13.6000 0.5000
vt 13.6000 5.7500
vt 13.6500 0.5000
vt 13.7000 0.5000
vt 13.7500 0.5000
vt 13.8000 0.5000
vt 5.7500 0.5000
vt 13.8500 0.5000
vt 13.8500 5.7500
vt 5.7500 0.0000
vt 13.9000 0.0000
vt 13.9000 5.7500
vt 5.7500 0.0000
vt 13.9500 0.0000
vt 13.9500 5.7500
vt 14.0000 5.7500
vt 14.8000 5.7500
vt 5.7500 0.0000
vt 14.8500 0.0000
vt 14.8500 5.7500
vt 5.7500 0.0000
vt 14.9000 0.0000
vt 14.9000 5.7500
vt 5.7500 0.3832
vt 14.9500 0.3832
vt 5.7500 0.5000
vt 15.0000 0.5000
vt 15.0000 5.7500
vt 15.0500 5.7500
vt 7.6500 5.8000
vt 5.8000 0.5000
vt 7.7000 0.5000
vt 7.7000 5.8000
vt 5.8000 0.3625
vt 7.7500 0.3625
vt 5.8000 0.0000
vt 7.8000 0.0000
vt 7.8000 5.8000
vt 7.8500 5.8000
vt 9.0500 5.8000
vt 5.8000 0.0000
vt 9.1000 0.0000
vt 9.1000 5.8000
vt 9.1500 0.0000
vt 9.2000 0.0000
vt 9.2500 0.0000
vt 9.3000 0.0000
vt 9.3500 0.0000
vt 9.4000 0.0000
vt 9.4500 0.0000
vt 9.5000 0.0000
vt 9.5500 0.0000
vt 9.6000 0.0000
vt 9.6500 0.0000
vt 9.7000 0.0000
vt 5.8000 0.0000
vt 9.7500 0.0000
vt 9.7500 5.8000
vt 9.8000 5.8000
vt 12.4000 5.8000
vt 5.8000 0.0000
vt 12.4500 0.0000
vt 12.4500 5.8000
vt 12.5000 0.0000
vt 12.5000 5.8000
vt 5.8000 0.0399
vt 12.5500 0.0399
vt 12.5500 5.8000
vt 5.8000 0.5000
vt 12.6000 0.5000
vt 12.6000 5.8000
vt 12.6500 0.5000
vt 5.8000 0.5000
vt 12.7000 0.5000
vt 12.7000 5.8000
vt 12.7500 5.8000
vt 13.8500 5.8000
vt 5.8000 0.5000
vt 13.9000 0.5000
vt 13.9000 5.8000
vt 5.8000 0.5000
vt 13.9500 0.5000
vt 13.9500 5.8000
vt 5.8000 0.0000
vt 14.0000 0.0000
vt 14.0000 5.8000
vt 5.8000 0.0000
vt 14.0500 0.0000
vt 14.0500 5.8000
vt 14.1000 5.8000
vt 14.7000 5.8000
vt 5.8000 0.0000
vt 14.7500 0.0000
vt 14.7500 5.8000
vt 5.8000 0.0000
vt 14.8000 0.0000
vt 14.8000 5.8000
vt 5.8000 0.0542
vt 14.8500 0.0542
vt 5.8000 0.5000
vt 14.9000 0.5000
vt 14.9000 5.8000
vt 5.8000 0.5000
vt 14.9500 0.5000
vt 14.9500 5.8000
vt 15.0000 5.8000
vt 7.7000 5.8500
vt 5.8500 0.5000
vt 7.7500 0.5000
vt 7.7500 5.8500
vt 5.8500 0.5000
vt 7.8000 0.5000
vt 7.8000 5.8500
vt 5.8500 0.0000
vt 7.8500 0.0000
vt 7.8500 5.8500
vt 5.8500 0.0000
vt 7.9000 0.0000
vt 7.9000 5.8500
vt 7.9500 5.8500
vt 12.2000 5.8500
vt 5.8500 0.0000
vt 12.2500 0.0000
vt 12.2500 5.8500
vt 12.3000 0.0000
vt 12.3500 0.0000
vt 5.8500 0.0000
vt 12.4000 0.0000
vt 12.4000 5.8500
vt 5.8500 0.5000
vt 12.4500 0.5000
vt 12.4500 5.8500
vt 12.5000 0.5000
vt 5.8500 0.5000
vt 12.5500 0.5000
vt 12.5500 5.8500
vt 12.6000 5.8500
vt 13.9500 5.8500
vt 5.8500 0.5000
vt 14.0000 0.5000
vt 14.0000 5.8500
vt 5.8500 0.5000
vt 14.0500 0.5000
vt 14.0500 5.8500
vt 5.8500 0.0000
vt 14.1000 0.0000
vt 14.1000 5.8500
vt 14.1500 0.0000
vt 5.8500 0.0000
vt 14.2000 0.0000
vt 14.2000 5.8500
vt 14.2500 5.8500
vt 14.4500 5.8500
vt 14.5000 5.8500
vt 14.5500 0.0000
vt 14.5500 5.8500
vt 14.6000 0.0000
vt 14.6500 0.0000
vt 5.8500 0.0000
vt 14.7000 0.0000
vt 14.7000 5.8500
vt 5.8500 0.1902
vt 14.7500 0.1902
vt 5.8500 0.5000
vt 14.8000 0.5000
vt 14.8000 5.8500
vt 5.8500 0.5000
vt 14.8500 0.5000
vt 14.8500 5.8500
vt 14.9000 5.8500
vt 7.8000 5.9000
vt 5.9000 0.5000
vt 7.8500 0.5000
vt 7.8500 5.9000
vt 5.9000 0.2478
vt 7.9000 0.2478
vt 5.9000 0.0000
vt 7.9500 0.0000
vt 7.9500 5.9000
vt 8.0000 5.9000
vt 12.0500 5.9000
vt 5.9000 0.0000
vt 12.1000 0.0000
vt 12.1000 5.9000
vt 12.1500 0.0000
vt 5.9000 0.0000
vt 12.2000 0.0000
vt 12.2000 5.9000
vt 5.9000 0.2855
vt 12.2500 0.2855
vt 5.9000 0.5000
vt 12.3000 0.5000
vt 12.3000 5.9000
vt 12.3500 0.5000
vt 5.9000 0.5000
vt 12.4000 0.5000
vt 12.4000 5.9000
vt 12.4500 5.9000
vt 14.0500 5.9000
vt 5.9000 0.5000
vt 14.1000 0.5000
vt 14.1000 5.9000
vt 14.1500 0.5000
vt 14.1500 5.9000
vt 5.9000 0.4801
vt 14.2000 0.4801
vt 14.2000 5.9000
vt 5.9000 0.0000
vt 14.2500 0.0000
vt 14.2500 5.9000
vt 14.3000 0.0000
vt 14.3500 0.0000
vt 14.4000 0.0000
vt 14.4500 0.0000
vt 14.4500 5.9000
vt 14.5000 0.0044
vt 14.5000 5.9000
vt 5.9000 0.2556
vt 14.5500 0.2556
vt 5.9000 0.5000
vt 14.6000 0.5000
vt 14.6000 5.9000
vt 14.6500 0.5000
vt 14.7000 0.5000
vt 5.9000 0.5000
vt 14.7500 0.5000
vt 14.7500 5.9000
vt 14.8000 5.9000
vt 7.8500 5.9500
vt 5.9500 0.5000
vt 7.9000 0.5000
vt 7.9000 5.9500
vt 5.9500 0.5000
vt 7.9500 0.5000
vt 7.9500 5.9500
vt 5.9500 0.0000
vt 8.0000 0.0000
vt 8.0000 5.9500
vt 8.0500 0.0000
vt 5.9500 0.0000
vt 8.1000 0.0000
vt 8.1000 5.9500
vt 8.1500 5.9500
vt 11.9500 5.9500
vt 5.9500 0.0000
vt 12.0000 0.0000
vt 12.0000 5.9500
vt 5.9500 0.0000
vt 12.0500 0.0000
vt 12.0500 5.9500
vt 5.9500 0.1782
vt 12.1000 0.1782
vt 5.9500 0.5000
vt 12.1500 0.5000
vt 12.1500 5.9500
vt 12.2000 0.5000
vt 5.9500 0.5000
vt 12.2500 0.5000
vt 12.2500 5.9500
vt 12.3000 5.9500
vt 14.1500 5.9500
vt 14.2000 5.9500
vt 14.2500 0.5000
vt 14.2500 5.9500
vt 14.3000 0.5000
vt 14.3500 0.5000
vt 14.4000 0.5000
vt 14.4500 0.5000
vt 14.5000 0.5000
vt 5.9500 0.5000
vt 14.5500 0.5000
vt 14.5500 5.9500
vt 14.6000 5.9500
vt 7.9500 6.0000
vt 6.0000 0.5000
vt 8.0000 0.5000
vt 8.0000 6.0000
vt 6.0000 0.5000
vt 8.0500 0.5000
vt 8.0500 6.0000
vt 6.0000 0.2610
vt 8.1000 0.2610
vt 6.0000 0.0000
vt 8.1500 0.0000
vt 8.1500 6.0000
vt 8.2000 0.0000
vt 8.2500 0.0000
vt 8.2500 6.0000
vt 8.3000 6.0000
vt 8.3500 6.0000
vt 11.8500 6.0000
vt 6.0000 0.0000
vt 11.9000 0.0000
vt 11.9000 6.0000
vt 6.0000 0.0000
vt 11.9500 0.0000
vt 11.9500 6.0000
vt 6.0000 0.1364
vt 12.0000 0.1364
vt 6.0000 0.5000
vt 12.0500 0.5000
vt 12.0500 6.0000
vt 6.0000 0.5000
vt 12.1000 0.5000
vt 12.1000 6.0000
vt 12.1500 6.0000
vt 8.0500 6.0500
vt 6.0500 0.5000
vt 8.1000 0.5000
vt 8.1000 6.0500
vt 8.1500 0.5000
vt 8.2000 0.5000
vt 6.0500 0.5000
vt 8.2500 0.5000
vt 8.2500 6.0500
vt 6.0500 0.0169
vt 8.3000 0.0169
vt 8.3000 6.0500
vt 8.3500 0.0000
vt 8.3500 6.0500
vt 6.0500 0.0000
vt 8.4000 0.0000
vt 8.4000 6.0500
vt 8.4500 6.0500
vt 11.7500 6.0500
vt 6.0500 0.0000
vt 11.8000 0.0000
vt 11.8000 6.0500
vt 6.0500 0.0000
vt 11.8500 0.0000
vt 11.8500 6.0500
vt 6.0500 0.3407
vt 11.9000 0.3407
vt 6.0500 0.5000
vt 11.9500 0.5000
vt 11.9500 6.0500
vt 6.0500 0.5000
vt 12.0000 0.5000
vt 12.0000 6.0500
vt 12.0500 6.0500
vt 8.2500 6.1000
vt 6.1000 0.5000
vt 8.3000 0.5000
vt 8.3000 6.1000
vt 6.1000 0.5000
vt 8.3500 0.5000
vt 8.3500 6.1000
vt 6.1000 0.0966
vt 8.4000 0.0966
vt 6.1000 0.0000
vt 8.4500 0.0000
vt 8.4500 6.1000
vt 8.5000 6.1000
vt 11.6500 6.1000
vt 6.1000 0.0000
vt 11.7000 0.0000
vt 11.7000 6.1000
vt 6.1000 0.0000
vt 11.7500 0.0000
vt 11.7500 6.1000
vt 6.1000 0.4411
vt 11.8000 0.4411
vt 6.1000 0.5000
vt 11.8500 0.5000
vt 11.8500 6.1000
vt 6.1000 0.5000
vt 11.9000 0.5000
vt 11.9000 6.1000
vt 11.9500 6.1000
vt 8.3500 6.1500
vt 6.1500 0.5000
vt 8.4000 0.5000
vt 8.4000 6.1500
vt 6.1500 0.5000
vt 8.4500 0.5000
vt 8.4500 6.1500
vt 6.1500 0.0000
vt 8.5000 0.0000
vt 8.5000 6.1500
vt 6.1500 0.0000
vt 8.5500 0.0000
vt 8.5500 6.1500
vt 8.6000 6.1500
vt 11.5500 6.1500
vt 6.1500 0.0000
vt 11.6000 0.0000
vt 11.6000 6.1500
vt 6.1500 0.0000
vt 11.6500 0.0000
vt 11.6500 6.1500
vt 6.1500 0.4645
vt 11.7000 0.4645
vt 11.7000 6.1500
vt 11.7500 0.5000
vt 11.7500 6.1500
vt 6.1500 0.5000
vt 11.8000 0.5000
vt 11.8000 6.1500
vt 11.8500 6.1500
vt 8.4500 6.2000
vt 6.2000 0.5000
vt 8.5000 0.5000
vt 8.5000 6.2000
vt 6.2000 0.5000
vt 8.5500 0.5000
vt 8.5500 6.2000
vt 6.2000 0.0000
vt 8.6000 0.0000
vt 8.6000 6.2000
vt 6.2000 0.0000
vt 8.6500 0.0000
vt 8.6500 6.2000
vt 8.7000 6.2000
vt 11.4500 6.2000
vt 11.5000 6.2000
vt 6.2000 0.0000
vt 11.5500 0.0000
vt 11.5500 6.2000
vt 6.2000 0.5000
vt 11.6000 0.5000
vt 11.6000 6.2000
vt 11.6500 0.5000
vt 11.6500 6.2000
vt 11.7000 6.2000
vt 11.7500 6.2000
vt 8.5500 6.2500
vt 6.2500 0.5000
vt 8.6000 0.5000
vt 8.6000 6.2500
vt 6.2500 0.2196
vt 8.6500 0.2196
vt 6.2500 0.0000
vt 8.7000 0.0000
vt 8.7000 6.2500
vt 6.2500 0.0000
vt 8.7500 0.0000
vt 8.7500 6.2500
vt 8.8000 6.2500
vt 11.3000 6.2500
vt 11.3500 6.2500
vt 11.4000 0.0000
vt 11.4000 6.2500
vt 11.4500 0.0000
vt 11.4500 6.2500
vt 6.2500 0.0281
vt 11.5000 0.0281
vt 11.5000 6.2500
vt 6.2500 0.5000
vt 11.5500 0.5000
vt 11.5500 6.2500
vt 11.6000 6.2500
vt 8.6000 6.3000
vt 6.3000 0.5000
vt 8.6500 0.5000
vt 8.6500 6.3000
vt 6.3000 0.5000
vt 8.7000 0.5000
vt 8.7000 6.3000
vt 6.3000 0.3139
vt 8.7500 0.3139
vt 6.3000 0.0000
vt 8.8000 0.0000
vt 8.8000 6.3000
vt 8.8500 0.0000
vt 6.3000 0.0000
vt 8.9000 0.0000
vt 8.9000 6.3000
vt 8.9500 6.3000
vt 11.1000 6.3000
vt 6.3000 0.0000
vt 11.1500 0.0000
vt 11.1500 6.3000
vt 11.2000 0.0000
vt 11.2500 0.0000
vt 11.3000 0.0000
vt 11.3000 6.3000
vt 11.3500 0.0042
vt 11.3500 6.3000
vt 6.3000 0.4229
vt 11.4000 0.4229
vt 6.3000 0.5000
vt 11.4500 0.5000
vt 11.4500 6.3000
vt 6.3000 0.5000
vt 11.5000 0.5000
vt 11.5000 6.3000
vt 11.5500 6.3000
vt 8.7000 6.3500
vt 6.3500 0.5000
vt 8.7500 0.5000
vt 8.7500 6.3500
vt 8.8000 0.5000
vt 6.3500 0.5000
vt 8.8500 0.5000
vt 8.8500 6.3500
vt 6.3500 0.2286
vt 8.9000 0.2286
vt 6.3500 0.0000
vt 8.9500 0.0000
vt 8.9500 6.3500
vt 9.0000 0.0000
vt 6.3500 0.0000
vt 9.0500 0.0000
vt 9.0500 6.3500
vt 9.1000 6.3500
vt 10.0000 6.3500
vt 6.3500 0.0000
vt 10.0500 0.0000
vt 10.0500 6.3500
vt 10.1000 0.0000
vt 10.1500 0.0000
vt 10.2000 0.0000
vt 10.2500 0.0000
vt 10.3000 0.0000
vt 10.3500 0.0000
vt 10.4000 0.0000
vt 10.4500 0.0000
vt 10.5000 0.0000
vt 10.5500 0.0000
vt 10.6000 0.0000
vt 10.6500 0.0000
vt 10.7000 0.0000
vt 10.7500 0.0000
vt 10.8000 0.0000
vt 10.8500 0.0000
vt 10.9000 0.0000
vt 10.9500 0.0000
vt 11.0000 0.0000
vt 11.0500 0.0000
vt 6.3500 0.0000
vt 11.1000 0.0000
vt 11.1000 6.3500
vt 6.3500 0.3462
vt 11.1500 0.3462
vt 6.3500 0.5000
vt 11.2000 0.5000
vt 11.2000 6.3500
vt 11.2500 0.5000
vt 11.3000 0.5000
vt 11.3500 0.5000
vt 6.3500 0.5000
vt 11.4000 0.5000
vt 11.4000 6.3500
vt 11.4500 6.3500
vt 8.8500 6.4000
vt 6.4000 0.5000
vt 8.9000 0.5000
vt 8.9000 6.4000
vt 8.9500 0.5000
vt 6.4000 0.5000
vt 9.0000 0.5000
vt 9.0000 6.4000
vt 6.4000 0.1507
vt 9.0500 0.1507
vt 6.4000 0.0000
vt 9.1000 0.0000
vt 9.1000 6.4000
vt 9.1500 0.0000
vt 9.2000 0.0000
vt 9.2500 0.0000
vt 9.3000 0.0000
vt 9.3500 0.0000
vt 9.4000 0.0000
vt 9.4500 0.0000
vt 9.5000 0.0000
vt 9.5500 0.0000
vt 9.6000 0.0000
vt 9.6500 0.0000
vt 9.7000 0.0000
vt 9.7500 0.0000
vt 9.8000 0.0000
vt 9.8500 0.0000
vt 9.9000 0.0000
vt 9.9500 0.0000
vt 6.4000 0.0000
vt 10.0000 0.0000
vt 10.0000 6.4000
vt 6.4000 0.1426
vt 10.0500 0.1426
vt 6.4000 0.5000
vt 10.1000 0.5000
vt 10.1000 6.4000
vt 10.1500 0.5000
vt 10.2000 0.5000
vt 10.2500 0.5000
vt 10.3000 0.5000
vt 6.4000 0.5000
vt 10.3500 0.5000
vt 10.3500 6.4000
vt 6.4000 0.3438
vt 10.4000 0.3438
vt 6.4000 0.5000
vt 10.4500 0.5000
vt 10.4500 6.4000
vt 10.5000 0.5000
vt 10.5500 0.5000
vt 10.6000 0.5000
vt 10.6500 0.5000
vt 10.7000 0.5000
vt 10.7500 0.5000
vt 10.8000 0.5000
vt 10.8500 0.5000
vt 10.9000 0.5000
vt 10.9500 0.5000
vt 11.0000 0.5000
vt 11.0500 0.5000
vt 11.1000 0.5000
vt 6.4000 0.5000
vt 11.1500 0.5000
vt 11.1500 6.4000
vt 11.2000 6.4000
vt 9.0000 6.4500
vt 6.4500 0.5000
vt 9.0500 0.5000
vt 9.0500 6.4500
vt 9.1000 0.5000
vt 9.1500 0.5000
vt 9.2000 0.5000
vt 9.2500 0.5000
vt 9.3000 0.5000
vt 9.3500 0.5000
vt 9.4000 0.5000
vt 9.4500 0.5000
vt 9.5000 0.5000
vt 6.4500 0.5000
vt 9.5500 0.5000
vt 9.5500 6.4500
vt 6.4500 0.3159
vt 9.6000 0.3159
vt 9.6500 0.2542
vt 9.7000 0.2104
vt 9.7500 0.2083
vt 6.4500 0.2981
vt 9.8000 0.2981
vt 6.4500 0.5000
vt 9.8500 0.5000
vt 9.8500 6.4500
vt 9.9000 0.5000
vt 9.9500 0.5000
vt 10.0000 0.5000
vt 6.4500 0.5000
vt 10.0500 0.5000
vt 10.0500 6.4500
vt 10.1000 6.4500
vt 10.3500 6.4500
vt 6.4500 0.5000
vt 10.4000 6.4500
vt 10.4500 6.4500
vt 9.5500 6.5000
vt 6.5000 0.5000
vt 9.6000 0.5000
vt 9.6000 6.5000
vt 9.6500 0.5000
vt 9.7000 0.5000
vt 9.7500 0.5000
vt 6.5000 0.5000
vt 9.8000 0.5000
vt 9.8000 6.5000
vt 9.8500 6.5000
vn -0.000 -0.000 1.000
vn -0.000 0.962 0.274
vn -0.000 0.981 0.196
vn -0.000 0.981 0.196
vn -0.000 0.977 0.213
vn -0.000 0.780 0.626
vn -0.000 -0.000 1.000
vn -0.000 -0.000 1.000
vn -0.000 0.968 0.250
vn 0.567 0.808 0.162
vn 0.700 0.700 0.140
vn 0.281 0.941 0.188
vn -0.082 0.977 0.195
vn -0.593 0.790 0.158
vn -0.668 0.730 0.146
vn -0.237 0.953 0.191
vn -0.000 0.981 0.196
vn -0.000 0.981 0.196
vn -0.000 0.981 0.196
vn -0.000 0.981 0.196
vn -0.000 0.981 0.196
vn -0.000 0.981 0.196
vn -0.000 0.981 0.196
vn -0.000 0.981 0.196
vn -0.000 0.981 0.196
vn -0.000 0.981 0.196
vn -0.000 0.981 0.196
vn -0.000 0.981 0.196
vn -0.000 0.299 0.954
vn -0.000 -0.000 1.000
vn -0.000 -0.000 1.000
vn 0.760 0.619 0.196
vn 0.700 0.700 0.140
vn 0.216 0.957 0.191
vn -0.000 0.830 0.557
vn -0.000 -0.000 1.000
vn -0.000 -0.000 1.000
vn -0.000 0.387 0.922
vn -0.000 0.966 0.257
vn -0.000 0.981 0.196
vn -0.000 0.981 0.196
vn -0.000 0.981 0.196
vn -0.000 0.981 0.196
vn -0.000 0.981 0.196
vn -0.000 0.981 0.196
vn -0.000 0.981 0.196
vn -0.000 0.981 0.196
vn -0.000 0.981 0.196
vn -0.000 0.981 0.196
vn -0.000 0.981 0.196
vn -0.000 0.981 0.196
vn -0.677 0.722 0.144
vn -0.700 0.700 0.140
vn -0.061 0.979 0.196
vn -0.000 0.981 0.196
vn -0.000 0.981 0.196
vn -0.000 0.897 0.441
vn -0.000 -0.000 1.000
vn 0.953 -0.000 0.302
vn 0.700 0.700 0.140
vn 0.775 0.473 0.419
vn -0.000 -0.000 1.000
vn -0.000 -0.000 1.000
vn -0.000 0.978 0.209
vn -0.000 0.981 0.196
vn -0.000 0.981 0.196
vn -0.503 0.848 0.170
vn -0.700 0.700 0.140
vn -0.371 0.911 0.182
vn -0.000 0.981 0.196
vn -0.000 0.981 0.196
vn -0.000 -0.000 1.000
vn -0.000 -0.000 1.000
vn 0.700 0.700 0.140
vn 0.922 0.341 0.184
vn -0.000 -0.000 1.000
vn -0.000 -0.000 1.000
vn -0.000 0.948 0.320
vn -0.000 0.981 0.196
vn -0.000 0.981 0.196
vn -0.700 0.700 0.140
vn -0.700 0.700 0.140
vn -0.000 0.981 0.196
vn -0.000 0.981 0.196
vn -0.000 0.981 0.196
vn -0.000 0.981 0.196
vn -0.000 0.981 0.196
vn -0.000 -0.000 1.000
vn 0.981 -0.000 0.196
vn 0.700 0.700 0.140
vn -0.000 -0.000 1.000
vn -0.000 -0.000 1.000
vn -0.000 0.981 0.196
vn -0.000 0.981 0.196
vn -0.000 0.981 0.196
vn -0.000 0.981 0.196
vn -0.000 0.981 0.196
vn -0.700 0.700 0.140
vn -0.700 0.700 0.140
vn -0.000 0.981 0.196
vn -0.000 0.981 0.196
vn -0.000 0.981 0.196
vn -0.000 0.981 0.196
vn -0.000 0.981 0.196
vn -0.000 0.981 0.196
vn -0.000 0.979 0.205
vn -0.000 0.968 0.252
vn -0.000 0.825 0.565
vn -0.000 -0.000 1.000
vn 0.981 -0.000 0.196
vn 0.981 -0.000 0.196
vn -0.000 -0.000 1.000
vn -0.000 0.981 0.196
vn -0.000 0.981 0.196
vn -0.000 0.981 0.196
vn -0.000 0.981 0.196
vn -0.000 0.981 0.196
vn -0.000 0.981 0.196
vn -0.042 0.980 0.196
vn -0.222 0.956 0.191
vn -0.546 0.821 0.164
vn -0.602 0.783 0.157
vn -0.275 0.943 0.189
vn -0.000 0.981 0.196
vn -0.000 0.981 0.196
vn -0.000 0.907 0.422
vn -0.000 -0.000 1.000
vn 0.981 -0.000 0.196
vn 0.981 -0.000 0.196
vn -0.000 -0.000 1.000
vn -0.000 0.210 0.978
vn -0.000 0.757 0.653
vn -0.000 0.962 0.272
vn -0.000 0.981 0.196
vn -0.000 0.981 0.196
vn -0.488 0.856 0.171
vn -0.700 0.700 0.140
vn -0.389 0.903 0.181
vn -0.000 0.981 0.196
vn -0.000 0.981 0.196
vn -0.000 0.981 0.196
vn -0.000 0.981 0.196
vn -0.000 0.976 0.220
vn -0.000 -0.000 1.000
vn 0.981 -0.000 0.196
vn 0.957 -0.217 0.191
vn -0.000 -0.000 1.000
vn -0.000 -0.000 1.000
vn -0.000 0.944 0.331
vn -0.000 0.981 0.196
vn -0.000 0.981 0.196
vn -0.000 0.981 0.196
vn -0.000 0.981 0.196
vn -0.108 0.975 0.195
vn -0.700 0.700 0.140
vn -0.657 0.739 0.148
vn -0.000 0.981 0.196
vn -0.000 0.981 0.196
vn -0.000 0.981 0.196
vn -0.000 0.893 0.450
vn -0.000 -0.000 1.000
vn 0.968 -0.000 0.250
vn 0.700 -0.700 0.140
vn 0.750 -0.000 0.661
vn -0.000 -0.000 1.000
vn -0.000 0.486 0.874
vn -0.000 0.981 0.196
vn -0.000 0.981 0.196
vn -0.000 0.981 0.196
vn -0.509 0.844 0.169
vn -0.700 0.700 0.140
vn -0.363 0.914 0.183
vn -0.000 0.981 0.196
vn -0.000 -0.000 1.000
vn -0.000 -0.000 1.000
vn 0.781 -0.604 0.156
vn 0.884 -0.434 0.177
vn -0.000 -0.000 1.000
vn -0.000 -0.000 1.000
vn -0.000 0.949 0.315
vn -0.000 0.981 0.196
vn -0.700 0.700 0.140
vn -0.700 0.700 0.140
vn -0.000 0.981 0.196
vn -0.000 0.943 0.334
vn -0.000 -0.000 1.000
vn 0.931 -0.000 0.365
vn 0.700 -0.700 0.140
vn 0.926 -0.000 0.378
vn -0.000 -0.000 1.000
vn -0.000 0.981 0.196
vn -0.393 0.902 0.180
vn -0.700 0.700 0.140
vn -0.484 0.858 0.172
vn -0.000 0.974 0.224
vn -0.000 -0.000 1.000
vn -0.000 -0.000 1.000
vn 0.877 -0.447 0.175
vn 0.700 -0.700 0.140
vn -0.000 -0.000 1.000
vn -0.000 -0.000 1.000
vn -0.000 0.909 0.417
vn -0.128 0.973 0.195
vn -0.700 0.700 0.140
vn -0.648 0.747 0.149
vn -0.000 -0.000 1.000
vn -0.000 -0.000 1.000
vn -0.000 0.840 0.543
vn -0.000 0.981 0.196
vn -0.000 0.981 0.196
vn -0.000 0.981 0.196
vn -0.000 0.981 0.196
vn -0.000 0.981 0.196
vn -0.000 0.977 0.212
vn -0.000 0.899 0.439
vn -0.000 -0.000 1.000
vn -0.000 -0.000 1.000
vn 0.700 -0.700 0.140
vn 0.700 -0.700 0.140
vn -0.000 -0.981 0.196
vn -0.000 -0.711 0.703
vn -0.000 -0.343 0.939
vn -0.000 -0.494 0.869
vn -0.000 -0.000 1.000
vn -0.000 -0.000 1.000
vn -0.000 -0.362 0.932
vn -0.000 -0.979 0.202
vn -0.000 -0.981 0.196
vn -0.000 -0.981 0.196
vn -0.000 -0.981 0.196
vn -0.000 -0.862 0.507
vn -0.000 -0.000 1.000
vn -0.000 -0.000 1.000
vn -0.000 0.550 0.835
vn -0.700 0.700 0.140
vn -0.700 0.700 0.140
vn -0.000 0.443 0.897
vn -0.000 -0.000 1.000
vn -0.000 -0.000 1.000
vn -0.000 0.981 0.196
vn -0.000 0.981 0.196
vn 0.290 0.938 0.188
vn 0.700 0.700 0.140
vn 0.561 0.812 0.162
vn -0.000 0.981 0.196
vn -0.000 0.981 0.196
vn -0.000 0.981 0.196
vn -0.074 0.978 0.196
vn -0.501 0.849 0.170
vn -0.671 0.727 0.145
vn -0.373 0.910 0.182
vn -0.000 0.981 0.196
vn -0.000 0.973 0.231
vn -0.000 -0.000 1.000
vn -0.000 -0.000 1.000
vn -0.000 -0.981 0.196
vn 0.616 -0.772 0.154
vn 0.673 -0.726 0.145
vn 0.087 -0.977 0.195
vn 0.071 -0.978 0.196
vn 0.111 -0.975 0.195
vn -0.000 -0.981 0.196
vn -0.000 -0.981 0.196
vn -0.000 -0.981 0.196
vn -0.076 -0.978 0.196
vn -0.688 -0.711 0.142
vn -0.671 -0.727 0.145
vn -0.032 -0.980 0.196
vn -0.000 -0.981 0.196
vn 0.543 -0.823 0.165
vn 0.700 -0.700 0.140
vn 0.317 -0.930 0.186
vn -0.000 -0.981 0.196
vn -0.000 -0.981 0.196
vn -0.000 -0.981 0.196
vn -0.000 -0.981 0.196
vn -0.000 -0.981 0.196
vn -0.000 -0.981 0.196
vn -0.000 -0.897 0.442
vn -0.000 -0.425 0.905
vn -0.000 -0.000 1.000
vn -0.000 -0.000 1.000
vn -0.662 0.735 0.147
vn -0.700 0.700 0.140
vn -0.149 0.942 0.301
vn -0.000 -0.000 1.000
vn -0.000 -0.000 1.000
vn -0.000 0.981 0.196
vn 0.700 0.700 0.140
vn 0.700 0.700 0.140
vn -0.000 0.981 0.196
vn -0.000 0.981 0.196
vn -0.000 0.961 0.278
vn -0.000 -0.000 1.000
vn -0.000 -0.000 1.000
vn -0.000 0.355 0.935
vn -0.000 0.947 0.321
vn -0.000 0.981 0.196
vn -0.151 0.969 0.194
vn -0.700 0.700 0.140
vn -0.638 0.755 0.151
vn -0.000 0.981 0.196
vn -0.000 -0.000 1.000
vn -0.000 -0.000 1.000
vn -0.000 -0.970 0.243
vn -0.000 -0.978 0.211
vn -0.000 -0.975 0.220
vn -0.000 -0.981 0.196
vn -0.000 -0.981 0.196
vn -0.000 -0.981 0.196
vn -0.000 -0.981 0.196
vn -0.000 -0.981 0.196
vn -0.000 -0.977 0.212
vn -0.000 -0.161 0.987
vn -0.000 -0.000 1.000
vn -0.000 -0.000 1.000
vn -0.000 -0.957 0.290
vn -0.000 -0.981 0.196
vn -0.000 -0.981 0.196
vn -0.000 -0.981 0.196
vn -0.000 -0.981 0.196
vn -0.000 -0.981 0.196
vn -0.000 -0.981 0.196
vn 0.503 -0.847 0.169
vn 0.664 -0.733 0.147
vn 0.370 -0.911 0.182
vn 0.092 -0.976 0.195
vn -0.000 -0.981 0.196
vn -0.000 -0.981 0.196
vn -0.000 -0.981 0.196
vn -0.000 -0.981 0.196
vn -0.000 -0.981 0.196
vn -0.000 -0.981 0.196
vn -0.000 -0.000 1.000
vn -0.000 -0.000 1.000
vn -0.376 0.904 0.201
vn -0.700 0.700 0.140
vn -0.523 0.836 0.167
vn -0.000 -0.000 1.000
vn -0.000 -0.000 1.000
vn -0.000 0.981 0.196
vn 0.700 0.700 0.140
vn 0.700 0.700 0.140
vn -0.000 0.981 0.196
vn -0.000 -0.000 1.000
vn -0.000 -0.000 1.000
vn -0.000 0.615 0.789
vn -0.000 0.981 0.196
vn -0.700 0.700 0.140
vn -0.700 0.700 0.140
vn -0.000 0.981 0.196
vn -0.000 0.981 0.196
vn -0.000 0.964 0.266
vn -0.000 -0.000 1.000
vn -0.000 -0.000 1.000
vn -0.000 -0.948 0.319
vn -0.000 -0.976 0.216
vn -0.000 -0.981 0.196
vn -0.000 -0.981 0.196
vn -0.000 -0.981 0.196
vn -0.000 -0.981 0.196
vn -0.000 -0.981 0.196
vn -0.000 -0.981 0.196
vn 0.700 -0.700 0.140
vn 0.700 -0.700 0.140
vn -0.000 -0.981 0.196
vn -0.000 -0.981 0.196
vn -0.000 -0.981 0.196
vn -0.000 -0.969 0.247
vn -0.000 -0.000 1.000
vn -0.000 -0.000 1.000
vn -0.000 0.882 0.471
vn -0.700 0.700 0.140
vn -0.700 0.700 0.140
vn -0.000 -0.000 1.000
vn -0.000 -0.000 1.000
vn 0.700 0.700 0.140
vn 0.700 0.700 0.140
vn -0.000 0.981 0.196
vn -0.000 -0.000 1.000
vn -0.000 -0.000 1.000
vn -0.000 0.981 0.196
vn -0.000 0.981 0.196
vn -0.261 0.947 0.189
vn -0.700 0.700 0.140
vn -0.579 0.799 0.160
vn -0.000 0.981 0.196
vn -0.000 0.981 0.196
vn -0.000 0.981 0.196
vn -0.000 0.981 0.196
vn -0.000 0.981 0.196
vn -0.000 0.981 0.196
vn -0.000 0.981 0.196
vn -0.000 -0.000 1.000
vn -0.000 -0.000 1.000
vn -0.000 -0.981 0.196
vn -0.000 -0.981 0.196
vn -0.000 -0.981 0.196
vn 0.206 -0.959 0.192
vn 0.700 -0.700 0.140
vn 0.610 -0.777 0.155
vn -0.000 -0.981 0.196
vn -0.000 -0.981 0.196
vn -0.000 -0.919 0.395
vn -0.000 -0.000 1.000
vn -0.000 -0.000 1.000
vn -0.700 0.700 0.140
vn -0.700 0.700 0.140
vn -0.000 -0.000 1.000
vn -0.000 -0.000 1.000
vn 0.700 0.700 0.140
vn 0.700 0.700 0.140
vn -0.000 -0.000 1.000
vn -0.000 -0.000 1.000
vn -0.000 0.809 0.587
vn -0.000 0.981 0.196
vn -0.000 0.981 0.196
vn -0.000 0.981 0.196
vn -0.000 0.981 0.196
vn -0.000 0.981 0.196
vn -0.000 0.981 0.196
vn -0.000 0.981 0.196
vn -0.700 0.700 0.140
vn -0.700 0.700 0.140
vn -0.000 0.981 0.196
vn -0.000 -0.000 1.000
vn -0.000 -0.000 1.000
vn -0.000 -0.732 0.681
vn -0.000 -0.981 0.196
vn -0.000 -0.981 0.196
vn 0.464 -0.869 0.174
vn 0.700 -0.700 0.140
vn 0.415 -0.892 0.178
vn -0.000 -0.981 0.196
vn -0.000 -0.981 0.196
vn -0.000 -0.393 0.919
vn -0.000 -0.000 1.000
vn -0.000 -0.000 1.000
vn -0.700 0.700 0.140
vn -0.826 0.538 0.165
vn -0.000 -0.000 1.000
vn -0.000 -0.000 1.000
vn -0.000 0.905 0.425
vn 0.700 0.700 0.140
vn 0.700 0.700 0.140
vn -0.000 -0.000 1.000
vn -0.000 -0.000 1.000
vn -0.000 0.981 0.196
vn -0.700 0.700 0.140
vn -0.700 0.700 0.140
vn -0.000 0.981 0.196
vn -0.000 -0.000 1.000
vn -0.000 -0.000 1.000
vn -0.000 -0.937 0.351
vn -0.000 -0.981 0.196
vn -0.000 -0.981 0.196
vn 0.668 -0.730 0.146
vn 0.700 -0.700 0.140
vn 0.084 -0.977 0.195
vn -0.000 -0.981 0.196
vn -0.000 -0.828 0.561
vn -0.000 -0.000 1.000
vn -0.867 -0.000 0.498
vn -0.700 0.700 0.140
vn -0.919 0.274 0.282
vn -0.000 -0.000 1.000
vn -0.000 -0.000 1.000
vn 0.385 0.905 0.181
vn 0.700 0.700 0.140
vn 0.491 0.854 0.171
vn -0.000 -0.000 1.000
vn -0.000 -0.000 1.000
vn -0.000 0.981 0.196
vn -0.700 0.700 0.140
vn -0.752 0.642 0.150
vn -0.000 -0.000 1.000
vn -0.000 -0.000 1.000
vn -0.000 -0.977 0.214
vn -0.000 -0.981 0.196
vn 0.569 -0.807 0.161
vn 0.700 -0.700 0.140
vn 0.278 -0.942 0.188
vn -0.000 -0.981 0.196
vn -0.000 -0.601 0.799
vn -0.000 -0.000 1.000
vn -0.000 -0.000 1.000
vn -0.895 0.387 0.222
vn -0.700 0.700 0.140
vn -0.663 0.305 0.683
vn -0.000 -0.000 1.000
vn -0.000 -0.000 1.000
vn -0.000 0.804 0.595
vn 0.700 0.700 0.140
vn 0.700 0.700 0.140
vn -0.000 0.944 0.329
vn -0.000 -0.000 1.000
vn -0.589 -0.000 0.808
vn -0.700 0.700 0.140
vn -0.974 -0.000 0.228
vn -0.000 -0.000 1.000
vn -0.000 -0.962 0.273
vn -0.000 -0.981 0.196
vn 0.640 -0.753 0.151
vn 0.700 -0.700 0.140
vn 0.146 -0.970 0.194
vn -0.000 -0.981 0.196
vn -0.000 -0.000 1.000
vn -0.000 -0.000 1.000
vn -0.739 0.654 0.162
vn -0.700 0.700 0.140
vn -0.408 -0.000 0.913
vn -0.000 -0.000 1.000
vn 0.285 0.935 0.211
vn 0.700 0.700 0.140
vn 0.582 0.797 0.159
vn -0.000 -0.000 1.000
vn -0.000 -0.000 1.000
vn -0.971 0.142 0.194
vn -0.981 -0.000 0.196
vn -0.000 -0.000 1.000
vn -0.000 -0.973 0.229
vn -0.000 -0.981 0.196
vn 0.700 -0.700 0.140
vn 0.700 -0.700 0.140
vn -0.000 -0.981 0.196
vn -0.000 -0.507 0.862
vn -0.000 -0.000 1.000
vn -0.000 -0.000 1.000
vn -0.731 0.666 0.146
vn -0.700 0.700 0.140
vn -0.000 0.729 0.685
vn -0.000 -0.000 1.000
vn -0.000 -0.000 1.000
vn 0.712 0.683 0.161
vn 0.700 0.700 0.140
vn 0.148 0.954 0.261
vn -0.000 -0.000 1.000
vn -0.981 -0.000 0.196
vn -0.981 -0.000 0.196
vn -0.000 -0.000 1.000
vn -0.000 -0.981 0.196
vn 0.654 -0.742 0.148
vn 0.700 -0.700 0.140
vn 0.115 -0.974 0.195
vn -0.000 -0.531 0.847
vn -0.000 -0.000 1.000
vn -0.000 -0.000 1.000
vn -0.611 0.776 0.155
vn -0.700 0.700 0.140
vn -0.363 0.867 0.341
vn -0.000 -0.000 1.000
vn -0.000 -0.000 1.000
vn 0.971 0.067 0.228
vn 0.700 0.700 0.140
vn 0.545 0.414 0.729
vn -0.000 -0.000 1.000
vn -0.981 -0.000 0.196
vn -0.981 -0.000 0.196
vn -0.000 -0.000 1.000
vn -0.000 -0.975 0.221
vn 0.651 -0.744 0.149
vn 0.700 -0.700 0.140
vn 0.122 -0.973 0.195
vn -0.000 -0.000 1.000
vn -0.000 -0.000 1.000
vn -0.518 0.829 0.211
vn -0.700 0.700 0.140
vn -0.462 0.868 0.182
vn -0.000 -0.000 1.000
vn 0.283 -0.000 0.959
vn 0.700 0.700 0.140
vn 0.967 0.153 0.205
vn -0.000 -0.000 1.000
vn -0.981 -0.000 0.196
vn -0.981 -0.000 0.196
vn -0.000 -0.000 1.000
vn -0.000 -0.975 0.223
vn 0.700 -0.700 0.140
vn 0.842 -0.512 0.168
vn -0.000 -0.000 1.000
vn -0.000 -0.000 1.000
vn -0.086 0.923 0.375
vn -0.700 0.700 0.140
vn -0.683 0.716 0.143
vn -0.000 -0.000 1.000
vn -0.000 -0.000 1.000
vn 0.753 0.641 0.151
vn 0.721 0.678 0.144
vn -0.000 -0.000 1.000
vn -0.000 -0.000 1.000
vn -0.700 -0.700 0.140
vn -0.981 -0.000 0.196
vn 0.891 -0.000 0.455
vn 0.700 -0.700 0.140
vn 0.950 -0.000 0.312
vn -0.000 -0.000 1.000
vn -0.000 0.223 0.975
vn -0.700 0.700 0.140
vn -0.700 0.700 0.140
vn -0.000 0.866 0.499
vn -0.000 -0.000 1.000
vn 0.974 -0.000 0.229
vn 0.700 0.700 0.140
vn 0.596 -0.000 0.803
vn -0.981 -0.000 0.196
vn -0.700 -0.700 0.140
vn -0.000 -0.000 1.000
vn -0.000 -0.000 1.000
vn 0.915 -0.359 0.183
vn 0.700 -0.700 0.140
vn -0.000 -0.000 1.000
vn -0.000 -0.000 1.000
vn -0.539 0.826 0.165
vn -0.700 0.700 0.140
vn -0.322 0.928 0.186
vn -0.000 -0.000 1.000
vn -0.000 -0.000 1.000
vn 0.700 0.700 0.140
vn 0.970 0.144 0.194
vn -0.000 -0.000 1.000
vn -0.000 -0.000 1.000
vn -0.878 -0.446 0.176
vn -0.981 -0.000 0.196
vn -0.000 -0.000 1.000
vn 0.700 -0.700 0.140
vn 0.924 -0.335 0.185
vn -0.000 -0.000 1.000
vn -0.000 -0.000 1.000
vn -0.000 0.956 0.293
vn -0.700 0.700 0.140
vn -0.700 0.700 0.140
vn -0.000 0.981 0.196
vn -0.000 0.981 0.196
vn -0.000 0.896 0.444
vn -0.000 0.940 0.341
vn -0.000 0.981 0.196
vn -0.000 0.981 0.196
vn -0.000 0.981 0.196
vn -0.000 0.981 0.196
vn -0.000 0.981 0.196
vn -0.000 0.981 0.196
vn -0.000 0.981 0.196
vn -0.000 0.525 0.851
vn -0.000 -0.000 1.000
vn -0.000 -0.000 1.000
vn 0.945 0.266 0.189
vn 0.700 0.700 0.140
vn -0.000 -0.000 1.000
vn -0.930 -0.000 0.366
vn -0.700 -0.700 0.140
vn -0.926 -0.000 0.377
vn 0.954 -0.000 0.299
vn 0.700 -0.700 0.140
vn 0.876 -0.000 0.483
vn -0.000 -0.000 1.000
vn -0.000 0.981 0.196
vn -0.000 0.981 0.196
vn -0.505 0.846 0.169
vn -0.402 0.898 0.180
vn 0.505 0.846 0.169
vn 0.402 0.898 0.180
vn -0.000 0.981 0.196
vn -0.000 0.981 0.196
vn -0.000 0.981 0.196
vn -0.000 0.981 0.196
vn -0.000 0.981 0.196
vn -0.652 0.744 0.149
vn -0.700 0.700 0.140
vn -0.120 0.973 0.195
vn -0.000 0.981 0.196
vn -0.000 0.652 0.758
vn -0.000 -0.000 1.000
vn 0.816 -0.000 0.579
vn 0.700 0.700 0.140
vn 0.963 -0.000 0.268
vn -0.981 -0.000 0.196
vn -0.883 -0.435 0.177
vn -0.000 -0.000 1.000
vn -0.000 -0.000 1.000
vn 0.831 -0.530 0.166
vn 0.979 -0.049 0.196
vn -0.000 -0.000 1.000
vn -0.000 -0.000 1.000
vn -0.000 0.948 0.318
vn -0.000 0.913 0.408
vn -0.000 -0.000 1.000
vn -0.000 -0.000 1.000
vn -0.000 0.975 0.222
vn -0.000 0.981 0.196
vn -0.630 0.761 0.152
vn -0.700 0.700 0.140
vn -0.166 0.967 0.193
vn -0.000 0.973 0.231
vn -0.000 -0.000 1.000
vn -0.000 -0.000 1.000
vn 0.700 0.700 0.140
vn 0.802 0.576 0.160
vn -0.000 -0.000 1.000
vn -0.000 -0.000 1.000
vn -0.852 -0.495 0.170
vn -0.981 -0.000 0.196
vn 0.979 -0.000 0.206
vn 0.700 -0.700 0.140
vn 0.240 -0.000 0.971
vn -0.000 -0.000 1.000
vn -0.000 0.972 0.235
vn -0.154 0.969 0.194
vn -0.700 0.700 0.140
vn -0.636 0.756 0.151
vn -0.000 0.934 0.358
vn -0.000 -0.000 1.000
vn -0.000 -0.000 1.000
vn 0.700 0.700 0.140
vn 0.700 0.700 0.140
vn -0.000 -0.000 1.000
vn -0.946 -0.000 0.325
vn -0.700 -0.700 0.140
vn -0.902 -0.000 0.431
vn -0.000 -0.000 1.000
vn 0.717 -0.682 0.143
vn 0.981 -0.000 0.196
vn -0.000 -0.000 1.000
vn -0.000 0.622 0.783
vn -0.425 0.888 0.178
vn -0.700 0.700 0.140
vn -0.455 0.873 0.175
vn -0.000 -0.000 1.000
vn -0.000 -0.000 1.000
vn 0.766 0.624 0.153
vn 0.700 0.700 0.140
vn -0.000 -0.000 1.000
vn -0.981 -0.000 0.196
vn -0.907 -0.380 0.181
vn -0.000 -0.000 1.000
vn 0.981 -0.000 0.196
vn 0.981 -0.000 0.196
vn -0.000 -0.000 1.000
vn -0.000 0.923 0.386
vn -0.700 0.700 0.140
vn -0.700 0.700 0.140
vn -0.000 0.869 0.494
vn -0.000 -0.000 1.000
vn 0.971 -0.000 0.239
vn 0.700 0.700 0.140
vn 0.681 -0.000 0.733
vn -0.981 -0.000 0.196
vn -0.981 -0.000 0.196
vn 0.981 -0.000 0.196
vn 0.981 -0.000 0.196
vn -0.000 -0.000 1.000
vn -0.537 0.827 0.165
vn -0.700 0.700 0.140
vn -0.392 0.893 0.223
vn -0.000 -0.000 1.000
vn -0.000 -0.000 1.000
vn 0.700 0.700 0.140
vn 0.965 0.179 0.193
vn -0.000 -0.000 1.000
vn -0.981 -0.000 0.196
vn -0.981 -0.000 0.196
vn 0.981 -0.000 0.196
vn 0.981 -0.000 0.196
vn -0.000 -0.000 1.000
vn -0.281 0.917 0.283
vn -0.700 0.700 0.140
vn -0.907 0.355 0.226
vn -0.000 -0.000 1.000
vn -0.000 -0.000 1.000
vn 0.922 0.340 0.184
vn 0.700 0.700 0.140
vn -0.000 -0.000 1.000
vn -0.981 -0.000 0.196
vn -0.981 -0.000 0.196
vn 0.981 -0.000 0.196
vn 0.981 -0.000 0.196
vn -0.000 -0.000 1.000
vn -0.925 0.267 0.270
vn -0.700 0.700 0.140
vn -0.843 -0.000 0.537
vn 0.879 -0.000 0.476
vn 0.700 0.700 0.140
vn 0.953 -0.000 0.302
vn -0.981 -0.000 0.196
vn -0.981 -0.000 0.196
vn 0.981 -0.000 0.196
vn 0.981 -0.000 0.196
vn -0.000 -0.000 1.000
vn -0.814 0.558 0.163
vn -0.700 0.700 0.140
vn -0.000 -0.000 1.000
vn -0.000 -0.000 1.000
vn 0.978 0.073 0.196
vn 0.834 0.526 0.167
vn -0.000 -0.000 1.000
vn -0.981 -0.000 0.196
vn -0.981 -0.000 0.196
vn 0.981 -0.000 0.196
vn 0.981 -0.000 0.196
vn -0.000 -0.000 1.000
vn -0.700 0.700 0.140
vn -0.700 0.700 0.140
vn -0.000 -0.000 1.000
vn 0.349 -0.000 0.937
vn 0.700 0.700 0.140
vn 0.977 -0.000 0.211
vn -0.000 -0.000 1.000
vn -0.812 -0.560 0.162
vn -0.981 -0.000 0.196
vn 0.981 -0.000 0.196
vn 0.981 -0.000 0.196
vn -0.000 -0.000 1.000
vn -0.700 0.700 0.140
vn -0.700 0.700 0.140
vn -0.000 -0.000 1.000
vn 0.981 -0.000 0.196
vn 0.726 0.672 0.145
vn -0.000 -0.000 1.000
vn -0.960 -0.000 0.279
vn -0.700 -0.700 0.140
vn -0.841 -0.000 0.542
vn 0.981 -0.000 0.196
vn 0.981 -0.000 0.196
vn -0.000 -0.000 1.000
vn -0.700 0.700 0.140
vn -0.700 0.700 0.140
vn -0.000 -0.000 1.000
vn 0.981 -0.000 0.196
vn 0.981 -0.000 0.196
vn -0.000 -0.000 1.000
vn -0.701 -0.699 0.140
vn -0.938 -0.291 0.188
vn -0.000 -0.000 1.000
vn 0.981 -0.000 0.196
vn 0.981 -0.000 0.196
vn -0.000 -0.000 1.000
vn -0.700 0.700 0.140
vn -0.700 0.700 0.140
vn -0.000 -0.000 1.000
vn 0.981 -0.000 0.196
vn 0.981 -0.000 0.196
vn -0.000 -0.000 1.000
vn -0.788 -0.596 0.158
vn -0.700 -0.700 0.140
vn -0.013 -0.000 1.000
vn -0.000 -0.000 1.000
vn 0.980 0.039 0.196
vn 0.981 -0.000 0.196
vn -0.000 -0.000 1.000
vn -0.700 0.700 0.140
vn -0.700 0.700 0.140
vn -0.000 0.957 0.292
vn -0.000 -0.000 1.000
vn -0.000 -0.000 1.000
vn 0.700 0.700 0.140
vn 0.981 -0.000 0.196
vn -0.000 -0.000 1.000
vn -0.595 -0.788 0.158
vn -0.700 -0.700 0.140
vn -0.776 -0.008 0.631
vn -0.000 -0.000 1.000
vn 0.194 -0.000 0.981
vn 0.700 0.700 0.140
vn 0.979 -0.000 0.204
vn -0.000 -0.000 1.000
vn -0.320 0.929 0.186
vn -0.700 0.700 0.140
vn -0.541 0.825 0.165
vn -0.000 -0.000 1.000
vn 0.981 -0.000 0.196
vn 0.700 0.700 0.140
vn -0.000 -0.000 1.000
vn -0.000 -0.000 1.000
vn -0.700 -0.700 0.140
vn -0.700 -0.700 0.140
vn -0.000 -0.776 0.631
vn -0.000 -0.000 1.000
vn -0.000 -0.000 1.000
vn 0.758 0.635 0.152
vn 0.714 0.686 0.143
vn -0.000 -0.000 1.000
vn -0.000 -0.000 1.000
vn -0.000 0.865 0.503
vn -0.700 0.700 0.140
vn -0.700 0.700 0.140
vn -0.000 -0.000 1.000
vn -0.000 -0.000 1.000
vn 0.940 0.285 0.188
vn 0.981 -0.000 0.196
vn -0.000 -0.000 1.000
vn -0.700 -0.700 0.140
vn -0.700 -0.700 0.140
vn -0.000 -0.000 1.000
vn 0.973 -0.000 0.232
vn 0.700 0.700 0.140
vn 0.629 -0.000 0.777
vn -0.000 -0.000 1.000
vn -0.700 0.700 0.140
vn -0.700 0.700 0.140
vn -0.000 -0.000 1.000
vn 0.835 -0.000 0.551
vn 0.700 0.700 0.140
vn 0.961 -0.000 0.276
vn -0.000 -0.000 1.000
vn -0.700 -0.700 0.140
vn -0.700 -0.700 0.140
vn -0.000 -0.000 1.000
vn -0.000 -0.000 1.000
vn 0.700 0.700 0.140
vn 0.968 0.157 0.194
vn -0.000 -0.000 1.000
vn -0.000 -0.000 1.000
vn -0.700 0.700 0.140
vn -0.700 0.700 0.140
vn -0.000 -0.000 1.000
vn 0.981 -0.000 0.196
vn 0.810 0.564 0.162
vn -0.000 -0.000 1.000
vn -0.000 -0.000 1.000
vn -0.767 -0.623 0.153
vn -0.700 -0.700 0.140
vn -0.000 -0.000 1.000
vn 0.981 -0.000 0.196
vn 0.700 0.700 0.140
vn -0.000 -0.000 1.000
vn -0.000 -0.000 1.000
vn -0.700 0.700 0.140
vn -0.700 0.700 0.140
vn -0.000 -0.000 1.000
vn -0.000 -0.000 1.000
vn 0.725 0.673 0.145
vn 0.981 -0.000 0.196
vn -0.971 -0.000 0.239
vn -0.700 -0.700 0.140
vn -0.685 -0.000 0.729
vn -0.000 -0.000 1.000
vn 0.978 0.069 0.196
vn 0.981 -0.000 0.196
vn -0.000 -0.000 1.000
vn -0.700 0.700 0.140
vn -0.700 0.700 0.140
vn -0.000 -0.000 1.000
vn 0.978 -0.000 0.211
vn 0.700 0.700 0.140
vn 0.341 -0.000 0.940
vn -0.000 -0.000 1.000
vn -0.700 -0.700 0.140
vn -0.964 -0.181 0.193
vn -0.000 -0.000 1.000
vn 0.330 -0.000 0.944
vn 0.700 0.700 0.140
vn 0.978 -0.000 0.210
vn -0.000 -0.000 1.000
vn -0.700 0.700 0.140
vn -0.914 0.361 0.183
vn -0.000 -0.000 1.000
vn -0.000 -0.000 1.000
vn 0.700 0.700 0.140
vn 0.978 0.071 0.196
vn -0.000 -0.000 1.000
vn -0.000 -0.000 1.000
vn -0.700 -0.700 0.140
vn -0.700 -0.700 0.140
vn -0.000 -0.000 1.000
vn 0.981 -0.000 0.196
vn 0.725 0.674 0.145
vn -0.000 -0.000 1.000
vn -0.949 -0.000 0.314
vn -0.700 0.700 0.140
vn -0.892 -0.000 0.452
vn -0.000 -0.000 1.000
vn 0.700 0.700 0.140
vn 0.700 0.700 0.140
vn -0.000 -0.000 1.000
vn -0.000 -0.000 1.000
vn -0.700 -0.700 0.140
vn -0.700 -0.700 0.140
vn -0.000 -0.000 1.000
vn 0.981 -0.000 0.196
vn 0.981 -0.000 0.196
vn -0.000 -0.000 1.000
vn -0.843 0.510 0.169
vn -0.870 0.462 0.174
vn -0.000 -0.000 1.000
vn -0.000 -0.000 1.000
vn -0.000 0.952 0.306
vn 0.700 0.700 0.140
vn 0.700 0.700 0.140
vn -0.000 -0.000 1.000
vn -0.000 -0.000 1.000
vn -0.700 -0.700 0.140
vn -0.700 -0.700 0.140
vn -0.000 -0.000 1.000
vn 0.981 -0.000 0.196
vn 0.981 -0.000 0.196
vn -0.920 -0.000 0.392
vn -0.700 0.700 0.140
vn -0.936 -0.000 0.353
vn -0.000 -0.000 1.000
vn 0.521 0.837 0.167
vn 0.700 0.700 0.140
vn 0.347 0.920 0.184
vn -0.000 -0.000 1.000
vn -0.000 -0.000 1.000
vn -0.000 -0.839 0.544
vn -0.700 -0.700 0.140
vn -0.700 -0.700 0.140
vn -0.000 -0.000 1.000
vn -0.000 -0.000 1.000
vn 0.796 0.585 0.159
vn 0.981 -0.000 0.196
vn -0.000 -0.000 1.000
vn -0.891 0.418 0.178
vn -0.981 -0.000 0.196
vn -0.000 -0.000 1.000
vn 0.700 0.700 0.140
vn 0.700 0.700 0.140
vn -0.000 0.884 0.468
vn -0.000 -0.000 1.000
vn -0.000 -0.000 1.000
vn -0.289 -0.939 0.188
vn -0.700 -0.700 0.140
vn -0.561 -0.812 0.162
vn -0.000 -0.000 1.000
vn 0.965 -0.000 0.263
vn 0.700 0.700 0.140
vn 0.799 -0.000 0.602
vn -0.981 -0.000 0.196
vn -0.700 0.700 0.140
vn -0.000 -0.000 1.000
vn -0.000 -0.000 1.000
vn -0.000 0.883 0.470
vn 0.700 0.700 0.140
vn 0.700 0.700 0.140
vn -0.000 -0.000 1.000
vn -0.000 -0.000 1.000
vn -0.000 -0.981 0.196
vn -0.700 -0.700 0.140
vn -0.700 -0.700 0.140
vn -0.000 -0.961 0.278
vn -0.000 -0.000 1.000
vn 0.981 -0.000 0.196
vn 0.949 0.252 0.190
vn -0.000 -0.000 1.000
vn -0.000 -0.000 1.000
vn -0.700 0.700 0.140
vn -0.953 0.235 0.191
vn -0.000 -0.000 1.000
vn -0.000 -0.000 1.000
vn 0.345 0.920 0.184
vn 0.700 0.700 0.140
vn 0.522 0.836 0.167
vn -0.000 -0.000 1.000
vn -0.000 -0.000 1.000
vn -0.000 -0.239 0.971
vn -0.000 -0.953 0.304
vn -0.000 -0.981 0.196
vn -0.000 -0.981 0.196
vn -0.000 -0.981 0.196
vn -0.000 -0.981 0.196
vn -0.000 -0.981 0.196
vn -0.000 -0.981 0.196
vn -0.700 -0.700 0.140
vn -0.700 -0.700 0.140
vn -0.000 -0.981 0.196
vn -0.000 -0.000 1.000
vn 0.981 -0.000 0.196
vn 0.981 -0.000 0.196
vn -0.966 -0.000 0.257
vn -0.700 0.700 0.140
vn -0.550 0.706 0.445
vn -0.000 -0.000 1.000
vn -0.000 -0.000 1.000
vn -0.000 0.865 0.501
vn 0.700 0.700 0.140
vn 0.700 0.700 0.140
vn -0.000 0.952 0.305
vn -0.000 -0.000 1.000
vn -0.000 -0.000 1.000
vn -0.000 -0.847 0.531
vn -0.000 -0.981 0.196
vn -0.000 -0.981 0.196
vn -0.000 -0.981 0.196
vn -0.000 -0.981 0.196
vn -0.048 -0.979 0.196
vn -0.524 -0.835 0.167
vn -0.682 -0.717 0.143
vn -0.344 -0.921 0.184
vn -0.000 -0.981 0.196
vn -0.000 -0.981 0.196
vn -0.000 -0.981 0.196
vn -0.000 -0.981 0.196
vn -0.000 -0.981 0.196
vn -0.000 -0.981 0.196
vn -0.000 -0.000 1.000
vn -0.000 -0.000 1.000
vn 0.735 0.662 0.147
vn 0.981 -0.000 0.196
vn -0.000 -0.000 1.000
vn -0.659 0.727 0.193
vn -0.700 0.700 0.140
vn -0.297 0.936 0.187
vn -0.000 -0.000 1.000
vn -0.000 -0.000 1.000
vn 0.321 0.929 0.186
vn 0.700 0.700 0.140
vn 0.540 0.825 0.165
vn -0.000 -0.000 1.000
vn -0.000 -0.000 1.000
vn -0.000 -0.981 0.196
vn -0.000 -0.981 0.196
vn -0.000 -0.981 0.196
vn -0.299 -0.936 0.187
vn -0.700 -0.700 0.140
vn -0.555 -0.816 0.163
vn -0.000 -0.981 0.196
vn -0.000 -0.981 0.196
vn -0.000 -0.981 0.196
vn -0.000 -0.981 0.196
vn -0.000 -0.979 0.206
vn -0.000 -0.881 0.472
vn -0.000 -0.000 1.000
vn 0.976 -0.000 0.217
vn 0.700 0.700 0.140
vn 0.443 -0.000 0.897
vn -0.000 -0.000 1.000
vn -0.000 0.960 0.281
vn -0.700 0.700 0.140
vn -0.700 0.700 0.140
vn -0.000 0.971 0.240
vn -0.000 -0.000 1.000
vn -0.000 -0.000 1.000
vn 0.700 0.700 0.140
vn 0.700 0.700 0.140
vn -0.000 0.956 0.292
vn -0.000 -0.000 1.000
vn -0.000 -0.000 1.000
vn -0.000 -0.981 0.196
vn -0.000 -0.981 0.196
vn -0.700 -0.700 0.140
vn -0.700 -0.700 0.140
vn -0.000 -0.981 0.196
vn -0.000 -0.981 0.196
vn -0.000 -0.981 0.196
vn -0.000 -0.959 0.282
vn -0.000 -0.000 1.000
vn -0.000 -0.000 1.000
vn 0.700 0.700 0.140
vn 0.976 0.096 0.195
vn -0.000 -0.000 1.000
vn -0.000 -0.000 1.000
vn -0.184 0.964 0.193
vn -0.700 0.700 0.140
vn -0.622 0.768 0.154
vn -0.000 0.978 0.209
vn -0.000 -0.000 1.000
vn -0.000 -0.000 1.000
vn 0.700 0.700 0.140
vn 0.700 0.700 0.140
vn -0.000 -0.000 1.000
vn -0.000 -0.000 1.000
vn -0.000 -0.908 0.420
vn -0.000 -0.981 0.196
vn -0.700 -0.700 0.140
vn -0.700 -0.700 0.140
vn -0.000 -0.981 0.196
vn -0.000 -0.981 0.196
vn -0.000 -0.000 1.000
vn -0.000 -0.000 1.000
vn 0.700 0.700 0.140
vn 0.700 0.700 0.140
vn -0.000 -0.000 1.000
vn -0.000 -0.000 1.000
vn -0.000 0.689 0.724
vn -0.062 0.979 0.196
vn -0.700 0.700 0.140
vn -0.676 0.722 0.144
vn -0.000 0.981 0.196
vn -0.000 0.915 0.403
vn -0.000 -0.000 1.000
vn -0.000 -0.000 1.000
vn -0.000 0.100 0.995
vn 0.700 0.700 0.140
vn 0.700 0.700 0.140
vn -0.000 -0.000 1.000
vn -0.000 -0.000 1.000
vn -0.000 -0.981 0.196
vn -0.390 -0.903 0.181
vn -0.700 -0.700 0.140
vn -0.487 -0.857 0.171
vn -0.000 -0.981 0.196
vn -0.000 -0.000 1.000
vn -0.000 -0.000 1.000
vn 0.700 0.700 0.140
vn 0.700 0.700 0.140
vn -0.000 -0.000 1.000
vn -0.000 -0.000 1.000
vn -0.000 0.303 0.953
vn -0.000 0.981 0.196
vn -0.472 0.864 0.173
vn -0.700 0.700 0.140
vn -0.407 0.896 0.179
vn -0.000 0.571 0.821
vn -0.000 -0.000 1.000
vn -0.000 -0.000 1.000
vn 0.044 0.898 0.438
vn 0.700 0.700 0.140
vn 0.693 0.707 0.141
vn -0.000 -0.000 1.000
vn -0.000 -0.000 1.000
vn -0.700 -0.700 0.140
vn -0.700 -0.700 0.140
vn -0.000 -0.981 0.196
vn -0.000 -0.943 0.332
vn -0.000 -0.000 1.000
vn -0.000 -0.000 1.000
vn 0.700 0.700 0.140
vn 0.700 0.700 0.140
vn -0.000 -0.000 1.000
vn -0.000 -0.000 1.000
vn -0.000 0.939 0.344
vn -0.645 0.749 0.150
vn -0.700 0.700 0.140
vn -0.135 0.972 0.194
vn -0.000 -0.000 1.000
vn -0.000 -0.000 1.000
vn 0.407 0.891 0.199
vn 0.700 0.700 0.140
vn 0.508 0.844 0.172
vn -0.000 -0.000 1.000
vn -0.000 -0.000 1.000
vn -0.700 -0.700 0.140
vn -0.700 -0.700 0.140
vn -0.000 -0.000 1.000
vn -0.000 -0.000 1.000
vn 0.700 0.700 0.140
vn 0.700 0.700 0.140
vn -0.000 -0.000 1.000
vn -0.000 -0.000 1.000
vn -0.000 0.974 0.226
vn -0.700 0.700 0.140
vn -0.700 0.700 0.140
vn -0.000 0.752 0.659
vn -0.000 -0.000 1.000
vn -0.000 -0.000 1.000
vn 0.660 0.736 0.147
vn 0.700 0.700 0.140
vn 0.163 0.934 0.317
vn -0.000 -0.000 1.000
vn -0.000 -0.000 1.000
vn -0.700 -0.700 0.140
vn -0.700 -0.700 0.140
vn -0.000 -0.000 1.000
vn -0.000 -0.000 1.000
vn -0.000 0.776 0.631
vn -0.000 0.981 0.196
vn 0.700 0.700 0.140
vn 0.700 0.700 0.140
vn -0.000 -0.000 1.000
vn -0.000 -0.000 1.000
vn -0.603 0.782 0.156
vn -0.700 0.700 0.140
vn -0.219 0.957 0.191
vn -0.000 -0.000 1.000
vn -0.000 -0.000 1.000
vn 0.700 0.700 0.140
vn 0.700 0.700 0.140
vn -0.000 0.458 0.889
vn -0.000 -0.000 1.000
vn -0.000 -0.000 1.000
vn -0.000 -0.861 0.509
vn -0.700 -0.700 0.140
vn -0.700 -0.700 0.140
vn -0.000 -0.000 1.000
vn -0.000 -0.000 1.000
vn -0.000 0.010 1.000
vn -0.000 0.981 0.196
vn 0.235 0.953 0.191
vn 0.700 0.700 0.140
vn 0.595 0.788 0.158
vn -0.000 0.981 0.196
vn -0.000 -0.000 1.000
vn -0.000 -0.000 1.000
vn -0.000 0.968 0.251
vn -0.700 0.700 0.140
vn -0.700 0.700 0.140
vn -0.000 0.940 0.340
vn -0.000 -0.000 1.000
vn -0.000 -0.000 1.000
vn 0.700 0.700 0.140
vn 0.700 0.700 0.140
vn -0.000 -0.000 1.000
vn -0.000 -0.000 1.000
vn -0.315 -0.931 0.186
vn -0.700 -0.700 0.140
vn -0.544 -0.823 0.165
vn -0.000 -0.000 1.000
vn -0.000 -0.000 1.000
vn 0.002 0.981 0.196
vn 0.700 0.700 0.140
vn 0.699 0.701 0.140
vn -0.000 0.981 0.196
vn -0.000 0.967 0.256
vn -0.000 -0.000 1.000
vn -0.000 -0.000 1.000
vn -0.401 0.898 0.180
vn -0.700 0.700 0.140
vn -0.477 0.862 0.172
vn -0.000 -0.000 1.000
vn -0.000 -0.000 1.000
vn 0.979 0.061 0.196
vn 0.700 0.700 0.140
vn -0.000 -0.000 1.000
vn -0.000 -0.000 1.000
vn -0.700 -0.700 0.140
vn -0.700 -0.700 0.140
vn -0.000 -0.957 0.289
vn -0.000 -0.000 1.000
vn -0.000 -0.000 1.000
vn 0.700 0.700 0.140
vn 0.700 0.700 0.140
vn -0.000 0.981 0.196
vn -0.000 -0.000 1.000
vn -0.000 -0.000 1.000
vn -0.000 0.913 0.409
vn -0.700 0.700 0.140
vn -0.700 0.700 0.140
vn -0.000 -0.000 1.000
vn 0.296 -0.000 0.955
vn 0.700 0.700 0.140
vn 0.978 -0.000 0.209
vn -0.000 -0.000 1.000
vn -0.700 -0.700 0.140
vn -0.700 -0.700 0.140
vn -0.000 -0.000 1.000
vn -0.000 -0.000 1.000
vn 0.700 0.700 0.140
vn 0.700 0.700 0.140
vn -0.000 -0.000 1.000
vn -0.000 -0.000 1.000
vn -0.700 0.700 0.140
vn -0.700 0.700 0.140
vn -0.000 -0.000 1.000
vn -0.000 -0.000 1.000
vn 0.794 0.587 0.159
vn 0.722 0.677 0.144
vn -0.000 -0.000 1.000
vn -0.000 -0.000 1.000
vn -0.700 -0.700 0.140
vn -0.700 -0.700 0.140
vn -0.000 -0.000 1.000
vn -0.000 -0.000 1.000
vn 0.700 0.700 0.140
vn 0.700 0.700 0.140
vn -0.000 -0.000 1.000
vn -0.000 -0.000 1.000
vn -0.700 0.700 0.140
vn -0.700 0.700 0.140
vn -0.000 -0.000 1.000
vn 0.965 -0.000 0.261
vn 0.700 0.700 0.140
vn 0.793 -0.000 0.610
vn -0.000 -0.000 1.000
vn -0.700 -0.700 0.140
vn -0.700 -0.700 0.140
vn -0.000 -0.000 1.000
vn -0.000 -0.000 1.000
vn -0.000 0.707 0.707
vn 0.700 0.700 0.140
vn 0.700 0.700 0.140
vn -0.000 -0.000 1.000
vn -0.000 -0.000 1.000
vn -0.700 0.700 0.140
vn -0.700 0.700 0.140
vn -0.000 0.972 0.237
vn -0.000 -0.000 1.000
vn -0.000 -0.000 1.000
vn 0.700 0.700 0.140
vn 0.950 0.247 0.190
vn -0.000 -0.000 1.000
vn -0.000 -0.000 1.000
vn -0.700 -0.700 0.140
vn -0.700 -0.700 0.140
vn -0.000 -0.000 1.000
vn -0.000 -0.000 1.000
vn 0.404 0.821 0.404
vn 0.700 0.700 0.140
vn 0.617 0.771 0.154
vn -0.000 -0.000 1.000
vn -0.000 -0.000 1.000
vn -0.172 0.966 0.193
vn -0.700 0.700 0.140
vn -0.627 0.764 0.153
vn -0.000 -0.000 1.000
vn -0.000 -0.000 1.000
vn 0.979 0.063 0.196
vn 0.700 0.700 0.140
vn -0.000 -0.000 1.000
vn -0.000 -0.000 1.000
vn -0.700 -0.700 0.140
vn -0.700 -0.700 0.140
vn -0.000 -0.000 1.000
vn -0.000 -0.000 1.000
vn 0.698 0.629 0.344
vn 0.700 0.700 0.140
vn 0.584 0.787 0.197
vn -0.000 -0.000 1.000
vn -0.000 -0.000 1.000
vn -0.000 0.666 0.746
vn -0.700 0.700 0.140
vn -0.700 0.700 0.140
vn -0.000 -0.000 1.000
vn 0.306 -0.000 0.952
vn 0.700 0.700 0.140
vn 0.978 -0.000 0.209
vn -0.000 -0.000 1.000
vn -0.700 -0.700 0.140
vn -0.700 -0.700 0.140
vn -0.000 -0.000 1.000
vn -0.000 -0.000 1.000
vn 0.554 0.776 0.303
vn 0.700 0.700 0.140
vn 0.711 0.666 0.224
vn -0.000 -0.000 1.000
vn -0.000 -0.000 1.000
vn -0.000 -0.957 0.291
vn -0.000 -0.981 0.196
vn -0.000 -0.981 0.196
vn -0.000 -0.981 0.196
vn -0.000 -0.981 0.196
vn -0.000 -0.981 0.196
vn -0.000 -0.981 0.196
vn -0.000 -0.981 0.196
vn -0.000 -0.981 0.196
vn -0.000 -0.981 0.196
vn -0.000 -0.981 0.196
vn -0.000 -0.981 0.196
vn -0.000 -0.586 0.810
vn -0.000 -0.000 1.000
vn -0.000 -0.000 1.000
vn -0.700 0.700 0.140
vn -0.700 0.700 0.140
vn -0.000 -0.000 1.000
vn -0.000 -0.000 1.000
vn 0.700 0.700 0.140
vn 0.723 0.676 0.145
vn -0.000 -0.000 1.000
vn -0.000 -0.000 1.000
vn -0.700 -0.700 0.140
vn -0.700 -0.700 0.140
vn -0.000 -0.000 1.000
vn -0.000 -0.000 1.000
vn 0.538 0.816 0.210
vn 0.700 0.700 0.140
vn 0.591 0.769 0.243
vn -0.000 -0.000 1.000
vn -0.000 -0.000 1.000
vn -0.000 -0.981 0.196
vn -0.541 -0.824 0.165
vn -0.700 -0.700 0.140
vn -0.319 -0.929 0.186
vn -0.000 -0.981 0.196
vn -0.000 -0.981 0.196
vn -0.000 -0.981 0.196
vn -0.000 -0.981 0.196
vn -0.000 -0.981 0.196
vn -0.000 -0.981 0.196
vn -0.000 -0.981 0.196
vn -0.000 -0.981 0.196
vn -0.000 -0.981 0.196
vn 0.643 -0.751 0.150
vn 0.700 -0.700 0.140
vn 0.141 -0.971 0.194
vn -0.000 -0.981 0.196
vn -0.000 -0.640 0.768
vn -0.000 -0.000 1.000
vn -0.000 -0.000 1.000
vn -0.700 0.700 0.140
vn -0.700 0.700 0.140
vn -0.000 -0.000 1.000
vn -0.000 -0.000 1.000
vn 0.753 0.640 0.151
vn 0.700 0.700 0.140
vn -0.000 -0.000 1.000
vn -0.000 -0.000 1.000
vn -0.000 -0.142 0.990
vn -0.700 -0.700 0.140
vn -0.700 -0.700 0.140
vn -0.000 -0.000 1.000
vn -0.000 -0.000 1.000
vn 0.672 0.720 0.173
vn 0.700 0.700 0.140
vn 0.389 0.852 0.350
vn -0.000 -0.000 1.000
vn -0.000 -0.000 1.000
vn -0.000 -0.981 0.196
vn -0.700 -0.700 0.140
vn -0.700 -0.700 0.140
vn -0.000 -0.981 0.196
vn -0.000 -0.864 0.503
vn -0.000 -0.000 1.000
vn -0.000 -0.000 1.000
vn -0.000 -0.974 0.228
vn -0.000 -0.981 0.196
vn 0.633 -0.759 0.152
vn 0.700 -0.700 0.140
vn 0.161 -0.968 0.194
vn -0.000 -0.960 0.279
vn -0.000 -0.000 1.000
vn -0.000 -0.000 1.000
vn -0.700 0.700 0.140
vn -0.700 0.700 0.140
vn -0.000 -0.000 1.000
vn -0.000 -0.000 1.000
vn 0.749 0.639 0.176
vn 0.700 0.700 0.140
vn 0.599 -0.000 0.801
vn -0.000 -0.000 1.000
vn -0.042 -0.954 0.296
vn -0.700 -0.700 0.140
vn -0.690 -0.710 0.142
vn -0.000 -0.000 1.000
vn -0.000 -0.000 1.000
vn 0.729 0.662 0.175
vn 0.700 0.700 0.140
vn 0.490 0.649 0.583
vn -0.000 -0.000 1.000
vn -0.000 -0.000 1.000
vn -0.700 -0.700 0.140
vn -0.700 -0.700 0.140
vn -0.000 -0.981 0.196
vn -0.000 -0.000 1.000
vn -0.000 -0.000 1.000
vn -0.000 -0.972 0.233
vn 0.292 -0.938 0.188
vn 0.700 -0.700 0.140
vn 0.560 -0.813 0.163
vn -0.000 -0.956 0.295
vn -0.000 -0.000 1.000
vn -0.000 -0.000 1.000
vn -0.000 -0.836 0.549
vn -0.000 -0.981 0.196
vn -0.000 -0.981 0.196
vn -0.000 -0.981 0.196
vn -0.000 -0.981 0.196
vn -0.000 -0.981 0.196
vn -0.000 -0.981 0.196
vn -0.000 -0.981 0.196
vn -0.000 -0.000 1.000
vn -0.000 -0.000 1.000
vn -0.700 0.700 0.140
vn -0.700 0.700 0.140
vn -0.000 -0.000 1.000
vn -0.000 -0.000 1.000
vn 0.580 0.799 0.160
vn 0.700 0.700 0.140
vn 0.740 0.403 0.539
vn -0.000 -0.000 1.000
vn -0.000 -0.000 1.000
vn -0.535 -0.829 0.166
vn -0.700 -0.700 0.140
vn -0.337 -0.922 0.190
vn -0.000 -0.000 1.000
vn -0.000 -0.000 1.000
vn 0.789 0.577 0.209
vn 0.700 0.700 0.140
vn 0.683 0.470 0.559
vn -0.000 -0.000 1.000
vn -0.000 -0.000 1.000
vn -0.000 -0.981 0.196
vn -0.700 -0.700 0.140
vn -0.700 -0.700 0.140
vn -0.000 -0.000 1.000
vn -0.000 -0.000 1.000
vn -0.000 -0.842 0.540
vn 0.326 -0.927 0.185
vn 0.700 -0.700 0.140
vn 0.537 -0.827 0.165
vn -0.000 -0.967 0.253
vn -0.000 -0.000 1.000
vn -0.000 -0.000 1.000
vn -0.000 -0.861 0.509
vn -0.000 -0.981 0.196
vn -0.000 -0.981 0.196
vn -0.000 -0.981 0.196
vn -0.000 -0.981 0.196
vn -0.000 -0.981 0.196
vn -0.000 -0.981 0.196
vn -0.000 -0.981 0.196
vn -0.000 -0.981 0.196
vn -0.286 -0.940 0.188
vn -0.700 -0.700 0.140
vn -0.563 -0.810 0.162
vn -0.000 -0.981 0.196
vn -0.000 -0.981 0.196
vn -0.000 -0.981 0.196
vn -0.000 -0.981 0.196
vn -0.000 -0.981 0.196
vn 0.700 -0.700 0.140
vn 0.700 -0.700 0.140
vn -0.000 -0.981 0.196
vn -0.000 -0.000 1.000
vn -0.000 -0.000 1.000
vn -0.700 0.700 0.140
vn -0.700 0.700 0.140
vn -0.000 -0.000 1.000
vn -0.000 -0.000 1.000
vn -0.000 0.660 0.752
vn -0.000 0.981 0.196
vn 0.700 0.700 0.140
vn 0.700 0.700 0.140
vn -0.000 0.808 0.589
vn -0.000 -0.000 1.000
vn -0.000 -0.000 1.000
vn -0.747 -0.648 0.149
vn -0.700 -0.700 0.140
vn -0.000 -0.871 0.491
vn -0.000 -0.000 1.000
vn -0.000 -0.000 1.000
vn 0.857 0.411 0.310
vn 0.700 0.700 0.140
vn 0.817 0.447 0.365
vn -0.000 -0.000 1.000
vn -0.000 -0.000 1.000
vn -0.000 -0.981 0.196
vn -0.700 -0.700 0.140
vn -0.700 -0.700 0.140
vn -0.000 -0.981 0.196
vn -0.000 -0.000 1.000
vn -0.000 -0.000 1.000
vn -0.000 -0.869 0.495
vn 0.225 -0.955 0.191
vn 0.700 -0.700 0.140
vn 0.600 -0.785 0.157
vn -0.000 -0.981 0.196
vn -0.000 -0.746 0.666
vn -0.000 -0.000 1.000
vn -0.000 -0.000 1.000
vn -0.000 -0.981 0.196
vn -0.315 -0.931 0.186
vn -0.700 -0.700 0.140
vn -0.544 -0.823 0.165
vn -0.000 -0.981 0.196
vn -0.000 -0.981 0.196
vn -0.000 -0.981 0.196
vn -0.000 -0.981 0.196
vn -0.000 -0.981 0.196
vn -0.000 -0.981 0.196
vn -0.000 -0.981 0.196
vn -0.000 -0.981 0.196
vn -0.000 -0.961 0.276
vn -0.000 -0.000 1.000
vn -0.000 -0.000 1.000
vn -0.000 -0.981 0.196
vn 0.700 -0.700 0.140
vn 0.700 -0.700 0.140
vn -0.000 -0.000 1.000
vn -0.000 -0.000 1.000
vn -0.700 0.700 0.140
vn -0.700 0.700 0.140
vn -0.000 -0.000 1.000
vn -0.000 -0.000 1.000
vn 0.170 0.966 0.193
vn 0.700 0.700 0.140
vn 0.629 0.763 0.153
vn -0.000 0.981 0.196
vn -0.000 -0.000 1.000
vn -0.000 -0.000 1.000
vn -0.906 -0.367 0.209
vn -0.700 -0.700 0.140
vn -0.554 -0.000 0.833
vn 0.798 -0.000 0.602
vn 0.700 0.700 0.140
vn 0.832 0.506 0.226
vn -0.000 -0.000 1.000
vn -0.000 -0.000 1.000
vn -0.000 -0.981 0.196
vn -0.700 -0.700 0.140
vn -0.700 -0.700 0.140
vn -0.000 -0.981 0.196
vn -0.000 -0.000 1.000
vn -0.000 -0.000 1.000
vn -0.000 -0.763 0.647
vn -0.000 -0.981 0.196
vn 0.605 -0.780 0.156
vn 0.700 -0.700 0.140
vn 0.215 -0.958 0.192
vn -0.000 -0.000 1.000
vn -0.000 -0.000 1.000
vn -0.000 -0.855 0.519
vn -0.000 -0.981 0.196
vn -0.700 -0.700 0.140
vn -0.700 -0.700 0.140
vn -0.000 -0.981 0.196
vn -0.000 -0.957 0.289
vn -0.000 -0.000 1.000
vn -0.000 -0.000 1.000
vn 0.700 -0.700 0.140
vn 0.700 -0.700 0.140
vn -0.000 -0.000 1.000
vn -0.000 -0.000 1.000
vn -0.700 0.700 0.140
vn -0.700 0.700 0.140
vn -0.000 0.721 0.693
vn -0.000 -0.000 1.000
vn -0.000 -0.000 1.000
vn -0.000 0.951 0.310
vn 0.700 0.700 0.140
vn 0.700 0.700 0.140
vn -0.000 0.972 0.236
vn -0.000 -0.000 1.000
vn -0.869 -0.000 0.495
vn -0.700 -0.700 0.140
vn -0.938 -0.192 0.289
vn -0.000 -0.000 1.000
vn -0.000 -0.000 1.000
vn 0.700 0.700 0.140
vn 0.796 0.585 0.159
vn -0.000 -0.000 1.000
vn -0.000 -0.000 1.000
vn -0.000 -0.928 0.372
vn -0.000 -0.981 0.196
vn -0.700 -0.700 0.140
vn -0.700 -0.700 0.140
vn -0.000 -0.981 0.196
vn -0.000 -0.000 1.000
vn -0.000 -0.000 1.000
vn -0.000 -0.968 0.250
vn 0.700 -0.700 0.140
vn 0.700 -0.700 0.140
vn -0.000 -0.981 0.196
vn -0.000 -0.000 1.000
vn -0.000 -0.000 1.000
vn -0.000 -0.965 0.263
vn -0.000 -0.981 0.196
vn -0.307 -0.933 0.187
vn -0.700 -0.700 0.140
vn -0.550 -0.819 0.164
vn -0.000 -0.981 0.196
vn -0.000 -0.000 1.000
vn -0.000 -0.000 1.000
vn 0.700 -0.700 0.140
vn 0.700 -0.700 0.140
vn -0.000 -0.000 1.000
vn -0.000 -0.000 1.000
vn -0.613 0.774 0.155
vn -0.700 0.700 0.140
vn -0.200 0.961 0.192
vn -0.000 -0.000 1.000
vn -0.000 -0.000 1.000
vn -0.000 0.883 0.470
vn 0.515 0.840 0.168
vn 0.700 0.700 0.140
vn 0.354 0.917 0.183
vn -0.000 -0.000 1.000
vn -0.000 -0.000 1.000
vn -0.700 -0.700 0.140
vn -0.827 -0.537 0.165
vn -0.000 -0.000 1.000
vn -0.000 -0.000 1.000
vn 0.746 0.649 0.149
vn 0.700 0.700 0.140
vn -0.000 -0.000 1.000
vn -0.000 -0.000 1.000
vn -0.000 -0.981 0.196
vn -0.440 -0.881 0.176
vn -0.700 -0.700 0.140
vn -0.440 -0.880 0.176
vn -0.000 -0.981 0.196
vn -0.000 -0.000 1.000
vn -0.000 -0.000 1.000
vn -0.000 -0.981 0.196
vn 0.700 -0.700 0.140
vn 0.700 -0.700 0.140
vn -0.000 -0.981 0.196
vn -0.000 -0.981 0.196
vn -0.000 -0.948 0.319
vn -0.000 -0.981 0.196
vn -0.000 -0.981 0.196
vn -0.000 -0.981 0.196
vn -0.583 -0.796 0.159
vn -0.700 -0.700 0.140
vn -0.254 -0.949 0.190
vn -0.000 -0.981 0.196
vn -0.000 -0.958 0.286
vn -0.000 -0.000 1.000
vn -0.000 -0.000 1.000
vn 0.700 -0.700 0.140
vn 0.701 -0.699 0.140
vn -0.000 -0.000 1.000
vn -0.000 -0.000 1.000
vn -0.000 0.970 0.245
vn -0.700 0.700 0.140
vn -0.700 0.700 0.140
vn -0.000 -0.000 1.000
vn -0.000 -0.000 1.000
vn -0.000 0.981 0.196
vn 0.346 0.920 0.184
vn 0.700 0.700 0.140
vn 0.522 0.836 0.167
vn -0.000 0.888 0.459
vn -0.000 -0.000 1.000
vn -0.000 -0.000 1.000
vn -0.700 -0.700 0.140
vn -0.700 -0.700 0.140
vn -0.000 -0.000 1.000
vn -0.000 -0.000 1.000
vn 0.801 0.569 0.184
vn 0.700 0.700 0.140
vn 0.545 -0.000 0.838
vn -0.000 -0.000 1.000
vn -0.700 -0.700 0.140
vn -0.700 -0.700 0.140
vn -0.000 -0.981 0.196
vn -0.000 -0.929 0.371
vn -0.000 -0.000 1.000
vn -0.000 -0.000 1.000
vn -0.000 -0.981 0.196
vn -0.000 -0.981 0.196
vn 0.369 -0.911 0.182
vn -0.000 -0.981 0.196
vn -0.369 -0.911 0.182
vn -0.000 -0.981 0.196
vn -0.000 -0.981 0.196
vn -0.000 -0.981 0.196
vn -0.000 -0.801 0.599
vn -0.000 -0.000 1.000
vn 0.017 -0.000 1.000
vn 0.700 -0.700 0.140
vn 0.878 -0.446 0.176
vn -0.000 -0.000 1.000
vn -0.000 -0.000 1.000
vn -0.700 0.700 0.140
vn -0.700 0.700 0.140
vn -0.000 -0.000 1.000
vn -0.000 -0.000 1.000
vn -0.000 0.923 0.385
vn -0.000 0.981 0.196
vn -0.000 0.981 0.196
vn 0.700 0.700 0.140
vn 0.700 0.700 0.140
vn -0.000 0.981 0.196
vn -0.000 0.952 0.305
vn -0.000 -0.000 1.000
vn -0.000 -0.000 1.000
vn -0.827 -0.537 0.165
vn -0.700 -0.700 0.140
vn -0.000 -0.000 1.000
vn -0.000 -0.000 1.000
vn 0.685 0.694 0.222
vn 0.700 0.700 0.140
vn 0.848 0.289 0.444
vn -0.000 -0.000 1.000
vn -0.000 -0.000 1.000
vn -0.700 -0.700 0.140
vn -0.700 -0.700 0.140
vn -0.000 -0.000 1.000
vn -0.000 -0.000 1.000
vn -0.000 -0.897 0.443
vn -0.000 -0.000 1.000
vn -0.000 -0.000 1.000
vn 0.927 -0.006 0.375
vn 0.700 -0.700 0.140
vn 0.726 -0.625 0.287
vn -0.000 -0.000 1.000
vn -0.000 -0.000 1.000
vn -0.700 0.700 0.140
vn -0.700 0.700 0.140
vn -0.000 -0.000 1.000
vn -0.000 -0.000 1.000
vn -0.000 0.307 0.952
vn -0.000 0.967 0.254
vn -0.000 0.981 0.196
vn -0.000 0.981 0.196
vn -0.000 0.981 0.196
vn -0.000 0.981 0.196
vn -0.000 0.981 0.196
vn -0.000 0.981 0.196
vn -0.000 0.981 0.196
vn -0.000 0.981 0.196
vn -0.000 0.981 0.196
vn -0.000 0.981 0.196
vn -0.000 0.981 0.196
vn -0.000 0.981 0.196
vn -0.000 0.981 0.196
vn -0.000 0.981 0.196
vn -0.000 0.981 0.196
vn -0.000 0.981 0.196
vn -0.000 0.981 0.196
vn -0.000 0.981 0.196
vn -0.000 0.981 0.196
vn 0.425 0.888 0.178
vn 0.700 0.700 0.140
vn 0.455 0.873 0.175
vn -0.000 0.981 0.196
vn -0.000 0.981 0.196
vn -0.000 -0.000 1.000
vn -0.000 -0.000 1.000
vn -0.759 -0.608 0.234
vn -0.700 -0.700 0.140
vn -0.869 -0.000 0.496
vn -0.000 -0.000 1.000
vn 0.798 0.546 0.255
vn 0.700 0.700 0.140
vn 0.655 0.670 0.351
vn -0.000 -0.000 1.000
vn -0.000 -0.000 1.000
vn -0.700 -0.700 0.140
vn -0.700 -0.700 0.140
vn -0.000 -0.000 1.000
vn -0.000 -0.000 1.000
vn 0.727 -0.637 0.258
vn 0.700 -0.700 0.140
vn 0.713 -0.620 0.327
vn -0.000 -0.000 1.000
vn -0.000 -0.000 1.000
vn -0.700 0.700 0.140
vn -0.700 0.700 0.140
vn -0.000 0.981 0.196
vn -0.000 -0.000 1.000
vn -0.000 -0.000 1.000
vn -0.000 0.945 0.326
vn -0.000 0.981 0.196
vn -0.000 0.981 0.196
vn -0.000 0.981 0.196
vn 0.063 0.979 0.196
vn 0.598 0.786 0.157
vn 0.676 0.723 0.145
vn 0.228 0.955 0.191
vn -0.000 0.981 0.196
vn -0.000 0.981 0.196
vn -0.000 0.981 0.196
vn -0.000 0.981 0.196
vn -0.000 0.981 0.196
vn -0.000 0.981 0.196
vn -0.000 0.981 0.196
vn -0.000 0.981 0.196
vn -0.000 0.981 0.196
vn -0.000 0.981 0.196
vn -0.000 0.981 0.196
vn -0.000 0.981 0.196
vn -0.000 0.981 0.196
vn -0.000 0.981 0.196
vn -0.000 0.981 0.196
vn -0.000 0.981 0.196
vn -0.000 0.981 0.196
vn -0.000 0.981 0.196
vn -0.000 0.981 0.196
vn -0.000 0.934 0.358
vn -0.000 -0.000 1.000
vn -0.000 -0.000 1.000
vn -0.495 -0.848 0.190
vn -0.700 -0.700 0.140
vn -0.765 -0.559 0.319
vn -0.000 -0.000 1.000
vn -0.000 -0.000 1.000
vn 0.587 0.762 0.274
vn 0.700 0.700 0.140
vn 0.803 0.525 0.281
vn -0.000 -0.000 1.000
vn -0.000 -0.000 1.000
vn -0.700 -0.700 0.140
vn -0.700 -0.700 0.140
vn -0.000 -0.000 1.000
vn -0.000 -0.000 1.000
vn 0.720 -0.654 0.232
vn 0.700 -0.700 0.140
vn 0.877 -0.131 0.462
vn -0.000 -0.000 1.000
vn -0.000 -0.000 1.000
vn -0.000 0.981 0.196
vn -0.700 0.700 0.140
vn -0.700 0.700 0.140
vn -0.000 0.981 0.196
vn -0.000 0.950 0.312
vn -0.000 -0.000 1.000
vn -0.000 -0.000 1.000
vn -0.000 0.976 0.217
vn -0.000 0.981 0.196
vn -0.000 0.981 0.196
vn 0.494 0.852 0.170
vn 0.700 0.700 0.140
vn 0.381 0.907 0.181
vn -0.000 0.981 0.196
vn -0.000 0.981 0.196
vn -0.000 0.981 0.196
vn -0.000 0.978 0.209
vn -0.000 0.767 0.641
vn -0.000 -0.000 1.000
vn -0.000 -0.000 1.000
vn -0.895 -0.399 0.201
vn -0.700 -0.700 0.140
vn -0.205 -0.903 0.377
vn -0.000 -0.000 1.000
vn -0.000 -0.000 1.000
vn 0.479 0.861 0.172
vn 0.700 0.700 0.140
vn 0.591 0.761 0.267
vn -0.000 -0.000 1.000
vn -0.000 -0.000 1.000
vn -0.000 -0.707 0.707
vn -0.700 -0.700 0.140
vn -0.700 -0.700 0.140
vn -0.000 -0.000 1.000
vn -0.000 -0.000 1.000
vn 0.823 -0.541 0.174
vn 0.700 -0.700 0.140
vn 0.272 -0.000 0.962
vn -0.000 -0.000 1.000
vn -0.000 0.981 0.196
vn -0.357 0.916 0.183
vn -0.700 0.700 0.140
vn -0.513 0.842 0.168
vn -0.000 0.981 0.196
vn -0.000 -0.000 1.000
vn -0.000 -0.000 1.000
vn -0.000 0.730 0.683
vn -0.000 0.981 0.196
vn -0.000 0.981 0.196
vn -0.000 0.981 0.196
vn 0.662 0.735 0.147
vn 0.700 0.700 0.140
vn 0.097 0.976 0.195
vn -0.000 0.981 0.196
vn -0.000 0.981 0.196
vn -0.000 0.903 0.430
vn -0.000 -0.000 1.000
vn -0.000 -0.000 1.000
vn -0.660 -0.673 0.333
vn -0.700 -0.700 0.140
vn -0.936 -0.169 0.310
vn -0.000 -0.000 1.000
vn -0.000 -0.000 1.000
vn 0.700 0.700 0.140
vn 0.700 0.700 0.140
vn -0.000 0.912 0.411
vn -0.000 -0.000 1.000
vn -0.000 -0.000 1.000
vn -0.356 -0.864 0.356
vn -0.700 -0.700 0.140
vn -0.617 -0.772 0.154
vn -0.000 -0.000 1.000
vn -0.000 -0.000 1.000
vn 0.720 -0.679 0.144
vn 0.824 -0.542 0.165
vn -0.000 -0.000 1.000
vn -0.000 -0.000 1.000
vn -0.000 0.890 0.456
vn -0.000 0.981 0.196
vn -0.700 0.700 0.140
vn -0.700 0.700 0.140
vn -0.000 0.981 0.196
vn -0.000 0.981 0.196
vn -0.000 0.981 0.196
vn -0.000 0.981 0.196
vn -0.000 0.833 0.554
vn -0.000 -0.000 1.000
vn -0.000 -0.000 1.000
vn -0.000 0.977 0.211
vn 0.205 0.960 0.192
vn 0.700 0.700 0.140
vn 0.611 0.777 0.155
vn -0.000 0.981 0.196
vn -0.000 0.981 0.196
vn -0.000 0.981 0.196
vn -0.000 0.447 0.895
vn -0.000 -0.000 1.000
vn -0.000 -0.000 1.000
vn -0.369 -0.911 0.182
vn -0.700 -0.700 0.140
vn -0.684 -0.693 0.230
vn -0.000 -0.000 1.000
vn -0.000 -0.000 1.000
vn 0.700 0.700 0.140
vn 0.700 0.700 0.140
vn -0.000 -0.000 1.000
vn -0.000 -0.000 1.000
vn -0.609 -0.753 0.251
vn -0.700 -0.700 0.140
vn -0.529 -0.823 0.206
vn -0.000 -0.000 1.000
vn 0.863 -0.000 0.505
vn 0.700 -0.700 0.140
vn 0.957 -0.000 0.291
vn -0.000 -0.000 1.000
vn -0.000 0.981 0.196
vn -0.000 0.981 0.196
vn -0.000 0.981 0.196
vn -0.000 0.981 0.196
vn -0.566 0.809 0.162
vn -0.700 0.700 0.140
vn -0.283 0.941 0.188
vn -0.000 0.981 0.196
vn -0.000 0.981 0.196
vn 0.672 0.726 0.145
vn 0.700 0.700 0.140
vn 0.073 0.978 0.196
vn -0.000 0.969 0.247
vn -0.000 -0.000 1.000
vn -0.000 -0.000 1.000
vn -0.731 -0.666 0.146
vn -0.700 -0.700 0.140
vn -0.000 -0.948 0.319
vn -0.000 -0.000 1.000
vn -0.000 -0.000 1.000
vn 0.700 0.700 0.140
vn 0.700 0.700 0.140
vn -0.000 -0.000 1.000
vn -0.000 -0.000 1.000
vn -0.880 -0.374 0.293
vn -0.700 -0.700 0.140
vn -0.586 -0.755 0.294
vn -0.000 -0.000 1.000
vn -0.000 -0.000 1.000
vn 0.930 -0.318 0.186
vn 0.981 -0.000 0.196
vn -0.000 -0.000 1.000
vn -0.000 0.961 0.275
vn -0.000 0.981 0.196
vn -0.000 0.981 0.196
vn -0.000 0.981 0.196
vn -0.000 0.981 0.196
vn -0.000 0.348 0.937
vn -0.000 -0.000 1.000
vn -0.977 -0.000 0.215
vn -0.700 -0.700 0.140
vn -0.408 -0.000 0.913
vn -0.000 -0.000 1.000
vn -0.000 0.952 0.306
vn 0.700 0.700 0.140
vn 0.700 0.700 0.140
vn -0.000 -0.000 1.000
vn -0.787 -0.000 0.617
vn -0.700 -0.700 0.140
vn -0.858 -0.460 0.230
vn -0.000 -0.000 1.000
vn 0.981 -0.000 0.196
vn 0.972 -0.129 0.194
vn -0.000 -0.000 1.000
vn -0.981 -0.000 0.196
vn -0.977 -0.087 0.195
vn -0.000 -0.000 1.000
vn -0.000 -0.000 1.000
vn 0.731 0.640 0.235
vn 0.700 0.700 0.140
vn 0.347 0.920 0.184
vn -0.000 -0.000 1.000
vn -0.000 -0.000 1.000
vn -0.000 -0.680 0.733
vn -0.700 -0.700 0.140
vn -0.792 -0.590 0.158
vn -0.000 -0.000 1.000
vn 0.974 -0.000 0.225
vn 0.981 -0.000 0.196
vn 0.552 -0.000 0.834
vn -0.000 -0.000 1.000
vn -0.809 -0.565 0.162
vn -0.981 -0.000 0.196
vn 0.939 -0.000 0.345
vn 0.700 0.700 0.140
vn 0.729 0.605 0.320
vn -0.000 -0.000 1.000
vn -0.000 -0.000 1.000
vn -0.192 -0.959 0.207
vn -0.700 -0.700 0.140
vn -0.624 -0.766 0.153
vn -0.000 -0.000 1.000
vn 0.981 -0.000 0.196
vn 0.972 0.129 0.194
vn -0.000 -0.000 1.000
vn -0.961 -0.000 0.275
vn -0.714 -0.685 0.143
vn -0.833 -0.000 0.554
vn -0.000 -0.000 1.000
vn 0.700 0.700 0.140
vn 0.895 0.408 0.179
vn -0.000 -0.000 1.000
vn -0.000 -0.000 1.000
vn -0.673 -0.726 0.145
vn -0.700 -0.700 0.140
vn -0.086 -0.968 0.238
vn -0.000 -0.000 1.000
vn 0.981 -0.000 0.196
vn 0.981 -0.000 0.196
vn -0.979 -0.000 0.204
vn -0.941 -0.283 0.188
vn -0.199 -0.000 0.980
vn -0.000 -0.000 1.000
vn 0.919 0.350 0.184
vn 0.700 0.700 0.140
vn -0.000 -0.000 1.000
vn -0.000 -0.000 1.000
vn -0.700 -0.700 0.140
vn -0.700 -0.700 0.140
vn -0.000 -0.342 0.940
vn -0.000 -0.000 1.000
vn 0.981 -0.000 0.196
vn 0.981 -0.000 0.196
vn -0.981 -0.000 0.196
vn -0.980 -0.040 0.196
vn -0.000 -0.000 1.000
vn 0.885 -0.000 0.465
vn 0.700 0.700 0.140
vn 0.952 -0.000 0.307
vn -0.000 -0.000 1.000
vn -0.000 -0.604 0.797
vn -0.700 -0.700 0.140
vn -0.700 -0.700 0.140
vn -0.000 -0.000 1.000
vn 0.981 -0.000 0.196
vn 0.981 -0.000 0.196
vn -0.981 -0.000 0.196
vn -0.979 0.057 0.196
vn -0.000 -0.000 1.000
vn -0.000 -0.000 1.000
vn 0.700 0.700 0.140
vn 0.838 0.519 0.168
vn -0.000 -0.000 1.000
vn -0.000 -0.000 1.000
vn -0.495 -0.572 0.654
vn -0.700 -0.700 0.140
vn -0.640 -0.754 0.151
vn -0.000 -0.000 1.000
vn 0.981 -0.000 0.196
vn 0.981 -0.000 0.196
vn -0.978 -0.000 0.208
vn -0.762 0.630 0.152
vn -0.277 -0.000 0.961
vn -0.000 -0.000 1.000
vn 0.700 0.700 0.140
vn 0.700 0.700 0.140
vn -0.000 -0.000 1.000
vn -0.000 -0.000 1.000
vn -0.644 -0.204 0.737
vn -0.700 -0.700 0.140
vn -0.687 -0.707 0.167
vn -0.000 -0.000 1.000
vn 0.981 -0.000 0.196
vn 0.981 -0.000 0.196
vn -0.655 -0.000 0.756
vn -0.720 0.679 0.144
vn -0.972 -0.000 0.235
vn 0.981 -0.000 0.196
vn 0.700 0.700 0.140
vn -0.000 -0.000 1.000
vn -0.266 -0.000 0.964
vn -0.700 -0.700 0.140
vn -0.744 -0.650 0.157
vn -0.000 -0.000 1.000
vn 0.981 -0.000 0.196
vn 0.981 -0.000 0.196
vn -0.000 -0.000 1.000
vn -0.967 0.167 0.193
vn -0.981 -0.000 0.196
vn -0.000 -0.000 1.000
vn 0.700 0.700 0.140
vn 0.981 -0.000 0.196
vn -0.000 -0.000 1.000
vn -0.700 -0.700 0.140
vn -0.719 -0.680 0.144
vn -0.000 -0.000 1.000
vn 0.981 -0.000 0.196
vn 0.981 -0.000 0.196
vn -0.981 -0.000 0.196
vn -0.981 -0.000 0.196
vn -0.000 -0.000 1.000
vn 0.700 0.700 0.140
vn 0.700 0.700 0.140
vn -0.000 -0.000 1.000
vn -0.000 -0.000 1.000
vn -0.700 -0.700 0.140
vn -0.700 -0.700 0.140
vn -0.000 -0.000 1.000
vn 0.981 -0.000 0.196
vn 0.981 -0.000 0.196
vn -0.981 -0.000 0.196
vn -0.981 -0.000 0.196
vn 0.981 -0.000 0.196
vn 0.700 0.700 0.140
vn -0.000 -0.000 1.000
vn -0.000 -0.000 1.000
vn -0.865 -0.470 0.173
vn -0.700 -0.700 0.140
vn -0.000 -0.000 1.000
vn 0.981 -0.000 0.196
vn 0.981 -0.000 0.196
vn -0.981 -0.000 0.196
vn -0.700 0.700 0.140
vn -0.000 -0.000 1.000
vn -0.000 -0.000 1.000
vn 0.700 0.700 0.140
vn 0.981 -0.000 0.196
vn -0.938 -0.000 0.345
vn -0.700 -0.700 0.140
vn -0.916 -0.000 0.401
vn 0.981 -0.000 0.196
vn 0.981 -0.000 0.196
vn -0.000 -0.000 1.000
vn -0.700 0.700 0.140
vn -0.981 -0.000 0.196
vn -0.000 -0.000 1.000
vn 0.700 0.700 0.140
vn 0.700 0.700 0.140
vn -0.000 -0.000 1.000
vn -0.000 -0.000 1.000
vn -0.726 -0.672 0.145
vn -0.895 -0.409 0.179
vn -0.000 -0.000 1.000
vn -0.000 -0.000 1.000
vn 0.700 0.700 0.140
vn 0.981 -0.000 0.196
vn -0.981 -0.000 0.196
vn -0.859 0.481 0.172
vn -0.000 -0.000 1.000
vn -0.000 -0.000 1.000
vn 0.893 0.412 0.179
vn 0.700 0.700 0.140
vn -0.000 -0.000 1.000
vn -0.977 -0.000 0.211
vn -0.700 -0.700 0.140
vn -0.350 -0.000 0.937
vn 0.981 -0.000 0.196
vn 0.700 0.700 0.140
vn -0.000 -0.000 1.000
vn -0.910 -0.000 0.414
vn -0.700 0.700 0.140
vn -0.942 -0.000 0.336
vn 0.917 -0.000 0.398
vn 0.700 0.700 0.140
vn 0.937 -0.000 0.348
vn -0.000 -0.000 1.000
vn -0.888 -0.424 0.178
vn -0.978 -0.073 0.196
vn -0.000 -0.000 1.000
vn -0.000 -0.000 1.000
vn 0.976 0.094 0.195
vn 0.981 -0.000 0.196
vn -0.000 -0.000 1.000
vn -0.900 0.396 0.180
vn -0.981 -0.000 0.196
vn -0.000 -0.000 1.000
vn 0.874 0.454 0.175
vn 0.867 0.467 0.173
vn -0.000 -0.000 1.000
vn -0.922 -0.000 0.387
vn -0.700 -0.700 0.140
vn -0.934 -0.000 0.357
vn 0.435 -0.000 0.900
vn 0.700 0.700 0.140
vn 0.976 -0.000 0.216
vn -0.981 -0.000 0.196
vn -0.981 -0.000 0.196
vn 0.933 -0.000 0.359
vn 0.700 0.700 0.140
vn 0.923 -0.000 0.384
vn -0.981 -0.000 0.196
vn -0.873 -0.456 0.175
vn -0.000 -0.000 1.000
vn 0.981 -0.000 0.196
vn 0.734 0.663 0.147
vn -0.000 -0.000 1.000
vn -0.981 -0.000 0.196
vn -0.981 -0.000 0.196
vn -0.000 -0.000 1.000
vn 0.700 0.700 0.140
vn 0.887 0.426 0.177
vn -0.000 -0.000 1.000
vn -0.981 -0.000 0.196
vn -0.981 -0.000 0.196
vn -0.000 -0.000 1.000
vn 0.722 0.677 0.144
vn 0.981 -0.000 0.196
vn -0.981 -0.000 0.196
vn -0.981 -0.000 0.196
vn 0.981 -0.000 0.196
vn 0.700 0.700 0.140
vn -0.000 -0.000 1.000
vn -0.000 -0.000 1.000
vn -0.748 -0.647 0.150
vn -0.981 -0.000 0.196
vn -0.000 -0.000 1.000
vn 0.964 0.171 0.206
vn 0.700 0.700 0.140
vn 0.298 -0.000 0.955
vn -0.981 -0.000 0.196
vn -0.981 -0.000 0.196
vn -0.000 -0.000 1.000
vn 0.700 0.700 0.140
vn 0.981 -0.000 0.196
vn -0.974 -0.000 0.225
vn -0.700 -0.700 0.140
vn -0.558 -0.000 0.830
vn 0.640 -0.000 0.769
vn 0.700 0.700 0.140
vn 0.970 0.073 0.233
vn -0.000 -0.000 1.000
vn -0.981 -0.000 0.196
vn -0.981 -0.000 0.196
vn 0.981 -0.000 0.196
vn 0.700 0.700 0.140
vn -0.000 -0.000 1.000
vn -0.981 -0.000 0.196
vn -0.972 -0.131 0.194
vn -0.000 -0.000 1.000
vn -0.000 -0.000 1.000
vn 0.896 0.406 0.179
vn 0.759 0.633 0.152
vn -0.000 -0.000 1.000
vn -0.981 -0.000 0.196
vn -0.981 -0.000 0.196
vn -0.000 -0.000 1.000
vn 0.803 0.574 0.161
vn 0.981 -0.000 0.196
vn -0.000 -0.000 1.000
vn -0.761 -0.630 0.152
vn -0.981 -0.000 0.196
vn 0.915 -0.000 0.404
vn 0.700 0.700 0.140
vn 0.939 -0.000 0.344
vn -0.981 -0.000 0.196
vn -0.981 -0.000 0.196
vn 0.963 -0.000 0.269
vn 0.700 0.700 0.140
vn 0.819 -0.000 0.574
vn -0.972 -0.000 0.235
vn -0.700 -0.700 0.140
vn -0.652 -0.000 0.758
vn 0.981 -0.000 0.196
vn 0.864 0.472 0.173
vn -0.000 -0.000 1.000
vn -0.981 -0.000 0.196
vn -0.936 0.297 0.187
vn -0.000 -0.000 1.000
vn -0.000 -0.000 1.000
vn 0.700 0.700 0.140
vn 0.944 0.269 0.189
vn -0.000 -0.000 1.000
vn -0.981 -0.000 0.196
vn -0.967 -0.166 0.193
vn -0.000 -0.000 1.000
vn -0.000 -0.000 1.000
vn 0.700 0.700 0.140
vn 0.981 -0.000 0.196
vn -0.960 -0.000 0.281
vn -0.700 0.700 0.140
vn -0.846 -0.000 0.533
vn -0.000 -0.000 1.000
vn 0.700 0.700 0.140
vn 0.700 0.700 0.140
vn -0.000 -0.000 1.000
vn -0.000 -0.000 1.000
vn -0.725 -0.673 0.145
vn -0.981 -0.000 0.196
vn -0.000 -0.000 1.000
vn 0.975 0.106 0.195
vn 0.700 0.700 0.140
vn -0.000 -0.000 1.000
vn -0.000 -0.000 1.000
vn -0.815 0.556 0.163
vn -0.981 -0.000 0.196
vn -0.000 -0.000 1.000
vn 0.700 0.700 0.140
vn 0.700 0.700 0.140
vn -0.000 -0.000 1.000
vn -0.978 -0.000 0.211
vn -0.700 -0.700 0.140
vn -0.339 -0.000 0.941
vn 0.476 -0.000 0.880
vn 0.700 0.700 0.140
vn 0.976 -0.000 0.219
vn -0.981 -0.000 0.196
vn -0.968 0.162 0.194
vn -0.000 -0.000 1.000
vn -0.000 -0.000 1.000
vn -0.000 0.981 0.196
vn 0.700 0.700 0.140
vn 0.700 0.700 0.140
vn -0.000 -0.000 1.000
vn -0.000 -0.000 1.000
vn -0.870 -0.461 0.174
vn -0.978 -0.070 0.196
vn -0.000 -0.000 1.000
vn -0.000 -0.000 1.000
vn 0.700 0.700 0.140
vn 0.738 0.658 0.148
vn -0.000 -0.000 1.000
vn -0.972 -0.000 0.234
vn -0.700 0.700 0.140
vn -0.642 -0.000 0.767
vn -0.000 -0.000 1.000
vn -0.000 0.973 0.230
vn -0.000 0.981 0.196
vn 0.700 0.700 0.140
vn 0.700 0.700 0.140
vn -0.000 0.981 0.196
vn -0.000 -0.000 1.000
vn -0.936 -0.000 0.353
vn -0.700 -0.700 0.140
vn -0.920 -0.000 0.391
vn -0.000 -0.000 1.000
vn 0.718 0.681 0.144
vn 0.700 0.700 0.140
vn -0.000 -0.000 1.000
vn -0.000 -0.000 1.000
vn -0.760 0.632 0.152
vn -0.981 -0.000 0.196
vn -0.000 -0.000 1.000
vn -0.000 0.967 0.256
vn -0.000 0.981 0.196
vn -0.000 0.981 0.196
vn 0.639 0.755 0.151
vn 0.700 0.700 0.140
vn 0.149 0.970 0.194
vn -0.000 0.981 0.196
vn -0.000 -0.000 1.000
vn -0.981 -0.000 0.196
vn -0.890 -0.419 0.178
vn -0.000 -0.000 1.000
vn 0.978 -0.000 0.207
vn 0.700 0.700 0.140
vn 0.254 -0.000 0.967
vn -0.981 -0.000 0.196
vn -0.854 0.492 0.171
vn -0.000 -0.000 1.000
vn -0.000 -0.000 1.000
vn -0.000 0.961 0.276
vn -0.000 0.981 0.196
vn 0.595 0.788 0.158
vn 0.700 0.700 0.140
vn 0.234 0.953 0.191
vn -0.000 0.981 0.196
vn -0.000 0.981 0.196
vn -0.000 0.609 0.793
vn -0.000 -0.000 1.000
vn -0.000 -0.000 1.000
vn -0.792 -0.589 0.158
vn -0.981 -0.000 0.196
vn -0.000 -0.000 1.000
vn 0.700 0.700 0.140
vn 0.979 0.052 0.196
vn -0.000 -0.000 1.000
vn -0.904 -0.000 0.427
vn -0.700 0.700 0.140
vn -0.945 -0.000 0.328
vn -0.000 -0.000 1.000
vn -0.000 0.981 0.196
vn 0.563 0.810 0.162
vn 0.700 0.700 0.140
vn 0.286 0.940 0.188
vn -0.000 0.981 0.196
vn -0.000 0.775 0.632
vn -0.000 -0.000 1.000
vn -0.966 -0.000 0.260
vn -0.700 -0.700 0.140
vn -0.788 -0.000 0.616
vn 0.981 -0.000 0.196
vn 0.700 0.700 0.140
vn -0.000 -0.000 1.000
vn -0.000 -0.000 1.000
vn -0.906 0.384 0.181
vn -0.946 0.264 0.189
vn -0.000 -0.000 1.000
vn -0.000 -0.000 1.000
vn -0.000 0.890 0.456
vn -0.000 0.981 0.196
vn -0.000 0.981 0.196
vn 0.700 0.700 0.140
vn 0.700 0.700 0.140
vn -0.000 0.981 0.196
vn -0.000 0.836 0.549
vn -0.000 -0.000 1.000
vn -0.000 -0.000 1.000
vn -0.970 -0.149 0.194
vn -0.951 -0.244 0.190
vn -0.000 -0.000 1.000
vn -0.000 -0.000 1.000
vn 0.700 0.700 0.140
vn 0.981 -0.000 0.196
vn -0.964 -0.000 0.267
vn -0.700 0.700 0.140
vn -0.813 -0.000 0.583
vn -0.000 -0.000 1.000
vn -0.000 0.025 1.000
vn -0.000 0.976 0.220
vn -0.000 0.981 0.196
vn -0.000 0.981 0.196
vn -0.000 0.981 0.196
vn -0.000 0.981 0.196
vn -0.000 0.981 0.196
vn -0.000 0.981 0.196
vn -0.000 0.981 0.196
vn -0.000 0.981 0.196
vn -0.000 0.981 0.196
vn -0.000 0.981 0.196
vn -0.000 0.981 0.196
vn 0.357 0.916 0.183
vn 0.700 0.700 0.140
vn 0.513 0.842 0.168
vn -0.000 0.981 0.196
vn -0.000 0.981 0.196
vn -0.000 -0.000 1.000
vn -0.610 -0.000 0.793
vn -0.700 -0.700 0.140
vn -0.973 -0.000 0.230
vn 0.981 -0.000 0.196
vn 0.700 0.700 0.140
vn -0.000 -0.000 1.000
vn -0.000 -0.000 1.000
vn -0.801 0.577 0.160
vn -0.981 -0.000 0.196
vn -0.000 -0.000 1.000
vn -0.000 0.962 0.272
vn 0.005 0.981 0.196
vn 0.657 0.740 0.148
vn 0.698 0.702 0.140
vn 0.109 0.975 0.195
vn -0.000 0.981 0.196
vn -0.000 0.981 0.196
vn -0.000 0.981 0.196
vn -0.000 0.981 0.196
vn -0.000 0.981 0.196
vn -0.000 0.981 0.196
vn -0.000 0.981 0.196
vn -0.000 0.981 0.196
vn -0.000 0.981 0.196
vn -0.000 0.981 0.196
vn -0.000 0.981 0.196
vn -0.000 0.950 0.312
vn -0.000 -0.000 1.000
vn -0.981 -0.000 0.196
vn -0.755 -0.639 0.151
vn -0.000 -0.000 1.000
vn 0.981 -0.000 0.196
vn 0.981 -0.000 0.196
vn -0.981 -0.000 0.196
vn -0.981 -0.000 0.196
vn -0.000 -0.000 1.000
vn -0.000 0.981 0.196
vn 0.570 0.805 0.161
vn 0.700 0.700 0.140
vn 0.275 0.943 0.189
vn -0.000 0.980 0.197
vn -0.000 0.489 0.872
vn -0.000 -0.000 1.000
vn -0.000 -0.000 1.000
vn -0.749 -0.645 0.150
vn -0.981 -0.000 0.196
vn -0.000 -0.000 1.000
vn 0.700 0.700 0.140
vn 0.981 -0.000 0.196
vn -0.981 -0.000 0.196
vn -0.700 0.700 0.140
vn -0.000 -0.000 1.000
vn -0.000 -0.000 1.000
vn -0.000 0.952 0.306
vn 0.700 0.700 0.140
vn 0.700 0.700 0.140
vn -0.000 0.981 0.196
vn -0.000 0.825 0.566
vn -0.000 -0.000 1.000
vn -0.974 -0.000 0.226
vn -0.700 -0.700 0.140
vn -0.572 -0.000 0.821
vn 0.981 -0.000 0.196
vn 0.700 0.700 0.140
vn -0.000 -0.000 1.000
vn -0.000 -0.000 1.000
vn -0.700 0.700 0.140
vn -0.981 -0.000 0.196
vn -0.000 -0.000 1.000
vn 0.577 0.796 0.185
vn 0.700 0.700 0.140
vn 0.347 0.920 0.184
vn -0.000 -0.000 1.000
vn -0.981 -0.000 0.196
vn -0.972 -0.135 0.194
vn -0.000 -0.000 1.000
vn -0.000 -0.000 1.000
vn 0.788 0.595 0.158
vn 0.981 -0.000 0.196
vn -0.981 -0.000 0.196
vn -0.700 0.700 0.140
vn -0.000 -0.000 1.000
vn -0.000 -0.000 1.000
vn 0.862 0.466 0.201
vn 0.700 0.700 0.140
vn 0.313 0.839 0.445
vn -0.000 -0.000 1.000
vn -0.981 -0.000 0.196
vn -0.981 -0.000 0.196
vn 0.967 -0.000 0.256
vn 0.700 0.700 0.140
vn 0.775 -0.000 0.632
vn -0.000 -0.000 1.000
vn -0.700 0.700 0.140
vn -0.981 -0.000 0.196
vn 0.919 -0.000 0.395
vn 0.700 0.700 0.140
vn 0.909 0.239 0.340
vn -0.000 -0.000 1.000
vn -0.981 -0.000 0.196
vn -0.981 -0.000 0.196
vn 0.981 -0.000 0.196
vn 0.953 0.234 0.191
vn -0.000 -0.000 1.000
vn -0.981 -0.000 0.196
vn -0.981 -0.000 0.196
vn -0.000 -0.000 1.000
vn 0.767 0.623 0.153
vn 0.868 0.464 0.174
vn -0.000 -0.000 1.000
vn -0.981 -0.000 0.196
vn -0.981 -0.000 0.196
vn 0.981 -0.000 0.196
vn 0.981 -0.000 0.196
vn -0.981 -0.000 0.196
vn -0.981 -0.000 0.196
vn 0.971 -0.000 0.239
vn 0.700 0.700 0.140
vn 0.685 -0.000 0.728
vn -0.981 -0.000 0.196
vn -0.981 -0.000 0.196
vn 0.981 -0.000 0.196
vn 0.981 -0.000 0.196
vn -0.981 -0.000 0.196
vn -0.981 -0.000 0.196
vn -0.000 -0.000 1.000
vn 0.973 0.121 0.195
vn 0.964 0.182 0.193
vn -0.000 -0.000 1.000
vn -0.981 -0.000 0.196
vn -0.981 -0.000 0.196
vn 0.981 -0.000 0.196
vn 0.750 -0.644 0.150
vn -0.000 -0.000 1.000
vn -0.981 -0.000 0.196
vn -0.981 -0.000 0.196
vn 0.527 -0.000 0.850
vn 0.700 0.700 0.140
vn 0.975 -0.000 0.223
vn -0.981 -0.000 0.196
vn -0.826 0.540 0.165
vn -0.000 -0.000 1.000
vn 0.577 -0.000 0.817
vn 0.700 -0.700 0.140
vn 0.974 -0.000 0.227
vn -0.981 -0.000 0.196
vn -0.981 -0.000 0.196
vn -0.000 -0.000 1.000
vn 0.700 0.700 0.140
vn 0.744 0.652 0.149
vn -0.000 -0.000 1.000
vn -0.866 -0.000 0.500
vn -0.700 0.700 0.140
vn -0.956 -0.000 0.293
vn -0.000 -0.000 1.000
vn 0.971 -0.137 0.194
vn 0.950 -0.250 0.190
vn -0.000 -0.000 1.000
vn -0.981 -0.000 0.196
vn -0.981 -0.000 0.196
vn -0.000 -0.000 1.000
vn 0.779 0.607 0.156
vn 0.700 0.700 0.140
vn -0.000 -0.000 1.000
vn -0.000 -0.000 1.000
vn -0.929 0.321 0.186
vn -0.981 -0.000 0.196
vn 0.965 -0.000 0.262
vn 0.700 -0.700 0.140
vn 0.796 -0.000 0.605
vn -0.000 -0.000 1.000
vn -0.809 -0.565 0.162
vn -0.981 -0.000 0.196
vn 0.969 -0.000 0.249
vn 0.700 0.700 0.140
vn 0.741 -0.000 0.671
vn -0.981 -0.000 0.196
vn -0.700 0.700 0.140
vn -0.000 -0.000 1.000
vn -0.000 -0.000 1.000
vn 0.795 -0.586 0.159
vn 0.700 -0.700 0.140
vn -0.000 -0.000 1.000
vn -0.961 -0.000 0.276
vn -0.700 -0.700 0.140
vn -0.834 -0.000 0.552
vn -0.000 -0.000 1.000
vn 0.700 0.700 0.140
vn 0.958 0.212 0.192
vn -0.000 -0.000 1.000
vn -0.000 -0.000 1.000
vn -0.700 0.700 0.140
vn -0.981 -0.000 0.196
vn -0.000 -0.000 1.000
vn 0.700 -0.700 0.140
vn 0.700 -0.700 0.140
vn -0.000 -0.000 1.000
vn -0.981 -0.000 0.196
vn -0.940 -0.284 0.188
vn -0.000 -0.000 1.000
vn -0.000 -0.000 1.000
vn 0.700 0.700 0.140
vn 0.700 0.700 0.140
vn -0.000 -0.000 1.000
vn -0.981 -0.000 0.196
vn -0.700 0.700 0.140
vn -0.000 -0.000 1.000
vn -0.000 -0.000 1.000
vn 0.700 -0.700 0.140
vn 0.700 -0.700 0.140
vn -0.000 -0.000 1.000
vn -0.000 -0.000 1.000
vn -0.924 -0.334 0.185
vn -0.981 -0.000 0.196
vn -0.000 -0.000 1.000
vn 0.792 0.590 0.158
vn 0.700 0.700 0.140
vn -0.000 -0.000 1.000
vn -0.000 -0.000 1.000
vn -0.700 0.700 0.140
vn -0.981 -0.000 0.196
vn -0.000 -0.000 1.000
vn 0.700 -0.700 0.140
vn 0.700 -0.700 0.140
vn -0.000 -0.000 1.000
vn -0.875 -0.000 0.484
vn -0.700 -0.700 0.140
vn -0.954 -0.000 0.299
vn -0.000 -0.000 1.000
vn 0.819 0.530 0.220
vn 0.700 0.700 0.140
vn 0.787 -0.000 0.617
vn -0.981 -0.000 0.196
vn -0.954 0.230 0.191
vn -0.000 -0.000 1.000
vn -0.000 -0.000 1.000
vn 0.700 -0.700 0.140
vn 0.700 -0.700 0.140
vn -0.000 -0.000 1.000
vn -0.000 -0.000 1.000
vn -0.700 -0.700 0.140
vn -0.831 -0.531 0.166
vn -0.000 -0.000 1.000
vn -0.000 -0.000 1.000
vn 0.427 0.887 0.177
vn 0.700 0.700 0.140
vn 0.848 0.418 0.327
vn -0.000 -0.000 1.000
vn -0.967 -0.000 0.255
vn -0.700 0.700 0.140
vn -0.770 -0.000 0.638
vn -0.000 -0.000 1.000
vn 0.700 -0.700 0.140
vn 0.700 -0.700 0.140
vn -0.000 -0.000 1.000
vn -0.000 -0.000 1.000
vn -0.700 -0.700 0.140
vn -0.700 -0.700 0.140
vn -0.000 -0.000 1.000
vn -0.000 -0.000 1.000
vn -0.000 0.956 0.292
vn 0.700 0.700 0.140
vn 0.700 0.700 0.140
vn -0.000 0.933 0.360
vn -0.000 -0.000 1.000
vn -0.000 -0.000 1.000
vn -0.787 0.597 0.157
vn -0.981 -0.000 0.196
vn -0.000 -0.000 1.000
vn 0.700 -0.700 0.140
vn 0.700 -0.700 0.140
vn -0.000 -0.969 0.247
vn -0.000 -0.000 1.000
vn -0.000 -0.000 1.000
vn -0.700 -0.700 0.140
vn -0.700 -0.700 0.140
vn -0.000 -0.000 1.000
vn -0.000 -0.000 1.000
vn 0.540 0.825 0.165
vn 0.700 0.700 0.140
vn 0.321 0.929 0.186
vn -0.000 -0.000 1.000
vn -0.981 -0.000 0.196
vn -0.960 0.203 0.192
vn -0.000 -0.000 1.000
vn -0.000 -0.000 1.000
vn 0.207 -0.959 0.192
vn 0.700 -0.700 0.140
vn 0.609 -0.777 0.155
vn -0.000 -0.000 1.000
vn -0.000 -0.000 1.000
vn -0.700 -0.700 0.140
vn -0.700 -0.700 0.140
vn -0.000 -0.000 1.000
vn -0.000 -0.000 1.000
vn -0.000 0.505 0.863
vn -0.000 0.981 0.196
vn 0.700 0.700 0.140
vn 0.700 0.700 0.140
vn -0.000 0.866 0.501
vn -0.000 -0.000 1.000
vn -0.969 -0.000 0.246
vn -0.700 0.700 0.140
vn -0.727 -0.000 0.687
vn -0.000 -0.000 1.000
vn -0.000 -0.734 0.679
vn 0.700 -0.700 0.140
vn 0.700 -0.700 0.140
vn -0.000 -0.979 0.203
vn -0.000 -0.000 1.000
vn -0.000 -0.000 1.000
vn -0.700 -0.700 0.140
vn -0.700 -0.700 0.140
vn -0.000 -0.000 1.000
vn -0.000 -0.000 1.000
vn 0.114 0.974 0.195
vn 0.700 0.700 0.140
vn 0.655 0.741 0.148
vn -0.000 0.981 0.196
vn -0.000 -0.000 1.000
vn -0.000 -0.000 1.000
vn -0.776 0.612 0.155
vn -0.981 -0.000 0.196
vn -0.000 -0.000 1.000
vn 0.037 -0.980 0.196
vn 0.700 -0.700 0.140
vn 0.686 -0.713 0.143
vn -0.000 -0.883 0.469
vn -0.000 -0.000 1.000
vn -0.000 -0.000 1.000
vn -0.700 -0.700 0.140
vn -0.700 -0.700 0.140
vn -0.000 -0.000 1.000
vn -0.000 -0.000 1.000
vn -0.000 0.981 0.196
vn 0.700 0.700 0.140
vn 0.700 0.700 0.140
vn -0.000 0.975 0.221
vn -0.000 -0.000 1.000
vn -0.981 -0.000 0.196
vn -0.981 -0.000 0.196
vn -0.000 -0.000 1.000
vn -0.000 -0.183 0.983
vn 0.522 -0.837 0.167
vn 0.700 -0.700 0.140
vn 0.346 -0.920 0.184
vn -0.000 -0.000 1.000
vn -0.000 -0.000 1.000
vn -0.807 -0.568 0.161
vn -0.700 -0.700 0.140
vn -0.000 -0.000 1.000
vn -0.000 -0.000 1.000
vn -0.000 0.981 0.196
vn 0.700 0.700 0.140
vn 0.700 0.700 0.140
vn -0.000 0.981 0.196
vn -0.000 -0.000 1.000
vn -0.981 -0.000 0.196
vn -0.981 -0.000 0.196
vn -0.000 -0.000 1.000
vn -0.000 -0.952 0.305
vn 0.700 -0.700 0.140
vn 0.700 -0.700 0.140
vn -0.000 -0.960 0.281
vn -0.000 -0.000 1.000
vn -0.000 -0.000 1.000
vn -0.568 -0.807 0.161
vn -0.700 -0.700 0.140
vn -0.828 -0.000 0.561
vn -0.000 -0.000 1.000
vn 0.700 0.700 0.140
vn 0.700 0.700 0.140
vn -0.000 0.981 0.196
vn -0.000 -0.000 1.000
vn -0.000 -0.000 1.000
vn -0.953 -0.235 0.191
vn -0.981 -0.000 0.196
vn -0.000 -0.000 1.000
vn 0.297 -0.936 0.187
vn 0.700 -0.700 0.140
vn 0.557 -0.815 0.163
vn -0.000 -0.549 0.836
vn -0.000 -0.000 1.000
vn -0.000 -0.000 1.000
vn -0.700 -0.700 0.140
vn -0.700 -0.700 0.140
vn -0.000 -0.828 0.561
vn -0.000 -0.000 1.000
vn -0.000 -0.000 1.000
vn 0.700 0.700 0.140
vn 0.700 0.700 0.140
vn -0.000 -0.000 1.000
vn -0.776 -0.000 0.631
vn -0.700 -0.700 0.140
vn -0.967 -0.000 0.256
vn -0.000 -0.000 1.000
vn -0.000 -0.845 0.534
vn 0.648 -0.746 0.149
vn 0.700 -0.700 0.140
vn 0.128 -0.973 0.195
vn -0.000 -0.000 1.000
vn -0.000 -0.000 1.000
vn -0.700 -0.700 0.140
vn -0.700 -0.700 0.140
vn -0.000 -0.000 1.000
vn -0.000 -0.000 1.000
vn 0.838 0.520 0.168
vn 0.700 0.700 0.140
vn -0.000 -0.000 1.000
vn -0.981 -0.000 0.196
vn -0.789 -0.594 0.158
vn -0.000 -0.000 1.000
vn -0.000 -0.000 1.000
vn -0.000 -0.975 0.224
vn 0.700 -0.700 0.140
vn 0.700 -0.700 0.140
vn -0.000 -0.981 0.196
vn -0.000 -0.674 0.738
vn -0.000 -0.000 1.000
vn -0.000 -0.000 1.000
vn -0.700 -0.700 0.140
vn -0.700 -0.700 0.140
vn -0.000 -0.000 1.000
vn -0.000 -0.000 1.000
vn 0.635 0.745 0.205
vn 0.700 0.700 0.140
vn 0.885 -0.000 0.466
vn -0.981 -0.000 0.196
vn -0.981 -0.000 0.196
vn -0.000 -0.000 1.000
vn -0.000 -0.981 0.196
vn 0.625 -0.765 0.153
vn 0.700 -0.700 0.140
vn 0.176 -0.965 0.193
vn -0.000 -0.000 1.000
vn -0.000 -0.000 1.000
vn -0.700 -0.700 0.140
vn -0.700 -0.700 0.140
vn -0.000 -0.000 1.000
vn -0.000 -0.000 1.000
vn 0.581 0.798 0.160
vn 0.700 0.700 0.140
vn 0.535 0.747 0.393
vn -0.000 -0.000 1.000
vn -0.981 -0.000 0.196
vn -0.981 -0.000 0.196
vn -0.000 -0.000 1.000
vn -0.000 -0.971 0.238
vn 0.700 -0.700 0.140
vn 0.700 -0.700 0.140
vn -0.000 -0.937 0.351
vn -0.000 -0.000 1.000
vn -0.000 -0.000 1.000
vn -0.978 -0.075 0.196
vn -0.700 -0.700 0.140
vn -0.000 -0.000 1.000
vn -0.000 -0.000 1.000
vn 0.700 0.700 0.140
vn 0.700 0.700 0.140
vn -0.000 0.806 0.592
vn -0.000 -0.000 1.000
vn -0.000 -0.000 1.000
vn -0.700 -0.700 0.140
vn -0.981 -0.000 0.196
vn -0.000 -0.000 1.000
vn 0.415 -0.892 0.178
vn 0.700 -0.700 0.140
vn 0.464 -0.869 0.174
vn -0.000 -0.757 0.653
vn -0.000 -0.000 1.000
vn -0.357 -0.000 0.934
vn -0.700 -0.700 0.140
vn -0.977 -0.000 0.212
vn -0.000 -0.000 1.000
vn 0.807 0.568 0.161
vn 0.700 0.700 0.140
vn -0.000 -0.000 1.000
vn -0.000 -0.000 1.000
vn -0.779 -0.608 0.156
vn -0.700 -0.700 0.140
vn -0.000 -0.000 1.000
vn -0.000 -0.000 1.000
vn -0.000 -0.919 0.395
vn 0.602 -0.783 0.157
vn 0.700 -0.700 0.140
vn 0.222 -0.956 0.191
vn -0.000 -0.000 1.000
vn -0.981 -0.000 0.196
vn -0.727 -0.671 0.145
vn -0.000 -0.000 1.000
vn -0.000 -0.000 1.000
vn 0.863 0.442 0.245
vn 0.700 0.700 0.140
vn 0.828 -0.000 0.560
vn -0.969 -0.000 0.248
vn -0.700 -0.700 0.140
vn -0.739 -0.000 0.674
vn -0.000 -0.000 1.000
vn -0.000 -0.968 0.252
vn 0.700 -0.700 0.140
vn 0.700 -0.700 0.140
vn -0.000 -0.000 1.000
vn -0.000 -0.000 1.000
vn -0.700 -0.700 0.140
vn -0.981 -0.000 0.196
vn -0.000 -0.000 1.000
vn 0.382 0.900 0.212
vn 0.700 0.700 0.140
vn 0.873 0.404 0.273
vn -0.000 -0.000 1.000
vn -0.981 -0.000 0.196
vn -0.959 -0.210 0.192
vn -0.000 -0.000 1.000
vn -0.000 -0.000 1.000
vn 0.700 -0.700 0.140
vn 0.945 -0.265 0.189
vn -0.000 -0.000 1.000
vn -0.981 -0.000 0.196
vn -0.700 -0.700 0.140
vn -0.000 -0.000 1.000
vn -0.000 -0.000 1.000
vn 0.640 0.753 0.151
vn 0.700 0.700 0.140
vn 0.219 0.931 0.291
vn -0.000 -0.000 1.000
vn -0.000 -0.000 1.000
vn -0.777 -0.610 0.155
vn -0.981 -0.000 0.196
vn 0.963 -0.000 0.268
vn 0.700 -0.700 0.140
vn 0.815 -0.000 0.580
vn -0.981 -0.000 0.196
vn -0.981 -0.000 0.196
vn -0.000 -0.000 1.000
vn 0.720 0.678 0.144
vn 0.700 0.700 0.140
vn -0.000 0.601 0.799
vn -0.000 -0.000 1.000
vn -0.969 -0.000 0.247
vn -0.767 -0.624 0.153
vn -0.732 -0.000 0.681
vn -0.000 -0.000 1.000
vn 0.801 -0.576 0.160
vn 0.981 -0.000 0.196
vn -0.000 -0.000 1.000
vn -0.976 -0.100 0.195
vn -0.981 -0.000 0.196
vn -0.000 -0.000 1.000
vn 0.974 0.094 0.207
vn 0.700 0.700 0.140
vn 0.281 -0.000 0.960
vn -0.000 -0.000 1.000
vn -0.000 -0.848 0.531
vn -0.000 -0.981 0.196
vn -0.000 -0.981 0.196
vn -0.000 -0.981 0.196
vn -0.000 -0.981 0.196
vn -0.000 -0.981 0.196
vn -0.000 -0.981 0.196
vn -0.000 -0.981 0.196
vn -0.000 -0.981 0.196
vn -0.000 -0.955 0.297
vn -0.000 -0.000 1.000
vn -0.971 -0.000 0.239
vn -0.777 0.610 0.155
vn -0.682 -0.000 0.731
vn 0.981 -0.000 0.196
vn 0.981 -0.000 0.196
vn -0.458 -0.000 0.889
vn -0.981 -0.000 0.196
vn -0.976 -0.000 0.218
vn 0.415 -0.000 0.910
vn 0.700 0.700 0.140
vn 0.975 0.063 0.214
vn -0.000 -0.000 1.000
vn -0.000 -0.000 1.000
vn -0.000 -0.551 0.834
vn -0.000 -0.981 0.196
vn -0.000 -0.981 0.196
vn -0.299 -0.936 0.187
vn -0.700 -0.700 0.140
vn -0.555 -0.816 0.163
vn -0.000 -0.981 0.196
vn -0.000 -0.981 0.196
vn -0.000 -0.981 0.196
vn -0.000 -0.981 0.196
vn -0.000 -0.981 0.196
vn -0.000 -0.981 0.196
vn 0.331 -0.925 0.185
vn 0.700 -0.700 0.140
vn 0.533 -0.830 0.166
vn -0.000 -0.981 0.196
vn -0.000 -0.000 1.000
vn -0.000 -0.000 1.000
vn -0.767 0.624 0.153
vn -0.981 -0.000 0.196
vn -0.000 -0.000 1.000
vn 0.832 0.530 0.166
vn 0.981 -0.000 0.196
vn -0.000 -0.000 1.000
vn -0.976 0.100 0.195
vn -0.981 -0.000 0.196
vn -0.000 -0.000 1.000
vn 0.700 0.700 0.140
vn 0.732 0.665 0.146
vn -0.000 -0.000 1.000
vn -0.000 -0.000 1.000
vn -0.129 -0.972 0.194
vn -0.700 -0.700 0.140
vn -0.648 -0.747 0.149
vn -0.000 -0.981 0.196
vn -0.000 -0.981 0.196
vn -0.000 -0.959 0.282
vn -0.000 -0.000 1.000
vn -0.000 -0.000 1.000
vn -0.000 -0.873 0.488
vn -0.000 -0.981 0.196
vn 0.700 -0.700 0.140
vn 0.700 -0.700 0.140
vn -0.000 -0.000 1.000
vn -0.981 -0.000 0.196
vn -0.700 0.700 0.140
vn -0.000 -0.000 1.000
vn 0.954 -0.000 0.300
vn 0.700 0.700 0.140
vn 0.876 -0.000 0.483
vn -0.981 -0.000 0.196
vn -0.981 -0.000 0.196
vn 0.981 -0.000 0.196
vn 0.700 0.700 0.140
vn -0.000 -0.000 1.000
vn -0.000 -0.000 1.000
vn -0.700 -0.700 0.140
vn -0.700 -0.700 0.140
vn -0.000 -0.974 0.225
vn -0.000 -0.000 1.000
vn -0.000 -0.000 1.000
vn 0.700 -0.700 0.140
vn 0.860 -0.480 0.172
vn -0.000 -0.000 1.000
vn -0.000 -0.000 1.000
vn -0.700 0.700 0.140
vn -0.974 0.118 0.195
vn -0.000 -0.000 1.000
vn 0.981 -0.000 0.196
vn 0.924 0.335 0.185
vn -0.000 -0.000 1.000
vn -0.981 -0.000 0.196
vn -0.700 0.700 0.140
vn -0.000 -0.000 1.000
vn -0.000 -0.000 1.000
vn 0.700 0.700 0.140
vn 0.981 -0.000 0.196
vn -0.000 -0.000 1.000
vn -0.700 -0.700 0.140
vn -0.700 -0.700 0.140
vn -0.000 -0.000 1.000
vn 0.911 -0.000 0.412
vn 0.700 -0.700 0.140
vn 0.913 -0.244 0.327
vn -0.000 -0.000 1.000
vn -0.975 -0.000 0.222
vn -0.700 0.700 0.140
vn -0.518 -0.000 0.855
vn -0.000 -0.000 1.000
vn 0.980 0.032 0.196
vn 0.981 -0.000 0.196
vn -0.000 -0.000 1.000
vn -0.700 0.700 0.140
vn -0.700 0.700 0.140
vn -0.000 -0.000 1.000
vn -0.000 -0.000 1.000
vn 0.700 0.700 0.140
vn 0.700 0.700 0.140
vn -0.000 -0.000 1.000
vn -0.000 -0.000 1.000
vn -0.700 -0.700 0.140
vn -0.700 -0.700 0.140
vn -0.000 -0.000 1.000
vn -0.000 -0.000 1.000
vn 0.869 -0.451 0.204
vn 0.700 -0.700 0.140
vn 0.597 -0.005 0.802
vn -0.000 -0.000 1.000
vn -0.000 -0.000 1.000
vn -0.743 0.653 0.149
vn -0.700 0.700 0.140
vn -0.000 -0.000 1.000
vn 0.161 -0.000 0.987
vn 0.700 0.700 0.140
vn 0.979 -0.000 0.202
vn -0.000 -0.000 1.000
vn -0.700 0.700 0.140
vn -0.700 0.700 0.140
vn -0.000 -0.000 1.000
vn -0.000 -0.000 1.000
vn 0.980 0.043 0.196
vn 0.700 0.700 0.140
vn -0.000 -0.000 1.000
vn -0.000 -0.000 1.000
vn -0.700 -0.700 0.140
vn -0.700 -0.700 0.140
vn -0.000 -0.000 1.000
vn -0.000 -0.000 1.000
vn 0.752 -0.641 0.151
vn 0.700 -0.700 0.140
vn 0.007 -0.000 1.000
vn -0.000 -0.000 1.000
vn -0.700 0.700 0.140
vn -0.700 0.700 0.140
vn -0.000 -0.000 1.000
vn -0.000 -0.000 1.000
vn 0.700 0.700 0.140
vn 0.711 0.688 0.142
vn -0.000 -0.000 1.000
vn -0.000 -0.000 1.000
vn -0.700 0.700 0.140
vn -0.700 0.700 0.140
vn -0.000 -0.000 1.000
vn 0.214 -0.000 0.977
vn 0.700 0.700 0.140
vn 0.979 -0.000 0.205
vn -0.000 -0.000 1.000
vn -0.700 -0.700 0.140
vn -0.700 -0.700 0.140
vn -0.000 -0.000 1.000
vn -0.000 -0.000 1.000
vn 0.701 -0.700 0.140
vn 0.700 -0.700 0.140
vn -0.000 -0.887 0.462
vn -0.000 -0.000 1.000
vn -0.000 -0.000 1.000
vn -0.700 0.700 0.140
vn -0.700 0.700 0.140
vn -0.000 -0.000 1.000
vn -0.000 -0.000 1.000
vn 0.700 0.700 0.140
vn 0.700 0.700 0.140
vn -0.000 -0.000 1.000
vn -0.000 -0.000 1.000
vn -0.700 0.700 0.140
vn -0.700 0.700 0.140
vn -0.000 -0.000 1.000
vn 0.981 -0.000 0.196
vn 0.715 0.684 0.143
vn -0.000 -0.000 1.000
vn -0.000 -0.000 1.000
vn -0.700 -0.700 0.140
vn -0.700 -0.700 0.140
vn -0.000 -0.000 1.000
vn -0.000 -0.000 1.000
vn 0.517 -0.839 0.168
vn 0.700 -0.700 0.140
vn 0.353 -0.918 0.184
vn -0.000 -0.000 1.000
vn -0.000 -0.000 1.000
vn -0.700 0.700 0.140
vn -0.700 0.700 0.140
vn -0.000 -0.000 1.000
vn -0.000 -0.000 1.000
vn 0.970 0.148 0.194
vn 0.700 0.700 0.140
vn -0.000 -0.000 1.000
vn -0.000 -0.000 1.000
vn -0.000 -0.981 0.196
vn -0.000 -0.981 0.196
vn -0.000 -0.981 0.196
vn -0.000 -0.981 0.196
vn -0.000 -0.981 0.196
vn -0.000 -0.981 0.196
vn -0.000 -0.981 0.196
vn -0.000 -0.981 0.196
vn -0.000 -0.981 0.196
vn -0.000 -0.981 0.196
vn -0.000 -0.981 0.196
vn -0.000 -0.981 0.196
vn -0.000 -0.981 0.196
vn -0.000 -0.981 0.196
vn -0.000 -0.981 0.196
vn -0.000 -0.981 0.196
vn -0.000 -0.981 0.196
vn -0.000 -0.981 0.196
vn -0.000 -0.981 0.196
vn -0.000 -0.981 0.196
vn -0.000 -0.981 0.196
vn -0.000 -0.981 0.196
vn -0.000 -0.981 0.196
vn -0.000 -0.779 0.627
vn -0.000 -0.000 1.000
vn -0.000 -0.000 1.000
vn -0.700 0.700 0.140
vn -0.700 0.700 0.140
vn -0.000 -0.000 1.000
vn 0.981 -0.000 0.196
vn 0.981 -0.000 0.196
vn -0.000 -0.000 1.000
vn -0.700 -0.700 0.140
vn -0.700 -0.700 0.140
vn -0.000 -0.000 1.000
vn -0.000 -0.000 1.000
vn -0.000 -0.951 0.309
vn 0.700 -0.700 0.140
vn 0.700 -0.700 0.140
vn -0.000 -0.955 0.297
vn -0.000 -0.000 1.000
vn -0.000 -0.000 1.000
vn -0.700 0.700 0.140
vn -0.700 0.700 0.140
vn -0.000 -0.000 1.000
vn 0.606 -0.000 0.795
vn 0.700 0.700 0.140
vn 0.973 -0.000 0.230
vn -0.000 -0.000 1.000
vn -0.000 -0.890 0.456
vn -0.000 -0.981 0.196
vn -0.700 -0.700 0.140
vn -0.700 -0.700 0.140
vn -0.000 -0.981 0.196
vn -0.000 -0.981 0.196
vn -0.000 -0.981 0.196
vn -0.000 -0.981 0.196
vn -0.000 -0.981 0.196
vn -0.000 -0.981 0.196
vn -0.000 -0.981 0.196
vn -0.000 -0.981 0.196
vn -0.000 -0.981 0.196
vn -0.000 -0.981 0.196
vn -0.000 -0.981 0.196
vn -0.000 -0.981 0.196
vn -0.000 -0.981 0.196
vn -0.000 -0.981 0.196
vn -0.000 -0.981 0.196
vn -0.000 -0.981 0.196
vn -0.000 -0.981 0.196
vn -0.000 -0.981 0.196
vn -0.000 -0.981 0.196
vn -0.000 -0.981 0.196
vn -0.000 -0.981 0.196
vn 0.593 -0.789 0.158
vn 0.700 -0.700 0.140
vn 0.237 -0.953 0.191
vn -0.000 -0.981 0.196
vn -0.000 -0.000 1.000
vn -0.000 -0.000 1.000
vn -0.700 0.700 0.140
vn -0.700 0.700 0.140
vn -0.000 0.683 0.730
vn -0.000 -0.000 1.000
vn 0.981 -0.000 0.196
vn 0.981 -0.000 0.196
vn -0.000 -0.000 1.000
vn -0.700 -0.700 0.140
vn -0.700 -0.700 0.140
vn -0.000 -0.000 1.000
vn -0.000 -0.000 1.000
vn 0.330 -0.926 0.185
vn 0.700 -0.700 0.140
vn 0.534 -0.829 0.166
vn -0.000 -0.957 0.290
vn -0.000 -0.000 1.000
vn -0.000 -0.000 1.000
vn -0.700 0.700 0.140
vn -0.700 0.700 0.140
vn -0.000 0.959 0.284
vn -0.000 -0.000 1.000
vn -0.000 -0.000 1.000
vn 0.956 0.222 0.191
vn 0.754 0.639 0.151
vn -0.000 -0.000 1.000
vn -0.000 -0.000 1.000
vn -0.000 -0.938 0.345
vn -0.358 -0.916 0.183
vn -0.700 -0.700 0.140
vn -0.513 -0.842 0.168
vn -0.000 -0.981 0.196
vn -0.000 -0.000 1.000
vn -0.000 -0.000 1.000
vn -0.000 -0.966 0.257
vn -0.000 -0.981 0.196
vn 0.700 -0.700 0.140
vn 0.700 -0.700 0.140
vn -0.000 -0.981 0.196
vn -0.000 -0.000 1.000
vn -0.000 -0.000 1.000
vn -0.623 0.767 0.153
vn -0.700 0.700 0.140
vn -0.223 0.945 0.238
vn -0.000 -0.000 1.000
vn -0.000 -0.000 1.000
vn 0.849 0.501 0.170
vn 0.981 -0.000 0.196
vn -0.000 -0.000 1.000
vn -0.700 -0.700 0.140
vn -0.700 -0.700 0.140
vn -0.000 -0.000 1.000
vn -0.000 -0.000 1.000
vn -0.000 -0.872 0.490
vn 0.317 -0.930 0.186
vn 0.700 -0.700 0.140
vn 0.543 -0.824 0.165
vn -0.000 -0.955 0.296
vn -0.000 -0.000 1.000
vn -0.000 -0.000 1.000
vn -0.303 0.934 0.187
vn -0.700 0.700 0.140
vn -0.552 0.818 0.164
vn -0.000 -0.000 1.000
vn 0.757 -0.000 0.653
vn 0.700 0.700 0.140
vn 0.968 -0.000 0.252
vn -0.000 -0.000 1.000
vn -0.470 -0.865 0.173
vn -0.700 -0.700 0.140
vn -0.409 -0.895 0.179
vn -0.000 -0.950 0.312
vn -0.000 -0.000 1.000
vn -0.000 -0.000 1.000
vn -0.000 -0.981 0.196
vn 0.700 -0.700 0.140
vn 0.700 -0.700 0.140
vn -0.000 -0.981 0.196
vn -0.000 -0.981 0.196
vn -0.000 -0.000 1.000
vn -0.000 -0.000 1.000
vn -0.238 0.943 0.232
vn -0.700 0.700 0.140
vn -0.615 0.773 0.155
vn -0.000 -0.000 1.000
vn 0.947 -0.000 0.321
vn 0.700 0.700 0.140
vn 0.898 -0.000 0.439
vn -0.000 -0.000 1.000
vn -0.746 -0.649 0.149
vn -0.700 -0.700 0.140
vn -0.000 -0.000 1.000
vn -0.000 -0.000 1.000
vn -0.000 -0.862 0.506
vn 0.327 -0.927 0.185
vn 0.700 -0.700 0.140
vn 0.535 -0.828 0.166
vn -0.000 -0.981 0.196
vn -0.000 -0.981 0.196
vn -0.000 -0.981 0.196
vn -0.000 -0.981 0.196
vn -0.000 -0.966 0.259
vn -0.000 -0.901 0.434
vn -0.000 -0.937 0.350
vn -0.000 -0.979 0.204
vn -0.000 -0.981 0.196
vn -0.000 -0.965 0.261
vn -0.000 -0.906 0.424
vn -0.000 -0.708 0.706
vn -0.000 -0.000 1.000
vn -0.000 -0.000 1.000
vn -0.000 0.852 0.524
vn -0.700 0.700 0.140
vn -0.700 0.700 0.140
vn -0.000 -0.000 1.000
vn -0.000 -0.000 1.000
vn 0.973 0.128 0.195
vn 0.783 0.602 0.157
vn -0.000 -0.000 1.000
vn -0.000 -0.000 1.000
vn -0.901 -0.395 0.180
vn -0.700 -0.700 0.140
vn -0.000 -0.916 0.401
vn -0.000 -0.000 1.000
vn -0.000 -0.000 1.000
vn -0.000 -0.981 0.196
vn -0.000 -0.981 0.196
vn 0.700 -0.700 0.140
vn 0.700 -0.700 0.140
vn -0.000 -0.981 0.196
vn -0.000 -0.972 0.235
vn -0.000 -0.000 1.000
vn -0.000 -0.000 1.000
vn -0.000 0.716 0.698
vn -0.700 0.700 0.140
vn -0.700 0.700 0.140
vn -0.000 -0.000 1.000
vn 0.981 -0.000 0.196
vn 0.910 0.373 0.182
vn -0.000 -0.000 1.000
vn -0.975 -0.000 0.224
vn -0.700 -0.700 0.140
vn -0.544 -0.000 0.839
vn -0.000 -0.000 1.000
vn -0.000 -0.870 0.493
vn -0.000 -0.981 0.196
vn -0.000 -0.981 0.196
vn -0.000 -0.981 0.196
vn -0.000 -0.981 0.196
vn 0.241 -0.952 0.190
vn 0.497 -0.851 0.170
vn 0.203 -0.960 0.192
vn -0.472 -0.864 0.173
vn -0.414 -0.892 0.178
vn 0.214 -0.958 0.192
vn 0.490 -0.855 0.171
vn 0.467 -0.867 0.173
vn 0.386 -0.905 0.181
vn 0.193 -0.962 0.192
vn -0.000 -0.981 0.196
vn -0.000 -0.981 0.196
vn -0.000 -0.981 0.196
vn -0.000 -0.981 0.196
vn -0.000 -0.981 0.196
vn -0.000 -0.981 0.196
vn -0.000 -0.981 0.196
vn -0.000 -0.981 0.196
vn -0.000 -0.981 0.196
vn -0.000 -0.981 0.196
vn -0.000 -0.981 0.196
vn -0.000 -0.981 0.196
vn -0.000 -0.981 0.196
vn -0.000 -0.981 0.196
vn -0.000 -0.613 0.790
vn -0.000 -0.000 1.000
vn -0.000 -0.000 1.000
vn -0.700 0.700 0.140
vn -0.700 0.700 0.140
vn -0.000 -0.000 1.000
vn 0.550 -0.000 0.835
vn 0.700 0.700 0.140
vn 0.974 -0.000 0.224
vn -0.910 -0.000 0.416
vn -0.700 -0.700 0.140
vn -0.942 -0.000 0.335
vn -0.000 -0.000 1.000
vn -0.000 -0.981 0.196
vn 0.167 -0.967 0.193
vn 0.700 -0.700 0.140
vn 0.630 -0.762 0.152
vn -0.000 -0.981 0.196
vn -0.000 -0.981 0.196
vn -0.000 -0.000 1.000
vn -0.000 -0.000 1.000
vn -0.700 0.700 0.140
vn -0.700 0.700 0.140
vn -0.000 -0.000 1.000
vn 0.981 -0.000 0.196
vn 0.981 -0.000 0.196
vn -0.000 -0.000 1.000
vn -0.963 -0.189 0.193
vn -0.973 -0.126 0.195
vn -0.000 -0.000 1.000
vn -0.000 -0.000 1.000
vn -0.000 -0.784 0.620
vn -0.000 -0.946 0.324
vn -0.000 -0.918 0.396
vn -0.000 -0.188 0.982
vn -0.000 -0.000 1.000
vn -0.000 -0.794 0.608
vn -0.000 -0.944 0.329
vn -0.000 -0.970 0.243
vn -0.000 -0.981 0.196
vn -0.000 -0.981 0.196
vn -0.000 -0.981 0.196
vn -0.000 -0.981 0.196
vn -0.000 -0.981 0.196
vn -0.000 -0.981 0.196
vn -0.000 -0.981 0.196
vn -0.000 -0.981 0.196
vn -0.000 -0.981 0.196
vn -0.000 -0.981 0.196
vn -0.000 -0.981 0.196
vn -0.000 -0.981 0.196
vn -0.000 -0.981 0.196
vn -0.000 -0.981 0.196
vn 0.638 -0.755 0.151
vn 0.700 -0.700 0.140
vn 0.150 -0.969 0.194
vn -0.000 -0.981 0.196
vn -0.000 -0.000 1.000
vn -0.000 -0.000 1.000
vn -0.700 0.700 0.140
vn -0.700 0.700 0.140
vn -0.000 -0.000 1.000
vn 0.981 -0.000 0.196
vn 0.747 0.648 0.149
vn -0.000 -0.000 1.000
vn -0.000 -0.000 1.000
vn -0.700 -0.700 0.140
vn -0.859 -0.483 0.172
vn -0.000 -0.000 1.000
vn -0.000 -0.000 1.000
vn -0.000 -0.654 0.757
vn -0.000 -0.981 0.196
vn -0.000 -0.981 0.196
vn 0.700 -0.700 0.140
vn 0.700 -0.700 0.140
vn -0.000 -0.000 1.000
vn -0.000 -0.000 1.000
vn -0.700 0.700 0.140
vn -0.700 0.700 0.140
vn -0.000 -0.000 1.000
vn -0.000 -0.000 1.000
vn 0.880 0.440 0.176
vn 0.981 -0.000 0.196
vn -0.700 -0.000 0.714
vn -0.700 -0.700 0.140
vn -0.970 -0.000 0.241
vn -0.000 -0.000 1.000
vn -0.000 -0.973 0.230
vn -0.000 -0.981 0.196
vn 0.700 -0.700 0.140
vn 0.700 -0.700 0.140
vn -0.000 -0.860 0.510
vn -0.000 -0.000 1.000
vn -0.000 -0.000 1.000
vn -0.700 0.700 0.140
vn -0.700 0.700 0.140
vn -0.000 0.974 0.226
vn -0.000 -0.000 1.000
vn -0.000 -0.000 1.000
vn -0.000 0.920 0.393
vn -0.000 0.977 0.213
vn -0.000 0.981 0.196
vn -0.000 0.981 0.196
vn -0.000 0.981 0.196
vn -0.000 0.981 0.196
vn -0.000 0.981 0.196
vn -0.000 0.981 0.196
vn -0.000 0.981 0.196
vn -0.000 0.981 0.196
vn -0.000 0.981 0.196
vn -0.000 0.981 0.196
vn -0.000 0.981 0.196
vn -0.000 0.981 0.196
vn -0.000 0.981 0.196
vn -0.000 0.981 0.196
vn -0.000 0.981 0.196
vn -0.000 0.967 0.255
vn -0.000 0.299 0.954
vn -0.000 -0.000 1.000
vn -0.000 -0.000 1.000
vn 0.823 0.543 0.165
vn 0.981 -0.000 0.196
vn -0.000 -0.000 1.000
vn -0.000 -0.030 1.000
vn -0.700 -0.700 0.140
vn -0.700 -0.700 0.140
vn -0.000 -0.000 1.000
vn -0.000 -0.000 1.000
vn 0.700 -0.700 0.140
vn 0.700 -0.700 0.140
vn -0.000 -0.976 0.219
vn -0.000 -0.000 1.000
vn -0.000 -0.000 1.000
vn -0.700 0.700 0.140
vn -0.700 0.700 0.140
vn -0.000 -0.000 1.000
vn 0.928 -0.000 0.371
vn 0.876 0.450 0.175
vn 0.928 -0.000 0.371
vn -0.981 -0.000 0.196
vn -0.770 -0.619 0.154
vn -0.000 -0.000 1.000
vn -0.000 -0.000 1.000
vn 0.545 -0.822 0.164
vn 0.700 -0.700 0.140
vn 0.710 -0.564 0.421
vn -0.000 -0.000 1.000
vn -0.000 -0.000 1.000
vn -0.134 0.972 0.194
vn -0.700 0.700 0.140
vn -0.645 0.749 0.150
vn -0.000 -0.000 1.000
vn -0.000 -0.000 1.000
vn -0.000 0.981 0.196
vn -0.000 0.981 0.196
vn -0.000 0.981 0.196
vn 0.417 0.891 0.178
vn 0.670 0.728 0.146
vn 0.462 0.870 0.174
vn 0.079 0.978 0.196
vn -0.000 0.981 0.196
vn -0.000 0.981 0.196
vn -0.000 0.981 0.196
vn -0.000 0.981 0.196
vn -0.000 0.981 0.196
vn -0.000 0.981 0.196
vn -0.000 0.981 0.196
vn -0.000 0.981 0.196
vn -0.000 0.981 0.196
vn -0.000 0.981 0.196
vn -0.000 0.981 0.196
vn -0.000 0.981 0.196
vn -0.000 0.981 0.196
vn -0.231 0.954 0.191
vn -0.677 0.722 0.144
vn -0.597 0.787 0.157
vn -0.061 0.979 0.196
vn -0.000 0.981 0.196
vn -0.000 0.981 0.196
vn -0.000 0.939 0.344
vn -0.000 -0.000 1.000
vn 0.957 -0.000 0.290
vn 0.700 0.700 0.140
vn 0.862 -0.000 0.507
vn -0.030 -0.000 1.000
vn -0.700 -0.700 0.140
vn -0.698 -0.702 0.140
vn -0.000 -0.000 1.000
vn -0.000 -0.000 1.000
vn 0.107 -0.975 0.195
vn 0.700 -0.700 0.140
vn 0.658 -0.739 0.148
vn -0.000 -0.000 1.000
vn -0.000 -0.000 1.000
vn -0.700 0.700 0.140
vn -0.700 0.700 0.140
vn -0.000 -0.000 1.000
vn 0.932 -0.000 0.363
vn 0.974 -0.120 0.195
vn 0.925 -0.000 0.380
vn -0.981 -0.000 0.196
vn -0.981 -0.000 0.196
vn -0.000 -0.000 1.000
vn 0.727 -0.658 0.199
vn 0.700 -0.700 0.140
vn 0.767 -0.289 0.573
vn -0.000 -0.000 1.000
vn -0.000 -0.000 1.000
vn -0.000 0.569 0.822
vn -0.700 0.700 0.140
vn -0.700 0.700 0.140
vn -0.000 0.859 0.511
vn -0.000 -0.000 1.000
vn -0.000 -0.000 1.000
vn -0.000 0.926 0.378
vn -0.000 0.938 0.347
vn -0.000 0.750 0.662
vn -0.000 -0.000 1.000
vn -0.000 -0.000 1.000
vn -0.000 0.960 0.282
vn -0.000 0.981 0.196
vn -0.000 0.981 0.196
vn 0.700 0.700 0.140
vn 0.700 0.700 0.140
vn -0.000 0.981 0.196
vn -0.000 0.981 0.196
vn -0.000 0.981 0.196
vn -0.000 0.936 0.352
vn -0.000 0.373 0.928
vn -0.000 -0.000 1.000
vn -0.000 -0.000 1.000
vn -0.000 0.770 0.638
vn -0.000 0.978 0.209
vn -0.000 0.981 0.196
vn -0.000 0.981 0.196
vn -0.407 0.896 0.179
vn -0.700 0.700 0.140
vn -0.472 0.865 0.173
vn -0.000 0.981 0.196
vn -0.000 0.981 0.196
vn -0.000 0.981 0.196
vn -0.000 0.981 0.196
vn -0.000 0.981 0.196
vn -0.000 0.981 0.196
vn -0.000 0.967 0.255
vn -0.000 -0.000 1.000
vn -0.000 -0.000 1.000
vn 0.950 0.248 0.190
vn 0.930 0.316 0.186
vn -0.000 -0.000 1.000
vn -0.000 -0.000 1.000
vn -0.700 -0.700 0.140
vn -0.702 -0.698 0.140
vn -0.000 -0.000 1.000
vn -0.000 -0.000 1.000
vn -0.000 -0.482 0.876
vn 0.700 -0.700 0.140
vn 0.700 -0.700 0.140
vn -0.000 -0.000 1.000
vn -0.000 -0.000 1.000
vn -0.700 0.700 0.140
vn -0.700 0.700 0.140
vn -0.000 -0.000 1.000
vn 0.883 -0.000 0.469
vn 0.876 -0.450 0.175
vn 0.952 -0.000 0.306
vn -0.000 -0.000 1.000
vn -0.882 -0.436 0.176
vn -0.981 -0.000 0.196
vn -0.000 -0.000 1.000
vn 0.764 -0.622 0.170
vn 0.700 -0.700 0.140
vn 0.450 -0.000 0.893
vn -0.000 -0.000 1.000
vn -0.546 0.822 0.164
vn -0.700 0.700 0.140
vn -0.313 0.931 0.186
vn -0.000 -0.000 1.000
vn -0.000 -0.000 1.000
vn -0.000 0.952 0.307
vn -0.000 0.981 0.196
vn -0.000 0.981 0.196
vn -0.000 0.981 0.196
vn -0.000 0.981 0.196
vn -0.000 0.981 0.196
vn -0.000 0.981 0.196
vn -0.000 0.981 0.196
vn -0.000 0.981 0.196
vn 0.433 0.884 0.177
vn 0.468 0.866 0.173
vn -0.250 0.950 0.190
vn -0.468 0.866 0.173
vn -0.217 0.957 0.191
vn -0.000 0.981 0.196
vn 0.556 0.815 0.163
vn 0.700 0.700 0.140
vn 0.298 0.936 0.187
vn -0.000 0.981 0.196
vn -0.000 0.981 0.196
vn -0.000 -0.000 1.000
vn -0.000 -0.000 1.000
vn -0.000 0.915 0.403
vn -0.000 0.981 0.196
vn -0.000 0.981 0.196
vn -0.000 0.981 0.196
vn -0.000 0.981 0.196
vn -0.000 0.981 0.196
vn -0.000 0.981 0.196
vn -0.231 0.954 0.191
vn -0.700 0.700 0.140
vn -0.597 0.787 0.157
vn -0.000 0.981 0.196
vn -0.000 0.981 0.196
vn -0.000 0.971 0.239
vn -0.000 -0.000 1.000
vn 0.794 -0.000 0.608
vn 0.700 0.700 0.140
vn 0.965 -0.000 0.261
vn -0.000 -0.000 1.000
vn -0.737 -0.659 0.147
vn -0.700 -0.700 0.140
vn -0.000 -0.000 1.000
vn -0.000 -0.000 1.000
vn 0.700 -0.700 0.140
vn 0.700 -0.700 0.140
vn -0.000 -0.000 1.000
vn -0.000 -0.000 1.000
vn -0.700 0.700 0.140
vn -0.740 0.657 0.148
vn -0.000 -0.000 1.000
vn -0.000 -0.000 1.000
vn 0.920 -0.347 0.184
vn 0.981 -0.000 0.196
vn -0.927 -0.000 0.375
vn -0.700 -0.700 0.140
vn -0.930 -0.000 0.368
vn -0.000 -0.000 1.000
vn 0.736 -0.661 0.147
vn 0.700 -0.700 0.140
vn -0.000 -0.000 1.000
vn -0.000 -0.000 1.000
vn -0.000 0.958 0.288
vn -0.700 0.700 0.140
vn -0.700 0.700 0.140
vn -0.000 -0.000 1.000
vn -0.000 -0.000 1.000
vn -0.000 0.108 0.994
vn -0.000 0.981 0.196
vn -0.000 0.981 0.196
vn -0.000 0.981 0.196
vn 0.520 0.838 0.168
vn 0.700 0.700 0.140
vn 0.349 0.919 0.184
vn -0.000 0.981 0.196
vn -0.000 0.981 0.196
vn -0.000 0.981 0.196
vn -0.000 0.981 0.196
vn -0.000 0.981 0.196
vn -0.000 0.981 0.196
vn -0.000 0.981 0.196
vn -0.000 0.981 0.196
vn -0.000 0.931 0.365
vn -0.000 0.917 0.399
vn -0.000 0.968 0.250
vn -0.000 0.981 0.196
vn -0.000 0.981 0.196
vn -0.000 0.981 0.196
vn -0.000 0.847 0.532
vn -0.000 -0.000 1.000
vn -0.000 -0.000 1.000
vn -0.000 0.770 0.638
vn -0.000 0.981 0.196
vn -0.000 0.981 0.196
vn -0.182 0.964 0.193
vn -0.700 0.700 0.140
vn -0.623 0.767 0.153
vn -0.000 0.981 0.196
vn -0.000 -0.000 1.000
vn -0.000 -0.000 1.000
vn 0.980 0.045 0.196
vn 0.794 0.587 0.159
vn -0.000 -0.000 1.000
vn -0.976 -0.000 0.218
vn -0.700 -0.700 0.140
vn -0.468 -0.000 0.884
vn -0.000 -0.000 1.000
vn 0.700 -0.700 0.140
vn 0.700 -0.700 0.140
vn -0.000 -0.647 0.763
vn -0.000 -0.000 1.000
vn -0.490 -0.000 0.872
vn -0.700 0.700 0.140
vn -0.657 0.740 0.148
vn -0.000 -0.000 1.000
vn 0.981 -0.000 0.196
vn 0.981 -0.000 0.196
vn -0.981 -0.000 0.196
vn -0.878 -0.444 0.176
vn -0.000 -0.000 1.000
vn -0.000 -0.000 1.000
vn 0.700 -0.700 0.140
vn 0.700 -0.700 0.140
vn -0.000 -0.000 1.000
vn -0.000 -0.000 1.000
vn -0.700 0.700 0.140
vn -0.700 0.700 0.140
vn -0.000 -0.000 1.000
vn -0.000 -0.000 1.000
vn -0.000 0.971 0.241
vn 0.021 0.980 0.196
vn 0.700 0.700 0.140
vn 0.692 0.708 0.142
vn -0.000 0.981 0.196
vn -0.000 0.981 0.196
vn -0.000 0.981 0.196
vn -0.000 0.885 0.466
vn -0.000 -0.000 1.000
vn -0.000 -0.000 1.000
vn -0.000 0.686 0.728
vn -0.000 0.981 0.196
vn -0.700 0.700 0.140
vn -0.700 0.700 0.140
vn -0.000 0.981 0.196
vn -0.000 -0.000 1.000
vn 0.222 -0.000 0.975
vn 0.700 0.700 0.140
vn 0.979 -0.000 0.205
vn -0.000 -0.000 1.000
vn -0.700 -0.700 0.140
vn -0.975 -0.103 0.195
vn -0.000 -0.000 1.000
vn -0.000 -0.000 1.000
vn 0.631 -0.760 0.152
vn 0.700 -0.700 0.140
vn 0.411 -0.772 0.485
vn -0.000 -0.000 1.000
vn -0.000 -0.000 1.000
vn -0.000 0.490 0.872
vn -0.700 0.700 0.140
vn -0.700 0.700 0.140
vn -0.000 -0.000 1.000
vn -0.000 -0.000 1.000
vn 0.973 0.125 0.195
vn 0.981 -0.000 0.196
vn -0.981 -0.000 0.196
vn -0.981 -0.000 0.196
vn -0.000 -0.000 1.000
vn 0.700 -0.700 0.140
vn 0.700 -0.700 0.140
vn -0.000 -0.699 0.715
vn -0.000 -0.000 1.000
vn -0.000 -0.000 1.000
vn -0.700 0.700 0.140
vn -0.700 0.700 0.140
vn -0.000 0.981 0.196
vn -0.000 -0.000 1.000
vn -0.000 -0.000 1.000
vn -0.000 0.955 0.297
vn -0.000 0.981 0.196
vn 0.621 0.769 0.154
vn 0.700 0.700 0.140
vn 0.186 0.964 0.193
vn -0.000 0.980 0.200
vn -0.000 -0.000 1.000
vn -0.000 -0.000 1.000
vn -0.000 0.981 0.196
vn -0.700 0.700 0.140
vn -0.700 0.700 0.140
vn -0.000 -0.000 1.000
vn -0.000 -0.000 1.000
vn 0.978 0.074 0.196
vn 0.716 0.683 0.143
vn -0.000 -0.000 1.000
vn -0.000 -0.000 1.000
vn -0.700 -0.700 0.140
vn -0.700 -0.700 0.140
vn -0.000 -0.000 1.000
vn -0.000 -0.000 1.000
vn 0.624 -0.760 0.183
vn 0.700 -0.700 0.140
vn 0.431 -0.861 0.271
vn -0.000 -0.000 1.000
vn -0.000 -0.000 1.000
vn -0.700 0.700 0.140
vn -0.700 0.700 0.140
vn -0.000 -0.000 1.000
vn 0.540 -0.000 0.842
vn 0.837 0.521 0.167
vn 0.975 -0.000 0.224
vn -0.981 -0.000 0.196
vn -0.981 -0.000 0.196
vn -0.000 -0.000 1.000
vn 0.619 -0.770 0.154
vn 0.700 -0.700 0.140
vn 0.349 -0.866 0.358
vn -0.000 -0.000 1.000
vn -0.000 -0.000 1.000
vn -0.000 0.981 0.196
vn -0.700 0.700 0.140
vn -0.700 0.700 0.140
vn -0.000 0.981 0.196
vn -0.000 0.952 0.307
vn -0.000 -0.000 1.000
vn -0.000 -0.000 1.000
vn -0.000 0.981 0.196
vn 0.533 0.830 0.166
vn 0.700 0.700 0.140
vn 0.331 0.925 0.185
vn -0.000 0.981 0.196
vn -0.000 0.694 0.720
vn -0.000 -0.000 1.000
vn -0.000 -0.000 1.000
vn -0.700 0.700 0.140
vn -0.700 0.700 0.140
vn -0.000 0.971 0.239
vn -0.000 -0.000 1.000
vn 0.354 -0.000 0.935
vn 0.700 0.700 0.140
vn 0.977 -0.000 0.211
vn -0.000 -0.000 1.000
vn -0.938 -0.292 0.188
vn -0.700 -0.700 0.140
vn -0.000 -0.000 1.000
vn -0.000 -0.000 1.000
vn 0.456 -0.854 0.251
vn 0.700 -0.700 0.140
vn 0.654 -0.728 0.206
vn -0.000 -0.000 1.000
vn -0.000 -0.000 1.000
vn -0.700 0.700 0.140
vn -0.700 0.700 0.140
vn -0.000 -0.000 1.000
vn 0.952 -0.000 0.306
vn 0.784 0.601 0.157
vn 0.884 -0.000 0.468
vn -0.981 -0.000 0.196
vn -0.981 -0.000 0.196
vn -0.000 -0.000 1.000
vn 0.528 -0.824 0.205
vn 0.700 -0.700 0.140
vn 0.567 -0.789 0.234
vn -0.000 -0.000 1.000
vn -0.000 -0.000 1.000
vn -0.000 0.981 0.196
vn -0.350 0.919 0.184
vn -0.700 0.700 0.140
vn -0.519 0.838 0.168
vn -0.000 0.981 0.196
vn -0.000 0.972 0.235
vn -0.000 0.076 0.997
vn -0.000 -0.000 1.000
vn -0.000 -0.000 1.000
vn -0.000 0.952 0.307
vn -0.000 0.981 0.196
vn -0.000 0.981 0.196
vn 0.700 0.700 0.140
vn 0.700 0.700 0.140
vn -0.000 0.981 0.196
vn -0.000 0.873 0.489
vn -0.000 -0.000 1.000
vn -0.000 -0.000 1.000
vn -0.180 0.965 0.193
vn -0.700 0.700 0.140
vn -0.624 0.767 0.153
vn -0.000 -0.000 1.000
vn -0.000 -0.000 1.000
vn -0.000 0.970 0.242
vn 0.700 0.700 0.140
vn 0.727 0.672 0.145
vn -0.000 -0.000 1.000
vn -0.841 -0.000 0.541
vn -0.700 -0.700 0.140
vn -0.960 -0.000 0.279
vn -0.000 -0.000 1.000
vn 0.575 -0.717 0.394
vn 0.700 -0.700 0.140
vn 0.632 -0.754 0.178
vn -0.000 -0.000 1.000
vn -0.000 -0.000 1.000
vn -0.700 0.700 0.140
vn -0.700 0.700 0.140
vn -0.000 -0.000 1.000
vn 0.976 -0.000 0.218
vn 0.920 0.347 0.184
vn 0.467 -0.000 0.884
vn -0.981 -0.000 0.196
vn -0.981 -0.000 0.196
vn -0.000 -0.000 1.000
vn 0.508 -0.803 0.311
vn 0.700 -0.700 0.140
vn 0.672 -0.713 0.200
vn -0.000 -0.000 1.000
vn -0.000 -0.000 1.000
vn -0.000 0.885 0.465
vn -0.000 0.981 0.196
vn -0.168 0.967 0.193
vn -0.695 0.705 0.141
vn -0.630 0.762 0.152
vn -0.015 0.980 0.196
vn 0.520 0.838 0.168
vn 0.700 0.700 0.140
vn 0.349 0.919 0.184
vn -0.000 0.981 0.196
vn -0.000 0.981 0.196
vn -0.000 -0.000 1.000
vn -0.000 -0.000 1.000
vn -0.000 0.682 0.731
vn -0.700 0.700 0.140
vn -0.981 -0.000 0.196
vn -0.000 -0.000 1.000
vn 0.618 0.771 0.154
vn 0.700 0.700 0.140
vn 0.191 0.963 0.193
vn -0.000 -0.000 1.000
vn -0.000 -0.000 1.000
vn -0.700 -0.700 0.140
vn -0.813 -0.560 0.163
vn -0.000 -0.000 1.000
vn -0.000 -0.000 1.000
vn 0.401 -0.755 0.518
vn 0.700 -0.700 0.140
vn 0.638 -0.755 0.151
vn -0.000 -0.000 1.000
vn -0.000 -0.000 1.000
vn -0.700 0.700 0.140
vn -0.700 0.700 0.140
vn -0.000 -0.000 1.000
vn 0.981 -0.000 0.196
vn 0.975 0.103 0.195
vn -0.000 -0.000 1.000
vn -0.981 -0.000 0.196
vn -0.981 -0.000 0.196
vn -0.000 -0.000 1.000
vn 0.599 -0.683 0.418
vn 0.700 -0.700 0.140
vn 0.702 -0.684 0.197
vn -0.000 -0.000 1.000
vn -0.000 -0.000 1.000
vn -0.000 0.656 0.755
vn -0.000 0.980 0.199
vn -0.000 0.981 0.196
vn -0.000 0.981 0.196
vn -0.000 0.885 0.466
vn -0.000 -0.000 1.000
vn -0.981 -0.000 0.196
vn -0.700 0.700 0.140
vn -0.000 -0.000 1.000
vn -0.000 -0.000 1.000
vn -0.000 0.981 0.196
vn 0.700 0.700 0.140
vn 0.700 0.700 0.140
vn -0.000 0.704 0.710
vn -0.000 -0.000 1.000
vn -0.000 -0.000 1.000
vn -0.738 -0.659 0.148
vn -0.700 -0.700 0.140
vn -0.000 -0.000 1.000
vn -0.000 -0.000 1.000
vn -0.000 -0.613 0.790
vn 0.700 -0.700 0.140
vn 0.874 -0.453 0.175
vn -0.000 -0.000 1.000
vn -0.000 -0.000 1.000
vn -0.700 0.700 0.140
vn -0.700 0.700 0.140
vn -0.000 -0.000 1.000
vn 0.981 -0.000 0.196
vn 0.981 -0.000 0.196
vn -0.000 -0.000 1.000
vn -0.964 -0.181 0.193
vn -0.981 -0.000 0.196
vn -0.000 -0.000 1.000
vn 0.657 -0.618 0.432
vn 0.700 -0.700 0.140
vn 0.564 -0.810 0.162
vn -0.000 -0.000 1.000
vn -0.000 -0.000 1.000
vn -0.700 0.700 0.140
vn -0.700 0.700 0.140
vn -0.000 0.981 0.196
vn -0.000 0.981 0.196
vn 0.700 0.700 0.140
vn 0.700 0.700 0.140
vn -0.000 0.981 0.196
vn -0.000 -0.000 1.000
vn -0.976 -0.000 0.219
vn -0.700 -0.700 0.140
vn -0.472 -0.000 0.882
vn 0.923 -0.000 0.384
vn 0.700 -0.700 0.140
vn 0.932 -0.041 0.360
vn -0.000 -0.000 1.000
vn -0.000 -0.000 1.000
vn -0.700 0.700 0.140
vn -0.700 0.700 0.140
vn -0.000 -0.000 1.000
vn 0.981 -0.000 0.196
vn 0.981 -0.000 0.196
vn -0.685 -0.000 0.728
vn -0.700 -0.700 0.140
vn -0.971 -0.000 0.239
vn -0.000 -0.000 1.000
vn -0.000 -0.836 0.549
vn 0.700 -0.700 0.140
vn 0.700 -0.700 0.140
vn -0.000 -0.000 1.000
vn -0.000 -0.000 1.000
vn -0.000 0.981 0.196
vn -0.000 0.981 0.196
vn -0.000 0.981 0.196
vn -0.000 0.981 0.196
vn -0.000 -0.000 1.000
vn -0.000 -0.000 1.000
vn -0.700 -0.700 0.140
vn -0.975 -0.104 0.195
vn -0.000 -0.000 1.000
vn -0.000 -0.000 1.000
vn 0.882 -0.435 0.181
vn 0.700 -0.700 0.140
vn 0.112 -0.000 0.994
vn -0.000 -0.000 1.000
vn -0.700 0.700 0.140
vn -0.700 0.700 0.140
vn -0.000 -0.000 1.000
vn 0.981 -0.000 0.196
vn 0.981 -0.000 0.196
vn -0.981 -0.000 0.196
vn -0.767 -0.623 0.153
vn -0.000 -0.000 1.000
vn -0.000 -0.000 1.000
vn 0.700 -0.700 0.140
vn 0.700 -0.700 0.140
vn -0.000 -0.000 1.000
vn -0.000 -0.000 1.000
vn -0.973 -0.128 0.195
vn -0.700 -0.700 0.140
vn -0.000 -0.000 1.000
vn -0.000 -0.000 1.000
vn 0.708 -0.692 0.142
vn 0.700 -0.700 0.140
vn -0.000 -0.000 1.000
vn -0.000 -0.000 1.000
vn -0.700 0.700 0.140
vn -0.700 0.700 0.140
vn -0.000 -0.000 1.000
vn -0.000 -0.000 1.000
vn 0.805 0.571 0.161
vn 0.981 -0.000 0.196
vn -0.981 -0.000 0.196
vn -0.981 -0.000 0.196
vn -0.000 -0.000 1.000
vn 0.700 -0.700 0.140
vn 0.953 -0.237 0.191
vn -0.000 -0.000 1.000
vn -0.549 -0.000 0.836
vn -0.700 -0.700 0.140
vn -0.974 -0.000 0.224
vn -0.000 -0.000 1.000
vn 0.700 -0.700 0.140
vn 0.700 -0.700 0.140
vn -0.000 -0.000 1.000
vn -0.000 -0.000 1.000
vn -0.700 0.700 0.140
vn -0.720 0.679 0.144
vn -0.000 -0.000 1.000
vn 0.962 -0.000 0.271
vn 0.700 0.700 0.140
vn 0.824 -0.000 0.567
vn -0.000 -0.000 1.000
vn -0.963 -0.187 0.193
vn -0.981 -0.000 0.196
vn 0.966 -0.000 0.257
vn 0.700 -0.700 0.140
vn 0.779 -0.000 0.627
vn -0.000 -0.000 1.000
vn -0.700 -0.700 0.140
vn -0.747 -0.648 0.149
vn -0.000 -0.000 1.000
vn -0.000 -0.000 1.000
vn 0.700 -0.700 0.140
vn 0.700 -0.700 0.140
vn -0.000 -0.000 1.000
vn -0.274 -0.000 0.962
vn -0.700 0.700 0.140
vn -0.923 0.332 0.196
vn -0.000 -0.000 1.000
vn 0.981 -0.000 0.196
vn 0.943 0.274 0.189
vn -0.000 -0.000 1.000
vn -0.697 -0.000 0.718
vn -0.700 -0.700 0.140
vn -0.971 -0.000 0.241
vn -0.000 -0.000 1.000
vn 0.789 -0.593 0.158
vn 0.700 -0.700 0.140
vn -0.000 -0.000 1.000
vn -0.000 -0.000 1.000
vn -0.888 -0.424 0.178
vn -0.700 -0.700 0.140
vn -0.000 -0.000 1.000
vn -0.000 -0.000 1.000
vn 0.700 -0.700 0.140
vn 0.781 -0.605 0.156
vn -0.000 -0.000 1.000
vn -0.000 -0.000 1.000
vn -0.954 0.082 0.289
vn -0.700 0.700 0.140
vn -0.861 -0.000 0.508
vn 0.981 -0.000 0.196
vn 0.981 -0.000 0.196
vn -0.981 -0.000 0.196
vn -0.769 -0.620 0.154
vn -0.000 -0.000 1.000
vn -0.000 -0.000 1.000
vn 0.700 -0.700 0.140
vn 0.700 -0.700 0.140
vn -0.000 -0.000 1.000
vn -0.000 -0.000 1.000
vn -0.854 -0.377 0.358
vn -0.700 -0.700 0.140
vn -0.934 -0.000 0.358
vn 0.747 -0.000 0.665
vn 0.700 -0.700 0.140
vn 0.968 -0.000 0.250
vn -0.000 -0.000 1.000
vn -0.823 0.544 0.165
vn -0.721 0.678 0.144
vn -0.000 -0.000 1.000
vn -0.000 -0.000 1.000
vn 0.949 0.250 0.190
vn 0.981 -0.000 0.196
vn -0.981 -0.000 0.196
vn -0.981 -0.000 0.196
vn -0.000 -0.000 1.000
vn 0.700 -0.700 0.140
vn 0.700 -0.700 0.140
vn -0.000 -0.961 0.278
vn -0.000 -0.000 1.000
vn -0.725 -0.000 0.689
vn -0.700 -0.700 0.140
vn -0.816 -0.540 0.207
vn -0.000 -0.000 1.000
vn -0.000 -0.000 1.000
vn 0.958 -0.215 0.192
vn 0.700 -0.700 0.140
vn -0.000 -0.000 1.000
vn -0.281 -0.000 0.960
vn -0.700 0.700 0.140
vn -0.978 -0.000 0.208
vn 0.797 -0.000 0.604
vn 0.700 0.700 0.140
vn 0.965 -0.000 0.262
vn -0.000 -0.000 1.000
vn -0.912 -0.368 0.182
vn -0.981 -0.000 0.196
vn -0.000 -0.000 1.000
vn 0.290 -0.938 0.188
vn 0.700 -0.700 0.140
vn 0.561 -0.812 0.162
vn -0.000 -0.000 1.000
vn -0.000 -0.000 1.000
vn -0.700 -0.700 0.140
vn -0.775 -0.612 0.155
vn -0.000 -0.000 1.000
vn -0.000 -0.000 1.000
vn 0.700 -0.700 0.140
vn 0.700 -0.700 0.140
vn -0.000 -0.955 0.298
vn -0.000 -0.000 1.000
vn -0.000 -0.000 1.000
vn -0.979 0.057 0.196
vn -0.700 0.700 0.140
vn -0.000 -0.000 1.000
vn 0.981 -0.000 0.196
vn 0.795 0.585 0.159
vn -0.000 -0.000 1.000
vn -0.896 -0.000 0.445
vn -0.700 -0.700 0.140
vn -0.948 -0.000 0.318
vn -0.000 -0.000 1.000
vn -0.000 -0.839 0.544
vn 0.700 -0.700 0.140
vn 0.700 -0.700 0.140
vn -0.000 -0.000 1.000
vn -0.000 -0.000 1.000
vn -0.703 -0.697 0.141
vn -0.700 -0.700 0.140
vn -0.000 -0.000 1.000
vn -0.000 -0.000 1.000
vn 0.332 -0.925 0.185
vn 0.700 -0.700 0.140
vn 0.532 -0.830 0.166
vn -0.000 -0.000 1.000
vn -0.000 -0.000 1.000
vn -0.700 0.700 0.140
vn -0.874 0.453 0.175
vn -0.000 -0.000 1.000
vn -0.000 -0.000 1.000
vn 0.947 0.259 0.189
vn 0.981 -0.000 0.196
vn -0.981 -0.000 0.196
vn -0.846 -0.505 0.169
vn -0.000 -0.000 1.000
vn -0.000 -0.000 1.000
vn 0.700 -0.700 0.140
vn 0.700 -0.700 0.140
vn -0.000 -0.930 0.368
vn -0.000 -0.000 1.000
vn -0.980 -0.000 0.198
vn -0.700 -0.700 0.140
vn -0.040 -0.000 0.999
vn -0.000 -0.000 1.000
vn -0.000 -0.874 0.486
vn 0.700 -0.700 0.140
vn 0.700 -0.700 0.140
vn -0.000 -0.000 1.000
vn -0.924 -0.000 0.383
vn -0.700 0.700 0.140
vn -0.933 -0.000 0.360
vn 0.807 -0.000 0.590
vn 0.700 0.700 0.140
vn 0.964 -0.000 0.265
vn -0.000 -0.000 1.000
vn -0.770 -0.619 0.154
vn -0.981 -0.000 0.196
vn -0.000 -0.000 1.000
vn 0.436 -0.882 0.176
vn 0.700 -0.700 0.140
vn 0.444 -0.879 0.176
vn -0.000 -0.000 1.000
vn -0.000 -0.000 1.000
vn -0.700 -0.700 0.140
vn -0.981 -0.008 0.196
vn -0.000 -0.000 1.000
vn -0.000 -0.000 1.000
vn 0.700 -0.700 0.140
vn 0.700 -0.700 0.140
vn -0.000 -0.791 0.612
vn -0.000 -0.000 1.000
vn -0.000 -0.000 1.000
vn -0.887 0.427 0.177
vn -0.700 0.700 0.140
vn -0.000 -0.000 1.000
vn -0.000 -0.000 1.000
vn 0.979 0.050 0.196
vn 0.799 0.580 0.160
vn -0.000 -0.000 1.000
vn -0.970 -0.000 0.241
vn -0.700 -0.700 0.140
vn -0.699 -0.000 0.715
vn -0.000 -0.000 1.000
vn -0.000 -0.927 0.375
vn 0.700 -0.700 0.140
vn 0.700 -0.700 0.140
vn -0.000 -0.906 0.424
vn -0.000 -0.000 1.000
vn -0.000 -0.000 1.000
vn -0.700 -0.700 0.140
vn -0.700 -0.700 0.140
vn -0.000 -0.000 1.000
vn -0.000 -0.000 1.000
vn 0.588 -0.793 0.159
vn 0.700 -0.700 0.140
vn 0.359 -0.891 0.278
vn -0.000 -0.000 1.000
vn -0.000 -0.000 1.000
vn -0.700 0.700 0.140
vn -0.773 0.616 0.155
vn -0.000 -0.000 1.000
vn 0.246 -0.000 0.969
vn 0.760 0.632 0.152
vn 0.979 -0.000 0.206
vn -0.000 -0.000 1.000
vn -0.953 -0.234 0.191
vn -0.963 -0.188 0.193
vn -0.000 -0.000 1.000
vn -0.000 -0.000 1.000
vn 0.490 -0.855 0.171
vn 0.700 -0.700 0.140
vn 0.627 -0.722 0.293
vn -0.000 -0.000 1.000
vn -0.000 -0.000 1.000
vn -0.700 -0.700 0.140
vn -0.700 -0.700 0.140
vn -0.000 -0.000 1.000
vn -0.000 -0.000 1.000
vn 0.424 -0.875 0.236
vn 0.700 -0.700 0.140
vn 0.827 -0.499 0.258
vn -0.000 -0.000 1.000
vn -0.713 -0.000 0.701
vn -0.700 0.700 0.140
vn -0.970 -0.000 0.244
vn 0.972 -0.000 0.234
vn 0.979 -0.050 0.196
vn 0.643 -0.000 0.766
vn -0.775 -0.000 0.632
vn -0.700 -0.700 0.140
vn -0.967 -0.000 0.256
vn -0.000 -0.000 1.000
vn 0.642 -0.724 0.253
vn 0.700 -0.700 0.140
vn 0.504 -0.839 0.205
vn -0.000 -0.000 1.000
vn -0.981 -0.000 0.196
vn -0.700 -0.700 0.140
vn -0.000 -0.000 1.000
vn -0.000 -0.000 1.000
vn 0.831 -0.487 0.271
vn 0.700 -0.700 0.140
vn 0.888 -0.000 0.459
vn -0.000 -0.000 1.000
vn -0.962 0.196 0.192
vn -0.700 0.700 0.140
vn -0.000 -0.000 1.000
vn -0.000 -0.000 1.000
vn 0.760 -0.632 0.152
vn 0.981 -0.000 0.196
vn -0.981 -0.000 0.196
vn -0.788 -0.595 0.158
vn -0.000 -0.000 1.000
vn -0.000 -0.000 1.000
vn 0.316 -0.883 0.348
vn 0.700 -0.700 0.140
vn 0.626 -0.765 0.153
vn -0.000 -0.000 1.000
vn -0.000 -0.000 1.000
vn -0.793 -0.589 0.159
vn -0.981 -0.000 0.196
vn -0.000 -0.000 1.000
vn 0.840 -0.515 0.168
vn 0.700 -0.700 0.140
vn -0.000 -0.000 1.000
vn -0.000 -0.000 1.000
vn -0.700 0.700 0.140
vn -0.700 0.700 0.140
vn -0.000 0.953 0.304
vn -0.000 -0.000 1.000
vn 0.981 -0.000 0.196
vn 0.700 -0.700 0.140
vn -0.000 -0.000 1.000
vn -0.000 -0.000 1.000
vn -0.978 -0.071 0.196
vn -0.981 -0.000 0.196
vn -0.000 -0.000 1.000
vn -0.000 -0.672 0.740
vn 0.700 -0.700 0.140
vn 0.700 -0.700 0.140
vn -0.000 -0.000 1.000
vn -0.966 -0.000 0.260
vn -0.700 -0.700 0.140
vn -0.789 -0.000 0.614
vn -0.000 -0.000 1.000
vn 0.700 -0.700 0.140
vn 0.700 -0.700 0.140
vn -0.000 -0.000 1.000
vn -0.000 -0.000 1.000
vn -0.344 0.921 0.184
vn -0.700 0.700 0.140
vn -0.523 0.836 0.167
vn -0.000 0.798 0.602
vn -0.000 -0.000 1.000
vn -0.000 -0.000 1.000
vn 0.700 -0.700 0.140
vn 0.963 -0.188 0.193
vn -0.000 -0.000 1.000
vn -0.341 -0.000 0.940
vn -0.700 -0.700 0.140
vn -0.978 -0.000 0.211
vn -0.000 -0.000 1.000
vn 0.700 -0.700 0.140
vn 0.700 -0.700 0.140
vn -0.000 -0.000 1.000
vn -0.000 -0.000 1.000
vn -0.700 -0.700 0.140
vn -0.951 -0.244 0.190
vn -0.000 -0.000 1.000
vn -0.000 -0.000 1.000
vn 0.700 -0.700 0.140
vn 0.862 -0.476 0.172
vn -0.000 -0.000 1.000
vn -0.000 -0.000 1.000
vn -0.000 0.882 0.472
vn -0.585 0.796 0.159
vn -0.700 0.700 0.140
vn -0.252 0.949 0.190
vn -0.000 -0.000 1.000
vn 0.970 -0.000 0.241
vn 0.700 -0.700 0.140
vn 0.699 -0.000 0.715
vn -0.000 -0.000 1.000
vn -0.700 -0.700 0.140
vn -0.725 -0.673 0.145
vn -0.000 -0.000 1.000
vn -0.000 -0.000 1.000
vn 0.700 -0.700 0.140
vn 0.981 -0.000 0.196
vn -0.000 -0.000 1.000
vn -0.700 -0.700 0.140
vn -0.700 -0.700 0.140
vn -0.000 -0.000 1.000
vn 0.913 -0.000 0.408
vn 0.700 -0.700 0.140
vn 0.940 -0.000 0.341
vn -0.000 -0.000 1.000
vn -0.000 0.965 0.263
vn -0.700 0.700 0.140
vn -0.700 0.700 0.140
vn -0.000 -0.000 1.000
vn -0.000 -0.000 1.000
vn 0.770 -0.619 0.154
vn 0.700 -0.700 0.140
vn -0.000 -0.936 0.351
vn -0.000 -0.000 1.000
vn -0.000 -0.000 1.000
vn -0.000 -0.942 0.336
vn -0.700 -0.700 0.140
vn -0.700 -0.700 0.140
vn -0.000 -0.000 1.000
vn 0.981 -0.000 0.196
vn 0.948 -0.255 0.190
vn -0.000 -0.000 1.000
vn -0.000 -0.000 1.000
vn -0.700 -0.700 0.140
vn -0.700 -0.700 0.140
vn -0.000 -0.000 1.000
vn -0.000 -0.000 1.000
vn 0.898 -0.402 0.180
vn 0.700 -0.700 0.140
vn -0.000 -0.000 1.000
vn -0.000 -0.000 1.000
vn -0.700 0.700 0.140
vn -0.700 0.700 0.140
vn -0.000 0.955 0.296
vn -0.000 -0.000 1.000
vn -0.000 -0.000 1.000
vn 0.416 -0.892 0.178
vn 0.700 -0.700 0.140
vn 0.464 -0.869 0.174
vn -0.000 -0.981 0.196
vn -0.000 -0.981 0.196
vn -0.482 -0.859 0.172
vn -0.700 -0.700 0.140
vn -0.396 -0.901 0.180
vn -0.000 -0.000 1.000
vn 0.965 -0.000 0.264
vn 0.700 -0.700 0.140
vn 0.802 -0.000 0.597
vn -0.000 -0.000 1.000
vn -0.700 -0.700 0.140
vn -0.700 -0.700 0.140
vn -0.000 -0.000 1.000
vn -0.000 -0.000 1.000
vn 0.700 -0.700 0.140
vn 0.837 -0.521 0.167
vn -0.000 -0.000 1.000
vn -0.000 -0.000 1.000
vn -0.328 0.926 0.185
vn -0.700 0.700 0.140
vn -0.535 0.828 0.166
vn -0.000 0.904 0.428
vn -0.000 -0.000 1.000
vn -0.000 -0.000 1.000
vn -0.000 -0.919 0.394
vn -0.000 -0.981 0.196
vn -0.000 -0.981 0.196
vn -0.000 -0.981 0.196
vn -0.000 -0.981 0.196
vn -0.000 -0.910 0.414
vn -0.000 -0.000 1.000
vn -0.000 -0.000 1.000
vn 0.797 -0.583 0.159
vn 0.700 -0.700 0.140
vn -0.000 -0.000 1.000
vn -0.000 -0.000 1.000
vn -0.000 -0.961 0.277
vn -0.700 -0.700 0.140
vn -0.700 -0.700 0.140
vn -0.000 -0.000 1.000
vn 0.884 -0.000 0.468
vn 0.700 -0.700 0.140
vn 0.952 -0.000 0.306
vn -0.000 -0.000 1.000
vn -0.000 0.870 0.492
vn -0.493 0.853 0.171
vn -0.700 0.700 0.140
vn -0.383 0.906 0.181
vn -0.000 0.981 0.196
vn -0.000 -0.000 1.000
vn -0.000 -0.000 1.000
vn 0.700 -0.700 0.140
vn 0.981 -0.000 0.196
vn -0.000 -0.000 1.000
vn -0.000 -0.499 0.867
vn -0.562 -0.811 0.162
vn -0.700 -0.700 0.140
vn -0.289 -0.939 0.188
vn -0.000 -0.000 1.000
vn -0.000 -0.000 1.000
vn 0.919 -0.347 0.184
vn 0.700 -0.700 0.140
vn -0.000 -0.000 1.000
vn -0.000 -0.000 1.000
vn -0.000 0.945 0.327
vn -0.000 0.981 0.196
vn -0.700 0.700 0.140
vn -0.700 0.700 0.140
vn -0.000 0.981 0.196
vn -0.000 0.848 0.530
vn -0.000 -0.000 1.000
vn 0.981 -0.000 0.196
vn 0.700 -0.700 0.140
vn -0.000 -0.000 1.000
vn -0.000 -0.000 1.000
vn -0.112 -0.974 0.195
vn -0.700 -0.700 0.140
vn -0.655 -0.741 0.148
vn -0.000 -0.838 0.545
vn -0.000 -0.000 1.000
vn -0.000 -0.000 1.000
vn 0.700 -0.700 0.140
vn 0.981 -0.000 0.196
vn -0.000 -0.000 1.000
vn -0.000 0.981 0.196
vn -0.555 0.816 0.163
vn -0.700 0.700 0.140
vn -0.299 0.936 0.187
vn -0.000 -0.000 1.000
vn -0.000 -0.000 1.000
vn 0.700 -0.700 0.140
vn 0.744 -0.652 0.149
vn -0.000 -0.000 1.000
vn -0.000 -0.000 1.000
vn -0.000 -0.981 0.196
vn -0.700 -0.700 0.140
vn -0.700 -0.700 0.140
vn -0.000 -0.975 0.220
vn -0.000 -0.000 1.000
vn 0.981 -0.000 0.196
vn 0.963 -0.188 0.193
vn -0.000 -0.000 1.000
vn -0.000 -0.000 1.000
vn -0.000 0.959 0.282
vn -0.700 0.700 0.140
vn -0.700 0.700 0.140
vn -0.000 0.981 0.196
vn -0.000 0.981 0.196
vn -0.000 0.981 0.196
vn -0.000 0.981 0.196
vn -0.000 0.972 0.234
vn -0.000 0.777 0.629
vn -0.000 -0.000 1.000
vn 0.525 -0.000 0.851
vn 0.700 -0.700 0.140
vn 0.975 -0.000 0.222
vn -0.000 -0.000 1.000
vn -0.000 -0.981 0.196
vn -0.700 -0.700 0.140
vn -0.700 -0.700 0.140
vn -0.000 -0.981 0.196
vn -0.000 -0.000 1.000
vn 0.970 -0.000 0.241
vn 0.700 -0.700 0.140
vn 0.699 -0.000 0.715
vn -0.000 -0.000 1.000
vn -0.000 0.981 0.196
vn -0.000 0.981 0.196
vn -0.000 0.981 0.196
vn -0.000 0.981 0.196
vn -0.162 0.968 0.194
vn -0.594 0.789 0.158
vn -0.632 0.760 0.152
vn -0.235 0.953 0.191
vn -0.000 0.981 0.196
vn -0.000 0.981 0.196
vn -0.000 0.981 0.196
vn -0.000 0.981 0.196
vn -0.000 -0.000 1.000
vn -0.000 -0.000 1.000
vn 0.973 -0.120 0.195
vn 0.700 -0.700 0.140
vn -0.000 -0.000 1.000
vn -0.000 -0.000 1.000
vn -0.000 -0.879 0.476
vn -0.700 -0.700 0.140
vn -0.700 -0.700 0.140
vn -0.000 -0.981 0.196
vn -0.000 -0.000 1.000
vn -0.000 -0.000 1.000
vn 0.775 -0.612 0.155
vn 0.981 -0.000 0.196
vn -0.000 -0.000 1.000
vn -0.000 0.642 0.767
vn -0.000 0.966 0.257
vn -0.000 0.981 0.196
vn -0.000 0.981 0.196
vn -0.000 0.981 0.196
vn -0.000 0.981 0.196
vn -0.700 0.700 0.140
vn -0.700 0.700 0.140
vn -0.000 0.981 0.196
vn -0.000 0.981 0.196
vn -0.000 0.981 0.196
vn -0.000 -0.000 1.000
vn -0.000 -0.000 1.000
vn 0.700 -0.700 0.140
vn 0.969 -0.153 0.194
vn -0.000 -0.000 1.000
vn -0.000 -0.000 1.000
vn -0.341 -0.922 0.184
vn -0.700 -0.700 0.140
vn -0.526 -0.834 0.167
vn -0.000 -0.000 1.000
vn 0.075 -0.000 0.997
vn 0.732 0.666 0.146
vn 0.980 -0.000 0.199
vn -0.000 -0.000 1.000
vn -0.000 0.981 0.196
vn -0.000 0.981 0.196
vn -0.000 0.981 0.196
vn -0.700 0.700 0.140
vn -0.700 0.700 0.140
vn -0.000 0.981 0.196
vn -0.000 -0.000 1.000
vn 0.973 -0.000 0.231
vn 0.700 -0.700 0.140
vn 0.621 -0.000 0.784
vn -0.000 -0.000 1.000
vn -0.700 -0.700 0.140
vn -0.700 -0.700 0.140
vn -0.000 -0.953 0.302
vn -0.000 -0.000 1.000
vn 0.977 -0.000 0.215
vn 0.705 0.695 0.141
vn 0.411 -0.000 0.911
vn -0.000 -0.000 1.000
vn -0.000 0.981 0.196
vn -0.700 0.700 0.140
vn -0.700 0.700 0.140
vn -0.000 0.938 0.348
vn -0.000 -0.000 1.000
vn -0.000 -0.000 1.000
vn 0.756 -0.637 0.151
vn 0.949 -0.252 0.190
vn -0.000 -0.000 1.000
vn -0.000 -0.000 1.000
vn -0.871 -0.459 0.174
vn -0.700 -0.700 0.140
vn -0.000 -0.000 1.000
vn 0.981 -0.000 0.196
vn 0.977 0.088 0.195
vn -0.000 -0.000 1.000
vn -0.000 -0.000 1.000
vn -0.412 0.894 0.179
vn -0.700 0.700 0.140
vn -0.467 0.867 0.173
vn -0.000 -0.000 1.000
vn 0.965 -0.000 0.263
vn 0.700 -0.700 0.140
vn 0.799 -0.000 0.601
vn -0.000 -0.000 1.000
vn -0.557 -0.803 0.211
vn -0.700 -0.700 0.140
vn -0.921 -0.000 0.389
vn -0.000 -0.000 1.000
vn 0.869 0.464 0.174
vn 0.981 -0.000 0.196
vn -0.000 -0.000 1.000
vn -0.000 0.917 0.398
vn -0.700 0.700 0.140
vn -0.700 0.700 0.140
vn -0.000 0.980 0.197
vn -0.000 -0.000 1.000
vn -0.000 -0.000 1.000
vn 0.796 -0.584 0.159
vn 0.700 -0.700 0.140
vn -0.000 -0.000 1.000
vn -0.000 -0.000 1.000
vn -0.598 -0.786 0.157
vn -0.700 -0.700 0.140
vn -0.423 -0.835 0.353
vn -0.000 -0.000 1.000
vn 0.936 -0.000 0.351
vn 0.700 0.700 0.140
vn 0.919 -0.000 0.394
vn -0.000 -0.000 1.000
vn -0.003 0.981 0.196
vn -0.700 0.700 0.140
vn -0.699 0.701 0.140
vn -0.000 0.778 0.628
vn -0.000 -0.000 1.000
vn -0.000 -0.000 1.000
vn 0.700 -0.700 0.140
vn 0.700 -0.700 0.140
vn -0.000 -0.000 1.000
vn -0.000 -0.000 1.000
vn -0.700 -0.700 0.140
vn -0.700 -0.700 0.140
vn -0.000 -0.768 0.640
vn -0.000 -0.000 1.000
vn 0.981 -0.000 0.196
vn 0.892 0.416 0.178
vn -0.000 -0.000 1.000
vn -0.000 -0.000 1.000
vn -0.000 0.016 1.000
vn -0.594 0.789 0.158
vn -0.700 0.700 0.140
vn -0.236 0.953 0.191
vn -0.000 -0.000 1.000
vn -0.000 -0.000 1.000
vn 0.700 -0.700 0.140
vn 0.700 -0.700 0.140
vn -0.000 -0.000 1.000
vn -0.000 -0.000 1.000
vn -0.000 -0.575 0.818
vn -0.700 -0.700 0.140
vn -0.700 -0.700 0.140
vn -0.000 -0.000 1.000
vn -0.000 -0.000 1.000
vn 0.700 0.700 0.140
vn 0.981 -0.000 0.196
vn -0.000 -0.000 1.000
vn -0.000 0.966 0.257
vn -0.700 0.700 0.140
vn -0.700 0.700 0.140
vn -0.000 -0.000 1.000
vn -0.000 -0.000 1.000
vn 0.700 -0.700 0.140
vn 0.700 -0.700 0.140
vn -0.000 -0.000 1.000
vn -0.000 -0.000 1.000
vn -0.140 -0.970 0.199
vn -0.700 -0.700 0.140
vn -0.644 -0.750 0.150
vn -0.000 -0.000 1.000
vn 0.981 -0.000 0.196
vn 0.700 0.700 0.140
vn -0.000 -0.000 1.000
vn -0.000 -0.000 1.000
vn -0.700 0.700 0.140
vn -0.700 0.700 0.140
vn -0.000 0.950 0.314
vn -0.000 -0.000 1.000
vn -0.000 -0.000 1.000
vn 0.700 -0.700 0.140
vn 0.953 -0.234 0.191
vn -0.000 -0.000 1.000
vn -0.000 -0.000 1.000
vn -0.690 -0.709 0.142
vn -0.700 -0.700 0.140
vn -0.030 -0.974 0.227
vn -0.000 -0.000 1.000
vn -0.000 -0.000 1.000
vn 0.700 0.700 0.140
vn 0.981 -0.000 0.196
vn -0.000 -0.000 1.000
vn -0.361 0.915 0.183
vn -0.700 0.700 0.140
vn -0.742 0.624 0.245
vn -0.000 -0.000 1.000
vn 0.967 -0.000 0.256
vn 0.700 -0.700 0.140
vn 0.776 -0.000 0.631
vn -0.000 -0.000 1.000
vn -0.969 -0.151 0.194
vn -0.700 -0.700 0.140
vn -0.000 -0.133 0.991
vn -0.000 -0.000 1.000
vn -0.000 -0.000 1.000
vn 0.926 0.328 0.185
vn 0.700 0.700 0.140
vn -0.000 -0.000 1.000
vn -0.000 -0.000 1.000
vn -0.743 0.597 0.303
vn -0.700 0.700 0.140
vn -0.931 -0.000 0.366
vn -0.000 -0.000 1.000
vn 0.788 -0.595 0.158
vn 0.981 -0.000 0.196
vn -0.615 -0.000 0.789
vn -0.700 -0.700 0.140
vn -0.973 -0.000 0.231
vn 0.870 -0.000 0.492
vn 0.700 0.700 0.140
vn 0.955 -0.000 0.296
vn -0.000 -0.000 1.000
vn -0.883 0.434 0.177
vn -0.700 0.700 0.140
vn -0.000 -0.000 1.000
vn 0.981 -0.000 0.196
vn 0.966 -0.170 0.193
vn -0.000 -0.000 1.000
vn -0.981 -0.000 0.196
vn -0.755 -0.638 0.151
vn -0.000 -0.000 1.000
vn -0.000 -0.000 1.000
vn 0.967 0.165 0.193
vn 0.828 0.535 0.166
vn -0.000 -0.000 1.000
vn -0.000 -0.000 1.000
vn -0.700 0.700 0.140
vn -0.981 -0.000 0.196
vn 0.972 -0.000 0.236
vn 0.700 -0.700 0.140
vn 0.660 -0.000 0.752
vn -0.000 -0.000 1.000
vn -0.701 -0.700 0.140
vn -0.981 -0.000 0.196
vn 0.649 -0.000 0.761
vn 0.700 0.700 0.140
vn 0.972 -0.000 0.234
vn -0.981 -0.000 0.196
vn -0.700 0.700 0.140
vn -0.000 -0.000 1.000
vn -0.000 -0.000 1.000
vn 0.763 -0.629 0.153
vn 0.981 -0.000 0.196
vn -0.981 -0.000 0.196
vn -0.700 -0.700 0.140
vn -0.008 -0.000 1.000
vn 0.981 -0.000 0.196
vn 0.761 0.631 0.152
vn -0.000 -0.000 1.000
vn -0.000 -0.000 1.000
vn -0.700 0.700 0.140
vn -0.981 -0.000 0.196
vn 0.981 -0.000 0.196
vn 0.700 -0.700 0.140
vn -0.000 -0.000 1.000
vn -0.981 -0.000 0.196
vn -0.981 -0.001 0.196
vn -0.000 -0.000 1.000
vn -0.000 -0.000 1.000
vn 0.884 0.433 0.177
vn 0.981 -0.000 0.196
vn -0.981 -0.000 0.196
vn -0.899 0.400 0.180
vn -0.000 -0.000 1.000
vn -0.000 -0.000 1.000
vn 0.700 -0.700 0.140
vn 0.980 -0.033 0.196
vn -0.000 -0.000 1.000
vn -0.981 -0.000 0.196
vn -0.981 -0.000 0.196
vn 0.926 -0.000 0.378
vn 0.700 0.700 0.140
vn 0.931 -0.000 0.365
vn -0.941 -0.000 0.339
vn -0.867 0.466 0.173
vn -0.912 -0.000 0.410
vn 0.979 -0.000 0.203
vn 0.700 -0.700 0.140
vn 0.165 -0.000 0.986
vn -0.981 -0.000 0.196
vn -0.981 -0.000 0.196
vn 0.981 -0.000 0.196
vn 0.877 0.447 0.175
vn -0.000 -0.000 1.000
vn -0.918 -0.000 0.397
vn -0.899 -0.400 0.180
vn -0.937 -0.000 0.349
vn -0.000 -0.000 1.000
vn 0.712 -0.688 0.142
vn 0.788 -0.595 0.158
vn -0.000 -0.000 1.000
vn -0.981 -0.000 0.196
vn -0.981 -0.000 0.196
vn 0.981 -0.000 0.196
vn 0.981 -0.000 0.196
vn -0.981 -0.000 0.196
vn -0.867 -0.466 0.173
vn -0.000 -0.000 1.000
vn 0.774 -0.000 0.633
vn 0.700 -0.700 0.140
vn 0.967 -0.000 0.256
vn -0.981 -0.000 0.196
vn -0.700 0.700 0.140
vn -0.000 -0.000 1.000
vn 0.981 -0.000 0.196
vn 0.981 -0.000 0.196
vn -0.981 -0.000 0.196
vn -0.981 -0.000 0.196
vn -0.000 -0.000 1.000
vn 0.954 -0.233 0.191
vn 0.700 -0.700 0.140
vn -0.000 -0.710 0.704
vn -0.000 -0.000 1.000
vn -0.000 -0.000 1.000
vn -0.700 0.700 0.140
vn -0.700 0.700 0.140
vn -0.000 -0.000 1.000
vn 0.981 -0.000 0.196
vn 0.981 -0.000 0.196
vn -0.000 -0.000 1.000
vn -0.974 -0.117 0.195
vn -0.981 -0.000 0.196
vn -0.000 -0.000 1.000
vn 0.616 -0.772 0.154
vn 0.700 -0.700 0.140
vn 0.194 -0.962 0.192
vn -0.000 -0.959 0.283
vn -0.000 -0.000 1.000
vn -0.000 -0.000 1.000
vn -0.700 0.700 0.140
vn -0.700 0.700 0.140
vn -0.000 -0.000 1.000
vn -0.000 -0.000 1.000
vn 0.876 0.449 0.175
vn 0.981 -0.000 0.196
vn -0.514 -0.000 0.858
vn -0.700 -0.700 0.140
vn -0.975 -0.000 0.222
vn -0.000 -0.000 1.000
vn -0.000 -0.970 0.243
vn 0.302 -0.935 0.187
vn 0.700 -0.700 0.140
vn 0.553 -0.817 0.163
vn -0.000 -0.981 0.196
vn -0.000 -0.981 0.196
vn -0.000 -0.981 0.196
vn -0.000 -0.981 0.196
vn -0.000 -0.981 0.196
vn -0.000 -0.981 0.196
vn -0.000 -0.981 0.196
vn -0.000 -0.858 0.513
vn -0.000 -0.019 1.000
vn -0.000 -0.937 0.348
vn -0.000 -0.981 0.196
vn -0.000 -0.981 0.196
vn -0.000 -0.972 0.235
vn -0.000 -0.000 1.000
vn -0.000 -0.000 1.000
vn -0.700 0.700 0.140
vn -0.700 0.700 0.140
vn -0.000 -0.000 1.000
vn 0.931 -0.000 0.364
vn 0.700 0.700 0.140
vn 0.925 -0.000 0.379
vn -0.981 -0.000 0.196
vn -0.742 -0.653 0.148
vn -0.000 -0.000 1.000
vn -0.000 -0.000 1.000
vn -0.000 -0.850 0.526
vn -0.000 -0.981 0.196
vn -0.000 -0.981 0.196
vn -0.000 -0.981 0.196
vn -0.000 -0.981 0.196
vn -0.000 -0.981 0.196
vn -0.000 -0.981 0.196
vn -0.000 -0.981 0.196
vn 0.546 -0.821 0.164
vn 0.699 -0.701 0.140
vn -0.196 -0.962 0.192
vn -0.699 -0.701 0.140
vn -0.412 -0.893 0.179
vn 0.169 -0.967 0.193
vn 0.700 -0.700 0.140
vn 0.629 -0.762 0.152
vn -0.000 -0.981 0.196
vn -0.000 -0.824 0.567
vn -0.000 -0.000 1.000
vn -0.000 -0.000 1.000
vn -0.000 -0.360 0.933
vn -0.000 -0.000 1.000
vn -0.000 -0.000 1.000
vn -0.700 0.700 0.140
vn -0.700 0.700 0.140
vn -0.000 -0.000 1.000
vn 0.981 -0.000 0.196
vn 0.885 0.432 0.177
vn -0.000 -0.000 1.000
vn -0.981 -0.000 0.196
vn -0.981 -0.000 0.196
vn -0.000 -0.000 1.000
vn -0.000 -0.958 0.288
vn -0.000 -0.980 0.197
vn -0.000 -0.918 0.398
vn -0.000 -0.000 1.000
vn -0.000 -0.000 1.000
vn -0.000 -0.657 0.753
vn -0.000 -0.981 0.196
vn 0.571 -0.805 0.161
vn 0.700 -0.700 0.140
vn 0.274 -0.943 0.189
vn -0.000 -0.000 1.000
vn -0.000 -0.000 1.000
vn -0.000 -0.872 0.489
vn -0.000 -0.981 0.196
vn -0.000 -0.981 0.196
vn -0.000 -0.981 0.196
vn -0.076 -0.978 0.196
vn -0.000 -0.981 0.196
vn 0.076 -0.978 0.196
vn -0.000 -0.981 0.196
vn -0.000 -0.981 0.196
vn -0.000 -0.980 0.200
vn -0.000 -0.000 1.000
vn -0.000 -0.000 1.000
vn -0.700 0.700 0.140
vn -0.700 0.700 0.140
vn -0.000 -0.000 1.000
vn 0.981 -0.000 0.196
vn 0.981 -0.000 0.196
vn -0.981 -0.000 0.196
vn -0.981 -0.000 0.196
vn -0.000 -0.000 1.000
vn -0.000 -0.962 0.271
vn 0.700 -0.700 0.140
vn 0.700 -0.700 0.140
vn -0.000 -0.981 0.196
vn -0.000 -0.437 0.899
vn -0.000 -0.000 1.000
vn -0.000 -0.000 1.000
vn -0.000 -0.981 0.196
vn -0.330 -0.926 0.185
vn -0.700 -0.700 0.140
vn -0.534 -0.829 0.166
vn -0.000 -0.981 0.196
vn -0.000 -0.981 0.196
vn -0.000 -0.981 0.196
vn -0.000 -0.977 0.212
vn -0.000 -0.981 0.196
vn -0.000 -0.981 0.196
vn 0.022 -0.980 0.196
vn 0.700 -0.700 0.140
vn 0.692 -0.708 0.142
vn -0.000 -0.981 0.196
vn -0.000 -0.000 1.000
vn -0.000 -0.000 1.000
vn -0.700 0.700 0.140
vn -0.700 0.700 0.140
vn -0.000 0.955 0.297
vn -0.000 -0.000 1.000
vn -0.000 -0.000 1.000
vn 0.700 0.700 0.140
vn 0.981 -0.000 0.196
vn -0.981 -0.000 0.196
vn -0.981 -0.000 0.196
vn -0.000 -0.000 1.000
vn -0.000 -0.981 0.196
vn 0.663 -0.734 0.147
vn 0.700 -0.700 0.140
vn 0.095 -0.976 0.195
vn -0.000 -0.981 0.196
vn -0.000 -0.593 0.806
vn -0.000 -0.000 1.000
vn -0.000 -0.000 1.000
vn -0.000 -0.948 0.319
vn -0.000 -0.981 0.196
vn -0.700 -0.700 0.140
vn -0.700 -0.700 0.140
vn -0.000 -0.981 0.196
vn -0.000 -0.955 0.297
vn -0.000 -0.000 1.000
vn -0.000 -0.000 1.000
vn -0.000 -0.113 0.994
vn -0.000 -0.981 0.196
vn 0.700 -0.700 0.140
vn 0.700 -0.700 0.140
vn -0.000 -0.974 0.225
vn -0.000 -0.000 1.000
vn -0.000 -0.000 1.000
vn -0.331 0.925 0.185
vn -0.700 0.700 0.140
vn -0.533 0.830 0.166
vn -0.000 -0.000 1.000
vn 0.981 -0.000 0.196
vn 0.700 0.700 0.140
vn -0.000 -0.000 1.000
vn -0.981 -0.000 0.196
vn -0.981 -0.000 0.196
vn -0.000 -0.000 1.000
vn -0.000 -0.976 0.216
vn -0.000 -0.981 0.196
vn 0.642 -0.752 0.150
vn 0.700 -0.700 0.140
vn 0.143 -0.971 0.194
vn -0.000 -0.981 0.196
vn -0.000 -0.981 0.196
vn -0.000 -0.981 0.196
vn -0.000 -0.981 0.196
vn -0.000 -0.981 0.196
vn -0.000 -0.981 0.196
vn -0.000 -0.981 0.196
vn -0.504 -0.847 0.169
vn -0.700 -0.700 0.140
vn -0.370 -0.911 0.182
vn -0.000 -0.981 0.196
vn -0.000 -0.000 1.000
vn -0.000 -0.000 1.000
vn 0.129 -0.972 0.194
vn 0.700 -0.700 0.140
vn 0.648 -0.747 0.149
vn -0.000 -0.000 1.000
vn -0.000 -0.000 1.000
vn -0.000 0.873 0.488
vn -0.700 0.700 0.140
vn -0.700 0.700 0.140
vn -0.000 0.975 0.223
vn -0.000 -0.000 1.000
vn 0.981 -0.000 0.196
vn 0.981 -0.000 0.196
vn -0.981 -0.000 0.196
vn -0.981 -0.000 0.196
vn -0.000 -0.000 1.000
vn -0.000 -0.974 0.228
vn -0.000 -0.981 0.196
vn -0.000 -0.981 0.196
vn -0.000 -0.981 0.196
vn -0.000 -0.981 0.196
vn -0.000 -0.981 0.196
vn -0.000 -0.981 0.196
vn -0.000 -0.981 0.196
vn -0.000 -0.981 0.196
vn -0.000 -0.981 0.196
vn -0.000 -0.897 0.442
vn -0.000 -0.000 1.000
vn -0.000 -0.000 1.000
vn -0.000 -0.552 0.834
vn 0.700 -0.700 0.140
vn 0.700 -0.700 0.140
vn -0.000 -0.978 0.207
vn -0.000 -0.000 1.000
vn -0.000 -0.000 1.000
vn -0.123 0.973 0.195
vn -0.700 0.700 0.140
vn -0.651 0.745 0.149
vn -0.000 0.981 0.196
vn -0.000 -0.000 1.000
vn -0.000 -0.000 1.000
vn 0.700 0.700 0.140
vn 0.981 -0.000 0.196
vn -0.981 -0.000 0.196
vn -0.981 -0.000 0.196
vn -0.000 -0.000 1.000
vn 0.054 -0.979 0.196
vn 0.700 -0.700 0.140
vn 0.680 -0.719 0.144
vn -0.000 -0.000 1.000
vn -0.000 -0.000 1.000
vn -0.000 0.533 0.846
vn -0.000 0.981 0.196
vn -0.700 0.700 0.140
vn -0.700 0.700 0.140
vn -0.000 0.981 0.196
vn -0.000 -0.000 1.000
vn 0.981 -0.000 0.196
vn 0.700 0.700 0.140
vn -0.000 -0.000 1.000
vn -0.981 -0.000 0.196
vn -0.981 -0.000 0.196
vn -0.000 -0.000 1.000
vn -0.000 -0.266 0.964
vn 0.700 -0.700 0.140
vn 0.700 -0.700 0.140
vn -0.000 -0.000 1.000
vn -0.000 -0.000 1.000
vn -0.000 0.981 0.196
vn -0.700 0.700 0.140
vn -0.700 0.700 0.140
vn -0.000 0.863 0.505
vn -0.000 -0.000 1.000
vn -0.000 -0.000 1.000
vn 0.700 0.700 0.140
vn 0.981 -0.000 0.196
vn -0.981 -0.000 0.196
vn -0.981 -0.000 0.196
vn -0.000 -0.000 1.000
vn 0.700 -0.700 0.140
vn 0.700 -0.700 0.140
vn -0.000 -0.000 1.000
vn -0.000 -0.000 1.000
vn -0.542 0.824 0.165
vn -0.700 0.700 0.140
vn -0.318 0.930 0.186
vn -0.000 -0.000 1.000
vn 0.981 -0.000 0.196
vn 0.700 0.700 0.140
vn -0.000 -0.000 1.000
vn -0.981 -0.000 0.196
vn -0.981 -0.000 0.196
vn -0.000 -0.000 1.000
vn 0.700 -0.700 0.140
vn 0.700 -0.700 0.140
vn -0.000 -0.000 1.000
vn -0.000 -0.000 1.000
vn -0.000 0.957 0.291
vn -0.700 0.700 0.140
vn -0.700 0.700 0.140
vn -0.000 0.918 0.398
vn -0.000 -0.000 1.000
vn -0.000 -0.000 1.000
vn 0.700 0.700 0.140
vn 0.981 -0.000 0.196
vn -0.981 -0.000 0.196
vn -0.981 -0.000 0.196
vn -0.000 -0.000 1.000
vn 0.700 -0.700 0.140
vn 0.700 -0.700 0.140
vn -0.000 -0.000 1.000
vn -0.000 -0.000 1.000
vn -0.467 0.867 0.173
vn -0.700 0.700 0.140
vn -0.412 0.893 0.179
vn -0.000 -0.000 1.000
vn -0.000 -0.000 1.000
vn 0.700 0.700 0.140
vn 0.700 0.700 0.140
vn -0.000 -0.000 1.000
vn -0.981 -0.000 0.196
vn -0.981 -0.000 0.196
vn -0.000 -0.000 1.000
vn 0.700 -0.700 0.140
vn 0.700 -0.700 0.140
vn -0.000 -0.980 0.200
vn -0.000 -0.000 1.000
vn -0.000 -0.000 1.000
vn -0.000 0.937 0.348
vn -0.700 0.700 0.140
vn -0.700 0.700 0.140
vn -0.000 0.981 0.196
vn -0.000 -0.000 1.000
vn -0.000 -0.000 1.000
vn 0.700 0.700 0.140
vn 0.700 0.700 0.140
vn -0.000 -0.000 1.000
vn -0.981 -0.000 0.196
vn -0.981 -0.000 0.196
vn -0.000 -0.000 1.000
vn 0.019 -0.980 0.196
vn 0.700 -0.700 0.140
vn 0.693 -0.707 0.141
vn -0.000 -0.045 0.999
vn -0.000 -0.000 1.000
vn -0.000 -0.000 1.000
vn -0.000 0.981 0.196
vn -0.700 0.700 0.140
vn -0.700 0.700 0.140
vn -0.000 0.976 0.219
vn -0.000 -0.000 1.000
vn -0.000 -0.000 1.000
vn 0.700 0.700 0.140
vn 0.700 0.700 0.140
vn -0.000 -0.000 1.000
vn -0.981 -0.000 0.196
vn -0.981 -0.000 0.196
vn -0.000 -0.000 1.000
vn -0.000 -0.098 0.995
vn 0.697 -0.703 0.141
vn 0.700 -0.700 0.140
vn 0.009 -0.981 0.196
vn -0.000 -0.000 1.000
vn -0.000 -0.000 1.000
vn -0.108 0.975 0.195
vn -0.700 0.700 0.140
vn -0.657 0.739 0.148
vn -0.000 0.648 0.762
vn -0.000 -0.000 1.000
vn -0.000 -0.000 1.000
vn -0.000 0.951 0.309
vn -0.000 0.981 0.196
vn -0.000 0.981 0.196
vn 0.700 0.700 0.140
vn 0.700 0.700 0.140
vn -0.000 -0.000 1.000
vn -0.000 -0.000 1.000
vn -0.806 -0.569 0.161
vn -0.981 -0.000 0.196
vn -0.000 -0.000 1.000
vn -0.000 -0.980 0.198
vn 0.700 -0.700 0.140
vn 0.700 -0.700 0.140
vn -0.000 -0.000 1.000
vn -0.000 -0.000 1.000
vn -0.000 0.485 0.875
vn -0.631 0.761 0.152
vn -0.700 0.700 0.140
vn -0.165 0.967 0.193
vn -0.000 -0.000 1.000
vn -0.000 -0.000 1.000
vn -0.000 0.263 0.965
vn -0.000 0.981 0.196
vn -0.000 0.981 0.196
vn -0.000 0.981 0.196
vn 0.517 0.839 0.168
vn 0.700 0.700 0.140
vn 0.352 0.918 0.184
vn -0.000 0.981 0.196
vn -0.000 0.981 0.196
vn -0.000 -0.000 1.000
vn -0.962 -0.000 0.273
vn -0.700 -0.700 0.140
vn -0.827 -0.000 0.562
vn -0.000 -0.000 1.000
vn 0.700 -0.700 0.140
vn 0.700 -0.700 0.140
vn -0.000 -0.000 1.000
vn -0.000 -0.000 1.000
vn -0.000 0.972 0.234
vn -0.700 0.700 0.140
vn -0.700 0.700 0.140
vn -0.000 0.977 0.211
vn -0.000 -0.000 1.000
vn -0.000 -0.000 1.000
vn -0.000 0.977 0.213
vn 0.053 0.979 0.196
vn 0.700 0.700 0.140
vn 0.680 0.719 0.144
vn -0.000 0.981 0.196
vn -0.000 0.981 0.196
vn -0.000 0.981 0.196
vn -0.000 0.887 0.462
vn -0.000 -0.000 1.000
vn -0.981 -0.000 0.196
vn -0.942 -0.277 0.188
vn -0.000 -0.000 1.000
vn -0.000 -0.000 1.000
vn 0.700 -0.700 0.140
vn 0.700 -0.700 0.140
vn -0.000 -0.953 0.302
vn -0.000 -0.000 1.000
vn -0.000 -0.000 1.000
vn -0.072 0.978 0.196
vn -0.700 0.700 0.140
vn -0.672 0.726 0.145
vn -0.000 0.916 0.401
vn -0.000 -0.000 1.000
vn -0.000 -0.000 1.000
vn -0.000 0.974 0.226
vn 0.670 0.728 0.146
vn 0.700 0.700 0.140
vn 0.079 0.978 0.196
vn -0.000 0.978 0.207
vn -0.000 -0.000 1.000
vn -0.000 -0.000 1.000
vn -0.700 -0.700 0.140
vn -0.981 -0.000 0.196
vn -0.000 -0.000 1.000
vn 0.341 -0.922 0.184
vn 0.700 -0.700 0.140
vn 0.526 -0.834 0.167
vn -0.000 -0.000 1.000
vn -0.000 -0.000 1.000
vn -0.000 0.344 0.939
vn -0.470 0.865 0.173
vn -0.700 0.700 0.140
vn -0.409 0.895 0.179
vn -0.000 0.943 0.334
vn -0.000 -0.000 1.000
vn -0.000 -0.000 1.000
vn -0.000 0.843 0.539
vn -0.000 0.981 0.196
vn 0.646 0.748 0.150
vn 0.700 0.700 0.140
vn 0.132 0.972 0.194
vn -0.000 0.373 0.928
vn -0.000 -0.000 1.000
vn -0.000 -0.000 1.000
vn -0.948 -0.255 0.190
vn -0.700 -0.700 0.140
vn -0.000 -0.000 1.000
vn -0.000 -0.000 1.000
vn -0.000 -0.880 0.476
vn 0.700 -0.700 0.140
vn 0.700 -0.700 0.140
vn -0.000 -0.981 0.196
vn -0.000 -0.000 1.000
vn -0.000 -0.000 1.000
vn -0.000 0.938 0.345
vn -0.393 0.902 0.180
vn -0.700 0.700 0.140
vn -0.484 0.858 0.172
vn -0.000 0.788 0.616
vn -0.000 -0.000 1.000
vn -0.000 -0.000 1.000
vn -0.000 0.531 0.848
vn 0.293 0.937 0.187
vn 0.700 0.700 0.140
vn 0.559 0.813 0.163
vn -0.000 0.981 0.196
vn -0.000 0.563 0.827
vn -0.000 -0.000 1.000
vn -0.802 -0.000 0.597
vn -0.700 -0.700 0.140
vn -0.965 -0.000 0.264
vn -0.000 -0.000 1.000
vn -0.000 -0.981 0.196
vn 0.700 -0.700 0.140
vn 0.700 -0.700 0.140
vn -0.000 -0.000 1.000
vn -0.000 -0.000 1.000
vn -0.000 0.909 0.417
vn -0.589 0.792 0.158
vn -0.700 0.700 0.140
vn -0.243 0.951 0.190
vn -0.000 -0.000 1.000
vn -0.000 -0.000 1.000
vn -0.000 0.567 0.824
vn 0.122 0.973 0.195
vn 0.700 0.700 0.140
vn 0.651 0.744 0.149
vn -0.000 0.960 0.279
vn -0.000 -0.000 1.000
vn -0.000 -0.000 1.000
vn -0.000 -0.920 0.392
vn -0.700 -0.700 0.140
vn -0.797 -0.583 0.159
vn -0.000 -0.000 1.000
vn -0.000 -0.000 1.000
vn 0.700 -0.700 0.140
vn 0.700 -0.700 0.140
vn -0.000 -0.980 0.198
vn -0.000 -0.000 1.000
vn -0.000 -0.000 1.000
vn -0.000 0.966 0.260
vn -0.700 0.700 0.140
vn -0.700 0.700 0.140
vn -0.000 0.970 0.242
vn -0.000 -0.000 1.000
vn -0.000 -0.000 1.000
vn -0.000 0.889 0.458
vn 0.134 0.972 0.194
vn 0.700 0.700 0.140
vn 0.646 0.749 0.150
vn -0.000 0.975 0.223
vn -0.000 -0.000 1.000
vn -0.000 -0.000 1.000
vn -0.000 -0.966 0.257
vn -0.419 -0.891 0.178
vn -0.700 -0.700 0.140
vn -0.461 -0.870 0.174
vn -0.000 -0.000 1.000
vn -0.000 -0.000 1.000
vn 0.008 -0.981 0.196
vn 0.700 -0.700 0.140
vn 0.697 -0.703 0.141
vn -0.000 -0.000 1.000
vn -0.000 -0.000 1.000
vn -0.190 0.963 0.193
vn -0.700 0.700 0.140
vn -0.619 0.770 0.154
vn -0.000 0.683 0.730
vn -0.000 -0.000 1.000
vn -0.000 -0.000 1.000
vn 0.356 0.916 0.183
vn 0.700 0.700 0.140
vn 0.514 0.841 0.168
vn -0.000 0.974 0.226
vn -0.000 -0.000 1.000
vn -0.000 -0.000 1.000
vn -0.000 -0.952 0.308
vn -0.000 -0.981 0.196
vn -0.594 -0.789 0.158
vn -0.700 -0.700 0.140
vn -0.236 -0.953 0.191
vn -0.000 -0.936 0.353
vn -0.000 -0.000 1.000
vn -0.000 -0.000 1.000
vn -0.000 -0.042 0.999
vn 0.700 -0.700 0.140
vn 0.700 -0.700 0.140
vn -0.000 -0.962 0.273
vn -0.000 -0.000 1.000
vn -0.000 -0.000 1.000
vn -0.000 0.701 0.713
vn -0.623 0.767 0.153
vn -0.700 0.700 0.140
vn -0.180 0.964 0.193
vn -0.000 -0.000 1.000
vn -0.000 -0.000 1.000
vn -0.000 0.961 0.276
vn -0.000 0.981 0.196
vn -0.000 0.981 0.196
vn -0.000 0.981 0.196
vn -0.000 0.981 0.196
vn -0.000 0.981 0.196
vn -0.000 0.981 0.196
vn 0.700 0.700 0.140
vn 0.700 0.700 0.140
vn -0.000 0.950 0.311
vn -0.000 -0.000 1.000
vn -0.000 -0.000 1.000
vn -0.000 -0.852 0.524
vn -0.000 -0.981 0.196
vn -0.000 -0.981 0.196
vn -0.000 -0.981 0.196
vn -0.000 -0.981 0.196
vn -0.000 -0.981 0.196
vn -0.519 -0.838 0.168
vn -0.700 -0.700 0.140
vn -0.350 -0.918 0.184
vn -0.000 -0.981 0.196
vn -0.000 -0.778 0.628
vn -0.000 -0.000 1.000
vn -0.000 -0.000 1.000
vn 0.278 -0.942 0.188
vn 0.700 -0.700 0.140
vn 0.569 -0.807 0.161
vn -0.000 -0.000 1.000
vn -0.000 -0.000 1.000
vn -0.000 0.971 0.239
vn -0.700 0.700 0.140
vn -0.700 0.700 0.140
vn -0.000 -0.000 1.000
vn -0.000 -0.000 1.000
vn -0.000 0.140 0.990
vn -0.000 0.981 0.196
vn -0.000 0.981 0.196
vn -0.000 0.981 0.196
vn -0.000 0.981 0.196
vn -0.000 0.981 0.196
vn -0.000 0.981 0.196
vn -0.000 0.981 0.196
vn -0.000 0.981 0.196
vn 0.565 0.809 0.162
vn 0.700 0.700 0.140
vn 0.284 0.940 0.188
vn -0.000 0.981 0.196
vn -0.000 0.981 0.196
vn -0.000 0.981 0.196
vn -0.000 0.981 0.196
vn -0.000 0.981 0.196
vn -0.000 0.981 0.196
vn -0.000 -0.000 1.000
vn -0.000 -0.000 1.000
vn -0.000 -0.369 0.930
vn -0.000 -0.830 0.557
vn -0.000 -0.000 1.000
vn -0.000 -0.000 1.000
vn -0.000 -0.981 0.196
vn -0.000 -0.981 0.196
vn -0.000 -0.981 0.196
vn -0.000 -0.981 0.196
vn -0.000 -0.981 0.196
vn -0.304 -0.934 0.187
vn -0.700 -0.700 0.140
vn -0.552 -0.818 0.164
vn -0.000 -0.981 0.196
vn -0.000 -0.981 0.196
vn -0.000 -0.981 0.196
vn -0.000 -0.981 0.196
vn -0.000 -0.981 0.196
vn -0.000 -0.886 0.464
vn -0.000 -0.000 1.000
vn -0.000 -0.000 1.000
vn -0.000 -0.828 0.561
vn 0.700 -0.700 0.140
vn 0.700 -0.700 0.140
vn -0.000 -0.000 1.000
vn -0.000 -0.000 1.000
vn -0.700 0.700 0.140
vn -0.700 0.700 0.140
vn -0.000 0.812 0.583
vn -0.000 -0.000 1.000
vn -0.000 -0.000 1.000
vn -0.000 0.499 0.867
vn -0.000 0.970 0.243
vn -0.000 0.981 0.196
vn 0.028 0.980 0.196
vn 0.700 0.700 0.140
vn 0.690 0.710 0.142
vn -0.000 0.981 0.196
vn -0.000 0.981 0.196
vn -0.000 0.981 0.196
vn -0.000 0.981 0.196
vn -0.000 0.981 0.196
vn -0.000 0.981 0.196
vn -0.000 0.981 0.196
vn -0.000 0.981 0.196
vn -0.000 0.834 0.552
vn -0.000 -0.000 1.000
vn -0.000 -0.000 1.000
vn -0.000 -0.936 0.352
vn -0.000 -0.981 0.196
vn -0.000 -0.981 0.196
vn -0.000 -0.981 0.196
vn -0.000 -0.981 0.196
vn -0.000 -0.981 0.196
vn -0.078 -0.978 0.196
vn -0.281 -0.941 0.188
vn 0.078 -0.978 0.196
vn 0.281 -0.941 0.188
vn -0.000 -0.981 0.196
vn -0.000 -0.981 0.196
vn -0.000 -0.981 0.196
vn -0.000 -0.981 0.196
vn -0.000 -0.981 0.196
vn -0.000 -0.000 1.000
vn -0.000 -0.000 1.000
vn -0.000 -0.981 0.196
vn -0.700 -0.700 0.140
vn -0.700 -0.700 0.140
vn -0.000 -0.981 0.196
vn -0.000 -0.981 0.196
vn -0.000 -0.981 0.196
vn -0.000 -0.981 0.196
vn -0.000 -0.981 0.196
vn -0.000 -0.959 0.284
vn -0.000 -0.000 1.000
vn -0.000 -0.000 1.000
vn 0.700 -0.700 0.140
vn 0.700 -0.700 0.140
vn -0.000 -0.000 1.000
vn -0.000 -0.000 1.000
vn -0.577 0.801 0.160
vn -0.700 0.700 0.140
vn -0.264 0.946 0.189
vn -0.000 0.866 0.500
vn -0.000 -0.000 1.000
vn -0.000 -0.000 1.000
vn -0.000 0.111 0.994
vn -0.000 0.894 0.448
vn -0.000 0.958 0.288
vn -0.000 0.975 0.222
vn -0.000 0.981 0.196
vn -0.000 0.981 0.196
vn -0.000 0.981 0.196
vn -0.000 0.981 0.196
vn -0.000 0.981 0.196
vn -0.000 0.981 0.196
vn 0.112 0.974 0.195
vn 0.616 0.773 0.155
vn 0.655 0.741 0.148
vn 0.195 0.962 0.192
vn -0.000 0.981 0.196
vn -0.000 0.979 0.202
vn -0.000 -0.000 1.000
vn -0.000 -0.000 1.000
vn -0.000 -0.976 0.219
vn -0.000 -0.981 0.196
vn -0.462 -0.870 0.174
vn -0.700 -0.700 0.140
vn -0.418 -0.891 0.178
vn -0.000 -0.981 0.196
vn -0.000 -0.981 0.196
vn -0.000 -0.981 0.196
vn -0.000 -0.981 0.196
vn -0.000 -0.981 0.196
vn -0.000 -0.977 0.212
vn -0.000 -0.962 0.274
vn -0.000 -0.981 0.196
vn -0.000 -0.981 0.196
vn -0.000 -0.981 0.196
vn -0.000 -0.981 0.196
vn -0.000 -0.981 0.196
vn 0.700 -0.700 0.140
vn 0.700 -0.700 0.140
vn -0.000 -0.981 0.196
vn -0.000 -0.981 0.196
vn -0.000 -0.981 0.196
vn -0.000 -0.981 0.196
vn -0.000 -0.981 0.196
vn -0.000 -0.000 1.000
vn -0.000 -0.000 1.000
vn -0.000 -0.968 0.253
vn -0.700 -0.700 0.140
vn -0.700 -0.700 0.140
vn -0.000 -0.981 0.196
vn -0.000 -0.000 1.000
vn -0.000 -0.000 1.000
vn 0.700 -0.700 0.140
vn 0.700 -0.700 0.140
vn -0.000 -0.964 0.266
vn -0.000 -0.000 1.000
vn -0.000 -0.000 1.000
vn -0.000 0.964 0.267
vn -0.540 0.825 0.165
vn -0.700 0.700 0.140
vn -0.321 0.929 0.186
vn -0.000 0.981 0.196
vn -0.000 0.981 0.196
vn -0.000 0.981 0.196
vn -0.000 0.981 0.196
vn -0.000 0.981 0.196
vn -0.000 0.981 0.196
vn -0.000 0.981 0.196
vn 0.022 0.980 0.196
vn 0.364 0.913 0.183
vn 0.533 0.830 0.166
vn 0.427 0.887 0.177
vn 0.313 0.931 0.186
vn 0.117 0.974 0.195
vn -0.000 0.981 0.196
vn -0.000 0.981 0.196
vn -0.000 0.981 0.196
vn -0.000 0.981 0.196
vn -0.000 0.981 0.196
vn -0.000 0.981 0.196
vn -0.000 0.975 0.220
vn -0.000 0.713 0.701
vn -0.000 -0.000 1.000
vn -0.000 -0.000 1.000
vn -0.000 -0.371 0.929
vn -0.000 -0.981 0.196
vn -0.657 -0.739 0.148
vn -0.700 -0.700 0.140
vn -0.108 -0.975 0.195
vn -0.000 -0.981 0.196
vn -0.000 -0.920 0.392
vn -0.000 -0.000 1.000
vn -0.000 -0.000 1.000
vn -0.000 -0.981 0.196
vn -0.000 -0.981 0.196
vn -0.000 -0.981 0.196
vn -0.000 -0.981 0.196
vn -0.000 -0.981 0.196
vn 0.700 -0.700 0.140
vn 0.700 -0.700 0.140
vn -0.000 -0.981 0.196
vn -0.000 -0.000 1.000
vn -0.000 -0.000 1.000
vn -0.000 -0.476 0.879
vn -0.601 -0.784 0.157
vn -0.700 -0.700 0.140
vn -0.223 -0.956 0.191
vn -0.000 -0.000 1.000
vn -0.000 -0.000 1.000
vn 0.260 -0.947 0.189
vn 0.700 -0.700 0.140
vn 0.579 -0.799 0.160
vn -0.000 -0.000 1.000
vn -0.000 -0.000 1.000
vn -0.000 0.956 0.292
vn -0.000 0.981 0.196
vn -0.000 0.981 0.196
vn -0.000 0.981 0.196
vn -0.000 0.981 0.196
vn -0.000 0.981 0.196
vn -0.000 0.981 0.196
vn -0.000 0.981 0.196
vn -0.000 0.981 0.196
vn -0.000 0.981 0.196
vn -0.000 0.980 0.200
vn -0.000 0.949 0.316
vn -0.000 0.859 0.512
vn -0.000 0.514 0.858
vn -0.000 -0.000 1.000
vn -0.000 -0.000 1.000
vn -0.000 -0.981 0.196
vn -0.078 -0.978 0.196
vn -0.700 -0.700 0.140
vn -0.670 -0.728 0.146
vn -0.000 -0.981 0.196
vn -0.000 -0.485 0.874
vn -0.000 -0.000 1.000
vn -0.000 -0.000 1.000
vn -0.000 -0.981 0.196
vn 0.700 -0.700 0.140
vn 0.700 -0.700 0.140
vn -0.000 -0.981 0.196
vn -0.000 -0.000 1.000
vn -0.000 -0.000 1.000
vn -0.000 -0.885 0.465
vn -0.106 -0.975 0.195
vn -0.700 -0.700 0.140
vn -0.658 -0.738 0.148
vn -0.000 -0.760 0.650
vn -0.000 -0.000 1.000
vn -0.000 -0.000 1.000
vn -0.000 -0.809 0.588
vn 0.700 -0.700 0.140
vn 0.700 -0.700 0.140
vn -0.000 -0.927 0.374
vn -0.000 -0.000 1.000
vn -0.000 -0.000 1.000
vn -0.000 -0.944 0.331
vn -0.000 -0.981 0.196
vn -0.000 -0.981 0.196
vn -0.700 -0.700 0.140
vn -0.700 -0.700 0.140
vn -0.000 -0.981 0.196
vn -0.000 -0.977 0.212
vn -0.000 -0.000 1.000
vn -0.000 -0.000 1.000
vn -0.000 -0.981 0.196
vn 0.700 -0.700 0.140
vn 0.700 -0.700 0.140
vn -0.000 -0.981 0.196
vn -0.000 -0.979 0.204
vn -0.000 -0.000 1.000
vn -0.000 -0.000 1.000
vn -0.000 -0.044 0.999
vn -0.000 -0.931 0.364
vn -0.000 -0.981 0.196
vn -0.000 -0.981 0.196
vn -0.349 -0.919 0.184
vn -0.700 -0.700 0.140
vn -0.519 -0.838 0.168
vn -0.000 -0.976 0.219
vn -0.000 -0.000 1.000
vn -0.000 -0.000 1.000
vn 0.443 -0.879 0.176
vn 0.700 -0.700 0.140
vn 0.437 -0.882 0.176
vn -0.000 -0.000 1.000
vn -0.000 -0.000 1.000
vn -0.000 -0.872 0.489
vn -0.000 -0.981 0.196
vn -0.489 -0.856 0.171
vn -0.700 -0.700 0.140
vn -0.388 -0.904 0.181
vn -0.000 -0.981 0.196
vn -0.000 -0.981 0.196
vn -0.000 -0.000 1.000
vn -0.000 -0.000 1.000
vn -0.000 -0.981 0.196
vn 0.039 -0.980 0.196
vn 0.700 -0.700 0.140
vn 0.686 -0.714 0.143
vn -0.000 -0.981 0.196
vn -0.000 -0.981 0.196
vn -0.000 -0.981 0.196
vn -0.009 -0.981 0.196
vn -0.448 -0.877 0.175
vn -0.697 -0.703 0.141
vn -0.432 -0.884 0.177
vn -0.000 -0.981 0.196
vn -0.000 -0.981 0.196
vn -0.000 -0.952 0.307
vn -0.000 -0.000 1.000
vn -0.000 -0.000 1.000
vn -0.000 -0.930 0.369
vn 0.700 -0.700 0.140
vn 0.700 -0.700 0.140
vn -0.000 -0.981 0.196
vn -0.000 -0.934 0.358
vn -0.000 -0.000 1.000
vn -0.000 -0.000 1.000
vn -0.000 -0.806 0.591
vn -0.330 -0.926 0.185
vn -0.700 -0.700 0.140
vn -0.534 -0.829 0.166
vn -0.000 -0.981 0.196
vn -0.000 -0.906 0.423
vn -0.000 -0.000 1.000
vn -0.000 -0.000 1.000
vn -0.000 -0.195 0.981
vn -0.000 -0.981 0.196
vn -0.000 -0.981 0.196
vn -0.000 -0.981 0.196
vn -0.000 -0.981 0.196
vn -0.000 -0.981 0.196
vn -0.000 -0.980 0.198
vn -0.000 -0.926 0.379
vn -0.000 -0.000 1.000
vn -0.000 -0.000 1.000
vn -0.000 -0.981 0.196
vn 0.424 -0.888 0.178
vn 0.700 -0.700 0.140
vn 0.456 -0.873 0.175
vn -0.000 -0.981 0.196
vn -0.000 -0.981 0.196
vn -0.000 -0.167 0.986
vn -0.000 -0.000 1.000
vn -0.000 -0.000 1.000
vn -0.000 -0.960 0.282
vn -0.258 -0.947 0.189
vn -0.700 -0.700 0.140
vn -0.581 -0.798 0.160
vn -0.000 -0.955 0.297
vn -0.000 -0.000 1.000
vn -0.000 -0.000 1.000
vn -0.000 -0.922 0.386
vn -0.000 -0.981 0.196
vn -0.000 -0.981 0.196
vn 0.688 -0.712 0.142
vn 0.700 -0.700 0.140
vn 0.033 -0.980 0.196
vn -0.000 -0.695 0.719
vn -0.000 -0.000 1.000
vn -0.000 -0.000 1.000
vn -0.000 -0.975 0.221
vn -0.556 -0.815 0.163
vn -0.700 -0.700 0.140
vn -0.298 -0.936 0.187
vn -0.000 -0.964 0.265
vn -0.000 -0.000 1.000
vn -0.000 -0.000 1.000
vn -0.000 -0.979 0.203
vn 0.620 -0.769 0.154
vn 0.700 -0.700 0.140
vn 0.186 -0.963 0.193
vn -0.000 -0.000 1.000
vn -0.000 -0.000 1.000
vn -0.000 -0.978 0.210
vn -0.654 -0.742 0.148
vn -0.700 -0.700 0.140
vn -0.115 -0.974 0.195
vn -0.000 -0.847 0.532
vn -0.000 -0.000 1.000
vn -0.000 -0.000 1.000
vn -0.000 -0.971 0.241
vn 0.700 -0.700 0.140
vn 0.700 -0.700 0.140
vn -0.000 -0.981 0.196
vn -0.000 -0.000 1.000
vn -0.000 -0.000 1.000
vn -0.000 -0.981 0.196
vn -0.673 -0.725 0.145
vn -0.700 -0.700 0.140
vn -0.069 -0.978 0.196
vn -0.000 -0.507 0.862
vn -0.000 -0.000 1.000
vn -0.000 -0.000 1.000
vn -0.000 -0.981 0.196
vn 0.700 -0.700 0.140
vn 0.700 -0.700 0.140
vn -0.000 -0.910 0.414
vn -0.000 -0.000 1.000
vn -0.000 -0.000 1.000
vn -0.000 -0.270 0.963
vn -0.700 -0.700 0.140
vn -0.700 -0.700 0.140
vn -0.000 -0.981 0.196
vn -0.000 -0.335 0.942
vn -0.000 -0.000 1.000
vn -0.000 -0.000 1.000
vn 0.482 -0.859 0.172
vn 0.700 -0.700 0.140
vn 0.396 -0.901 0.180
vn -0.000 -0.953 0.304
vn -0.000 -0.000 1.000
vn -0.000 -0.000 1.000
vn -0.000 -0.042 0.999
vn -0.000 -0.973 0.230
vn -0.055 -0.979 0.196
vn -0.700 -0.700 0.140
vn -0.679 -0.720 0.144
vn -0.000 -0.000 1.000
vn -0.000 -0.000 1.000
vn -0.000 -0.942 0.336
vn 0.343 -0.921 0.184
vn 0.700 -0.700 0.140
vn 0.524 -0.835 0.167
vn -0.000 -0.981 0.196
vn -0.000 -0.916 0.401
vn -0.000 -0.000 1.000
vn -0.000 -0.000 1.000
vn -0.000 -0.961 0.277
vn -0.000 -0.981 0.196
vn -0.000 -0.981 0.196
vn -0.008 -0.981 0.196
vn -0.638 -0.755 0.151
vn -0.697 -0.703 0.141
vn -0.150 -0.970 0.194
vn -0.000 -0.978 0.207
vn -0.000 -0.000 1.000
vn -0.000 -0.000 1.000
vn -0.000 -0.881 0.473
vn -0.000 -0.981 0.196
vn 0.470 -0.866 0.173
vn 0.700 -0.700 0.140
vn 0.409 -0.895 0.179
vn -0.000 -0.981 0.196
vn -0.000 -0.833 0.553
vn -0.000 -0.000 1.000
vn -0.000 -0.000 1.000
vn -0.000 -0.819 0.574
vn -0.000 -0.981 0.196
vn -0.000 -0.981 0.196
vn -0.000 -0.981 0.196
vn -0.000 -0.981 0.196
vn -0.000 -0.981 0.196
vn -0.000 -0.981 0.196
vn -0.000 -0.960 0.279
vn -0.000 -0.981 0.196
vn -0.000 -0.981 0.196
vn -0.000 -0.981 0.196
vn -0.000 -0.981 0.196
vn -0.000 -0.981 0.196
vn -0.000 -0.981 0.196
vn -0.000 -0.981 0.196
vn -0.000 -0.981 0.196
vn -0.000 -0.981 0.196
vn -0.000 -0.981 0.196
vn -0.000 -0.981 0.196
vn -0.000 -0.981 0.196
vn -0.000 -0.981 0.196
vn -0.562 -0.811 0.162
vn -0.700 -0.700 0.140
vn -0.289 -0.939 0.188
vn -0.000 -0.981 0.196
vn -0.000 -0.981 0.196
vn -0.000 -0.980 0.198
vn -0.000 -0.611 0.792
vn -0.000 -0.000 1.000
vn -0.000 -0.000 1.000
vn -0.000 -0.938 0.346
vn -0.000 -0.981 0.196
vn 0.565 -0.809 0.162
vn 0.700 -0.700 0.140
vn 0.283 -0.940 0.188
vn -0.000 -0.981 0.196
vn -0.000 -0.981 0.196
vn -0.000 -0.981 0.196
vn -0.000 -0.981 0.196
vn -0.000 -0.981 0.196
vn -0.000 -0.981 0.196
vn -0.000 -0.981 0.196
vn -0.000 -0.981 0.196
vn -0.000 -0.981 0.196
vn -0.000 -0.953 0.302
vn -0.000 -0.931 0.366
vn -0.000 -0.903 0.429
vn -0.000 -0.902 0.433
vn -0.000 -0.948 0.318
vn -0.000 -0.981 0.196
vn -0.000 -0.981 0.196
vn -0.000 -0.981 0.196
vn -0.269 -0.944 0.189
vn -0.700 -0.700 0.140
vn -0.574 -0.803 0.161
vn -0.000 -0.981 0.196
vn -0.000 -0.981 0.196
vn -0.000 -0.981 0.196
vn -0.000 -0.981 0.196
vn 0.293 -0.938 0.188
vn -0.000 -0.981 0.196
vn -0.293 -0.938 0.188
vn -0.000 -0.981 0.196
vn -0.000 -0.981 0.196
vn -0.000 -0.981 0.196
vn -0.000 -0.981 0.196
vn -0.000 -0.981 0.196
vn -0.000 -0.981 0.196
vn -0.000 -0.981 0.196
vn -0.000 -0.981 0.196
vn -0.000 -0.981 0.196
vn -0.000 -0.981 0.196
vn -0.000 -0.981 0.196
vn -0.000 -0.981 0.196
vn -0.000 -0.981 0.196
vn -0.000 -0.838 0.545
vn -0.000 -0.000 1.000
vn -0.000 -0.000 1.000
vn -0.000 -0.961 0.275
vn -0.000 -0.981 0.196
vn -0.000 -0.981 0.196
vn -0.000 -0.981 0.196
vn -0.000 -0.981 0.196
vn -0.000 -0.981 0.196
vn -0.000 -0.981 0.196
vn -0.000 -0.981 0.196
vn -0.000 -0.981 0.196
vn -0.000 -0.981 0.196
vn 0.340 -0.922 0.184
vn 0.434 -0.883 0.177
vn 0.203 -0.960 0.192
vn 0.090 -0.977 0.195
vn -0.170 -0.966 0.193
vn -0.497 -0.851 0.170
vn -0.368 -0.912 0.182
vn -0.000 -0.981 0.196
vn -0.000 -0.981 0.196
vn -0.000 -0.981 0.196
vn -0.000 -0.963 0.269
vn -0.000 -0.000 1.000
vn -0.000 -0.000 1.000
vn -0.000 -0.842 0.539
vn -0.000 -0.000 1.000
vn -0.000 -0.000 1.000
vn -0.000 -0.879 0.477
vn -0.000 -0.926 0.377
vn -0.000 -0.945 0.326
vn -0.000 -0.946 0.324
vn -0.000 -0.896 0.444
vn -0.000 -0.000 1.000
f 3/5/3 4/6/4 13/24/13
f 4/6/4 5/7/5 14/26/14
f 5/7/5 6/9/6 15/29/15
f 6/10/6 7/11/7 16/32/16
f 13/25/13 14/27/14 38/61/38
f 14/26/14 15/29/15 39/62/39
f 15/29/15 16/31/16 40/64/40
f 16/31/16 17/33/17 41/65/41
f 17/33/17 18/34/18 42/66/42
f 18/34/18 19/35/19 43/67/43
f 19/35/19 20/36/20 44/68/44
f 20/36/20 21/37/21 45/69/45
f 21/37/21 22/38/22 46/70/46
f 22/38/22 23/39/23 47/71/47
f 23/39/23 24/40/24 48/72/48
f 24/40/24 25/41/25 49/73/49
f 25/41/25 26/42/26 50/74/50
f 26/42/26 27/43/27 51/75/51
f 27/43/27 28/44/28 52/77/52
f 28/45/28 29/46/29 53/81/53
f 29/46/29 30/47/30 54/83/54
f 52/76/52 53/79/53 64/97/64
f 53/80/53 54/82/54 65/100/65
f 54/82/54 55/84/55 66/101/66
f 55/84/55 56/85/56 67/103/67
f 56/85/56 57/87/57 68/106/68
f 57/88/57 58/89/58 69/109/69
f 67/102/67 68/105/68 78/122/78
f 68/106/68 69/108/69 79/125/79
f 69/108/69 70/110/70 80/126/80
f 70/110/70 71/112/71 81/128/81
f 71/113/71 72/114/72 82/132/82
f 81/127/81 82/130/82 93/147/93
f 82/131/82 83/133/83 94/150/94
f 83/133/83 84/134/84 95/151/95
f 84/134/84 85/135/85 96/152/96
f 85/135/85 86/136/86 97/153/97
f 86/136/86 87/138/87 98/155/98
f 87/139/87 88/140/88 99/159/99
f 89/141/89 90/143/90 111/173/111
f 98/154/98 99/157/99 113/175/113
f 99/158/99 100/160/100 114/178/114
f 100/160/100 101/161/101 115/179/115
f 101/161/101 102/162/102 116/180/116
f 102/162/102 103/163/103 117/181/117
f 103/163/103 104/164/104 118/182/118
f 104/164/104 105/165/105 119/183/119
f 105/165/105 106/166/106 120/185/120
f 106/166/106 107/167/107 121/187/121
f 107/167/107 108/169/108 122/189/122
f 108/170/108 109/171/109 123/192/123
f 110/172/110 111/173/111 129/200/129
f 119/184/119 120/186/120 131/202/131
f 120/185/120 121/187/121 132/203/132
f 121/187/121 122/189/122 133/205/133
f 122/189/122 123/191/123 134/206/134
f 123/191/123 124/193/124 135/207/135
f 124/193/124 125/194/125 136/209/136
f 125/194/125 126/196/126 137/212/137
f 126/197/126 127/198/127 138/215/138
f 128/199/128 129/200/129 146/225/146
f 136/208/136 137/211/137 149/229/149
f 137/212/137 138/214/138 150/232/150
f 138/214/138 139/216/139 151/233/151
f 139/216/139 140/217/140 152/234/152
f 140/217/140 141/218/141 153/235/153
f 141/218/141 142/219/142 154/237/154
f 142/219/142 143/221/143 155/240/155
f 143/222/143 144/223/144 156/243/156
f 145/224/145 146/225/146 163/253/163
f 146/226/146 147/227/147 164/255/164
f 154/236/154 155/239/155 166/257/166
f 155/240/155 156/242/156 167/260/167
f 156/242/156 157/244/157 168/261/168
f 157/244/157 158/245/158 169/262/169
f 158/245/158 159/246/159 170/264/170
f 159/246/159 160/248/160 171/267/171
f 160/249/160 161/250/161 172/270/172
f 162/251/162 163/253/163 176/276/176
f 163/253/163 164/254/164 177/278/177
f 170/263/170 171/266/171 180/282/180
f 171/267/171 172/269/172 181/285/181
f 172/269/172 173/272/173 182/287/182
f 173/273/173 174/274/174 183/291/183
f 176/276/176 177/278/177 188/299/188
f 177/279/177 178/280/178 189/301/189
f 182/286/182 183/289/183 191/303/191
f 183/290/183 184/292/184 192/307/192
f 184/292/184 185/294/185 193/310/193
f 185/295/185 186/296/186 194/313/194
f 187/297/187 188/299/188 198/319/198
f 188/299/188 189/300/189 199/321/199
f 192/306/192 193/309/193 202/325/202
f 193/310/193 194/312/194 203/329/203
f 194/312/194 195/315/195 204/332/204
f 195/316/195 196/317/196 205/335/205
f 198/319/198 199/321/199 218/352/218
f 199/322/199 200/323/200 219/356/219
f 203/328/203 204/331/204 234/377/234
f 204/332/204 205/334/205 235/381/235
f 205/335/205 206/336/206 236/385/236
f 209/341/209 210/342/210 245/401/245
f 210/342/210 211/343/211 246/402/246
f 211/343/211 212/344/212 247/403/247
f 212/344/212 213/345/213 248/404/248
f 213/345/213 214/346/214 249/406/249
f 214/346/214 215/348/215 250/409/250
f 215/349/215 216/350/216 251/412/251
f 218/352/218 219/354/219 256/419/256
f 219/355/219 220/357/220 257/423/257
f 220/357/220 221/358/221 258/426/258
f 221/359/221 222/360/222 259/428/259
f 223/363/223 224/364/224 261/433/261
f 228/369/228 229/370/229 269/445/269
f 229/370/229 230/371/230 270/447/270
f 230/371/230 231/373/231 271/450/271
f 231/374/231 232/375/232 272/453/272
f 235/380/235 236/383/236 283/465/283
f 236/385/236 237/386/237 284/470/284
f 237/386/237 238/387/238 285/473/285
f 240/390/240 241/392/241 291/485/291
f 241/392/241 242/394/242 292/486/292
f 248/405/248 249/407/249 296/492/296
f 249/406/249 250/409/250 297/493/297
f 250/409/250 251/411/251 298/495/298
f 251/411/251 252/413/252 299/497/299
f 252/413/252 253/415/253 300/500/300
f 253/416/253 254/417/254 301/503/301
f 257/422/257 258/425/258 305/509/305
f 258/426/258 259/427/259 306/512/306
f 260/430/260 261/432/261 308/514/308
f 261/432/261 262/434/262 309/515/309
f 262/434/262 263/435/263 310/516/310
f 263/435/263 264/436/264 311/517/311
f 264/436/264 265/437/265 312/518/312
f 270/446/270 271/449/271 317/524/317
f 271/450/271 272/452/272 318/527/318
f 272/452/272 273/454/273 319/528/319
f 273/454/273 274/455/274 320/529/320
f 274/455/274 275/456/275 321/530/321
f 275/456/275 276/457/276 322/531/322
f 276/457/276 277/458/277 323/532/323
f 277/458/277 278/459/278 324/534/324
f 278/459/278 279/460/279 325/537/325
f 279/461/279 280/462/280 326/539/326
f 280/462/280 281/463/281 327/541/327
f 283/465/283 284/468/284 336/552/336
f 284/469/284 285/472/285 337/556/337
f 285/473/285 286/474/286 338/559/338
f 288/477/288 289/480/289 344/572/344
f 299/496/299 300/499/300 347/576/347
f 300/500/300 301/502/301 348/579/348
f 301/502/301 302/505/302 349/581/349
f 302/506/302 303/507/303 350/585/350
f 324/533/324 325/536/325 356/593/356
f 325/537/325 326/538/326 357/596/357
f 326/538/326 327/540/327 358/597/358
f 327/540/327 328/542/328 359/598/359
f 328/542/328 329/543/329 360/599/360
f 329/543/329 330/544/330 361/600/361
f 330/544/330 331/545/331 362/601/362
f 331/545/331 332/546/332 363/602/363
f 332/546/332 333/548/333 364/604/364
f 333/549/333 334/550/334 365/608/365
f 336/552/336 337/555/337 372/617/372
f 337/556/337 338/558/338 373/621/373
f 338/559/338 339/560/339 374/624/374
f 341/563/341 342/566/342 379/633/379
f 349/580/349 350/583/350 382/637/382
f 350/584/350 351/586/351 383/640/383
f 351/586/351 352/587/352 384/642/384
f 352/587/352 353/589/353 385/645/385
f 353/590/353 354/591/354 386/648/386
f 364/603/364 365/606/365 396/660/396
f 365/607/365 366/609/366 397/663/397
f 366/609/366 367/610/367 398/664/398
f 367/610/367 368/611/368 399/666/399
f 368/611/368 369/613/369 400/669/400
f 369/614/369 370/615/370 401/672/401
f 373/620/373 374/623/374 407/680/407
f 374/624/374 375/625/375 408/683/408
f 384/641/384 385/644/385 415/692/415
f 385/645/385 386/647/386 416/695/416
f 386/647/386 387/649/387 417/696/417
f 387/649/387 388/650/388 418/697/418
f 388/650/388 389/651/389 419/698/419
f 389/651/389 390/652/390 420/699/420
f 390/652/390 391/653/391 421/700/421
f 391/653/391 392/654/392 422/701/422
f 392/654/392 393/656/393 423/703/423
f 393/657/393 394/658/394 424/707/424
f 399/665/399 400/668/400 428/713/428
f 400/669/400 401/671/401 429/716/429
f 401/671/401 402/673/402 430/717/430
f 402/673/402 403/674/403 431/719/431
f 403/674/403 404/676/404 432/722/432
f 404/677/404 405/678/405 433/725/433
f 407/680/407 408/682/408 439/732/439
f 408/683/408 409/684/409 440/735/440
f 423/702/423 424/705/424 448/748/448
f 424/706/424 425/709/425 449/752/449
f 425/710/425 426/711/426 450/756/450
f 431/718/431 432/721/432 454/762/454
f 432/722/432 433/724/433 455/765/455
f 433/724/433 434/726/434 456/766/456
f 434/726/434 435/727/435 457/768/457
f 435/728/435 436/729/436 458/772/458
f 436/729/436 437/730/437 459/774/459
f 439/732/439 440/734/440 464/782/464
f 440/735/440 441/736/441 465/784/465
f 449/751/449 450/754/450 473/797/473
f 450/755/450 451/758/451 474/801/474
f 451/759/451 452/760/452 475/803/475
f 457/767/457 458/770/458 478/806/478
f 458/771/458 459/773/459 479/809/479
f 459/773/459 460/775/460 480/811/480
f 460/775/460 461/777/461 481/814/481
f 461/778/461 462/779/462 482/817/482
f 463/780/463 464/782/464 487/824/487
f 464/782/464 465/783/465 488/826/488
f 465/784/465 466/785/466 489/828/489
f 474/800/474 475/802/475 498/846/498
f 475/803/475 476/804/476 499/848/499
f 480/810/480 481/813/481 501/850/501
f 481/814/481 482/816/482 502/853/502
f 482/816/482 483/818/483 503/855/503
f 483/818/483 484/820/484 504/858/504
f 484/821/484 485/822/485 505/861/505
f 487/824/487 488/826/488 509/867/509
f 488/826/488 489/827/489 510/869/510
f 489/828/489 490/829/490 511/871/511
f 497/844/497 498/846/498 518/883/518
f 498/846/498 499/847/499 519/885/519
f 503/854/503 504/857/504 521/887/521
f 504/858/504 505/860/505 522/890/522
f 505/860/505 506/863/506 523/892/523
f 506/864/506 507/865/507 524/896/524
f 509/867/509 510/869/510 529/903/529
f 510/870/510 511/871/511 530/907/530
f 518/883/518 519/885/519 539/922/539
f 523/891/523 524/894/524 541/924/541
f 524/895/524 525/897/525 542/928/542
f 525/897/525 526/899/526 543/931/543
f 526/900/526 527/901/527 544/934/544
f 529/903/529 530/905/530 548/940/548
f 530/906/530 531/909/531 549/944/549
f 531/910/531 532/911/532 550/947/550
f 538/921/538 539/922/539 558/957/558
f 542/927/542 543/930/543 560/959/560
f 543/931/543 544/933/544 561/963/561
f 544/933/544 545/936/545 562/966/562
f 545/937/545 546/938/546 563/969/563
f 548/940/548 549/943/549 566/972/566
f 549/944/549 550/946/550 567/976/567
f 550/947/550 551/948/551 568/979/568
f 557/956/557 558/957/558 575/988/575
f 561/962/561 562/965/562 577/990/577
f 562/966/562 563/968/563 578/994/578
f 563/969/563 564/970/564 579/996/579
f 566/972/566 567/975/567 582/999/582
f 567/976/567 568/978/568 583/1003/583
f 568/979/568 569/980/569 584/1007/584
f 574/987/574 575/988/575 592/1018/592
f 578/993/578 579/995/579 594/1022/594
f 579/996/579 580/997/580 595/1024/595
f 582/1001/582 583/1004/583 597/1026/597
f 583/1003/583 584/1006/584 598/1028/598
f 584/1007/584 585/1008/585 599/1032/599
f 593/1020/593 594/1022/594 609/1048/609
f 594/1022/594 595/1023/595 610/1050/610
f 598/1027/598 599/1030/599 613/1054/613
f 599/1031/599 600/1034/600 614/1058/614
f 600/1035/600 601/1036/601 615/1061/615
f 605/1042/605 606/1044/606 623/1072/623
f 609/1048/609 610/1050/610 625/1074/625
f 610/1051/610 611/1052/611 626/1077/626
f 613/1054/613 614/1057/614 629/1080/629
f 614/1058/614 615/1060/615 630/1084/630
f 615/1061/615 616/1062/616 631/1088/631
f 625/1074/625 626/1076/626 653/1117/653
f 626/1077/626 627/1078/627 654/1119/654
f 630/1083/630 631/1086/631 656/1121/656
f 631/1087/631 632/1089/632 657/1124/657
f 632/1089/632 633/1090/633 658/1126/658
f 633/1090/633 634/1091/634 659/1129/659
f 636/1093/636 637/1094/637 662/1135/662
f 637/1094/637 638/1095/638 663/1136/663
f 638/1095/638 639/1096/639 664/1137/664
f 639/1096/639 640/1097/640 665/1138/665
f 640/1097/640 641/1098/641 666/1139/666
f 641/1098/641 642/1099/642 667/1141/667
f 642/1099/642 643/1101/643 668/1144/668
f 643/1102/643 644/1103/644 669/1147/669
f 652/1115/652 653/1117/653 680/1163/680
f 653/1117/653 654/1118/654 681/1165/681
f 658/1125/658 659/1128/659 684/1169/684
f 667/1140/667 668/1143/668 688/1177/688
f 668/1144/668 669/1146/669 689/1180/689
f 669/1146/669 670/1148/670 690/1182/690
f 670/1148/670 671/1150/671 691/1185/691
f 671/1151/671 672/1152/672 692/1188/692
f 676/1158/676 677/1159/677 701/1202/701
f 680/1163/680 681/1165/681 703/1205/703
f 681/1166/681 682/1167/682 704/1207/704
f 690/1181/690 691/1184/691 706/1209/706
f 691/1185/691 692/1187/692 707/1213/707
f 692/1187/692 693/1190/693 708/1216/708
f 693/1191/693 694/1192/694 709/1219/709
f 702/1203/702 703/1205/703 720/1236/720
f 703/1206/703 704/1207/704 721/1239/721
f 707/1212/707 708/1215/708 723/1241/723
f 708/1216/708 709/1218/709 724/1245/724
f 709/1218/709 710/1221/710 725/1248/725
f 710/1222/710 711/1223/711 726/1251/726
f 720/1236/720 721/1238/721 736/1264/736
f 724/1244/724 725/1247/725 738/1266/738
f 725/1248/725 726/1250/726 739/1270/739
f 726/1251/726 727/1252/727 740/1274/740
f 732/1259/732 733/1260/733 747/1285/747
f 735/1263/735 736/1264/736 749/1287/749
f 739/1269/739 740/1272/740 751/1289/751
f 740/1273/740 741/1276/741 752/1293/752
f 741/1277/741 742/1278/742 753/1296/753
f 746/1284/746 747/1285/747 760/1305/760
f 748/1286/748 749/1287/749 762/1307/762
f 751/1289/751 752/1292/752 764/1309/764
f 752/1293/752 753/1295/753 765/1313/765
f 753/1296/753 754/1297/754 766/1315/766
f 759/1304/759 760/1305/760 773/1324/773
f 761/1306/761 762/1307/762 775/1326/775
f 764/1309/764 765/1312/765 777/1328/777
f 765/1312/765 766/1314/766 778/1330/778
f 766/1315/766 767/1316/767 779/1332/779
f 772/1323/772 773/1324/773 784/1339/784
f 774/1325/774 775/1326/775 786/1341/786
f 777/1328/777 778/1330/778 788/1343/788
f 778/1330/778 779/1331/779 789/1345/789
f 783/1338/783 784/1339/784 796/1355/796
f 785/1340/785 786/1341/786 798/1357/798
f 788/1343/788 789/1345/789 800/1359/800
f 789/1346/789 790/1347/790 801/1362/801
f 795/1354/795 796/1355/796 808/1372/808
f 797/1356/797 798/1357/798 810/1374/810
f 800/1359/800 801/1361/801 812/1376/812
f 801/1362/801 802/1363/802 813/1379/813
f 809/1373/809 810/1374/810 822/1392/822
f 812/1376/812 813/1378/813 824/1394/824
f 813/1379/813 814/1380/814 825/1397/825
f 815/1381/815 816/1383/816 828/1400/828
f 821/1391/821 822/1392/822 834/1408/834
f 824/1394/824 825/1396/825 836/1410/836
f 825/1397/825 826/1398/826 837/1413/837
f 827/1399/827 828/1400/828 840/1416/840
f 833/1407/833 834/1408/834 847/1426/847
f 836/1410/836 837/1412/837 849/1428/849
f 837/1413/837 838/1414/838 850/1432/850
f 839/1415/839 840/1416/840 855/1440/855
f 849/1428/849 850/1430/850 865/1457/865
f 850/1431/850 851/1434/851 866/1461/866
f 851/1435/851 852/1436/852 867/1464/867
f 865/1457/865 866/1460/866 882/1488/882
f 866/1461/866 867/1463/867 883/1492/883
f 867/1464/867 868/1465/868 884/1495/884
f 869/1466/869 870/1468/870 888/1500/888
f 883/1491/883 884/1494/884 897/1513/897
f 884/1495/884 885/1496/885 898/1516/898
f 897/1513/897 898/1515/898 912/1536/912
f 898/1516/898 899/1517/899 913/1539/913
f 912/1536/912 913/1538/913 926/1557/926
f 913/1539/913 914/1540/914 927/1560/927
f 915/1541/915 916/1542/916 931/1565/931
f 922/1551/922 923/1553/923 937/1575/937
f 926/1557/926 927/1559/927 939/1577/939
f 927/1560/927 928/1561/928 940/1580/940
f 939/1577/939 940/1579/940 953/1599/953
f 940/1580/940 941/1581/941 954/1602/954
f 953/1599/953 954/1601/954 968/1623/968
f 954/1602/954 955/1603/955 969/1625/969
f 964/1616/964 965/1618/965 979/1639/979
f 967/1621/967 968/1623/968 981/1641/981
f 968/1623/968 969/1624/969 982/1643/982
f 978/1638/978 979/1639/979 994/1663/994
f 981/1641/981 982/1643/982 996/1666/996
f 982/1644/982 983/1645/983 997/1668/997
f 993/1662/993 994/1663/994 1010/1692/1010
f 995/1664/995 996/1666/996 1012/1694/1012
f 996/1666/996 997/1667/997 1013/1696/1013
f 1012/1694/1012 1013/1696/1013 1028/1724/1028
f 1027/1722/1027 1028/1724/1028 1045/1756/1045
f 1028/1725/1028 1029/1726/1029 1046/1759/1046
f 1036/1739/1036 1037/1742/1037 1064/1788/1064
f 1041/1751/1041 1042/1752/1042 1067/1792/1067
f 1045/1756/1045 1046/1758/1046 1069/1795/1069
f 1046/1759/1046 1047/1760/1047 1070/1799/1070
f 1056/1775/1056 1057/1776/1057 1088/1832/1088
f 1057/1776/1057 1058/1777/1058 1089/1833/1089
f 1058/1777/1058 1059/1778/1059 1090/1834/1090
f 1059/1778/1059 1060/1779/1060 1091/1835/1091
f 1060/1779/1060 1061/1780/1061 1092/1836/1092
f 1061/1780/1061 1062/1782/1062 1093/1838/1093
f 1066/1791/1066 1067/1792/1067 1097/1844/1097
f 1068/1793/1068 1069/1795/1069 1099/1847/1099
f 1069/1796/1069 1070/1798/1070 1100/1851/1100
f 1070/1799/1070 1071/1800/1071 1101/1854/1101
f 1080/1819/1080 1081/1820/1081 1115/1880/1115
f 1081/1820/1081 1082/1821/1082 1116/1881/1116
f 1082/1821/1082 1083/1822/1083 1117/1882/1117
f 1083/1822/1083 1084/1823/1084 1118/1883/1118
f 1099/1847/1099 1100/1850/1100 1126/1895/1126
f 1100/1851/1100 1101/1853/1101 1127/1899/1127
f 1101/1854/1101 1102/1855/1102 1128/1903/1128
f 1109/1868/1109 1110/1870/1110 1141/1929/1141
f 1110/1870/1110 1111/1871/1111 1142/1930/1142
f 1111/1871/1111 1112/1873/1112 1143/1931/1143
f 1127/1898/1127 1128/1901/1128 1151/1943/1151
f 1128/1902/1128 1129/1905/1129 1152/1947/1152
f 1129/1906/1129 1130/1907/1130 1153/1950/1153
f 1137/1920/1137 1138/1922/1138 1165/1972/1165
f 1138/1922/1138 1139/1924/1139 1166/1974/1166
f 1151/1943/1151 1152/1946/1152 1173/1984/1173
f 1152/1947/1152 1153/1949/1153 1174/1987/1174
f 1153/1949/1153 1154/1952/1154 1175/1990/1175
f 1154/1953/1154 1155/1954/1155 1176/1994/1176
f 1162/1965/1162 1163/1967/1163 1190/2021/1190
f 1174/1988/1174 1175/1991/1175 1197/2031/1197
f 1175/1990/1175 1176/1993/1176 1198/2032/1198
f 1176/1993/1176 1177/1995/1177 1199/2035/1199
f 1177/1995/1177 1178/1997/1178 1200/2038/1200
f 1178/1998/1178 1179/1999/1179 1201/2041/1201
f 1186/2010/1186 1187/2013/1187 1212/2063/1212
f 1199/2034/1199 1200/2037/1200 1220/2075/1220
f 1200/2038/1200 1201/2040/1201 1221/2079/1221
f 1201/2040/1201 1202/2043/1202 1222/2082/1222
f 1202/2044/1202 1203/2045/1203 1223/2085/1223
f 1221/2078/1221 1222/2081/1222 1239/2110/1239
f 1222/2082/1222 1223/2084/1223 1240/2114/1240
f 1223/2085/1223 1224/2086/1224 1241/2118/1241
f 1240/2113/1240 1241/2116/1241 1260/2151/1260
f 1241/2117/1241 1242/2120/1242 1261/2155/1261
f 1242/2121/1242 1243/2122/1243 1262/2158/1262
f 1255/2143/1255 1256/2145/1256 1280/2193/1280
f 1260/2151/1260 1261/2154/1261 1283/2197/1283
f 1261/2155/1261 1262/2157/1262 1284/2201/1284
f 1262/2158/1262 1263/2159/1263 1285/2205/1285
f 1276/2182/1276 1277/2185/1277 1301/2236/1301
f 1284/2200/1284 1285/2203/1285 1305/2242/1305
f 1285/2204/1285 1286/2207/1286 1306/2246/1306
f 1286/2208/1286 1287/2209/1287 1307/2249/1307
f 1305/2242/1305 1306/2245/1306 1324/2278/1324
f 1306/2246/1306 1307/2248/1307 1325/2282/1325
f 1307/2249/1307 1308/2250/1308 1326/2285/1326
f 1325/2281/1325 1326/2284/1326 1340/2305/1340
f 1326/2285/1326 1327/2286/1327 1341/2308/1341
f 1340/2305/1340 1341/2307/1341 1356/2329/1356
f 1341/2308/1341 1342/2309/1342 1357/2332/1357
f 1356/2329/1356 1357/2331/1357 1372/2356/1372
f 1357/2332/1357 1358/2333/1358 1373/2360/1373
f 1372/2356/1372 1373/2358/1373 1390/2388/1390
f 1373/2359/1373 1374/2362/1374 1391/2392/1391
f 1374/2363/1374 1375/2364/1375 1392/2395/1392
f 1390/2388/1390 1391/2391/1391 1408/2419/1408
f 1391/2392/1391 1392/2394/1392 1409/2423/1409
f 1392/2395/1392 1393/2396/1393 1410/2426/1410
f 1409/2422/1409 1410/2425/1410 1440/2468/1440
f 1410/2426/1410 1411/2427/1411 1441/2471/1441
f 1426/2452/1426 1427/2453/1427 1461/2507/1461
f 1427/2453/1427 1428/2454/1428 1462/2508/1462
f 1428/2454/1428 1429/2455/1429 1463/2509/1463
f 1429/2455/1429 1430/2456/1430 1464/2510/1464
f 1430/2456/1430 1431/2457/1431 1465/2511/1465
f 1431/2457/1431 1432/2458/1432 1466/2512/1466
f 1432/2458/1432 1433/2459/1433 1467/2513/1467
f 1433/2459/1433 1434/2460/1434 1468/2514/1468
f 1434/2460/1434 1435/2461/1435 1469/2515/1469
f 1435/2461/1435 1436/2462/1436 1470/2517/1470
f 1436/2462/1436 1437/2464/1437 1471/2520/1471
f 1437/2465/1437 1438/2466/1438 1472/2523/1472
f 1440/2468/1440 1441/2470/1441 1477/2530/1477
f 1441/2471/1441 1442/2472/1442 1478/2533/1478
f 1457/2497/1457 1458/2500/1458 1498/2569/1498
f 1470/2516/1470 1471/2519/1471 1502/2575/1502
f 1471/2520/1471 1472/2522/1472 1503/2578/1503
f 1472/2522/1472 1473/2524/1473 1504/2580/1504
f 1473/2524/1473 1474/2526/1474 1505/2583/1505
f 1474/2527/1474 1475/2528/1475 1506/2586/1506
f 1477/2530/1477 1478/2532/1478 1510/2592/1510
f 1478/2533/1478 1479/2534/1479 1511/2595/1511
f 1495/2561/1495 1496/2564/1496 1530/2630/1530
f 1504/2579/1504 1505/2582/1505 1533/2634/1533
f 1505/2583/1505 1506/2585/1506 1534/2638/1534
f 1506/2585/1506 1507/2588/1507 1535/2641/1535
f 1507/2589/1507 1508/2590/1508 1536/2644/1536
f 1510/2592/1510 1511/2594/1511 1550/2664/1550
f 1511/2595/1511 1512/2596/1512 1551/2667/1551
f 1534/2637/1534 1535/2640/1535 1574/2706/1574
f 1535/2641/1535 1536/2643/1536 1575/2710/1575
f 1536/2643/1536 1537/2646/1537 1576/2713/1576
f 1537/2647/1537 1538/2648/1538 1577/2716/1577
f 1541/2653/1541 1542/2654/1542 1593/2741/1593
f 1542/2654/1542 1543/2655/1543 1594/2742/1594
f 1543/2655/1543 1544/2656/1544 1595/2743/1595
f 1544/2656/1544 1545/2657/1545 1596/2744/1596
f 1545/2657/1545 1546/2658/1546 1597/2745/1597
f 1546/2658/1546 1547/2660/1547 1598/2747/1598
f 1547/2661/1547 1548/2662/1548 1599/2751/1599
f 1550/2664/1550 1551/2666/1551 1603/2757/1603
f 1551/2667/1551 1552/2668/1552 1604/2760/1604
f 1569/2697/1569 1570/2700/1570 1627/2804/1627
f 1575/2709/1575 1576/2712/1576 1630/2808/1630
f 1576/2713/1576 1577/2715/1577 1631/2812/1631
f 1577/2715/1577 1578/2718/1578 1632/2815/1632
f 1578/2719/1578 1579/2720/1579 1633/2818/1633
f 1582/2725/1582 1583/2726/1583 1642/2836/1642
f 1583/2726/1583 1584/2727/1584 1643/2837/1643
f 1584/2727/1584 1585/2728/1585 1644/2838/1644
f 1585/2728/1585 1586/2729/1586 1645/2839/1645
f 1586/2729/1586 1587/2730/1587 1646/2840/1646
f 1587/2730/1587 1588/2731/1588 1647/2841/1647
f 1588/2731/1588 1589/2732/1589 1648/2842/1648
f 1589/2732/1589 1590/2734/1590 1649/2843/1649
f 1598/2746/1598 1599/2749/1599 1653/2849/1653
f 1599/2750/1599 1600/2753/1600 1654/2853/1654
f 1600/2754/1600 1601/2755/1601 1655/2856/1655
f 1603/2757/1603 1604/2759/1604 1658/2859/1658
f 1604/2760/1604 1605/2761/1605 1659/2862/1659
f 1608/2766/1608 1609/2768/1609 1665/2874/1665
f 1624/2795/1624 1625/2798/1625 1679/2900/1679
f 1631/2811/1631 1632/2814/1632 1682/2904/1682
f 1632/2815/1632 1633/2817/1633 1683/2907/1683
f 1633/2817/1633 1634/2819/1634 1684/2909/1684
f 1634/2819/1634 1635/2821/1635 1685/2912/1685
f 1635/2822/1635 1636/2823/1636 1686/2915/1686
f 1638/2826/1638 1639/2829/1639 1693/2928/1693
f 1654/2852/1654 1655/2855/1655 1697/2934/1697
f 1655/2856/1655 1656/2857/1656 1698/2937/1698
f 1658/2859/1658 1659/2861/1659 1701/2940/1701
f 1659/2862/1659 1660/2863/1660 1702/2944/1702
f 1676/2891/1676 1677/2894/1677 1724/2987/1724
f 1684/2908/1684 1685/2911/1685 1727/2991/1727
f 1685/2912/1685 1686/2914/1686 1728/2995/1728
f 1686/2915/1686 1687/2916/1687 1729/2999/1729
f 1690/2921/1690 1691/2923/1691 1738/3018/1738
f 1697/2934/1697 1698/2936/1698 1741/3022/1741
f 1698/2937/1698 1699/2938/1699 1742/3025/1742
f 1701/2940/1701 1702/2942/1702 1745/3028/1745
f 1702/2943/1702 1703/2946/1703 1746/3032/1746
f 1703/2947/1703 1704/2948/1704 1747/3035/1747
f 1721/2979/1721 1722/2981/1722 1768/3075/1768
f 1728/2994/1728 1729/2997/1729 1771/3079/1771
f 1729/2998/1729 1730/3001/1730 1772/3083/1772
f 1730/3002/1730 1731/3003/1731 1773/3087/1773
f 1734/3008/1734 1735/3010/1735 1783/3102/1783
f 1741/3022/1741 1742/3024/1742 1787/3108/1787
f 1742/3025/1742 1743/3026/1743 1788/3111/1788
f 1745/3028/1745 1746/3031/1746 1791/3114/1791
f 1746/3032/1746 1747/3034/1747 1792/3118/1792
f 1747/3035/1747 1748/3036/1748 1793/3121/1793
f 1764/3064/1764 1765/3067/1765 1813/3157/1813
f 1772/3082/1772 1773/3085/1773 1817/3163/1817
f 1773/3086/1773 1774/3088/1774 1818/3166/1818
f 1774/3088/1774 1775/3089/1775 1819/3168/1819
f 1775/3089/1775 1776/3090/1776 1820/3171/1820
f 1777/3091/1777 1778/3092/1778 1822/3175/1822
f 1778/3092/1778 1779/3093/1779 1823/3176/1823
f 1779/3093/1779 1780/3095/1780 1824/3177/1824
f 1787/3108/1787 1788/3110/1788 1828/3183/1828
f 1788/3111/1788 1789/3112/1789 1829/3186/1829
f 1792/3117/1792 1793/3120/1793 1832/3189/1832
f 1793/3121/1793 1794/3122/1794 1833/3192/1833
f 1796/3125/1796 1797/3128/1797 1841/3206/1841
f 1819/3167/1819 1820/3170/1820 1858/3233/1858
f 1827/3182/1827 1828/3184/1828 1861/3238/1861
f 1828/3183/1828 1829/3185/1829 1862/3239/1862
f 1829/3186/1829 1830/3187/1830 1863/3241/1863
f 1832/3189/1832 1833/3191/1833 1866/3244/1866
f 1833/3192/1833 1834/3193/1834 1867/3247/1867
f 1837/3198/1837 1838/3199/1838 1894/3280/1894
f 1838/3199/1838 1839/3201/1839 1895/3282/1895
f 1861/3237/1861 1862/3239/1862 1911/3307/1911
f 1862/3239/1862 1863/3240/1863 1912/3309/1912
f 1863/3241/1863 1864/3242/1864 1913/3311/1913
f 1866/3244/1866 1867/3246/1867 1916/3314/1916
f 1867/3247/1867 1868/3248/1868 1917/3318/1917
f 1872/3253/1872 1873/3254/1873 1929/3339/1929
f 1873/3254/1873 1874/3255/1874 1930/3340/1930
f 1874/3255/1874 1875/3256/1875 1931/3341/1931
f 1875/3256/1875 1876/3257/1876 1932/3342/1932
f 1876/3257/1876 1877/3258/1877 1933/3343/1933
f 1877/3258/1877 1878/3259/1878 1934/3344/1934
f 1878/3259/1878 1879/3260/1879 1935/3345/1935
f 1879/3260/1879 1880/3261/1880 1936/3346/1936
f 1880/3261/1880 1881/3262/1881 1937/3347/1937
f 1881/3262/1881 1882/3263/1882 1938/3348/1938
f 1882/3263/1882 1883/3264/1883 1939/3349/1939
f 1883/3264/1883 1884/3265/1884 1940/3350/1940
f 1884/3265/1884 1885/3266/1885 1941/3351/1941
f 1885/3266/1885 1886/3267/1886 1942/3352/1942
f 1886/3267/1886 1887/3268/1887 1943/3353/1943
f 1887/3268/1887 1888/3269/1888 1944/3354/1944
f 1888/3269/1888 1889/3270/1889 1945/3355/1945
f 1889/3270/1889 1890/3271/1890 1946/3356/1946
f 1890/3271/1890 1891/3273/1891 1947/3357/1947
f 1911/3307/1911 1912/3309/1912 1965/3387/1965
f 1912/3309/1912 1913/3310/1913 1966/3389/1966
f 1913/3311/1913 1914/3312/1914 1967/3391/1967
f 1916/3314/1916 1917/3316/1917 1970/3394/1970
f 1917/3317/1917 1918/3320/1918 1971/3398/1971
f 1918/3321/1918 1919/3322/1919 1972/3402/1972
f 1922/3327/1922 1923/3328/1923 1983/3422/1983
f 1923/3328/1923 1924/3329/1924 1984/3423/1984
f 1924/3329/1924 1925/3330/1925 1985/3424/1985
f 1965/3387/1965 1966/3389/1966 2005/3460/2005
f 1966/3389/1966 1967/3390/1967 2006/3462/2006
f 1967/3391/1967 1968/3392/1968 2007/3464/2007
f 1971/3397/1971 1972/3400/1972 2009/3466/2009
f 1972/3401/1972 1973/3403/1973 2010/3470/2010
f 1973/3403/1973 1974/3405/1974 2011/3473/2011
f 1974/3406/1974 1975/3407/1975 2012/3476/2012
f 1978/3412/1978 1979/3413/1979 2023/3496/2023
f 1979/3413/1979 1980/3415/1980 2024/3497/2024
f 2005/3460/2005 2006/3462/2006 2043/3532/2043
f 2006/3463/2006 2007/3464/2007 2044/3535/2044
f 2010/3469/2010 2011/3472/2011 2047/3538/2047
f 2011/3473/2011 2012/3475/2012 2048/3541/2048
f 2012/3475/2012 2013/3478/2013 2049/3543/2049
f 2013/3479/2013 2014/3480/2014 2050/3547/2050
f 2017/3485/2017 2018/3486/2018 2062/3568/2062
f 2018/3486/2018 2019/3487/2019 2063/3569/2063
f 2019/3487/2019 2020/3489/2020 2064/3570/2064
f 2043/3532/2043 2044/3534/2044 2082/3602/2082
f 2044/3535/2044 2045/3536/2045 2083/3604/2083
f 2049/3542/2049 2050/3545/2050 2085/3606/2085
f 2050/3546/2050 2051/3548/2051 2086/3609/2086
f 2051/3548/2051 2052/3549/2052 2087/3610/2087
f 2052/3549/2052 2053/3550/2053 2088/3611/2088
f 2053/3550/2053 2054/3551/2054 2089/3613/2089
f 2054/3551/2054 2055/3553/2055 2090/3616/2090
f 2055/3554/2055 2056/3555/2056 2091/3619/2091
f 2081/3600/2081 2082/3602/2082 2114/3660/2114
f 2082/3602/2082 2083/3603/2083 2115/3662/2115
f 2089/3612/2089 2090/3615/2090 2117/3664/2117
f 2090/3616/2090 2091/3618/2091 2118/3667/2118
f 2091/3618/2091 2092/3620/2092 2119/3668/2119
f 2092/3620/2092 2093/3621/2093 2120/3669/2120
f 2093/3621/2093 2094/3623/2094 2121/3670/2121
f 2114/3660/2114 2115/3662/2115 2137/3696/2137
f 2136/3695/2136 2137/3696/2137 2153/3722/2153
f 2137/3697/2137 2138/3698/2138 2154/3724/2154
f 2139/3699/2139 2140/3700/2140 2157/3728/2157
f 2167/3745/2167 2168/3746/2168 2183/3772/2183
f 2182/3771/2182 2183/3772/2183 2197/3792/2197
f 2196/3791/2196 2197/3792/2197 2210/3813/2210
f 2198/3793/2198 2199/3794/2199 2212/3815/2212
f 2209/3812/2209 2210/3813/2210 2224/3835/2224
f 2211/3814/2211 2212/3815/2212 2226/3837/2226
f 2212/3816/2212 2213/3817/2213 2227/3839/2227
f 2223/3834/2223 2224/3835/2224 2238/3856/2238
f 2225/3836/2225 2226/3837/2226 2240/3859/2240
f 2226/3838/2226 2227/3839/2227 2241/3861/2241
f 2237/3855/2237 2238/3856/2238 2250/3874/2250
f 2239/3857/2239 2240/3859/2240 2252/3876/2252
f 2240/3859/2240 2241/3860/2241 2253/3878/2253
f 2242/3862/2242 2243/3864/2243 2256/3882/2256
f 2249/3873/2249 2250/3874/2250 2262/3891/2262
f 2252/3876/2252 2253/3878/2253 2264/3893/2264
f 2261/3890/2261 2262/3891/2262 2274/3907/2274
f 2263/3892/2263 2264/3893/2264 2276/3909/2276
f 2273/3906/2273 2274/3907/2274 2285/3922/2285
f 2275/3908/2275 2276/3909/2276 2287/3925/2287
f 2277/3910/2277 2278/3912/2278 2291/3931/2291
f 2284/3921/2284 2285/3922/2285 2296/3939/2296
f 2286/3923/2286 2287/3925/2287 2298/3941/2298
f 2287/3926/2287 2288/3927/2288 2299/3944/2299
f 2295/3938/2295 2296/3939/2296 2310/3960/2310
f 2298/3941/2298 2299/3943/2299 2312/3963/2312
f 2311/3962/2311 2312/3963/2312 2325/3984/2325
f 2312/3964/2312 2313/3965/2313 2326/3986/2326
f 2321/3977/2321 2322/3979/2322 2336/4001/2336
f 2324/3982/2324 2325/3984/2325 2338/4003/2338
f 2325/3984/2325 2326/3985/2326 2339/4005/2339
f 2338/4003/2338 2339/4005/2339 2351/4023/2351
f 2350/4022/2350 2351/4023/2351 2362/4039/2362
f 2355/4029/2355 2356/4030/2356 2368/4047/2368
f 2358/4033/2358 2359/4035/2359 2371/4051/2371
f 2361/4038/2361 2362/4039/2362 2373/4054/2373
f 2367/4046/2367 2368/4047/2368 2379/4063/2379
f 2372/4053/2372 2373/4054/2373 2385/4071/2385
f 2374/4055/2374 2375/4057/2375 2388/4075/2388
f 2384/4070/2384 2385/4071/2385 2397/4089/2397
f 2396/4088/2396 2397/4089/2397 2409/4106/2409
f 2398/4090/2398 2399/4092/2399 2412/4110/2412
f 2401/4095/2401 2402/4096/2402 2415/4114/2415
f 2408/4105/2408 2409/4106/2409 2420/4121/2420
f 2419/4120/2419 2420/4121/2420 2431/4137/2431
f 2427/4132/2427 2428/4133/2428 2442/4153/2442
f 2430/4136/2430 2431/4137/2431 2444/4157/2444
f 2431/4138/2431 2432/4139/2432 2445/4159/2445
f 2437/4146/2437 2438/4147/2438 2452/4169/2452
f 2443/4155/2443 2444/4157/2444 2458/4178/2458
f 2444/4157/2444 2445/4158/2445 2459/4180/2459
f 2458/4178/2458 2459/4180/2459 2471/4198/2471
f 2470/4197/2470 2471/4198/2471 2487/4225/2487
f 2471/4199/2471 2472/4200/2472 2488/4227/2488
f 2474/4203/2474 2475/4206/2475 2494/4240/2494
f 2486/4223/2486 2487/4225/2487 2504/4255/2504
f 2487/4225/2487 2488/4226/2488 2505/4257/2505
f 2491/4232/2491 2492/4234/2492 2513/4273/2513
f 2504/4255/2504 2505/4257/2505 2522/4286/2522
f 2508/4262/2508 2509/4263/2509 2530/4302/2530
f 2509/4263/2509 2510/4265/2510 2531/4303/2531
f 2515/4276/2515 2516/4277/2516 2536/4311/2536
f 2521/4285/2521 2522/4286/2522 2542/4320/2542
f 2522/4287/2522 2523/4288/2523 2543/4322/2543
f 2526/4293/2526 2527/4295/2527 2549/4335/2549
f 2541/4318/2541 2542/4320/2542 2559/4351/2559
f 2542/4320/2542 2543/4321/2543 2560/4353/2560
f 2545/4325/2545 2546/4328/2546 2568/4368/2568
f 2555/4345/2555 2556/4347/2556 2577/4382/2577
f 2559/4351/2559 2560/4353/2560 2579/4386/2579
f 2560/4354/2560 2561/4355/2561 2580/4388/2580
f 2564/4360/2564 2565/4361/2565 2598/4412/2598
f 2565/4361/2565 2566/4363/2566 2599/4414/2599
f 2578/4384/2578 2579/4386/2579 2608/4428/2608
f 2579/4386/2579 2580/4387/2580 2609/4430/2609
f 2584/4393/2584 2585/4394/2585 2616/4444/2616
f 2585/4394/2585 2586/4395/2586 2617/4445/2617
f 2586/4395/2586 2587/4396/2587 2618/4446/2618
f 2587/4396/2587 2588/4397/2588 2619/4447/2619
f 2588/4397/2588 2589/4398/2589 2620/4448/2620
f 2589/4398/2589 2590/4399/2590 2621/4449/2621
f 2590/4399/2590 2591/4400/2591 2622/4450/2622
f 2591/4400/2591 2592/4401/2592 2623/4451/2623
f 2592/4401/2592 2593/4402/2593 2624/4452/2624
f 2593/4402/2593 2594/4403/2594 2625/4453/2625
f 2594/4403/2594 2595/4405/2595 2626/4454/2626
f 2604/4422/2604 2605/4424/2605 2633/4464/2633
f 2608/4428/2608 2609/4430/2609 2635/4466/2635
f 2629/4459/2629 2630/4460/2630 2646/4487/2646
f 2632/4463/2632 2633/4464/2633 2649/4491/2649
f 2634/4465/2634 2635/4466/2635 2651/4495/2651
f 2637/4469/2637 2638/4472/2638 2657/4508/2657
f 2650/4493/2650 2651/4495/2651 2667/4524/2667
f 2651/4496/2651 2652/4497/2652 2668/4527/2668
f 2663/4518/2663 2664/4520/2664 2679/4545/2679
f 2667/4524/2667 2668/4526/2668 2681/4548/2681
f 2674/4538/2674 2675/4539/2675 2689/4561/2689
f 2680/4546/2680 2681/4548/2681 2694/4568/2694
f 2681/4549/2681 2682/4550/2682 2695/4571/2695
f 2688/4560/2688 2689/4561/2689 2701/4579/2701
f 2694/4568/2694 2695/4570/2695 2706/4585/2706
f 2700/4578/2700 2701/4579/2701 2712/4593/2712
f 2702/4580/2702 2703/4581/2703 2714/4595/2714
f 2705/4584/2705 2706/4585/2706 2716/4597/2716
f 2711/4592/2711 2712/4593/2712 2721/4604/2721
f 2713/4594/2713 2714/4595/2714 2723/4606/2723
f 2715/4596/2715 2716/4597/2716 2725/4608/2725
f 2720/4603/2720 2721/4604/2721 2731/4616/2731
f 2722/4605/2722 2723/4606/2723 2733/4618/2733
f 2724/4607/2724 2725/4608/2725 2736/4622/2736
f 2730/4615/2730 2731/4616/2731 2741/4629/2741
f 2732/4617/2732 2733/4618/2733 2744/4634/2744
f 2733/4619/2733 2734/4620/2734 2745/4636/2745
f 2735/4621/2735 2736/4622/2736 2747/4638/2747
f 2740/4628/2740 2741/4629/2741 2753/4647/2753
f 2741/4630/2741 2742/4631/2742 2754/4649/2754
f 2743/4632/2743 2744/4634/2744 2756/4651/2756
f 2744/4634/2744 2745/4635/2745 2757/4653/2757
f 2746/4637/2746 2747/4638/2747 2760/4657/2760
f 2752/4645/2752 2753/4647/2753 2766/4665/2766
f 2753/4647/2753 2754/4648/2754 2767/4667/2767
f 2756/4651/2756 2757/4653/2757 2769/4670/2769
f 2757/4654/2757 2758/4655/2758 2770/4672/2770
f 2759/4656/2759 2760/4657/2760 2773/4676/2773
f 2766/4665/2766 2767/4667/2767 2778/4684/2778
f 2768/4668/2768 2769/4670/2769 2781/4688/2781
f 2769/4670/2769 2770/4671/2770 2782/4690/2782
f 2777/4682/2777 2778/4684/2778 2792/4705/2792
f 2778/4685/2778 2779/4686/2779 2793/4708/2793
f 2781/4688/2781 2782/4690/2782 2795/4710/2795
f 2782/4691/2782 2783/4692/2783 2796/4713/2796
f 2792/4705/2792 2793/4707/2793 2806/4727/2806
f 2795/4710/2795 2796/4712/2796 2809/4731/2809
f 2796/4713/2796 2797/4714/2797 2810/4734/2810
f 2798/4715/2798 2799/4716/2799 2814/4739/2814
f 2805/4725/2805 2806/4727/2806 2820/4747/2820
f 2806/4728/2806 2807/4729/2807 2821/4750/2821
f 2809/4731/2809 2810/4733/2810 2823/4752/2823
f 2810/4734/2810 2811/4735/2811 2824/4755/2824
f 2820/4747/2820 2821/4749/2821 2834/4769/2834
f 2823/4752/2823 2824/4754/2824 2837/4773/2837
f 2824/4755/2824 2825/4756/2825 2838/4776/2838
f 2833/4768/2833 2834/4769/2834 2850/4795/2850
f 2834/4770/2834 2835/4771/2835 2851/4797/2851
f 2837/4773/2837 2838/4775/2838 2853/4799/2853
f 2838/4776/2838 2839/4777/2839 2854/4802/2854
f 2849/4793/2849 2850/4795/2850 2867/4825/2867
f 2850/4795/2850 2851/4796/2851 2868/4827/2868
f 2853/4799/2853 2854/4801/2854 2870/4829/2870
f 2854/4802/2854 2855/4803/2855 2871/4833/2871
f 2867/4825/2867 2868/4827/2868 2884/4855/2884
f 2870/4829/2870 2871/4831/2871 2887/4859/2887
f 2871/4832/2871 2872/4835/2872 2888/4863/2888
f 2872/4836/2872 2873/4837/2873 2889/4866/2889
f 2883/4854/2883 2884/4855/2884 2903/4891/2903
f 2884/4856/2884 2885/4857/2885 2904/4893/2904
f 2887/4859/2887 2888/4862/2888 2906/4895/2906
f 2888/4863/2888 2889/4865/2889 2907/4899/2907
f 2889/4866/2889 2890/4867/2890 2908/4903/2908
f 2897/4878/2897 2898/4880/2898 2919/4924/2919
f 2902/4889/2902 2903/4891/2903 2922/4928/2922
f 2903/4891/2903 2904/4892/2904 2923/4930/2923
f 2907/4898/2907 2908/4901/2908 2925/4932/2925
f 2908/4902/2908 2909/4905/2909 2926/4936/2926
f 2909/4906/2909 2910/4907/2910 2927/4940/2927
f 2922/4928/2922 2923/4930/2923 2941/4966/2941
f 2925/4934/2925 2926/4937/2926 2943/4968/2943
f 2926/4936/2926 2927/4939/2927 2944/4970/2944
f 2927/4939/2927 2928/4942/2928 2945/4973/2945
f 2928/4943/2928 2929/4944/2929 2946/4976/2946
f 2935/4953/2935 2936/4956/2936 2956/4995/2956
f 2940/4965/2940 2941/4966/2941 2959/4999/2959
f 2944/4969/2944 2945/4972/2945 2961/5001/2961
f 2945/4973/2945 2946/4975/2946 2962/5005/2962
f 2946/4976/2946 2947/4977/2947 2963/5009/2963
f 2953/4986/2953 2954/4989/2954 2973/5029/2973
f 2958/4998/2958 2959/4999/2959 2977/5035/2977
f 2962/5004/2962 2963/5007/2963 2979/5037/2979
f 2963/5008/2963 2964/5011/2964 2980/5041/2980
f 2964/5012/2964 2965/5013/2965 2981/5044/2981
f 2979/5037/2979 2980/5040/2980 2997/5071/2997
f 2980/5041/2980 2981/5043/2981 2998/5075/2998
f 2981/5043/2981 2982/5046/2982 2999/5078/2999
f 2982/5047/2982 2983/5048/2983 3000/5081/3000
f 2998/5074/2998 2999/5077/2999 3014/5100/3014
f 2999/5078/2999 3000/5080/3000 3015/5104/3015
f 3000/5081/3000 3001/5082/3001 3016/5108/3016
f 3010/5095/3010 3011/5096/3011 3029/5129/3029
f 3015/5103/3015 3016/5106/3016 3031/5131/3031
f 3016/5107/3016 3017/5109/3017 3032/5135/3032
f 3017/5109/3017 3018/5111/3018 3033/5138/3033
f 3018/5112/3018 3019/5113/3019 3034/5141/3034
f 3028/5128/3028 3029/5129/3029 3046/5160/3046
f 3032/5134/3032 3033/5137/3033 3048/5162/3048
f 3033/5138/3033 3034/5140/3034 3049/5166/3049
f 3034/5141/3034 3035/5142/3035 3050/5170/3050
f 3045/5159/3045 3046/5160/3046 3064/5194/3064
f 3049/5165/3049 3050/5168/3050 3066/5197/3066
f 3050/5169/3050 3051/5172/3051 3067/5201/3067
f 3051/5173/3051 3052/5174/3052 3068/5204/3068
f 3066/5197/3066 3067/5200/3067 3083/5227/3083
f 3067/5201/3067 3068/5203/3068 3084/5231/3084
f 3068/5203/3068 3069/5206/3069 3085/5234/3085
f 3069/5207/3069 3070/5208/3070 3086/5237/3086
f 3084/5230/3084 3085/5233/3085 3099/5256/3099
f 3085/5234/3085 3086/5236/3086 3100/5260/3100
f 3086/5237/3086 3087/5238/3087 3101/5263/3101
f 3088/5239/3088 3089/5241/3089 3105/5268/3105
f 3100/5259/3100 3101/5262/3101 3115/5284/3115
f 3101/5263/3101 3102/5264/3102 3116/5287/3116
f 3111/5279/3111 3112/5280/3112 3128/5307/3128
f 3115/5284/3115 3116/5286/3116 3130/5310/3130
f 3116/5287/3116 3117/5288/3117 3131/5312/3131
f 3118/5289/3118 3119/5291/3119 3133/5314/3133
f 3129/5308/3129 3130/5310/3130 3143/5330/3143
f 3130/5310/3130 3131/5311/3131 3144/5332/3144
f 3132/5313/3132 3133/5314/3133 3147/5336/3147
f 3143/5330/3143 3144/5332/3144 3168/5364/3168
f 3154/5347/3154 3155/5348/3155 3183/5389/3183
f 3155/5348/3155 3156/5349/3156 3184/5390/3184
f 3156/5349/3156 3157/5350/3157 3185/5391/3185
f 3157/5350/3157 3158/5351/3158 3186/5392/3186
f 3158/5351/3158 3159/5352/3159 3187/5393/3187
f 3159/5352/3159 3160/5353/3160 3188/5394/3188
f 3160/5353/3160 3161/5354/3161 3189/5396/3189
f 3161/5354/3161 3162/5356/3162 3190/5399/3190
f 3162/5357/3162 3163/5358/3163 3191/5402/3191
f 3164/5359/3164 3165/5361/3165 3195/5408/3195
f 3165/5361/3165 3166/5362/3166 3196/5410/3196
f 3167/5363/3167 3168/5364/3168 3199/5414/3199
f 3169/5365/3169 3170/5367/3170 3201/5416/3201
f 3170/5367/3170 3171/5368/3171 3202/5418/3202
f 3178/5379/3178 3179/5380/3179 3211/5434/3211
f 3179/5380/3179 3180/5382/3180 3212/5435/3212
f 3189/5395/3189 3190/5398/3190 3216/5441/3216
f 3190/5399/3190 3191/5401/3191 3217/5444/3217
f 3191/5401/3191 3192/5404/3192 3218/5446/3218
f 3192/5405/3192 3193/5406/3193 3219/5449/3219
f 3195/5408/3195 3196/5410/3196 3222/5453/3222
f 3201/5416/3201 3202/5418/3202 3228/5462/3228
f 3218/5445/3218 3219/5448/3219 3238/5479/3238
f 3219/5449/3219 3220/5450/3220 3239/5482/3239
f 3221/5451/3221 3222/5453/3222 3242/5485/3242
f 3222/5454/3222 3223/5455/3223 3243/5488/3243
f 3227/5461/3227 3228/5462/3228 3249/5496/3249
f 3229/5463/3229 3230/5465/3230 3253/5502/3253
f 3238/5479/3238 3239/5481/3239 3259/5512/3259
f 3239/5482/3239 3240/5483/3240 3260/5514/3260
f 3242/5485/3242 3243/5487/3243 3263/5518/3263
f 3243/5488/3243 3244/5489/3244 3264/5520/3264
f 3245/5490/3245 3246/5491/3246 3267/5524/3267
f 3248/5494/3248 3249/5496/3249 3269/5526/3269
f 3249/5497/3249 3250/5498/3250 3270/5529/3270
f 3258/5510/3258 3259/5512/3259 3281/5544/3281
f 3259/5512/3259 3260/5513/3260 3282/5546/3282
f 3260/5514/3260 3261/5515/3261 3283/5548/3283
f 3262/5516/3262 3263/5518/3263 3286/5551/3286
f 3263/5518/3263 3264/5519/3264 3287/5553/3287
f 3269/5526/3269 3270/5528/3270 3293/5562/3293
f 3270/5529/3270 3271/5530/3271 3294/5565/3294
f 3281/5544/3281 3282/5546/3282 3305/5580/3305
f 3282/5546/3282 3283/5547/3283 3306/5582/3306
f 3283/5548/3283 3284/5549/3284 3307/5584/3307
f 3286/5551/3286 3287/5553/3287 3309/5586/3309
f 3287/5554/3287 3288/5555/3288 3310/5589/3310
f 3293/5562/3293 3294/5564/3294 3317/5598/3317
f 3294/5565/3294 3295/5566/3295 3318/5601/3318
f 3305/5580/3305 3306/5582/3306 3328/5615/3328
f 3306/5583/3306 3307/5584/3307 3329/5619/3329
f 3309/5586/3309 3310/5588/3310 3333/5625/3333
f 3310/5589/3310 3311/5590/3311 3334/5628/3334
f 3317/5598/3317 3318/5600/3318 3341/5637/3341
f 3318/5601/3318 3319/5602/3319 3342/5640/3342
f 3328/5615/3328 3329/5617/3329 3352/5654/3352
f 3329/5618/3329 3330/5621/3330 3353/5658/3353
f 3330/5622/3330 3331/5623/3331 3354/5661/3354
f 3333/5625/3333 3334/5627/3334 3357/5664/3357
f 3334/5628/3334 3335/5629/3335 3358/5667/3358
f 3341/5637/3341 3342/5639/3342 3391/5706/3391
f 3342/5640/3342 3343/5641/3343 3392/5709/3392
f 3344/5642/3344 3345/5644/3345 3395/5712/3395
f 3352/5654/3352 3353/5657/3353 3401/5720/3401
f 3353/5658/3353 3354/5660/3354 3402/5724/3402
f 3354/5661/3354 3355/5662/3355 3403/5728/3403
f 3357/5664/3357 3358/5666/3358 3407/5734/3407
f 3358/5667/3358 3359/5668/3359 3408/5737/3408
f 3365/5677/3365 3366/5679/3366 3418/5755/3418
f 3366/5679/3366 3367/5680/3367 3419/5756/3419
f 3367/5680/3367 3368/5681/3368 3420/5757/3420
f 3368/5681/3368 3369/5682/3369 3421/5758/3421
f 3369/5682/3369 3370/5683/3370 3422/5759/3422
f 3370/5683/3370 3371/5684/3371 3423/5760/3423
f 3371/5684/3371 3372/5685/3372 3424/5761/3424
f 3372/5685/3372 3373/5686/3373 3425/5762/3425
f 3373/5686/3373 3374/5687/3374 3426/5763/3426
f 3374/5687/3374 3375/5688/3375 3427/5764/3427
f 3375/5688/3375 3376/5689/3376 3428/5765/3428
f 3376/5689/3376 3377/5690/3377 3429/5766/3429
f 3377/5690/3377 3378/5691/3378 3430/5767/3430
f 3378/5691/3378 3379/5692/3379 3431/5768/3431
f 3379/5692/3379 3380/5693/3380 3432/5769/3432
f 3380/5693/3380 3381/5694/3381 3433/5770/3433
f 3381/5694/3381 3382/5695/3382 3434/5771/3434
f 3382/5695/3382 3383/5696/3383 3435/5772/3435
f 3383/5696/3383 3384/5697/3384 3436/5773/3436
f 3384/5697/3384 3385/5698/3385 3437/5774/3437
f 3385/5698/3385 3386/5699/3386 3438/5775/3438
f 3386/5699/3386 3387/5700/3387 3439/5777/3439
f 3387/5700/3387 3388/5702/3388 3440/5780/3440
f 3388/5703/3388 3389/5704/3389 3441/5783/3441
f 3391/5706/3391 3392/5708/3392 3445/5789/3445
f 3392/5709/3392 3393/5710/3393 3446/5793/3446
f 3394/5711/3394 3395/5712/3395 3450/5799/3450
f 3402/5723/3402 3403/5726/3403 3456/5807/3456
f 3403/5727/3403 3404/5730/3404 3457/5811/3457
f 3404/5731/3404 3405/5732/3405 3458/5814/3458
f 3407/5734/3407 3408/5736/3408 3462/5820/3462
f 3408/5737/3408 3409/5738/3409 3463/5824/3463
f 3415/5748/3415 3416/5750/3416 3475/5848/3475
f 3439/5776/3439 3440/5779/3440 3478/5852/3478
f 3440/5780/3440 3441/5782/3441 3479/5855/3479
f 3441/5782/3441 3442/5785/3442 3480/5857/3480
f 3442/5786/3442 3443/5787/3443 3481/5861/3481
f 3445/5789/3445 3446/5791/3446 3485/5867/3485
f 3446/5792/3446 3447/5795/3447 3486/5871/3486
f 3447/5796/3447 3448/5797/3448 3487/5874/3487
f 3449/5798/3449 3450/5799/3450 3491/5879/3491
f 3456/5807/3456 3457/5810/3457 3497/5887/3497
f 3457/5811/3457 3458/5813/3458 3498/5891/3498
f 3458/5813/3458 3459/5816/3459 3499/5894/3499
f 3459/5817/3459 3460/5818/3460 3500/5897/3500
f 3462/5820/3462 3463/5822/3463 3504/5903/3504
f 3463/5823/3463 3464/5826/3464 3505/5907/3505
f 3464/5827/3464 3465/5828/3465 3506/5910/3506
f 3480/5856/3480 3481/5859/3481 3518/5931/3518
f 3481/5860/3481 3482/5863/3482 3519/5935/3519
f 3482/5864/3482 3483/5865/3483 3520/5939/3520
f 3485/5867/3485 3486/5870/3486 3525/5946/3525
f 3486/5871/3486 3487/5873/3487 3526/5950/3526
f 3487/5874/3487 3488/5875/3488 3527/5953/3527
f 3498/5890/3498 3499/5893/3499 3537/5967/3537
f 3499/5894/3499 3500/5896/3500 3538/5971/3538
f 3500/5896/3500 3501/5899/3501 3539/5974/3539
f 3501/5900/3501 3502/5901/3502 3540/5977/3540
f 3504/5903/3504 3505/5906/3505 3555/5994/3555
f 3505/5907/3505 3506/5909/3506 3556/5998/3556
f 3506/5910/3506 3507/5911/3507 3557/6001/3557
f 3519/5934/3519 3520/5937/3520 3569/6019/3569
f 3520/5938/3520 3521/5940/3521 3570/6022/3570
f 3521/5940/3521 3522/5942/3522 3571/6024/3571
f 3522/5943/3522 3523/5944/3523 3572/6028/3572
f 3525/5946/3525 3526/5949/3526 3577/6035/3577
f 3526/5950/3526 3527/5952/3527 3578/6039/3578
f 3527/5953/3527 3528/5954/3528 3579/6042/3579
f 3538/5970/3538 3539/5973/3539 3588/6054/3588
f 3539/5974/3539 3540/5976/3540 3589/6057/3589
f 3540/5976/3540 3541/5978/3541 3590/6058/3590
f 3541/5978/3541 3542/5979/3542 3591/6059/3591
f 3542/5979/3542 3543/5980/3543 3592/6060/3592
f 3543/5980/3543 3544/5981/3544 3593/6062/3593
f 3544/5981/3544 3545/5982/3545 3594/6065/3594
f 3545/5982/3545 3546/5983/3546 3595/6066/3595
f 3549/5986/3549 3550/5987/3550 3599/6074/3599
f 3550/5987/3550 3551/5988/3551 3600/6075/3600
f 3551/5988/3551 3552/5990/3552 3601/6077/3601
f 3552/5991/3552 3553/5992/3553 3602/6080/3602
f 3556/5997/3556 3557/6000/3557 3620/6100/3620
f 3557/6001/3557 3558/6002/3558 3621/6103/3621
f 3571/6023/3571 3572/6026/3572 3630/6116/3630
f 3572/6027/3572 3573/6029/3573 3631/6120/3631
f 3573/6029/3573 3574/6031/3574 3632/6123/3632
f 3574/6032/3574 3575/6033/3575 3633/6126/3633
f 3578/6038/3578 3579/6041/3579 3638/6133/3638
f 3579/6042/3579 3580/6043/3580 3639/6136/3639
f 3581/6044/3581 3582/6045/3582 3642/6139/3642
f 3593/6061/3593 3594/6064/3594 3648/6147/3648
f 3594/6065/3594 3595/6066/3595 3649/6150/3649
f 3598/6070/3598 3599/6073/3599 3653/6155/3653
f 3599/6074/3599 3600/6075/3600 3654/6158/3654
f 3600/6075/3600 3601/6077/3601 3655/6159/3655
f 3601/6077/3601 3602/6079/3602 3656/6160/3656
f 3602/6079/3602 3603/6081/3603 3657/6161/3657
f 3603/6081/3603 3604/6082/3604 3658/6162/3658
f 3604/6082/3604 3605/6083/3605 3659/6163/3659
f 3605/6083/3605 3606/6084/3606 3660/6164/3660
f 3606/6084/3606 3607/6085/3607 3661/6165/3661
f 3607/6085/3607 3608/6086/3608 3662/6166/3662
f 3608/6086/3608 3609/6087/3609 3663/6167/3663
f 3609/6087/3609 3610/6088/3610 3664/6168/3664
f 3610/6088/3610 3611/6089/3611 3665/6169/3665
f 3611/6089/3611 3612/6090/3612 3666/6170/3666
f 3612/6090/3612 3613/6091/3613 3667/6171/3667
f 3613/6091/3613 3614/6092/3614 3668/6172/3668
f 3614/6092/3614 3615/6093/3615 3669/6173/3669
f 3615/6093/3615 3616/6094/3616 3670/6175/3670
f 3616/6094/3616 3617/6096/3617 3671/6178/3671
f 3617/6097/3617 3618/6098/3618 3672/6181/3672
f 3620/6100/3620 3621/6102/3621 3676/6187/3676
f 3621/6103/3621 3622/6104/3622 3677/6190/3677
f 3631/6119/3631 3632/6122/3632 3687/6203/3687
f 3632/6123/3632 3633/6125/3633 3688/6206/3688
f 3633/6125/3633 3634/6127/3634 3689/6207/3689
f 3634/6127/3634 3635/6129/3635 3690/6209/3690
f 3635/6130/3635 3636/6131/3636 3691/6212/3691
f 3638/6133/3638 3639/6135/3639 3694/6215/3694
f 3639/6136/3639 3640/6137/3640 3695/6218/3695
f 3641/6138/3641 3642/6139/3642 3699/6223/3699
f 3670/6174/3670 3671/6177/3671 3704/6230/3704
f 3671/6178/3671 3672/6180/3672 3705/6233/3705
f 3672/6180/3672 3673/6183/3673 3706/6235/3706
f 3673/6184/3673 3674/6185/3674 3707/6239/3707
f 3676/6187/3676 3677/6189/3677 3711/6245/3711
f 3677/6190/3677 3678/6191/3678 3712/6249/3712
f 3679/6192/3679 3680/6193/3680 3738/6281/3738
f 3690/6208/3690 3691/6211/3691 3745/6291/3745
f 3691/6212/3691 3692/6213/3692 3746/6295/3746
f 3694/6215/3694 3695/6217/3695 3750/6301/3750
f 3695/6218/3695 3696/6219/3696 3751/6304/3751
f 3706/6234/3706 3707/6237/3707 3760/6315/3760
f 3707/6238/3707 3708/6241/3708 3761/6319/3761
f 3708/6242/3708 3709/6243/3709 3762/6321/3762
f 3711/6245/3711 3712/6247/3712 3765/6324/3765
f 3712/6248/3712 3713/6251/3713 3766/6328/3766
f 3713/6252/3713 3714/6253/3714 3767/6331/3767
f 3718/6259/3718 3719/6260/3719 3777/6348/3777
f 3719/6260/3719 3720/6261/3720 3778/6349/3778
f 3720/6261/3720 3721/6262/3721 3779/6350/3779
f 3721/6262/3721 3722/6263/3722 3780/6351/3780
f 3722/6263/3722 3723/6264/3723 3781/6352/3781
f 3723/6264/3723 3724/6265/3724 3782/6353/3782
f 3724/6265/3724 3725/6266/3725 3783/6354/3783
f 3725/6266/3725 3726/6267/3726 3784/6355/3784
f 3726/6267/3726 3727/6268/3727 3785/6356/3785
f 3727/6268/3727 3728/6269/3728 3786/6357/3786
f 3728/6269/3728 3729/6270/3729 3787/6358/3787
f 3729/6270/3729 3730/6271/3730 3788/6359/3788
f 3730/6271/3730 3731/6272/3731 3789/6360/3789
f 3731/6272/3731 3732/6273/3732 3790/6362/3790
f 3732/6273/3732 3733/6274/3733 3791/6365/3791
f 3733/6275/3733 3734/6276/3734 3792/6367/3792
f 3734/6276/3734 3735/6277/3735 3793/6369/3793
f 3745/6291/3745 3746/6293/3746 3806/6390/3806
f 3746/6294/3746 3747/6297/3747 3807/6394/3807
f 3747/6298/3747 3748/6299/3748 3808/6397/3808
f 3750/6301/3750 3751/6303/3751 3811/6400/3811
f 3751/6304/3751 3752/6305/3752 3812/6403/3812
f 3756/6310/3756 3757/6311/3757 3818/6409/3818
f 3760/6315/3760 3761/6318/3761 3820/6411/3820
f 3761/6318/3761 3762/6320/3762 3821/6413/3821
f 3762/6321/3762 3763/6322/3763 3822/6415/3822
f 3765/6324/3765 3766/6327/3766 3825/6418/3825
f 3766/6328/3766 3767/6330/3767 3826/6422/3826
f 3767/6331/3767 3768/6332/3768 3827/6426/3827
f 3770/6335/3770 3771/6337/3771 3841/6452/3841
f 3771/6337/3771 3772/6338/3772 3842/6453/3842
f 3772/6338/3772 3773/6340/3773 3843/6454/3843
f 3790/6361/3790 3791/6364/3791 3848/6460/3848
f 3791/6365/3791 3792/6366/3792 3849/6463/3849
f 3792/6366/3792 3793/6368/3793 3850/6464/3850
f 3793/6368/3793 3794/6370/3794 3851/6465/3851
f 3794/6370/3794 3795/6371/3795 3852/6467/3852
f 3795/6371/3795 3796/6373/3796 3853/6470/3853
f 3796/6374/3796 3797/6375/3797 3854/6473/3854
f 3806/6390/3806 3807/6393/3807 3872/6497/3872
f 3807/6394/3807 3808/6396/3808 3873/6501/3873
f 3808/6397/3808 3809/6398/3809 3874/6504/3874
f 3811/6400/3811 3812/6402/3812 3877/6507/3877
f 3812/6403/3812 3813/6404/3813 3878/6510/3878
f 3814/6405/3814 3815/6406/3815 3881/6514/3881
f 3815/6406/3815 3816/6407/3816 3882/6515/3882
f 3817/6408/3817 3818/6409/3818 3885/6519/3885
f 3820/6411/3820 3821/6413/3821 3887/6521/3887
f 3821/6413/3821 3822/6414/3822 3888/6523/3888
f 3822/6415/3822 3823/6416/3823 3889/6525/3889
f 3826/6421/3826 3827/6424/3827 3891/6527/3891
f 3827/6425/3827 3828/6428/3828 3892/6531/3892
f 3828/6429/3828 3829/6430/3829 3893/6534/3893
f 3832/6435/3832 3833/6437/3833 3908/6555/3908
f 3833/6438/3833 3834/6439/3834 3909/6558/3909
f 3837/6444/3837 3838/6445/3838 3914/6568/3914
f 3838/6445/3838 3839/6447/3839 3915/6570/3915
f 3852/6466/3852 3853/6469/3853 3918/6574/3918
f 3853/6470/3853 3854/6472/3854 3919/6577/3919
f 3854/6472/3854 3855/6474/3855 3920/6578/3920
f 3855/6474/3855 3856/6475/3856 3921/6579/3921
f 3856/6475/3856 3857/6476/3857 3922/6580/3922
f 3857/6476/3857 3858/6477/3858 3923/6581/3923
f 3858/6477/3858 3859/6478/3859 3924/6582/3924
f 3859/6478/3859 3860/6479/3860 3925/6584/3925
f 3860/6479/3860 3861/6481/3861 3926/6587/3926
f 3861/6482/3861 3862/6483/3862 3927/6590/3927
f 3873/6500/3873 3874/6503/3874 3940/6609/3940
f 3874/6504/3874 3875/6505/3875 3941/6612/3941
f 3877/6507/3877 3878/6509/3878 3944/6615/3944
f 3878/6510/3878 3879/6511/3879 3945/6618/3945
f 3880/6512/3880 3881/6514/3881 3948/6621/3948
f 3881/6514/3881 3882/6515/3882 3949/6623/3949
f 3887/6521/3887 3888/6523/3888 3954/6630/3954
f 3888/6523/3888 3889/6524/3889 3955/6632/3955
f 3891/6527/3891 3892/6530/3892 3958/6636/3958
f 3892/6531/3892 3893/6533/3893 3959/6640/3959
f 3893/6534/3893 3894/6535/3894 3960/6643/3960
f 3897/6540/3897 3898/6541/3898 3970/6659/3970
f 3898/6541/3898 3899/6542/3899 3971/6660/3971
f 3899/6542/3899 3900/6543/3900 3972/6661/3972
f 3900/6543/3900 3901/6544/3901 3973/6662/3973
f 3901/6544/3901 3902/6545/3902 3974/6663/3974
f 3902/6545/3902 3903/6546/3903 3975/6664/3975
f 3903/6546/3903 3904/6547/3904 3976/6665/3976
f 3904/6547/3904 3905/6549/3905 3977/6666/3977
f 3907/6553/3907 3908/6555/3908 3980/6669/3980
f 3908/6555/3908 3909/6557/3909 3981/6670/3981
f 3909/6557/3909 3910/6559/3910 3982/6671/3982
f 3910/6559/3910 3911/6561/3911 3983/6672/3983
f 3925/6583/3925 3926/6586/3926 3987/6678/3987
f 3926/6587/3926 3927/6589/3927 3988/6681/3988
f 3927/6589/3927 3928/6591/3928 3989/6682/3989
f 3928/6591/3928 3929/6592/3929 3990/6684/3990
f 3929/6592/3929 3930/6594/3930 3991/6687/3991
f 3930/6595/3930 3931/6596/3931 3992/6690/3992
f 3940/6609/3940 3941/6611/3941 4003/6707/4003
f 3941/6612/3941 3942/6613/3942 4004/6711/4004
f 3944/6615/3944 3945/6617/3945 4008/6718/4008
f 3945/6618/3945 3946/6619/3946 4009/6722/4009
f 3948/6621/3948 3949/6623/3949 4012/6725/4012
f 3954/6630/3954 3955/6632/3955 4017/6731/4017
f 3955/6633/3955 3956/6634/3956 4018/6734/4018
f 3959/6639/3959 3960/6642/3960 4021/6737/4021
f 3960/6643/3960 3961/6644/3961 4022/6740/4022
f 3964/6647/3964 3965/6649/3965 4029/6754/4029
f 3965/6649/3965 3966/6650/3966 4030/6755/4030
f 3966/6650/3966 3967/6652/3967 4031/6756/4031
f 3990/6683/3990 3991/6686/3991 4035/6762/4035
f 3991/6687/3991 3992/6689/3992 4036/6765/4036
f 3992/6689/3992 3993/6692/3993 4037/6767/4037
f 3993/6693/3993 3994/6694/3994 4038/6771/4038
f 4003/6707/4003 4004/6709/4004 4049/6788/4049
f 4004/6710/4004 4005/6713/4005 4050/6792/4050
f 4005/6714/4005 4006/6715/4006 4051/6795/4051
f 4007/6716/4007 4008/6718/4008 4054/6798/4054
f 4008/6719/4008 4009/6721/4009 4055/6802/4055
f 4009/6722/4009 4010/6723/4010 4056/6805/4056
f 4011/6724/4011 4012/6725/4012 4060/6810/4060
f 4013/6726/4013 4014/6727/4014 4062/6812/4062
f 4017/6731/4017 4018/6733/4018 4064/6814/4064
f 4018/6734/4018 4019/6735/4019 4065/6818/4065
f 4021/6737/4021 4022/6739/4022 4069/6824/4069
f 4022/6740/4022 4023/6741/4023 4070/6828/4070
f 4037/6766/4037 4038/6769/4038 4082/6851/4082
f 4038/6770/4038 4039/6773/4039 4083/6855/4083
f 4039/6774/4039 4040/6775/4040 4084/6858/4084
f 4049/6788/4049 4050/6791/4050 4095/6873/4095
f 4050/6792/4050 4051/6794/4051 4096/6877/4096
f 4051/6795/4051 4052/6796/4052 4097/6880/4097
f 4055/6801/4055 4056/6804/4056 4100/6883/4100
f 4056/6805/4056 4057/6806/4057 4101/6886/4101
f 4061/6811/4061 4062/6812/4062 4107/6893/4107
f 4064/6814/4064 4065/6816/4065 4109/6895/4109
f 4065/6817/4065 4066/6820/4066 4110/6899/4110
f 4066/6821/4066 4067/6822/4067 4111/6902/4111
f 4069/6824/4069 4070/6826/4070 4114/6905/4114
f 4070/6827/4070 4071/6830/4071 4115/6909/4115
f 4071/6831/4071 4072/6832/4072 4116/6913/4116
f 4075/6837/4075 4076/6839/4076 4125/6931/4125
f 4083/6854/4083 4084/6857/4084 4129/6937/4129
f 4084/6858/4084 4085/6859/4085 4130/6941/4130
f 4095/6873/4095 4096/6876/4096 4141/6958/4141
f 4096/6877/4096 4097/6879/4097 4142/6962/4142
f 4097/6880/4097 4098/6881/4098 4143/6965/4143
f 4100/6883/4100 4101/6885/4101 4146/6968/4146
f 4101/6886/4101 4102/6887/4102 4147/6971/4147
f 4106/6892/4106 4107/6893/4107 4153/6977/4153
f 4109/6895/4109 4110/6898/4110 4155/6979/4155
f 4110/6899/4110 4111/6901/4111 4156/6983/4156
f 4111/6902/4111 4112/6903/4112 4157/6986/4157
f 4115/6908/4115 4116/6911/4116 4160/6989/4160
f 4116/6912/4116 4117/6914/4117 4161/6993/4161
f 4117/6914/4117 4118/6916/4118 4162/6996/4162
f 4118/6917/4118 4119/6918/4119 4163/6999/4163
f 4121/6921/4121 4122/6924/4122 4174/7017/4174
f 4129/6937/4129 4130/6939/4130 4178/7023/4178
f 4130/6940/4130 4131/6943/4131 4179/7027/4179
f 4131/6944/4131 4132/6945/4132 4180/7030/4180
f 4141/6958/4141 4142/6961/4142 4191/7048/4191
f 4142/6962/4142 4143/6964/4143 4192/7052/4192
f 4143/6965/4143 4144/6966/4144 4193/7055/4193
f 4146/6968/4146 4147/6970/4147 4196/7058/4196
f 4147/6971/4147 4148/6972/4148 4197/7061/4197
f 4152/6976/4152 4153/6977/4153 4203/7068/4203
f 4155/6979/4155 4156/6982/4156 4205/7070/4205
f 4156/6983/4156 4157/6985/4157 4206/7074/4206
f 4157/6986/4157 4158/6987/4158 4207/7077/4207
f 4161/6992/4161 4162/6995/4162 4210/7080/4210
f 4162/6996/4162 4163/6998/4163 4211/7083/4211
f 4163/6998/4163 4164/7000/4164 4212/7085/4212
f 4164/7000/4164 4165/7001/4165 4213/7088/4213
f 4165/7002/4165 4166/7003/4166 4214/7090/4214
f 4166/7003/4166 4167/7004/4167 4215/7092/4215
f 4170/7009/4170 4171/7010/4171 4219/7101/4219
f 4171/7010/4171 4172/7012/4172 4220/7103/4220
f 4178/7023/4178 4179/7026/4179 4223/7107/4223
f 4179/7027/4179 4180/7029/4180 4224/7111/4224
f 4180/7030/4180 4181/7031/4181 4225/7113/4225
f 4191/7048/4191 4192/7051/4192 4236/7131/4236
f 4192/7052/4192 4193/7054/4193 4237/7135/4237
f 4193/7055/4193 4194/7056/4194 4238/7138/4238
f 4196/7058/4196 4197/7060/4197 4241/7141/4241
f 4197/7061/4197 4198/7062/4198 4242/7144/4242
f 4202/7067/4202 4203/7068/4203 4248/7151/4248
f 4205/7070/4205 4206/7073/4206 4250/7153/4250
f 4206/7074/4206 4207/7076/4207 4251/7157/4251
f 4207/7077/4207 4208/7078/4208 4252/7159/4252
f 4212/7084/4212 4213/7087/4213 4255/7162/4255
f 4213/7088/4213 4214/7089/4214 4256/7165/4256
f 4214/7089/4214 4215/7091/4215 4257/7166/4257
f 4215/7091/4215 4216/7094/4216 4258/7167/4258
f 4224/7110/4224 4225/7112/4225 4262/7174/4262
f 4236/7131/4236 4237/7134/4237 4275/7198/4275
f 4237/7135/4237 4238/7137/4238 4276/7202/4276
f 4238/7138/4238 4239/7139/4239 4277/7204/4277
f 4241/7141/4241 4242/7143/4242 4280/7207/4280
f 4242/7144/4242 4243/7145/4243 4281/7210/4281
f 4244/7146/4244 4245/7147/4245 4284/7213/4284
f 4247/7150/4247 4248/7151/4248 4287/7217/4287
f 4250/7153/4250 4251/7156/4251 4289/7219/4289
f 4251/7156/4251 4252/7158/4252 4290/7221/4290
f 4252/7159/4252 4253/7160/4253 4291/7225/4291
f 4261/7172/4261 4262/7174/4262 4294/7228/4294
f 4262/7175/4262 4263/7176/4263 4295/7232/4295
f 4265/7179/4265 4266/7182/4266 4300/7242/4300
f 4276/7201/4276 4277/7203/4277 4306/7252/4306
f 4277/7204/4277 4278/7205/4278 4307/7254/4307
f 4280/7207/4280 4281/7209/4281 4310/7257/4310
f 4281/7210/4281 4282/7211/4282 4311/7260/4311
f 4283/7212/4283 4284/7213/4284 4314/7263/4314
f 4289/7219/4289 4290/7221/4290 4319/7270/4319
f 4290/7222/4290 4291/7224/4291 4320/7274/4320
f 4291/7225/4291 4292/7226/4292 4321/7277/4321
f 4294/7228/4294 4295/7230/4295 4324/7280/4324
f 4295/7231/4295 4296/7233/4296 4325/7283/4325
f 4296/7233/4296 4297/7234/4297 4326/7284/4326
f 4297/7234/4297 4298/7236/4298 4327/7286/4327
f 4305/7250/4305 4306/7252/4306 4334/7296/4334
f 4306/7252/4306 4307/7253/4307 4335/7298/4335
f 4307/7254/4307 4308/7255/4308 4336/7300/4336
f 4310/7257/4310 4311/7259/4311 4338/7302/4338
f 4311/7260/4311 4312/7261/4312 4339/7305/4339
f 4313/7262/4313 4314/7263/4314 4342/7308/4342
f 4320/7273/4320 4321/7276/4321 4347/7314/4347
f 4321/7277/4321 4322/7278/4322 4348/7317/4348
f 4334/7296/4334 4335/7298/4335 4355/7326/4355
f 4335/7299/4335 4336/7300/4336 4356/7329/4356
f 4338/7302/4338 4339/7304/4339 4359/7332/4359
f 4339/7305/4339 4340/7306/4340 4360/7335/4360
f 4341/7307/4341 4342/7308/4342 4364/7340/4364
f 4343/7309/4343 4344/7310/4344 4366/7342/4366
f 4347/7314/4347 4348/7316/4348 4368/7344/4368
f 4348/7317/4348 4349/7318/4349 4369/7347/4369
f 4355/7326/4355 4356/7328/4356 4375/7355/4375
f 4356/7329/4356 4357/7330/4357 4376/7358/4376
f 4359/7332/4359 4360/7334/4360 4379/7361/4379
f 4360/7335/4360 4361/7336/4361 4380/7364/4380
f 4365/7341/4365 4366/7342/4366 4387/7374/4387
f 4368/7344/4368 4369/7346/4369 4389/7377/4389
f 4369/7347/4369 4370/7348/4370 4390/7379/4390
f 4375/7355/4375 4376/7357/4376 4396/7387/4396
f 4376/7358/4376 4377/7359/4377 4397/7390/4397
f 4379/7361/4379 4380/7363/4380 4400/7393/4400
f 4380/7364/4380 4381/7365/4381 4401/7396/4401
f 4388/7375/4388 4389/7377/4389 4410/7408/4410
f 4389/7377/4389 4390/7378/4390 4411/7410/4411
f 4396/7387/4396 4397/7389/4397 4418/7420/4418
f 4397/7390/4397 4398/7391/4398 4419/7423/4419
f 4399/7392/4399 4400/7394/4400 4422/7427/4422
f 4400/7393/4400 4401/7395/4401 4423/7428/4423
f 4401/7396/4401 4402/7397/4402 4424/7430/4424
f 4403/7398/4403 4404/7399/4404 4426/7432/4426
f 4410/7408/4410 4411/7410/4411 4431/7438/4431
f 4411/7411/4411 4412/7412/4412 4432/7441/4432
f 4418/7420/4418 4419/7422/4419 4439/7451/4439
f 4419/7423/4419 4420/7424/4420 4440/7453/4440
f 4422/7426/4422 4423/7428/4423 4442/7455/4442
f 4423/7428/4423 4424/7429/4424 4443/7457/4443
f 4425/7431/4425 4426/7432/4426 4447/7463/4447
f 4427/7433/4427 4428/7434/4428 4449/7465/4449
f 4431/7438/4431 4432/7440/4432 4451/7467/4451
f 4432/7441/4432 4433/7442/4433 4452/7471/4452
f 4438/7449/4438 4439/7451/4439 4460/7483/4460
f 4439/7451/4439 4440/7452/4440 4461/7485/4461
f 4442/7455/4442 4443/7457/4443 4464/7489/4464
f 4443/7458/4443 4444/7459/4444 4465/7492/4465
f 4448/7464/4448 4449/7465/4449 4471/7501/4471
f 4451/7467/4451 4452/7469/4452 4473/7503/4473
f 4452/7470/4452 4453/7473/4453 4474/7507/4474
f 4453/7474/4453 4454/7475/4454 4475/7510/4475
f 4460/7483/4460 4461/7485/4461 4482/7519/4482
f 4461/7486/4461 4462/7487/4462 4483/7523/4483
f 4463/7488/4463 4464/7490/4464 4487/7530/4487
f 4464/7489/4464 4465/7491/4465 4488/7531/4488
f 4473/7503/4473 4474/7506/4474 4497/7544/4497
f 4474/7507/4474 4475/7509/4475 4498/7548/4498
f 4475/7510/4475 4476/7511/4476 4499/7551/4499
f 4482/7519/4482 4483/7521/4483 4506/7560/4506
f 4483/7522/4483 4484/7525/4484 4507/7564/4507
f 4484/7526/4484 4485/7527/4485 4508/7567/4508
f 4487/7529/4487 4488/7531/4488 4511/7570/4511
f 4488/7532/4488 4489/7533/4489 4512/7573/4512
f 4490/7534/4490 4491/7535/4491 4516/7578/4516
f 4498/7547/4498 4499/7550/4499 4521/7584/4521
f 4499/7551/4499 4500/7552/4500 4522/7588/4522
f 4506/7560/4506 4507/7563/4507 4529/7599/4529
f 4507/7564/4507 4508/7566/4508 4530/7603/4530
f 4508/7567/4508 4509/7568/4509 4531/7606/4531
f 4511/7570/4511 4512/7572/4512 4534/7610/4534
f 4512/7573/4512 4513/7574/4513 4535/7612/4535
f 4517/7579/4517 4518/7580/4518 4541/7621/4541
f 4521/7584/4521 4522/7586/4522 4543/7623/4543
f 4522/7587/4522 4523/7590/4523 4544/7627/4544
f 4523/7591/4523 4524/7592/4524 4545/7630/4545
f 4530/7602/4530 4531/7605/4531 4552/7639/4552
f 4531/7606/4531 4532/7607/4532 4553/7643/4553
f 4533/7608/4533 4534/7610/4534 4557/7649/4557
f 4534/7610/4534 4535/7611/4535 4558/7651/4558
f 4543/7623/4543 4544/7626/4544 4568/7666/4568
f 4544/7627/4544 4545/7629/4545 4569/7670/4569
f 4545/7630/4545 4546/7631/4546 4570/7674/4570
f 4552/7639/4552 4553/7641/4553 4578/7686/4578
f 4553/7642/4553 4554/7645/4554 4579/7690/4579
f 4554/7646/4554 4555/7647/4555 4580/7693/4580
f 4557/7649/4557 4558/7651/4558 4583/7696/4583
f 4558/7652/4558 4559/7653/4559 4584/7699/4584
f 4569/7669/4569 4570/7672/4570 4594/7712/4594
f 4570/7673/4570 4571/7676/4571 4595/7716/4595
f 4571/7677/4571 4572/7678/4572 4596/7719/4596
f 4578/7686/4578 4579/7689/4579 4603/7728/4603
f 4579/7690/4579 4580/7692/4580 4604/7732/4604
f 4580/7693/4580 4581/7694/4581 4605/7734/4605
f 4583/7696/4583 4584/7698/4584 4608/7738/4608
f 4584/7699/4584 4585/7700/4585 4609/7740/4609
f 4594/7712/4594 4595/7715/4595 4617/7751/4617
f 4595/7716/4595 4596/7718/4596 4618/7755/4618
f 4596/7719/4596 4597/7720/4597 4619/7758/4619
f 4603/7728/4603 4604/7731/4604 4625/7766/4625
f 4604/7731/4604 4605/7733/4605 4626/7768/4626
f 4605/7734/4605 4606/7735/4606 4627/7770/4627
f 4607/7736/4607 4608/7738/4608 4629/7772/4629
f 4608/7738/4608 4609/7739/4609 4630/7774/4630
f 4610/7741/4610 4611/7743/4611 4633/7778/4633
f 4611/7743/4611 4612/7744/4612 4634/7780/4634
f 4617/7751/4617 4618/7754/4618 4639/7786/4639
f 4618/7755/4618 4619/7757/4619 4640/7790/4640
f 4619/7758/4619 4620/7759/4620 4641/7793/4641
f 4621/7760/4621 4622/7762/4622 4645/7798/4645
f 4625/7766/4625 4626/7768/4626 4647/7800/4647
f 4626/7768/4626 4627/7769/4627 4648/7802/4648
f 4629/7772/4629 4630/7774/4630 4651/7806/4651
f 4630/7775/4630 4631/7776/4631 4652/7810/4652
f 4633/7778/4633 4634/7780/4634 4656/7817/4656
f 4635/7781/4635 4636/7782/4636 4660/7823/4660
f 4639/7786/4639 4640/7789/4640 4662/7825/4662
f 4640/7790/4640 4641/7792/4641 4663/7829/4663
f 4641/7793/4641 4642/7794/4642 4664/7832/4664
f 4647/7800/4647 4648/7802/4648 4670/7840/4670
f 4648/7803/4648 4649/7804/4649 4671/7843/4671
f 4651/7806/4651 4652/7808/4652 4674/7846/4674
f 4652/7809/4652 4653/7812/4653 4675/7850/4675
f 4653/7813/4653 4654/7814/4654 4676/7853/4676
f 4655/7815/4655 4656/7817/4656 4680/7859/4680
f 4656/7818/4656 4657/7819/4657 4681/7862/4681
f 4663/7828/4663 4664/7831/4664 4687/7870/4687
f 4664/7832/4664 4665/7833/4665 4688/7873/4688
f 4670/7840/4670 4671/7842/4671 4695/7882/4695
f 4671/7843/4671 4672/7844/4672 4696/7885/4696
f 4674/7846/4674 4675/7849/4675 4699/7888/4699
f 4675/7850/4675 4676/7852/4676 4700/7892/4700
f 4676/7852/4676 4677/7855/4677 4701/7895/4701
f 4677/7856/4677 4678/7857/4678 4702/7898/4702
f 4680/7859/4680 4681/7861/4681 4705/7902/4705
f 4681/7862/4681 4682/7863/4682 4706/7904/4706
f 4687/7870/4687 4688/7872/4688 4712/7912/4712
f 4688/7873/4688 4689/7874/4689 4713/7915/4713
f 4695/7882/4695 4696/7884/4696 4719/7924/4719
f 4696/7885/4696 4697/7886/4697 4720/7926/4720
f 4700/7891/4700 4701/7894/4701 4722/7928/4722
f 4701/7895/4701 4702/7897/4702 4723/7932/4723
f 4702/7898/4702 4703/7899/4703 4724/7935/4724
f 4704/7900/4704 4705/7902/4705 4727/7938/4727
f 4705/7902/4705 4706/7903/4706 4728/7940/4728
f 4712/7912/4712 4713/7914/4713 4737/7957/4737
f 4718/7922/4718 4719/7924/4719 4744/7967/4744
f 4719/7924/4719 4720/7925/4720 4745/7969/4745
f 4723/7931/4723 4724/7934/4724 4748/7973/4748
f 4724/7935/4724 4725/7936/4725 4749/7977/4749
f 4727/7938/4727 4728/7940/4728 4753/7983/4753
f 4728/7941/4728 4729/7943/4729 4754/7987/4754
f 4729/7944/4729 4730/7945/4730 4755/7990/4755
f 4736/7956/4736 4737/7957/4737 4763/8004/4763
f 4737/7958/4737 4738/7959/4738 4764/8006/4764
f 4744/7967/4744 4745/7969/4745 4770/8014/4770
f 4745/7970/4745 4746/7971/4746 4771/8017/4771
f 4748/7973/4748 4749/7975/4749 4774/8020/4774
f 4749/7976/4749 4750/7979/4750 4775/8024/4775
f 4750/7980/4750 4751/7981/4751 4776/8027/4776
f 4753/7983/4753 4754/7986/4754 4780/8033/4780
f 4754/7987/4754 4755/7989/4755 4781/8036/4781
f 4755/7989/4755 4756/7991/4756 4782/8037/4782
f 4756/7991/4756 4757/7992/4757 4783/8038/4783
f 4757/7992/4757 4758/7994/4758 4784/8039/4784
f 4762/8002/4762 4763/8004/4763 4788/8045/4788
f 4763/8004/4763 4764/8005/4764 4789/8047/4789
f 4770/8014/4770 4771/8016/4771 4797/8062/4797
f 4771/8017/4771 4772/8018/4772 4798/8064/4798
f 4774/8020/4774 4775/8023/4775 4800/8066/4800
f 4775/8024/4775 4776/8026/4776 4801/8070/4801
f 4776/8026/4776 4777/8029/4777 4802/8073/4802
f 4777/8030/4777 4778/8031/4778 4803/8076/4803
f 4788/8045/4788 4789/8047/4789 4807/8082/4807
f 4789/8048/4789 4790/8049/4790 4808/8085/4808
f 4796/8060/4796 4797/8062/4797 4816/8100/4816
f 4797/8062/4797 4798/8063/4798 4817/8102/4817
f 4801/8069/4801 4802/8072/4802 4820/8106/4820
f 4802/8073/4802 4803/8075/4803 4821/8109/4821
f 4803/8075/4803 4804/8078/4804 4822/8111/4822
f 4804/8079/4804 4805/8080/4805 4823/8115/4823
f 4807/8082/4807 4808/8084/4808 4828/8123/4828
f 4816/8100/4816 4817/8102/4817 4837/8140/4837
f 4817/8103/4817 4818/8104/4818 4838/8143/4838
f 4822/8110/4822 4823/8113/4823 4840/8145/4840
f 4823/8114/4823 4824/8116/4824 4841/8149/4841
f 4824/8116/4824 4825/8118/4825 4842/8152/4842
f 4825/8119/4825 4826/8120/4826 4843/8155/4843
f 4827/8121/4827 4828/8123/4828 4846/8158/4846
f 4828/8124/4828 4829/8125/4829 4847/8161/4847
f 4837/8140/4837 4838/8142/4838 4856/8178/4856
f 4841/8148/4841 4842/8151/4842 4859/8182/4859
f 4842/8152/4842 4843/8154/4843 4860/8186/4860
f 4843/8155/4843 4844/8156/4844 4861/8190/4861
f 4846/8158/4846 4847/8160/4847 4870/8202/4870
f 4847/8161/4847 4848/8162/4848 4871/8204/4871
f 4850/8165/4850 4851/8168/4851 4876/8216/4876
f 4855/8177/4855 4856/8178/4856 4879/8221/4879
f 4856/8179/4856 4857/8180/4857 4880/8223/4880
f 4860/8185/4860 4861/8188/4861 4882/8225/4882
f 4861/8189/4861 4862/8191/4862 4883/8228/4883
f 4862/8191/4862 4863/8192/4863 4884/8229/4884
f 4863/8192/4863 4864/8193/4864 4885/8230/4885
f 4864/8193/4864 4865/8194/4865 4886/8232/4886
f 4865/8194/4865 4866/8195/4866 4887/8235/4887
f 4866/8195/4866 4867/8197/4867 4888/8237/4888
f 4867/8198/4867 4868/8199/4868 4889/8240/4889
f 4869/8200/4869 4870/8202/4870 4896/8249/4896
f 4870/8202/4870 4871/8203/4871 4897/8251/4897
f 4873/8207/4873 4874/8210/4874 4903/8265/4903
f 4878/8219/4878 4879/8221/4879 4906/8269/4906
f 4879/8221/4879 4880/8222/4880 4907/8271/4907
f 4886/8231/4886 4887/8234/4887 4909/8273/4909
f 4887/8235/4887 4888/8237/4888 4910/8276/4910
f 4888/8237/4888 4889/8239/4889 4911/8277/4911
f 4889/8239/4889 4890/8241/4890 4912/8278/4912
f 4890/8241/4890 4891/8242/4891 4913/8279/4913
f 4891/8242/4891 4892/8243/4892 4914/8280/4914
f 4892/8243/4892 4893/8245/4893 4915/8282/4915
f 4893/8246/4893 4894/8247/4894 4916/8286/4916
f 4896/8249/4896 4897/8251/4897 4922/8294/4922
f 4897/8252/4897 4898/8253/4898 4923/8297/4923
f 4915/8281/4915 4916/8284/4916 4934/8315/4934
f 4916/8285/4916 4917/8287/4917 4935/8318/4935
f 4917/8287/4917 4918/8288/4918 4936/8319/4936
f 4918/8288/4918 4919/8290/4919 4937/8321/4937
f 4919/8291/4919 4920/8292/4920 4938/8325/4938
f 4922/8294/4922 4923/8296/4923 4942/8332/4942
f 4923/8297/4923 4924/8298/4924 4943/8334/4943
f 4937/8320/4937 4938/8323/4938 4953/8351/4953
f 4938/8324/4938 4939/8327/4939 4954/8355/4954
f 4939/8328/4939 4940/8329/4940 4955/8359/4955
f 4941/8330/4941 4942/8332/4942 4959/8365/4959
f 4942/8332/4942 4943/8333/4943 4960/8367/4960
f 4954/8354/4954 4955/8357/4955 4970/8381/4970
f 4955/8358/4955 4956/8361/4956 4971/8385/4971
f 4956/8362/4956 4957/8363/4957 4972/8388/4972
f 4959/8365/4959 4960/8367/4960 4975/8392/4975
f 4960/8368/4960 4961/8369/4961 4976/8394/4976
f 4966/8376/4966 4967/8377/4967 4983/8406/4983
f 4970/8381/4970 4971/8384/4971 4985/8408/4985
f 4971/8385/4971 4972/8387/4972 4986/8412/4986
f 4972/8388/4972 4973/8389/4973 4987/8416/4987
f 4974/8390/4974 4975/8392/4975 4991/8422/4991
f 4975/8392/4975 4976/8393/4976 4992/8424/4992
f 4986/8411/4986 4987/8414/4987 5003/8443/5003
f 4987/8415/4987 4988/8418/4988 5004/8447/5004
f 4988/8419/4988 4989/8420/4989 5005/8451/5005
f 4991/8422/4991 4992/8424/4992 5009/8457/5009
f 4992/8425/4992 4993/8426/4993 5010/8460/5010
f 5003/8445/5003 5004/8448/5004 5021/8477/5021
f 5004/8447/5004 5005/8450/5005 5022/8479/5022
f 5005/8450/5005 5006/8453/5006 5023/8482/5023
f 5006/8454/5006 5007/8455/5007 5024/8485/5024
f 5009/8457/5009 5010/8459/5010 5027/8488/5027
f 5010/8460/5010 5011/8461/5011 5028/8491/5028
f 5017/8472/5017 5018/8473/5018 5037/8506/5037
f 5022/8478/5022 5023/8481/5023 5039/8509/5039
f 5023/8482/5023 5024/8484/5024 5040/8513/5040
f 5024/8485/5024 5025/8486/5025 5041/8516/5041
f 5027/8488/5027 5028/8490/5028 5044/8519/5044
f 5028/8491/5028 5029/8492/5029 5045/8522/5045
f 5040/8512/5040 5041/8515/5041 5056/8540/5056
f 5041/8516/5041 5042/8517/5042 5057/8544/5057
f 5044/8519/5044 5045/8521/5045 5061/8550/5061
f 5045/8522/5045 5046/8523/5046 5062/8553/5062
f 5052/8534/5052 5053/8536/5053 5071/8569/5071
f 5056/8540/5056 5057/8542/5057 5073/8572/5073
f 5057/8543/5057 5058/8546/5058 5074/8576/5074
f 5058/8547/5058 5059/8548/5059 5075/8578/5075
f 5061/8550/5061 5062/8552/5062 5078/8582/5078
f 5062/8553/5062 5063/8554/5063 5079/8584/5079
f 5073/8572/5073 5074/8575/5074 5090/8600/5090
f 5074/8575/5074 5075/8577/5075 5091/8602/5091
f 5075/8578/5075 5076/8579/5076 5092/8604/5092
f 5077/8580/5077 5078/8582/5078 5094/8606/5094
f 5078/8582/5078 5079/8583/5079 5095/8608/5095
f 5090/8600/5090 5091/8602/5091 5103/8620/5103
f 5091/8602/5091 5092/8603/5092 5104/8622/5104
f 5094/8606/5094 5095/8608/5095 5107/8626/5107
f 5103/8620/5103 5104/8622/5104 5117/8640/5117
f 5104/8623/5104 5105/8624/5105 5118/8643/5118
f 5106/8625/5106 5107/8626/5107 5120/8646/5120
f 5107/8627/5107 5108/8628/5108 5121/8648/5121
f 5109/8629/5109 5110/8630/5110 5124/8652/5124
f 5117/8640/5117 5118/8642/5118 5129/8661/5129
f 5119/8644/5119 5120/8646/5120 5132/8665/5132
f 5120/8646/5120 5121/8647/5121 5133/8667/5133
f 5128/8659/5128 5129/8661/5129 5141/8678/5141
f 5129/8662/5129 5130/8663/5130 5142/8681/5142
f 5132/8665/5132 5133/8667/5133 5144/8684/5144
f 5137/8673/5137 5138/8674/5138 5151/8694/5151
f 5141/8678/5141 5142/8680/5142 5153/8696/5153
f 5143/8682/5143 5144/8684/5144 5156/8700/5156
f 5144/8685/5144 5145/8686/5145 5157/8703/5157
f 5146/8687/5146 5147/8688/5147 5160/8706/5160
f 5152/8695/5152 5153/8696/5153 5165/8713/5165
f 5153/8697/5153 5154/8698/5154 5166/8715/5166
f 5156/8700/5156 5157/8702/5157 5168/8718/5168
f 5157/8703/5157 5158/8704/5158 5169/8720/5169
f 5159/8705/5159 5160/8706/5160 5171/8722/5171
f 5164/8712/5164 5165/8713/5165 5176/8728/5176
f 5165/8713/5165 5166/8714/5166 5177/8729/5177
f 5167/8716/5167 5168/8718/5168 5179/8732/5179
f 5168/8719/5168 5169/8720/5169 5180/8735/5180
f 5170/8721/5170 5171/8722/5171 5183/8738/5183
f 5172/8723/5172 5173/8724/5173 5185/8740/5185
f 5179/8732/5179 5180/8734/5180 5190/8747/5190
f 5180/8735/5180 5181/8736/5181 5191/8749/5191
f 5182/8737/5182 5183/8738/5183 5193/8752/5193
f 5184/8739/5184 5185/8740/5185 5196/8756/5196
f 5186/8741/5186 5187/8742/5187 5198/8758/5198
f 5189/8745/5189 5190/8747/5190 5200/8760/5200
f 5190/8747/5190 5191/8748/5191 5201/8762/5201
f 5192/8750/5192 5193/8752/5193 5205/8769/5205
f 5193/8753/5193 5194/8754/5194 5206/8772/5206
f 5195/8755/5195 5196/8756/5196 5209/8775/5209
f 5197/8757/5197 5198/8758/5198 5212/8779/5212
f 5200/8760/5200 5201/8762/5201 5214/8781/5214
f 5201/8763/5201 5202/8765/5202 5215/8785/5215
f 5202/8766/5202 5203/8767/5203 5216/8788/5216
f 5205/8769/5205 5206/8771/5206 5220/8794/5220
f 5206/8772/5206 5207/8773/5207 5221/8797/5221
f 5208/8774/5208 5209/8775/5209 5225/8802/5225
f 5214/8781/5214 5215/8784/5215 5230/8809/5230
f 5215/8785/5215 5216/8787/5216 5231/8813/5231
f 5216/8787/5216 5217/8790/5217 5232/8816/5232
f 5217/8791/5217 5218/8792/5218 5233/8819/5233
f 5220/8794/5220 5221/8796/5221 5249/8839/5249
f 5221/8797/5221 5222/8798/5222 5250/8842/5250
f 5231/8812/5231 5232/8815/5232 5259/8854/5259
f 5232/8816/5232 5233/8818/5233 5260/8857/5260
f 5233/8818/5233 5234/8820/5234 5261/8858/5261
f 5234/8820/5234 5235/8821/5235 5262/8859/5262
f 5235/8821/5235 5236/8822/5236 5263/8860/5263
f 5236/8822/5236 5237/8823/5237 5264/8861/5264
f 5237/8823/5237 5238/8824/5238 5265/8862/5265
f 5238/8824/5238 5239/8825/5239 5266/8863/5266
f 5239/8825/5239 5240/8826/5240 5267/8865/5267
f 5240/8826/5240 5241/8827/5241 5268/8868/5268
f 5241/8828/5241 5242/8829/5242 5269/8870/5269
f 5244/8832/5244 5245/8833/5245 5272/8877/5272
f 5245/8833/5245 5246/8835/5246 5273/8880/5273
f 5246/8836/5246 5247/8837/5247 5274/8883/5274
f 5249/8839/5249 5250/8841/5250 5282/8893/5282
f 5250/8842/5250 5251/8843/5251 5283/8896/5283
f 5255/8849/5255 5256/8850/5256 5289/8903/5289
f 5267/8864/5267 5268/8867/5268 5291/8905/5291
f 5268/8868/5268 5269/8869/5269 5292/8908/5292
f 5272/8876/5272 5273/8879/5273 5296/8914/5296
f 5273/8880/5273 5274/8882/5274 5297/8917/5297
f 5274/8882/5274 5275/8884/5275 5298/8919/5298
f 5275/8884/5275 5276/8886/5276 5299/8922/5299
f 5276/8887/5276 5277/8888/5277 5300/8925/5300
f 5279/8890/5279 5280/8891/5280 5309/8939/5309
f 5282/8893/5282 5283/8895/5283 5315/8947/5315
f 5283/8896/5283 5284/8897/5284 5316/8950/5316
f 5285/8898/5285 5286/8899/5286 5319/8953/5319
f 5288/8902/5288 5289/8903/5289 5321/8955/5321
f 5298/8918/5298 5299/8921/5299 5323/8957/5323
f 5299/8922/5299 5300/8924/5300 5324/8961/5324
f 5300/8925/5300 5301/8926/5301 5325/8965/5325
f 5304/8931/5304 5305/8932/5305 5334/8982/5334
f 5305/8932/5305 5306/8933/5306 5335/8983/5335
f 5306/8933/5306 5307/8934/5307 5336/8984/5336
f 5308/8936/5308 5309/8938/5309 5338/8986/5338
f 5309/8938/5309 5310/8940/5310 5339/8987/5339
f 5310/8940/5310 5311/8941/5311 5340/8988/5340
f 5311/8941/5311 5312/8943/5312 5341/8991/5341
f 5312/8944/5312 5313/8945/5313 5342/8995/5342
f 5315/8947/5315 5316/8949/5316 5346/9001/5346
f 5316/8950/5316 5317/8951/5317 5347/9005/5347
f 5318/8952/5318 5319/8953/5319 5352/9013/5352
f 5320/8954/5320 5321/8955/5321 5354/9016/5354
f 5324/8960/5324 5325/8963/5325 5356/9018/5356
f 5325/8964/5325 5326/8966/5326 5357/9022/5357
f 5326/8967/5326 5327/8968/5327 5358/9026/5358
f 5327/8968/5327 5328/8969/5328 5359/9028/5359
f 5330/8972/5330 5331/8975/5331 5368/9045/5368
f 5340/8989/5340 5341/8992/5341 5372/9051/5372
f 5341/8991/5341 5342/8994/5342 5373/9052/5373
f 5342/8994/5342 5343/8997/5343 5374/9055/5374
f 5343/8998/5343 5344/8999/5344 5375/9059/5375
f 5346/9001/5346 5347/9003/5347 5379/9065/5379
f 5347/9004/5347 5348/9007/5348 5380/9069/5380
f 5348/9008/5348 5349/9009/5349 5381/9072/5381
f 5353/9015/5353 5354/9016/5354 5387/9080/5387
f 5357/9021/5357 5358/9024/5358 5389/9082/5389
f 5358/9025/5358 5359/9027/5359 5390/9085/5390
f 5359/9027/5359 5360/9029/5360 5391/9087/5391
f 5360/9029/5360 5361/9031/5361 5392/9090/5392
f 5361/9032/5361 5362/9033/5362 5393/9093/5393
f 5365/9038/5365 5366/9040/5366 5404/9110/5404
f 5374/9054/5374 5375/9057/5375 5407/9114/5407
f 5375/9058/5375 5376/9061/5376 5408/9118/5408
f 5376/9062/5376 5377/9063/5377 5409/9121/5409
f 5379/9065/5379 5380/9068/5380 5412/9124/5412
f 5380/9069/5380 5381/9071/5381 5413/9128/5413
f 5381/9072/5381 5382/9073/5382 5414/9132/5414
f 5383/9074/5383 5384/9076/5384 5418/9138/5418
f 5386/9079/5386 5387/9080/5387 5420/9140/5420
f 5391/9086/5391 5392/9089/5392 5422/9142/5422
f 5392/9090/5392 5393/9092/5393 5423/9145/5423
f 5393/9092/5393 5394/9094/5394 5424/9146/5424
f 5394/9094/5394 5395/9095/5395 5425/9147/5425
f 5395/9095/5395 5396/9096/5396 5426/9148/5426
f 5396/9096/5396 5397/9097/5397 5427/9149/5427
f 5397/9097/5397 5398/9098/5398 5428/9150/5428
f 5398/9098/5398 5399/9099/5399 5429/9151/5429
f 5399/9099/5399 5400/9100/5400 5430/9152/5430
f 5400/9100/5400 5401/9102/5401 5431/9153/5431
f 5407/9114/5407 5408/9117/5408 5435/9159/5435
f 5408/9118/5408 5409/9120/5409 5436/9163/5436
f 5409/9121/5409 5410/9122/5410 5437/9167/5437
f 5413/9127/5413 5414/9130/5414 5441/9173/5441
f 5414/9131/5414 5415/9134/5415 5442/9177/5442
f 5415/9135/5415 5416/9136/5416 5443/9180/5443
f 5417/9137/5417 5418/9138/5418 5448/9188/5448
f 5419/9139/5419 5420/9140/5420 5450/9191/5450
f 5436/9162/5436 5437/9165/5437 5452/9193/5452
f 5437/9166/5437 5438/9169/5438 5453/9197/5453
f 5438/9170/5438 5439/9171/5439 5454/9201/5454
f 5441/9173/5441 5442/9176/5442 5457/9204/5457
f 5442/9177/5442 5443/9179/5443 5458/9207/5458
f 5443/9179/5443 5444/9182/5444 5459/9209/5459
f 5444/9183/5444 5445/9184/5445 5460/9213/5460
f 5449/9190/5449 5450/9191/5450 5467/9224/5467
f 5452/9195/5452 5453/9198/5453 5469/9226/5469
f 5453/9197/5453 5454/9200/5454 5470/9228/5470
f 5454/9201/5454 5455/9202/5455 5471/9231/5471
f 5459/9208/5459 5460/9211/5460 5474/9234/5474
f 5460/9212/5460 5461/9215/5461 5475/9238/5475
f 5461/9216/5461 5462/9217/5462 5476/9242/5476
f 5463/9218/5463 5464/9220/5464 5481/9250/5481
f 5466/9223/5466 5467/9224/5467 5483/9253/5483
f 5470/9227/5470 5471/9230/5471 5485/9255/5485
f 5471/9231/5471 5472/9232/5472 5486/9258/5486
f 5475/9237/5475 5476/9240/5476 5489/9261/5489
f 5476/9241/5476 5477/9244/5477 5490/9265/5490
f 5477/9245/5477 5478/9246/5478 5491/9268/5491
f 5482/9252/5482 5483/9253/5483 5497/9276/5497
f 5485/9255/5485 5486/9257/5486 5499/9278/5499
f 5486/9258/5486 5487/9259/5487 5500/9281/5500
f 5489/9261/5489 5490/9264/5490 5503/9284/5503
f 5490/9265/5490 5491/9267/5491 5504/9288/5504
f 5491/9268/5491 5492/9269/5492 5505/9292/5505
f 5493/9270/5493 5494/9272/5494 5510/9300/5510
f 5496/9275/5496 5497/9276/5497 5512/9303/5512
f 5499/9278/5499 5500/9280/5500 5514/9305/5514
f 5500/9281/5500 5501/9282/5501 5515/9308/5515
f 5504/9287/5504 5505/9290/5505 5518/9311/5518
f 5505/9291/5505 5506/9294/5506 5519/9315/5519
f 5506/9295/5506 5507/9296/5507 5520/9318/5520
f 5511/9302/5511 5512/9303/5512 5527/9327/5527
f 5514/9305/5514 5515/9307/5515 5529/9329/5529
f 5515/9308/5515 5516/9309/5516 5530/9333/5530
f 5518/9311/5518 5519/9314/5519 5534/9339/5534
f 5519/9315/5519 5520/9317/5520 5535/9343/5535
f 5520/9318/5520 5521/9319/5521 5536/9347/5536
f 5526/9326/5526 5527/9327/5527 5544/9359/5544
f 5529/9329/5529 5530/9331/5530 5546/9361/5546
f 5530/9332/5530 5531/9335/5531 5547/9365/5547
f 5531/9336/5531 5532/9337/5532 5548/9369/5548
f 5535/9342/5535 5536/9345/5536 5552/9373/5552
f 5536/9346/5536 5537/9349/5537 5553/9377/5553
f 5537/9350/5537 5538/9351/5538 5554/9381/5554
f 5543/9358/5543 5544/9359/5544 5562/9393/5562
f 5546/9363/5546 5547/9366/5547 5564/9395/5564
f 5547/9365/5547 5548/9368/5548 5565/9397/5565
f 5548/9369/5548 5549/9370/5549 5566/9401/5566
f 5549/9370/5549 5550/9371/5550 5567/9404/5567
f 5553/9376/5553 5554/9379/5554 5570/9407/5570
f 5554/9380/5554 5555/9383/5555 5571/9411/5571
f 5555/9384/5555 5556/9385/5556 5572/9414/5572
f 5561/9392/5561 5562/9393/5562 5584/9434/5584
f 5565/9396/5565 5566/9399/5566 5586/9436/5586
f 5566/9400/5566 5567/9403/5567 5587/9440/5587
f 5567/9404/5567 5568/9405/5568 5588/9443/5588
f 5570/9407/5570 5571/9410/5571 5591/9446/5591
f 5571/9411/5571 5572/9413/5572 5592/9450/5592
f 5572/9413/5572 5573/9416/5573 5593/9453/5593
f 5573/9417/5573 5574/9418/5574 5594/9456/5594
f 5577/9423/5577 5578/9424/5578 5604/9472/5604
f 5578/9424/5578 5579/9426/5579 5605/9474/5605
f 5587/9439/5587 5588/9442/5588 5611/9483/5611
f 5588/9443/5588 5589/9444/5589 5612/9486/5612
f 5592/9449/5592 5593/9452/5593 5615/9489/5615
f 5593/9453/5593 5594/9455/5594 5616/9493/5616
f 5594/9456/5594 5595/9457/5595 5617/9497/5617
f 5598/9460/5598 5599/9462/5599 5625/9514/5625
f 5599/9462/5599 5600/9463/5600 5626/9515/5626
f 5600/9463/5600 5601/9465/5601 5627/9516/5627
f 5611/9483/5611 5612/9485/5612 5634/9526/5634
f 5612/9486/5612 5613/9487/5613 5635/9530/5635
f 5616/9492/5616 5617/9495/5617 5639/9536/5639
f 5617/9496/5617 5618/9499/5618 5640/9540/5640
f 5618/9500/5618 5619/9501/5619 5641/9544/5641
f 5630/9521/5630 5631/9522/5631 5653/9568/5653
f 5634/9526/5634 5635/9528/5635 5655/9571/5655
f 5635/9529/5635 5636/9532/5636 5656/9575/5656
f 5636/9533/5636 5637/9534/5637 5657/9578/5657
f 5639/9538/5639 5640/9541/5640 5660/9581/5660
f 5640/9540/5640 5641/9543/5641 5661/9583/5661
f 5641/9543/5641 5642/9546/5642 5662/9586/5662
f 5642/9547/5642 5643/9548/5643 5663/9589/5663
f 5655/9571/5655 5656/9574/5656 5679/9616/5679
f 5656/9575/5656 5657/9577/5657 5680/9620/5680
f 5657/9578/5657 5658/9579/5658 5681/9624/5681
f 5661/9582/5661 5662/9585/5662 5685/9630/5685
f 5662/9586/5662 5663/9588/5663 5686/9634/5686
f 5663/9588/5663 5664/9591/5664 5687/9637/5687
f 5664/9592/5664 5665/9593/5665 5688/9640/5688
f 5668/9598/5668 5669/9600/5669 5696/9657/5696
f 5680/9619/5680 5681/9622/5681 5703/9668/5703
f 5681/9623/5681 5682/9626/5682 5704/9672/5704
f 5682/9627/5682 5683/9628/5683 5705/9675/5705
f 5686/9633/5686 5687/9636/5687 5708/9678/5708
f 5687/9637/5687 5688/9639/5688 5709/9682/5709
f 5688/9639/5688 5689/9642/5689 5710/9685/5710
f 5689/9643/5689 5690/9644/5690 5711/9688/5711
f 5704/9671/5704 5705/9674/5705 5726/9716/5726
f 5705/9675/5705 5706/9676/5706 5727/9720/5727
f 5709/9681/5709 5710/9684/5710 5731/9726/5731
f 5710/9685/5710 5711/9687/5711 5732/9730/5732
f 5711/9688/5711 5712/9689/5712 5733/9734/5733
f 5726/9716/5726 5727/9718/5727 5750/9769/5750
f 5727/9719/5727 5728/9722/5728 5751/9773/5751
f 5728/9723/5728 5729/9724/5729 5752/9777/5752
f 5732/9729/5732 5733/9732/5733 5755/9780/5755
f 5733/9733/5733 5734/9736/5734 5756/9784/5756
f 5734/9737/5734 5735/9738/5735 5757/9787/5757
f 5750/9771/5750 5751/9774/5751 5775/9823/5775
f 5751/9773/5751 5752/9776/5752 5776/9825/5776
f 5752/9777/5752 5753/9778/5753 5777/9829/5777
f 5755/9780/5755 5756/9783/5756 5781/9835/5781
f 5756/9784/5756 5757/9786/5757 5782/9839/5782
f 5757/9786/5757 5758/9789/5758 5783/9842/5783
f 5758/9790/5758 5759/9791/5759 5784/9845/5784
f 5768/9809/5768 5769/9811/5769 5808/9884/5808
f 5776/9824/5776 5777/9827/5777 5812/9890/5812
f 5777/9828/5777 5778/9831/5778 5813/9894/5813
f 5778/9832/5778 5779/9833/5779 5814/9897/5814
f 5782/9838/5782 5783/9841/5783 5817/9900/5817
f 5783/9842/5783 5784/9844/5784 5818/9904/5818
f 5784/9845/5784 5785/9846/5785 5819/9907/5819
f 5788/9851/5788 5789/9852/5789 5834/9928/5834
f 5789/9852/5789 5790/9853/5790 5835/9929/5835
f 5790/9853/5790 5791/9854/5791 5836/9930/5836
f 5791/9854/5791 5792/9855/5792 5837/9931/5837
f 5792/9855/5792 5793/9856/5793 5838/9932/5838
f 5793/9856/5793 5794/9858/5794 5839/9934/5839
f 5800/9871/5800 5801/9872/5801 5854/9959/5854
f 5801/9872/5801 5802/9873/5802 5855/9960/5855
f 5802/9873/5802 5803/9874/5803 5856/9961/5856
f 5803/9874/5803 5804/9875/5804 5857/9962/5857
f 5804/9875/5804 5805/9877/5805 5858/9963/5858
f 5812/9890/5812 5813/9893/5813 5862/9969/5862
f 5813/9894/5813 5814/9896/5814 5863/9973/5863
f 5814/9897/5814 5815/9898/5815 5864/9976/5864
f 5818/9903/5818 5819/9906/5819 5867/9979/5867
f 5819/9907/5819 5820/9908/5820 5868/9983/5868
f 5823/9911/5823 5824/9913/5824 5878/10002/5878
f 5824/9913/5824 5825/9914/5825 5879/10003/5879
f 5825/9914/5825 5826/9915/5826 5880/10004/5880
f 5826/9915/5826 5827/9916/5827 5881/10005/5881
f 5827/9916/5827 5828/9917/5828 5882/10006/5882
f 5828/9917/5828 5829/9918/5829 5883/10007/5883
f 5829/9918/5829 5830/9919/5830 5884/10008/5884
f 5830/9919/5830 5831/9921/5831 5885/10009/5885
f 5843/9941/5843 5844/9942/5844 5898/10031/5898
f 5846/9945/5846 5847/9947/5847 5909/10050/5909
f 5847/9947/5847 5848/9948/5848 5910/10051/5910
f 5848/9948/5848 5849/9949/5849 5911/10052/5911
f 5849/9949/5849 5850/9950/5850 5912/10053/5912
f 5850/9950/5850 5851/9952/5851 5913/10054/5913
f 5863/9972/5863 5864/9975/5864 5917/10060/5917
f 5864/9976/5864 5865/9977/5865 5918/10063/5918
f 5867/9979/5867 5868/9981/5868 5921/10066/5921
f 5868/9982/5868 5869/9985/5869 5922/10070/5922
f 5869/9986/5869 5870/9987/5870 5923/10073/5923
f 5874/9993/5874 5875/9994/5875 5941/10100/5941
f 5890/10018/5890 5891/10019/5891 5950/10118/5950
f 5891/10019/5891 5892/10020/5892 5951/10119/5951
f 5892/10020/5892 5893/10021/5893 5952/10120/5952
f 5893/10021/5893 5894/10022/5894 5953/10121/5953
f 5894/10022/5894 5895/10023/5895 5954/10122/5954
f 5897/10028/5897 5898/10030/5898 5957/10125/5957
f 5898/10030/5898 5899/10032/5899 5958/10126/5958
f 5899/10032/5899 5900/10033/5900 5959/10127/5959
f 5900/10033/5900 5901/10034/5901 5960/10128/5960
f 5901/10034/5901 5902/10035/5902 5961/10129/5961
f 5902/10035/5902 5903/10037/5903 5962/10131/5962
f 5903/10038/5903 5904/10039/5904 5963/10135/5963
f 5906/10042/5906 5907/10045/5907 5974/10155/5974
f 5917/10060/5917 5918/10062/5918 5977/10159/5977
f 5918/10063/5918 5919/10064/5919 5978/10163/5978
f 5921/10066/5921 5922/10069/5922 5982/10169/5982
f 5922/10070/5922 5923/10072/5923 5983/10173/5983
f 5923/10072/5923 5924/10075/5924 5984/10176/5984
f 5924/10076/5924 5925/10077/5925 5985/10179/5985
f 5931/10084/5931 5932/10085/5932 5999/10198/5999
f 5932/10085/5932 5933/10086/5933 6000/10199/6000
f 5933/10086/5933 5934/10087/5934 6001/10200/6001
f 5934/10087/5934 5935/10088/5935 6002/10201/6002
f 5935/10088/5935 5936/10089/5936 6003/10202/6003
f 5936/10089/5936 5937/10091/5937 6004/10203/6004
f 5946/10109/5946 5947/10111/5947 6014/10221/6014
f 5962/10130/5962 5963/10133/5963 6018/10227/6018
f 5963/10134/5963 5964/10136/5964 6019/10230/6019
f 5964/10136/5964 5965/10137/5965 6020/10231/6020
f 5965/10137/5965 5966/10138/5966 6021/10232/6021
f 5966/10138/5966 5967/10139/5967 6022/10233/6022
f 5967/10139/5967 5968/10141/5968 6023/10235/6023
f 5968/10142/5968 5969/10143/5969 6024/10239/6024
f 5977/10159/5977 5978/10161/5978 6034/10258/6034
f 5978/10162/5978 5979/10165/5979 6035/10262/6035
f 5979/10166/5979 5980/10167/5980 6036/10265/6036
f 5983/10172/5983 5984/10175/5984 6039/10268/6039
f 5984/10176/5984 5985/10178/5985 6040/10271/6040
f 5985/10178/5985 5986/10180/5986 6041/10272/6041
f 5986/10180/5986 5987/10181/5987 6042/10273/6042
f 5987/10181/5987 5988/10182/5988 6043/10274/6043
f 5988/10182/5988 5989/10183/5989 6044/10275/6044
f 5989/10183/5989 5990/10184/5990 6045/10276/6045
f 5990/10184/5990 5991/10185/5991 6046/10277/6046
f 5991/10185/5991 5992/10186/5992 6047/10278/6047
f 5992/10186/5992 5993/10187/5993 6048/10279/6048
f 6010/10211/6010 6011/10214/6011 6059/10299/6059
f 6023/10234/6023 6024/10237/6024 6063/10305/6063
f 6024/10238/6024 6025/10241/6025 6064/10309/6064
f 6025/10242/6025 6026/10243/6026 6065/10313/6065
f 6034/10258/6034 6035/10261/6035 6076/10335/6076
f 6035/10262/6035 6036/10264/6036 6077/10339/6077
f 6036/10265/6036 6037/10266/6037 6078/10343/6078
f 6055/10289/6055 6056/10291/6056 6087/10360/6087
f 6064/10308/6064 6065/10311/6065 6091/10366/6091
f 6065/10312/6065 6066/10315/6066 6092/10370/6092
f 6066/10316/6066 6067/10317/6067 6093/10374/6093
f 6077/10338/6077 6078/10341/6078 6108/10399/6108
f 6078/10342/6078 6079/10345/6079 6109/10403/6109
f 6079/10346/6079 6080/10347/6080 6110/10406/6110
f 6083/10352/6083 6084/10353/6084 6118/10421/6118
f 6084/10353/6084 6085/10355/6085 6119/10423/6119
f 6092/10369/6092 6093/10372/6093 6122/10427/6122
f 6093/10373/6093 6094/10375/6094 6123/10430/6123
f 6094/10375/6094 6095/10377/6095 6124/10433/6124
f 6095/10378/6095 6096/10379/6096 6125/10437/6125
f 6100/10384/6100 6101/10385/6101 6133/10450/6133
f 6101/10385/6101 6102/10387/6102 6134/10451/6134
f 6108/10399/6108 6109/10402/6109 6138/10457/6138
f 6109/10403/6109 6110/10405/6110 6139/10461/6139
f 6110/10406/6110 6111/10407/6111 6140/10465/6140
f 6114/10412/6114 6115/10414/6115 6149/10483/6149
f 6123/10431/6123 6124/10434/6124 6153/10489/6153
f 6124/10433/6124 6125/10436/6125 6154/10490/6154
f 6125/10436/6125 6126/10438/6126 6155/10492/6155
f 6126/10438/6126 6127/10439/6127 6156/10493/6156
f 6127/10439/6127 6128/10440/6128 6157/10494/6157
f 6128/10440/6128 6129/10441/6129 6158/10495/6158
f 6139/10460/6139 6140/10463/6140 6163/10502/6163
f 6140/10464/6140 6141/10466/6141 6164/10506/6164
f 6141/10466/6141 6142/10468/6142 6165/10509/6165
f 6142/10469/6142 6143/10470/6143 6166/10512/6166
f 6164/10505/6164 6165/10508/6165 6179/10535/6179
f 6165/10509/6165 6166/10511/6166 6180/10538/6180
f 6166/10511/6166 6167/10513/6167 6181/10539/6181
f 6167/10513/6167 6168/10514/6168 6182/10541/6182
f 6168/10515/6168 6169/10516/6169 6183/10545/6183
f 6169/10516/6169 6170/10517/6170 6184/10547/6184
f 6182/10540/6182 6183/10543/6183 6195/10569/6195
f 6183/10544/6183 6184/10546/6184 6196/10573/6196
f 6184/10546/6184 6185/10549/6185 6197/10576/6197
f 6185/10550/6185 6186/10551/6186 6198/10579/6198
f 6196/10572/6196 6197/10575/6197 6208/10598/6208
f 6197/10576/6197 6198/10578/6198 6209/10602/6209
f 6198/10579/6198 6199/10580/6199 6210/10606/6210
f 6209/10601/6209 6210/10604/6210 6221/10628/6221
f 6210/10605/6210 6211/10608/6211 6222/10632/6222
f 6211/10609/6211 6212/10610/6212 6223/10636/6223
f 6214/10613/6214 6215/10616/6215 6230/10649/6230
f 6222/10631/6222 6223/10634/6223 6234/10654/6234
f 6223/10635/6223 6224/10638/6224 6235/10658/6235
f 6224/10639/6224 6225/10640/6225 6236/10661/6236
f 6234/10654/6234 6235/10657/6235 6247/10680/6247
f 6235/10658/6235 6236/10660/6236 6248/10684/6248
f 6236/10660/6236 6237/10663/6237 6249/10687/6249
f 6237/10664/6237 6238/10665/6238 6250/10690/6250
f 6248/10683/6248 6249/10686/6249 6265/10716/6265
f 6249/10687/6249 6250/10689/6250 6266/10719/6266
f 6250/10689/6250 6251/10691/6251 6267/10721/6267
f 6251/10691/6251 6252/10693/6252 6268/10724/6268
f 6252/10694/6252 6253/10695/6253 6269/10727/6269
f 6256/10700/6256 6257/10701/6257 6298/10765/6298
f 6257/10701/6257 6258/10702/6258 6299/10766/6299
f 6267/10720/6267 6268/10723/6268 6304/10773/6304
f 6268/10724/6268 6269/10726/6269 6305/10776/6305
f 6269/10726/6269 6270/10728/6270 6306/10778/6306
f 6270/10728/6270 6271/10730/6271 6307/10781/6307
f 6271/10731/6271 6272/10732/6272 6308/10784/6308
f 6275/10737/6275 6276/10738/6276 6329/10810/6329
f 6276/10738/6276 6277/10739/6277 6330/10811/6330
f 6277/10739/6277 6278/10740/6278 6331/10812/6331
f 6278/10740/6278 6279/10741/6279 6332/10813/6332
f 6279/10741/6279 6280/10742/6280 6333/10815/6333
f 6280/10742/6280 6281/10743/6281 6334/10818/6334
f 6282/10744/6282 6283/10745/6283 6336/10822/6336
f 6283/10745/6283 6284/10746/6284 6337/10823/6337
f 6284/10746/6284 6285/10747/6285 6338/10824/6338
f 6285/10747/6285 6286/10748/6286 6339/10825/6339
f 6286/10748/6286 6287/10749/6287 6340/10826/6340
f 6287/10749/6287 6288/10750/6288 6341/10827/6341
f 6288/10750/6288 6289/10751/6289 6342/10828/6342
f 6289/10751/6289 6290/10752/6290 6343/10829/6343
f 6290/10752/6290 6291/10753/6291 6344/10830/6344
f 6291/10753/6291 6292/10754/6292 6345/10831/6345
f 6292/10754/6292 6293/10755/6293 6346/10832/6346
f 6293/10755/6293 6294/10756/6294 6347/10833/6347
f 6294/10756/6294 6295/10758/6295 6348/10834/6348
f 6306/10777/6306 6307/10780/6307 6352/10840/6352
f 6307/10781/6307 6308/10783/6308 6353/10843/6353
f 6308/10783/6308 6309/10785/6309 6354/10844/6354
f 6309/10785/6309 6310/10786/6310 6355/10845/6355
f 6310/10786/6310 6311/10787/6311 6356/10846/6356
f 6311/10787/6311 6312/10788/6312 6357/10847/6357
f 6312/10788/6312 6313/10789/6313 6358/10848/6358
f 6313/10789/6313 6314/10790/6314 6359/10849/6359
f 6314/10790/6314 6315/10791/6315 6360/10850/6360
f 6315/10791/6315 6316/10792/6316 6361/10851/6361
f 6316/10792/6316 6317/10793/6317 6362/10853/6362
f 6317/10793/6317 6318/10794/6318 6363/10856/6363
f 6318/10794/6318 6319/10795/6319 6364/10857/6364
f 6319/10795/6319 6320/10796/6320 6365/10858/6365
f 6320/10796/6320 6321/10797/6321 6366/10859/6366
f 6323/10799/6323 6324/10800/6324 6369/10865/6369
f 6324/10800/6324 6325/10801/6325 6370/10866/6370
f 6325/10801/6325 6326/10803/6326 6371/10867/6371
f 6333/10814/6333 6334/10817/6334 6375/10873/6375
f 6362/10852/6362 6363/10855/6363 6378/10877/6378
f 6363/10856/6363 6364/10857/6364 6379/10880/6379
f 6364/10857/6364 6365/10858/6365 6380/10881/6380
f 6365/10858/6365 6366/10859/6366 6381/10882/6381
f 3/5/3 13/24/13 12/22/12
f 4/6/4 14/26/14 13/24/13
f 5/7/5 15/29/15 14/26/14
f 6/8/6 16/30/16 15/28/15
f 13/25/13 38/61/38 37/60/37
f 14/27/14 39/63/39 38/61/38
f 15/29/15 40/64/40 39/62/39
f 16/31/16 41/65/41 40/64/40
f 17/33/17 42/66/42 41/65/41
f 18/34/18 43/67/43 42/66/42
f 19/35/19 44/68/44 43/67/43
f 20/36/20 45/69/45 44/68/44
f 21/37/21 46/70/46 45/69/45
f 22/38/22 47/71/47 46/70/46
f 23/39/23 48/72/48 47/71/47
f 24/40/24 49/73/49 48/72/48
f 25/41/25 50/74/50 49/73/49
f 26/42/26 51/75/51 50/74/50
f 27/43/27 52/77/52 51/75/51
f 28/44/28 53/80/53 52/77/52
f 29/46/29 54/83/54 53/81/53
f 52/78/52 64/99/64 63/96/63
f 53/80/53 65/100/65 64/98/64
f 54/82/54 66/101/66 65/100/65
f 55/84/55 67/103/67 66/101/66
f 56/85/56 68/106/68 67/103/67
f 57/86/57 69/107/69 68/105/68
f 67/104/67 78/124/78 77/121/77
f 68/106/68 79/125/79 78/123/78
f 69/108/69 80/126/80 79/125/79
f 70/110/70 81/128/81 80/126/80
f 71/111/71 82/130/82 81/127/81
f 81/129/81 93/149/93 92/146/92
f 82/131/82 94/150/94 93/148/93
f 83/133/83 95/151/95 94/150/94
f 84/134/84 96/152/96 95/151/95
f 85/135/85 97/153/97 96/152/96
f 86/136/86 98/155/98 97/153/97
f 87/137/87 99/157/99 98/154/98
f 89/141/89 111/173/111 110/172/110
f 98/156/98 113/177/113 112/174/112
f 99/158/99 114/178/114 113/176/113
f 100/160/100 115/179/115 114/178/114
f 101/161/101 116/180/116 115/179/115
f 102/162/102 117/181/117 116/180/116
f 103/163/103 118/182/118 117/181/117
f 104/164/104 119/183/119 118/182/118
f 105/165/105 120/185/120 119/183/119
f 106/166/106 121/187/121 120/185/120
f 107/167/107 122/189/122 121/187/121
f 108/168/108 123/190/123 122/188/122
f 110/172/110 129/200/129 128/199/128
f 119/184/119 131/202/131 130/201/130
f 120/186/120 132/204/132 131/202/131
f 121/187/121 133/205/133 132/203/132
f 122/189/122 134/206/134 133/205/133
f 123/191/123 135/207/135 134/206/134
f 124/193/124 136/209/136 135/207/135
f 125/194/125 137/212/137 136/209/136
f 126/195/126 138/213/138 137/211/137
f 128/199/128 146/225/146 145/224/145
f 136/210/136 149/231/149 148/228/148
f 137/212/137 150/232/150 149/230/149
f 138/214/138 151/233/151 150/232/150
f 139/216/139 152/234/152 151/233/151
f 140/217/140 153/235/153 152/234/152
f 141/218/141 154/237/154 153/235/153
f 142/219/142 155/240/155 154/237/154
f 143/220/143 156/241/156 155/239/155
f 145/224/145 163/253/163 162/251/162
f 146/225/146 164/254/164 163/253/163
f 154/238/154 166/259/166 165/256/165
f 155/240/155 167/260/167 166/258/166
f 156/242/156 168/261/168 167/260/167
f 157/244/157 169/262/169 168/261/168
f 158/245/158 170/264/170 169/262/169
f 159/246/159 171/267/171 170/264/170
f 160/247/160 172/268/172 171/266/171
f 162/252/162 176/277/176 175/275/175
f 163/253/163 177/278/177 176/276/176
f 170/265/170 180/284/180 179/281/179
f 171/267/171 181/285/181 180/283/180
f 172/269/172 182/287/182 181/285/181
f 173/271/173 183/289/183 182/286/182
f 176/276/176 188/299/188 187/297/187
f 177/278/177 189/300/189 188/299/188
f 182/288/182 191/305/191 190/302/190
f 183/290/183 192/307/192 191/304/191
f 184/292/184 193/310/193 192/307/192
f 185/293/185 194/311/194 193/309/193
f 187/298/187 198/320/198 197/318/197
f 188/299/188 199/321/199 198/319/198
f 192/308/192 202/327/202 201/324/201
f 193/310/193 203/329/203 202/326/202
f 194/312/194 204/332/204 203/329/203
f 195/314/195 205/333/205 204/331/204
f 198/320/198 218/353/218 217/351/217
f 199/321/199 219/354/219 218/352/218
f 203/330/203 234/379/234 233/376/233
f 204/332/204 235/381/235 234/378/234
f 205/333/205 236/383/236 235/380/235
f 209/341/209 245/401/245 244/399/244
f 210/342/210 246/402/246 245/401/245
f 211/343/211 247/403/247 246/402/246
f 212/344/212 248/404/248 247/403/247
f 213/345/213 249/406/249 248/404/248
f 214/346/214 250/409/250 249/406/249
f 215/347/215 251/410/251 250/408/250
f 218/353/218 256/421/256 255/418/255
f 219/355/219 257/423/257 256/420/256
f 220/357/220 258/426/258 257/423/257
f 221/358/221 259/427/259 258/426/258
f 223/361/223 261/431/261 260/429/260
f 228/369/228 269/445/269 268/443/268
f 229/370/229 270/447/270 269/445/269
f 230/371/230 271/450/271 270/447/270
f 231/372/231 272/451/272 271/449/271
f 235/382/235 283/467/283 282/464/282
f 236/384/236 284/469/284 283/466/283
f 237/386/237 285/473/285 284/470/284
f 240/390/240 291/485/291 290/483/290
f 241/392/241 292/486/292 291/485/291
f 248/405/248 296/492/296 295/491/295
f 249/407/249 297/494/297 296/492/296
f 250/409/250 298/495/298 297/493/297
f 251/411/251 299/497/299 298/495/298
f 252/413/252 300/500/300 299/497/299
f 253/414/253 301/501/301 300/499/300
f 257/424/257 305/511/305 304/508/304
f 258/426/258 306/512/306 305/510/305
f 260/430/260 308/514/308 307/513/307
f 261/432/261 309/515/309 308/514/308
f 262/434/262 310/516/310 309/515/309
f 263/435/263 311/517/311 310/516/310
f 264/436/264 312/518/312 311/517/311
f 270/448/270 317/526/317 316/523/316
f 271/450/271 318/527/318 317/525/317
f 272/452/272 319/528/319 318/527/318
f 273/454/273 320/529/320 319/528/319
f 274/455/274 321/530/321 320/529/320
f 275/456/275 322/531/322 321/530/321
f 276/457/276 323/532/323 322/531/322
f 277/458/277 324/534/324 323/532/323
f 278/459/278 325/537/325 324/534/324
f 279/460/279 326/538/326 325/537/325
f 280/462/280 327/541/327 326/539/326
f 283/467/283 336/554/336 335/551/335
f 284/469/284 337/556/337 336/553/336
f 285/471/285 338/557/338 337/555/337
f 288/477/288 344/572/344 343/569/343
f 299/498/299 347/578/347 346/575/346
f 300/500/300 348/579/348 347/577/347
f 301/502/301 349/581/349 348/579/348
f 302/504/302 350/583/350 349/580/349
f 324/535/324 356/595/356 355/592/355
f 325/537/325 357/596/357 356/594/356
f 326/538/326 358/597/358 357/596/357
f 327/540/327 359/598/359 358/597/358
f 328/542/328 360/599/360 359/598/359
f 329/543/329 361/600/361 360/599/360
f 330/544/330 362/601/362 361/600/361
f 331/545/331 363/602/363 362/601/362
f 332/546/332 364/604/364 363/602/363
f 333/547/333 365/606/365 364/603/364
f 336/554/336 372/619/372 371/616/371
f 337/556/337 373/621/373 372/618/372
f 338/557/338 374/623/374 373/620/373
f 341/563/341 379/633/379 378/630/378
f 349/582/349 382/639/382 381/636/381
f 350/584/350 383/640/383 382/638/382
f 351/586/351 384/642/384 383/640/383
f 352/587/352 385/645/385 384/642/384
f 353/588/353 386/646/386 385/644/385
f 364/605/364 396/662/396 395/659/395
f 365/607/365 397/663/397 396/661/396
f 366/609/366 398/664/398 397/663/397
f 367/610/367 399/666/399 398/664/398
f 368/611/368 400/669/400 399/666/399
f 369/612/369 401/670/401 400/668/400
f 373/622/373 407/681/407 406/679/406
f 374/623/374 408/682/408 407/680/407
f 384/643/384 415/694/415 414/691/414
f 385/645/385 416/695/416 415/693/415
f 386/647/386 417/696/417 416/695/416
f 387/649/387 418/697/418 417/696/417
f 388/650/388 419/698/419 418/697/418
f 389/651/389 420/699/420 419/698/419
f 390/652/390 421/700/421 420/699/420
f 391/653/391 422/701/422 421/700/421
f 392/654/392 423/703/423 422/701/422
f 393/655/393 424/705/424 423/702/423
f 399/667/399 428/715/428 427/712/427
f 400/669/400 429/716/429 428/714/428
f 401/671/401 430/717/430 429/716/429
f 402/673/402 431/719/431 430/717/430
f 403/674/403 432/722/432 431/719/431
f 404/675/404 433/723/433 432/721/432
f 407/681/407 439/733/439 438/731/438
f 408/682/408 440/734/440 439/732/439
f 423/704/423 448/750/448 447/747/447
f 424/706/424 449/752/449 448/749/448
f 425/708/425 450/754/450 449/751/449
f 431/720/431 454/764/454 453/761/453
f 432/722/432 455/765/455 454/763/454
f 433/724/433 456/766/456 455/765/455
f 434/726/434 457/768/457 456/766/456
f 435/727/435 458/771/458 457/768/457
f 436/729/436 459/774/459 458/772/458
f 439/732/439 464/782/464 463/780/463
f 440/734/440 465/783/465 464/782/464
f 449/753/449 473/799/473 472/796/472
f 450/755/450 474/801/474 473/798/473
f 451/757/451 475/802/475 474/800/474
f 457/769/457 478/808/478 477/805/477
f 458/771/458 479/809/479 478/807/478
f 459/773/459 480/811/480 479/809/479
f 460/775/460 481/814/481 480/811/480
f 461/776/461 482/815/482 481/813/481
f 463/781/463 487/825/487 486/823/486
f 464/782/464 488/826/488 487/824/487
f 465/783/465 489/827/489 488/826/488
f 474/800/474 498/846/498 497/844/497
f 475/802/475 499/847/499 498/846/498
f 480/812/480 501/852/501 500/849/500
f 481/814/481 502/853/502 501/851/501
f 482/816/482 503/855/503 502/853/502
f 483/818/483 504/858/504 503/855/503
f 484/819/484 505/859/505 504/857/504
f 487/825/487 509/868/509 508/866/508
f 488/826/488 510/869/510 509/867/509
f 489/828/489 511/871/511 510/870/510
f 497/845/497 518/884/518 517/882/517
f 498/846/498 519/885/519 518/883/518
f 503/856/503 521/889/521 520/886/520
f 504/858/504 522/890/522 521/888/521
f 505/860/505 523/892/523 522/890/522
f 506/862/506 524/894/524 523/891/523
f 509/868/509 529/904/529 528/902/528
f 510/869/510 530/905/530 529/903/529
f 518/883/518 539/922/539 538/921/538
f 523/893/523 541/926/541 540/923/540
f 524/895/524 542/928/542 541/925/541
f 525/897/525 543/931/543 542/928/542
f 526/898/526 544/932/544 543/930/543
f 529/904/529 548/942/548 547/939/547
f 530/906/530 549/944/549 548/941/548
f 531/908/531 550/945/550 549/943/549
f 538/921/538 558/957/558 557/956/557
f 542/929/542 560/961/560 559/958/559
f 543/931/543 561/963/561 560/960/560
f 544/933/544 562/966/562 561/963/561
f 545/935/545 563/967/563 562/965/562
f 548/942/548 566/974/566 565/971/565
f 549/944/549 567/976/567 566/973/566
f 550/945/550 568/977/568 567/975/567
f 557/956/557 575/988/575 574/987/574
f 561/964/561 577/992/577 576/989/576
f 562/966/562 578/994/578 577/991/577
f 563/967/563 579/995/579 578/993/578
f 566/974/566 582/1001/582 581/998/581
f 567/976/567 583/1003/583 582/1000/582
f 568/977/568 584/1005/584 583/1002/583
f 574/987/574 592/1018/592 591/1016/591
f 578/993/578 594/1022/594 593/1020/593
f 579/995/579 595/1023/595 594/1022/594
f 582/1001/582 597/1026/597 596/1025/596
f 583/1004/583 598/1029/598 597/1026/597
f 584/1005/584 599/1030/599 598/1027/598
f 593/1021/593 609/1049/609 608/1047/608
f 594/1022/594 610/1050/610 609/1048/609
f 598/1029/598 613/1056/613 612/1053/612
f 599/1031/599 614/1058/614 613/1055/613
f 600/1033/600 615/1059/615 614/1057/614
f 605/1042/605 623/1072/623 622/1070/622
f 609/1049/609 625/1075/625 624/1073/624
f 610/1050/610 626/1076/626 625/1074/625
f 613/1056/613 629/1082/629 628/1079/628
f 614/1058/614 630/1084/630 629/1081/629
f 615/1059/615 631/1086/631 630/1083/630
f 625/1074/625 653/1117/653 652/1115/652
f 626/1076/626 654/1118/654 653/1117/653
f 630/1085/630 656/1123/656 655/1120/655
f 631/1087/631 657/1124/657 656/1122/656
f 632/1089/632 658/1126/658 657/1124/657
f 633/1090/633 659/1129/659 658/1126/658
f 636/1093/636 662/1135/662 661/1133/661
f 637/1094/637 663/1136/663 662/1135/662
f 638/1095/638 664/1137/664 663/1136/663
f 639/1096/639 665/1138/665 664/1137/664
f 640/1097/640 666/1139/666 665/1138/665
f 641/1098/641 667/1141/667 666/1139/666
f 642/1099/642 668/1144/668 667/1141/667
f 643/1100/643 669/1145/669 668/1143/668
f 652/1116/652 680/1164/680 679/1162/679
f 653/1117/653 681/1165/681 680/1163/680
f 658/1127/658 684/1171/684 683/1168/683
f 667/1142/667 688/1179/688 687/1176/687
f 668/1144/668 689/1180/689 688/1178/688
f 669/1146/669 690/1182/690 689/1180/689
f 670/1148/670 691/1185/691 690/1182/690
f 671/1149/671 692/1186/692 691/1184/691
f 676/1158/676 701/1202/701 700/1200/700
f 680/1163/680 703/1205/703 702/1203/702
f 681/1166/681 704/1207/704 703/1206/703
f 690/1183/690 706/1211/706 705/1208/705
f 691/1185/691 707/1213/707 706/1210/706
f 692/1187/692 708/1216/708 707/1213/707
f 693/1189/693 709/1217/709 708/1215/708
f 702/1204/702 720/1237/720 719/1235/719
f 703/1205/703 721/1238/721 720/1236/720
f 707/1214/707 723/1243/723 722/1240/722
f 708/1216/708 724/1245/724 723/1242/723
f 709/1218/709 725/1248/725 724/1245/724
f 710/1220/710 726/1249/726 725/1247/725
f 720/1236/720 736/1264/736 735/1263/735
f 724/1246/724 738/1268/738 737/1265/737
f 725/1248/725 739/1270/739 738/1267/738
f 726/1249/726 740/1272/740 739/1269/739
f 732/1259/732 747/1285/747 746/1284/746
f 735/1263/735 749/1287/749 748/1286/748
f 739/1271/739 751/1291/751 750/1288/750
f 740/1273/740 752/1293/752 751/1290/751
f 741/1275/741 753/1294/753 752/1292/752
f 746/1284/746 760/1305/760 759/1304/759
f 748/1286/748 762/1307/762 761/1306/761
f 751/1291/751 764/1311/764 763/1308/763
f 752/1293/752 765/1313/765 764/1310/764
f 753/1294/753 766/1314/766 765/1312/765
f 759/1304/759 773/1324/773 772/1323/772
f 761/1306/761 775/1326/775 774/1325/774
f 764/1311/764 777/1329/777 776/1327/776
f 765/1312/765 778/1330/778 777/1328/777
f 766/1314/766 779/1331/779 778/1330/778
f 772/1323/772 784/1339/784 783/1338/783
f 774/1325/774 786/1341/786 785/1340/785
f 777/1329/777 788/1344/788 787/1342/787
f 778/1330/778 789/1345/789 788/1343/788
f 783/1338/783 796/1355/796 795/1354/795
f 785/1340/785 798/1357/798 797/1356/797
f 788/1344/788 800/1360/800 799/1358/799
f 789/1345/789 801/1361/801 800/1359/800
f 795/1354/795 808/1372/808 807/1370/807
f 797/1356/797 810/1374/810 809/1373/809
f 800/1360/800 812/1377/812 811/1375/811
f 801/1361/801 813/1378/813 812/1376/812
f 809/1373/809 822/1392/822 821/1391/821
f 812/1377/812 824/1395/824 823/1393/823
f 813/1378/813 825/1396/825 824/1394/824
f 815/1381/815 828/1400/828 827/1399/827
f 821/1391/821 834/1408/834 833/1407/833
f 824/1395/824 836/1411/836 835/1409/835
f 825/1396/825 837/1412/837 836/1410/836
f 827/1399/827 840/1416/840 839/1415/839
f 833/1407/833 847/1426/847 846/1424/846
f 836/1411/836 849/1429/849 848/1427/848
f 837/1412/837 850/1430/850 849/1428/849
f 839/1415/839 855/1440/855 854/1438/854
f 849/1429/849 865/1459/865 864/1456/864
f 850/1431/850 866/1461/866 865/1458/865
f 851/1433/851 867/1462/867 866/1460/866
f 865/1459/865 882/1490/882 881/1487/881
f 866/1461/866 883/1492/883 882/1489/882
f 867/1462/867 884/1494/884 883/1491/883
f 869/1466/869 888/1500/888 887/1498/887
f 883/1493/883 897/1514/897 896/1512/896
f 884/1494/884 898/1515/898 897/1513/897
f 897/1514/897 912/1537/912 911/1535/911
f 898/1515/898 913/1538/913 912/1536/912
f 912/1537/912 926/1558/926 925/1556/925
f 913/1538/913 927/1559/927 926/1557/926
f 915/1541/915 931/1565/931 930/1563/930
f 922/1551/922 937/1575/937 936/1573/936
f 926/1558/926 939/1578/939 938/1576/938
f 927/1559/927 940/1579/940 939/1577/939
f 939/1578/939 953/1600/953 952/1598/952
f 940/1579/940 954/1601/954 953/1599/953
f 953/1599/953 968/1623/968 967/1621/967
f 954/1601/954 969/1624/969 968/1623/968
f 964/1616/964 979/1639/979 978/1638/978
f 967/1622/967 981/1642/981 980/1640/980
f 968/1623/968 982/1643/982 981/1641/981
f 978/1638/978 994/1663/994 993/1662/993
f 981/1641/981 996/1666/996 995/1664/995
f 982/1643/982 997/1667/997 996/1666/996
f 993/1662/993 1010/1692/1010 1009/1690/1009
f 995/1665/995 1012/1695/1012 1011/1693/1011
f 996/1666/996 1013/1696/1013 1012/1694/1012
f 1012/1694/1012 1028/1724/1028 1027/1722/1027
f 1027/1723/1027 1045/1757/1045 1044/1755/1044
f 1028/1724/1028 1046/1758/1046 1045/1756/1045
f 1036/1739/1036 1064/1788/1064 1063/1785/1063
f 1041/1751/1041 1067/1792/1067 1066/1791/1066
f 1045/1756/1045 1069/1795/1069 1068/1793/1068
f 1046/1758/1046 1070/1797/1070 1069/1795/1069
f 1056/1775/1056 1088/1832/1088 1087/1830/1087
f 1057/1776/1057 1089/1833/1089 1088/1832/1088
f 1058/1777/1058 1090/1834/1090 1089/1833/1089
f 1059/1778/1059 1091/1835/1091 1090/1834/1090
f 1060/1779/1060 1092/1836/1092 1091/1835/1091
f 1061/1780/1061 1093/1838/1093 1092/1836/1092
f 1066/1791/1066 1097/1844/1097 1096/1842/1096
f 1068/1794/1068 1099/1849/1099 1098/1846/1098
f 1069/1796/1069 1100/1851/1100 1099/1848/1099
f 1070/1797/1070 1101/1852/1101 1100/1850/1100
f 1080/1819/1080 1115/1880/1115 1114/1878/1114
f 1081/1820/1081 1116/1881/1116 1115/1880/1115
f 1082/1821/1082 1117/1882/1117 1116/1881/1116
f 1083/1822/1083 1118/1883/1118 1117/1882/1117
f 1099/1849/1099 1126/1897/1126 1125/1894/1125
f 1100/1851/1100 1127/1899/1127 1126/1896/1126
f 1101/1852/1101 1128/1901/1128 1127/1898/1127
f 1109/1868/1109 1141/1929/1141 1140/1927/1140
f 1110/1870/1110 1142/1930/1142 1141/1929/1141
f 1111/1871/1111 1143/1931/1143 1142/1930/1142
f 1127/1900/1127 1151/1945/1151 1150/1942/1150
f 1128/1902/1128 1152/1947/1152 1151/1944/1151
f 1129/1904/1129 1153/1948/1153 1152/1946/1152
f 1137/1920/1137 1165/1972/1165 1164/1970/1164
f 1138/1922/1138 1166/1974/1166 1165/1972/1165
f 1151/1945/1151 1173/1986/1173 1172/1983/1172
f 1152/1947/1152 1174/1987/1174 1173/1985/1173
f 1153/1949/1153 1175/1990/1175 1174/1987/1174
f 1154/1951/1154 1176/1992/1176 1175/1989/1175
f 1162/1965/1162 1190/2021/1190 1189/2018/1189
f 1174/1988/1174 1197/2031/1197 1196/2030/1196
f 1175/1991/1175 1198/2033/1198 1197/2031/1197
f 1176/1993/1176 1199/2035/1199 1198/2032/1198
f 1177/1995/1177 1200/2038/1200 1199/2035/1199
f 1178/1996/1178 1201/2039/1201 1200/2037/1200
f 1186/2010/1186 1212/2063/1212 1211/2061/1211
f 1199/2036/1199 1220/2077/1220 1219/2074/1219
f 1200/2038/1200 1221/2079/1221 1220/2076/1220
f 1201/2040/1201 1222/2082/1222 1221/2079/1221
f 1202/2042/1202 1223/2083/1223 1222/2081/1222
f 1221/2080/1221 1239/2112/1239 1238/2109/1238
f 1222/2082/1222 1240/2114/1240 1239/2111/1239
f 1223/2083/1223 1241/2116/1241 1240/2113/1240
f 1240/2115/1240 1260/2153/1260 1259/2150/1259
f 1241/2117/1241 1261/2155/1261 1260/2152/1260
f 1242/2119/1242 1262/2156/1262 1261/2154/1261
f 1255/2143/1255 1280/2193/1280 1279/2190/1279
f 1260/2153/1260 1283/2199/1283 1282/2196/1282
f 1261/2155/1261 1284/2201/1284 1283/2198/1283
f 1262/2156/1262 1285/2203/1285 1284/2200/1284
f 1276/2182/1276 1301/2236/1301 1300/2234/1300
f 1284/2202/1284 1305/2244/1305 1304/2241/1304
f 1285/2204/1285 1306/2246/1306 1305/2243/1305
f 1286/2206/1286 1307/2247/1307 1306/2245/1306
f 1305/2244/1305 1324/2280/1324 1323/2277/1323
f 1306/2246/1306 1325/2282/1325 1324/2279/1324
f 1307/2247/1307 1326/2284/1326 1325/2281/1325
f 1325/2283/1325 1340/2306/1340 1339/2304/1339
f 1326/2284/1326 1341/2307/1341 1340/2305/1340
f 1340/2306/1340 1356/2330/1356 1355/2328/1355
f 1341/2307/1341 1357/2331/1357 1356/2329/1356
f 1356/2330/1356 1372/2357/1372 1371/2355/1371
f 1357/2331/1357 1373/2358/1373 1372/2356/1372
f 1372/2357/1372 1390/2390/1390 1389/2387/1389
f 1373/2359/1373 1391/2392/1391 1390/2389/1390
f 1374/2361/1374 1392/2393/1392 1391/2391/1391
f 1390/2390/1390 1408/2421/1408 1407/2418/1407
f 1391/2392/1391 1409/2423/1409 1408/2420/1408
f 1392/2393/1392 1410/2425/1410 1409/2422/1409
f 1409/2424/1409 1440/2469/1440 1439/2467/1439
f 1410/2425/1410 1441/2470/1441 1440/2468/1440
f 1426/2452/1426 1461/2507/1461 1460/2505/1460
f 1427/2453/1427 1462/2508/1462 1461/2507/1461
f 1428/2454/1428 1463/2509/1463 1462/2508/1462
f 1429/2455/1429 1464/2510/1464 1463/2509/1463
f 1430/2456/1430 1465/2511/1465 1464/2510/1464
f 1431/2457/1431 1466/2512/1466 1465/2511/1465
f 1432/2458/1432 1467/2513/1467 1466/2512/1466
f 1433/2459/1433 1468/2514/1468 1467/2513/1467
f 1434/2460/1434 1469/2515/1469 1468/2514/1468
f 1435/2461/1435 1470/2517/1470 1469/2515/1469
f 1436/2462/1436 1471/2520/1471 1470/2517/1470
f 1437/2463/1437 1472/2521/1472 1471/2519/1471
f 1440/2469/1440 1477/2531/1477 1476/2529/1476
f 1441/2470/1441 1478/2532/1478 1477/2530/1477
f 1457/2497/1457 1498/2569/1498 1497/2567/1497
f 1470/2518/1470 1502/2577/1502 1501/2574/1501
f 1471/2520/1471 1503/2578/1503 1502/2576/1502
f 1472/2522/1472 1504/2580/1504 1503/2578/1503
f 1473/2524/1473 1505/2583/1505 1504/2580/1504
f 1474/2525/1474 1506/2584/1506 1505/2582/1505
f 1477/2531/1477 1510/2593/1510 1509/2591/1509
f 1478/2532/1478 1511/2594/1511 1510/2592/1510
f 1495/2561/1495 1530/2630/1530 1529/2627/1529
f 1504/2581/1504 1533/2636/1533 1532/2633/1532
f 1505/2583/1505 1534/2638/1534 1533/2635/1533
f 1506/2585/1506 1535/2641/1535 1534/2638/1534
f 1507/2587/1507 1536/2642/1536 1535/2640/1535
f 1510/2593/1510 1550/2665/1550 1549/2663/1549
f 1511/2594/1511 1551/2666/1551 1550/2664/1550
f 1534/2639/1534 1574/2708/1574 1573/2705/1573
f 1535/2641/1535 1575/2710/1575 1574/2707/1574
f 1536/2643/1536 1576/2713/1576 1575/2710/1575
f 1537/2645/1537 1577/2714/1577 1576/2712/1576
f 1541/2653/1541 1593/2741/1593 1592/2739/1592
f 1542/2654/1542 1594/2742/1594 1593/2741/1593
f 1543/2655/1543 1595/2743/1595 1594/2742/1594
f 1544/2656/1544 1596/2744/1596 1595/2743/1595
f 1545/2657/1545 1597/2745/1597 1596/2744/1596
f 1546/2658/1546 1598/2747/1598 1597/2745/1597
f 1547/2659/1547 1599/2749/1599 1598/2746/1598
f 1550/2665/1550 1603/2758/1603 1602/2756/1602
f 1551/2666/1551 1604/2759/1604 1603/2757/1603
f 1569/2697/1569 1627/2804/1627 1626/2801/1626
f 1575/2711/1575 1630/2810/1630 1629/2807/1629
f 1576/2713/1576 1631/2812/1631 1630/2809/1630
f 1577/2715/1577 1632/2815/1632 1631/2812/1631
f 1578/2717/1578 1633/2816/1633 1632/2814/1632
f 1582/2725/1582 1642/2836/1642 1641/2834/1641
f 1583/2726/1583 1643/2837/1643 1642/2836/1642
f 1584/2727/1584 1644/2838/1644 1643/2837/1643
f 1585/2728/1585 1645/2839/1645 1644/2838/1644
f 1586/2729/1586 1646/2840/1646 1645/2839/1645
f 1587/2730/1587 1647/2841/1647 1646/2840/1646
f 1588/2731/1588 1648/2842/1648 1647/2841/1647
f 1589/2732/1589 1649/2843/1649 1648/2842/1648
f 1598/2748/1598 1653/2851/1653 1652/2848/1652
f 1599/2750/1599 1654/2853/1654 1653/2850/1653
f 1600/2752/1600 1655/2855/1655 1654/2852/1654
f 1603/2758/1603 1658/2860/1658 1657/2858/1657
f 1604/2759/1604 1659/2861/1659 1658/2859/1658
f 1608/2766/1608 1665/2874/1665 1664/2871/1664
f 1624/2795/1624 1679/2900/1679 1678/2897/1678
f 1631/2813/1631 1682/2906/1682 1681/2903/1681
f 1632/2815/1632 1683/2907/1683 1682/2905/1682
f 1633/2817/1633 1684/2909/1684 1683/2907/1683
f 1634/2819/1634 1685/2912/1685 1684/2909/1684
f 1635/2820/1635 1686/2913/1686 1685/2911/1685
f 1638/2826/1638 1693/2928/1693 1692/2926/1692
f 1654/2854/1654 1697/2935/1697 1696/2933/1696
f 1655/2855/1655 1698/2936/1698 1697/2934/1697
f 1658/2860/1658 1701/2941/1701 1700/2939/1700
f 1659/2861/1659 1702/2942/1702 1701/2940/1701
f 1676/2891/1676 1724/2987/1724 1723/2984/1723
f 1684/2910/1684 1727/2993/1727 1726/2990/1726
f 1685/2912/1685 1728/2995/1728 1727/2992/1727
f 1686/2913/1686 1729/2997/1729 1728/2994/1728
f 1690/2921/1690 1738/3018/1738 1737/3015/1737
f 1697/2935/1697 1741/3023/1741 1740/3021/1740
f 1698/2936/1698 1742/3024/1742 1741/3022/1741
f 1701/2941/1701 1745/3030/1745 1744/3027/1744
f 1702/2943/1702 1746/3032/1746 1745/3029/1745
f 1703/2945/1703 1747/3033/1747 1746/3031/1746
f 1721/2979/1721 1768/3075/1768 1767/3072/1767
f 1728/2996/1728 1771/3081/1771 1770/3078/1770
f 1729/2998/1729 1772/3083/1772 1771/3080/1771
f 1730/3000/1730 1773/3085/1773 1772/3082/1772
f 1734/3008/1734 1783/3102/1783 1782/3100/1782
f 1741/3023/1741 1787/3109/1787 1786/3107/1786
f 1742/3024/1742 1788/3110/1788 1787/3108/1787
f 1745/3030/1745 1791/3116/1791 1790/3113/1790
f 1746/3032/1746 1792/3118/1792 1791/3115/1791
f 1747/3033/1747 1793/3120/1793 1792/3117/1792
f 1764/3064/1764 1813/3157/1813 1812/3155/1812
f 1772/3084/1772 1817/3165/1817 1816/3162/1816
f 1773/3086/1773 1818/3166/1818 1817/3164/1817
f 1774/3088/1774 1819/3168/1819 1818/3166/1818
f 1775/3089/1775 1820/3171/1820 1819/3168/1819
f 1777/3091/1777 1822/3175/1822 1821/3173/1821
f 1778/3092/1778 1823/3176/1823 1822/3175/1822
f 1779/3093/1779 1824/3177/1824 1823/3176/1823
f 1787/3109/1787 1828/3184/1828 1827/3182/1827
f 1788/3110/1788 1829/3185/1829 1828/3183/1828
f 1792/3119/1792 1832/3190/1832 1831/3188/1831
f 1793/3120/1793 1833/3191/1833 1832/3189/1832
f 1796/3125/1796 1841/3206/1841 1840/3204/1840
f 1819/3169/1819 1858/3234/1858 1857/3232/1857
f 1827/3182/1827 1861/3238/1861 1860/3236/1860
f 1828/3183/1828 1862/3239/1862 1861/3237/1861
f 1829/3185/1829 1863/3240/1863 1862/3239/1862
f 1832/3190/1832 1866/3245/1866 1865/3243/1865
f 1833/3191/1833 1867/3246/1867 1866/3244/1866
f 1837/3198/1837 1894/3280/1894 1893/3278/1893
f 1838/3199/1838 1895/3282/1895 1894/3280/1894
f 1861/3238/1861 1911/3308/1911 1910/3306/1910
f 1862/3239/1862 1912/3309/1912 1911/3307/1911
f 1863/3240/1863 1913/3310/1913 1912/3309/1912
f 1866/3245/1866 1916/3315/1916 1915/3313/1915
f 1867/3246/1867 1917/3316/1917 1916/3314/1916
f 1872/3253/1872 1929/3339/1929 1928/3337/1928
f 1873/3254/1873 1930/3340/1930 1929/3339/1929
f 1874/3255/1874 1931/3341/1931 1930/3340/1930
f 1875/3256/1875 1932/3342/1932 1931/3341/1931
f 1876/3257/1876 1933/3343/1933 1932/3342/1932
f 1877/3258/1877 1934/3344/1934 1933/3343/1933
f 1878/3259/1878 1935/3345/1935 1934/3344/1934
f 1879/3260/1879 1936/3346/1936 1935/3345/1935
f 1880/3261/1880 1937/3347/1937 1936/3346/1936
f 1881/3262/1881 1938/3348/1938 1937/3347/1937
f 1882/3263/1882 1939/3349/1939 1938/3348/1938
f 1883/3264/1883 1940/3350/1940 1939/3349/1939
f 1884/3265/1884 1941/3351/1941 1940/3350/1940
f 1885/3266/1885 1942/3352/1942 1941/3351/1941
f 1886/3267/1886 1943/3353/1943 1942/3352/1942
f 1887/3268/1887 1944/3354/1944 1943/3353/1943
f 1888/3269/1888 1945/3355/1945 1944/3354/1944
f 1889/3270/1889 1946/3356/1946 1945/3355/1945
f 1890/3271/1890 1947/3357/1947 1946/3356/1946
f 1911/3308/1911 1965/3388/1965 1964/3386/1964
f 1912/3309/1912 1966/3389/1966 1965/3387/1965
f 1913/3310/1913 1967/3390/1967 1966/3389/1966
f 1916/3315/1916 1970/3396/1970 1969/3393/1969
f 1917/3317/1917 1971/3398/1971 1970/3395/1970
f 1918/3319/1918 1972/3400/1972 1971/3397/1971
f 1922/3327/1922 1983/3422/1983 1982/3420/1982
f 1923/3328/1923 1984/3423/1984 1983/3422/1983
f 1924/3329/1924 1985/3424/1985 1984/3423/1984
f 1965/3388/1965 2005/3461/2005 2004/3459/2004
f 1966/3389/1966 2006/3462/2006 2005/3460/2005
f 1967/3391/1967 2007/3464/2007 2006/3463/2006
f 1971/3399/1971 2009/3468/2009 2008/3465/2008
f 1972/3401/1972 2010/3470/2010 2009/3467/2009
f 1973/3403/1973 2011/3473/2011 2010/3470/2010
f 1974/3404/1974 2012/3474/2012 2011/3472/2011
f 1978/3412/1978 2023/3496/2023 2022/3494/2022
f 1979/3413/1979 2024/3497/2024 2023/3496/2023
f 2005/3461/2005 2043/3533/2043 2042/3531/2042
f 2006/3462/2006 2044/3534/2044 2043/3532/2043
f 2010/3471/2010 2047/3540/2047 2046/3537/2046
f 2011/3473/2011 2048/3541/2048 2047/3539/2047
f 2012/3475/2012 2049/3543/2049 2048/3541/2048
f 2013/3477/2013 2050/3545/2050 2049/3542/2049
f 2017/3485/2017 2062/3568/2062 2061/3566/2061
f 2018/3486/2018 2063/3569/2063 2062/3568/2062
f 2019/3487/2019 2064/3570/2064 2063/3569/2063
f 2043/3532/2043 2082/3602/2082 2081/3600/2081
f 2044/3534/2044 2083/3603/2083 2082/3602/2082
f 2049/3544/2049 2085/3608/2085 2084/3605/2084
f 2050/3546/2050 2086/3609/2086 2085/3607/2085
f 2051/3548/2051 2087/3610/2087 2086/3609/2086
f 2052/3549/2052 2088/3611/2088 2087/3610/2087
f 2053/3550/2053 2089/3613/2089 2088/3611/2088
f 2054/3551/2054 2090/3616/2090 2089/3613/2089
f 2055/3552/2055 2091/3617/2091 2090/3615/2090
f 2081/3601/2081 2114/3661/2114 2113/3659/2113
f 2082/3602/2082 2115/3662/2115 2114/3660/2114
f 2089/3614/2089 2117/3666/2117 2116/3663/2116
f 2090/3616/2090 2118/3667/2118 2117/3665/2117
f 2091/3618/2091 2119/3668/2119 2118/3667/2118
f 2092/3620/2092 2120/3669/2120 2119/3668/2119
f 2093/3621/2093 2121/3670/2121 2120/3669/2120
f 2114/3660/2114 2137/3696/2137 2136/3695/2136
f 2136/3695/2136 2153/3722/2153 2152/3721/2152
f 2137/3696/2137 2154/3723/2154 2153/3722/2153
f 2139/3699/2139 2157/3728/2157 2156/3726/2156
f 2167/3745/2167 2183/3772/2183 2182/3771/2182
f 2182/3771/2182 2197/3792/2197 2196/3791/2196
f 2196/3791/2196 2210/3813/2210 2209/3812/2209
f 2198/3793/2198 2212/3815/2212 2211/3814/2211
f 2209/3812/2209 2224/3835/2224 2223/3834/2223
f 2211/3814/2211 2226/3837/2226 2225/3836/2225
f 2212/3816/2212 2227/3839/2227 2226/3838/2226
f 2223/3834/2223 2238/3856/2238 2237/3855/2237
f 2225/3836/2225 2240/3859/2240 2239/3857/2239
f 2226/3837/2226 2241/3860/2241 2240/3859/2240
f 2237/3855/2237 2250/3874/2250 2249/3873/2249
f 2239/3858/2239 2252/3877/2252 2251/3875/2251
f 2240/3859/2240 2253/3878/2253 2252/3876/2252
f 2242/3862/2242 2256/3882/2256 2255/3880/2255
f 2249/3873/2249 2262/3891/2262 2261/3890/2261
f 2252/3876/2252 2264/3893/2264 2263/3892/2263
f 2261/3890/2261 2274/3907/2274 2273/3906/2273
f 2263/3892/2263 2276/3909/2276 2275/3908/2275
f 2273/3906/2273 2285/3922/2285 2284/3921/2284
f 2275/3908/2275 2287/3925/2287 2286/3923/2286
f 2277/3910/2277 2291/3931/2291 2290/3929/2290
f 2284/3921/2284 2296/3939/2296 2295/3938/2295
f 2286/3924/2286 2298/3942/2298 2297/3940/2297
f 2287/3925/2287 2299/3943/2299 2298/3941/2298
f 2295/3938/2295 2310/3960/2310 2309/3958/2309
f 2298/3941/2298 2312/3963/2312 2311/3962/2311
f 2311/3962/2311 2325/3984/2325 2324/3982/2324
f 2312/3963/2312 2326/3985/2326 2325/3984/2325
f 2321/3977/2321 2336/4001/2336 2335/3999/2335
f 2324/3983/2324 2338/4004/2338 2337/4002/2337
f 2325/3984/2325 2339/4005/2339 2338/4003/2338
f 2338/4003/2338 2351/4023/2351 2350/4022/2350
f 2350/4022/2350 2362/4039/2362 2361/4038/2361
f 2355/4029/2355 2368/4047/2368 2367/4046/2367
f 2358/4033/2358 2371/4051/2371 2370/4049/2370
f 2361/4038/2361 2373/4054/2373 2372/4053/2372
f 2367/4046/2367 2379/4063/2379 2378/4061/2378
f 2372/4053/2372 2385/4071/2385 2384/4070/2384
f 2374/4055/2374 2388/4075/2388 2387/4073/2387
f 2384/4070/2384 2397/4089/2397 2396/4088/2396
f 2396/4088/2396 2409/4106/2409 2408/4105/2408
f 2398/4090/2398 2412/4110/2412 2411/4108/2411
f 2401/4095/2401 2415/4114/2415 2414/4112/2414
f 2408/4105/2408 2420/4121/2420 2419/4120/2419
f 2419/4120/2419 2431/4137/2431 2430/4136/2430
f 2427/4132/2427 2442/4153/2442 2441/4151/2441
f 2430/4136/2430 2444/4157/2444 2443/4155/2443
f 2431/4137/2431 2445/4158/2445 2444/4157/2444
f 2437/4146/2437 2452/4169/2452 2451/4167/2451
f 2443/4156/2443 2458/4179/2458 2457/4177/2457
f 2444/4157/2444 2459/4180/2459 2458/4178/2458
f 2458/4178/2458 2471/4198/2471 2470/4197/2470
f 2470/4197/2470 2487/4225/2487 2486/4223/2486
f 2471/4198/2471 2488/4226/2488 2487/4225/2487
f 2474/4203/2474 2494/4240/2494 2493/4237/2493
f 2486/4224/2486 2504/4256/2504 2503/4254/2503
f 2487/4225/2487 2505/4257/2505 2504/4255/2504
f 2491/4232/2491 2513/4273/2513 2512/4270/2512
f 2504/4255/2504 2522/4286/2522 2521/4285/2521
f 2508/4262/2508 2530/4302/2530 2529/4300/2529
f 2509/4263/2509 2531/4303/2531 2530/4302/2530
f 2515/4276/2515 2536/4311/2536 2535/4309/2535
f 2521/4285/2521 2542/4320/2542 2541/4318/2541
f 2522/4286/2522 2543/4321/2543 2542/4320/2542
f 2526/4293/2526 2549/4335/2549 2548/4333/2548
f 2541/4319/2541 2559/4352/2559 2558/4350/2558
f 2542/4320/2542 2560/4353/2560 2559/4351/2559
f 2545/4325/2545 2568/4368/2568 2567/4366/2567
f 2555/4345/2555 2577/4382/2577 2576/4380/2576
f 2559/4351/2559 2579/4386/2579 2578/4384/2578
f 2560/4353/2560 2580/4387/2580 2579/4386/2579
f 2564/4360/2564 2598/4412/2598 2597/4410/2597
f 2565/4361/2565 2599/4414/2599 2598/4412/2598
f 2578/4385/2578 2608/4429/2608 2607/4427/2607
f 2579/4386/2579 2609/4430/2609 2608/4428/2608
f 2584/4393/2584 2616/4444/2616 2615/4442/2615
f 2585/4394/2585 2617/4445/2617 2616/4444/2616
f 2586/4395/2586 2618/4446/2618 2617/4445/2617
f 2587/4396/2587 2619/4447/2619 2618/4446/2618
f 2588/4397/2588 2620/4448/2620 2619/4447/2619
f 2589/4398/2589 2621/4449/2621 2620/4448/2620
f 2590/4399/2590 2622/4450/2622 2621/4449/2621
f 2591/4400/2591 2623/4451/2623 2622/4450/2622
f 2592/4401/2592 2624/4452/2624 2623/4451/2623
f 2593/4402/2593 2625/4453/2625 2624/4452/2624
f 2594/4403/2594 2626/4454/2626 2625/4453/2625
f 2604/4422/2604 2633/4464/2633 2632/4463/2632
f 2608/4428/2608 2635/4466/2635 2634/4465/2634
f 2629/4459/2629 2646/4487/2646 2645/4485/2645
f 2632/4463/2632 2649/4491/2649 2648/4489/2648
f 2634/4465/2634 2651/4495/2651 2650/4493/2650
f 2637/4469/2637 2657/4508/2657 2656/4506/2656
f 2650/4494/2650 2667/4525/2667 2666/4523/2666
f 2651/4495/2651 2668/4526/2668 2667/4524/2667
f 2663/4518/2663 2679/4545/2679 2678/4543/2678
f 2667/4524/2667 2681/4548/2681 2680/4546/2680
f 2674/4538/2674 2689/4561/2689 2688/4560/2688
f 2680/4547/2680 2694/4569/2694 2693/4567/2693
f 2681/4548/2681 2695/4570/2695 2694/4568/2694
f 2688/4560/2688 2701/4579/2701 2700/4578/2700
f 2694/4568/2694 2706/4585/2706 2705/4584/2705
f 2700/4578/2700 2712/4593/2712 2711/4592/2711
f 2702/4580/2702 2714/4595/2714 2713/4594/2713
f 2705/4584/2705 2716/4597/2716 2715/4596/2715
f 2711/4592/2711 2721/4604/2721 2720/4603/2720
f 2713/4594/2713 2723/4606/2723 2722/4605/2722
f 2715/4596/2715 2725/4608/2725 2724/4607/2724
f 2720/4603/2720 2731/4616/2731 2730/4615/2730
f 2722/4605/2722 2733/4618/2733 2732/4617/2732
f 2724/4607/2724 2736/4622/2736 2735/4621/2735
f 2730/4615/2730 2741/4629/2741 2740/4628/2740
f 2732/4617/2732 2744/4634/2744 2743/4632/2743
f 2733/4618/2733 2745/4635/2745 2744/4634/2744
f 2735/4621/2735 2747/4638/2747 2746/4637/2746
f 2740/4628/2740 2753/4647/2753 2752/4645/2752
f 2741/4629/2741 2754/4648/2754 2753/4647/2753
f 2743/4633/2743 2756/4652/2756 2755/4650/2755
f 2744/4634/2744 2757/4653/2757 2756/4651/2756
f 2746/4637/2746 2760/4657/2760 2759/4656/2759
f 2752/4646/2752 2766/4666/2766 2765/4664/2765
f 2753/4647/2753 2767/4667/2767 2766/4665/2766
f 2756/4651/2756 2769/4670/2769 2768/4668/2768
f 2757/4653/2757 2770/4671/2770 2769/4670/2769
f 2759/4656/2759 2773/4676/2773 2772/4674/2772
f 2766/4665/2766 2778/4684/2778 2777/4682/2777
f 2768/4669/2768 2781/4689/2781 2780/4687/2780
f 2769/4670/2769 2782/4690/2782 2781/4688/2781
f 2777/4683/2777 2792/4706/2792 2791/4704/2791
f 2778/4684/2778 2793/4707/2793 2792/4705/2792
f 2781/4689/2781 2795/4711/2795 2794/4709/2794
f 2782/4690/2782 2796/4712/2796 2795/4710/2795
f 2792/4705/2792 2806/4727/2806 2805/4725/2805
f 2795/4711/2795 2809/4732/2809 2808/4730/2808
f 2796/4712/2796 2810/4733/2810 2809/4731/2809
f 2798/4715/2798 2814/4739/2814 2813/4737/2813
f 2805/4726/2805 2820/4748/2820 2819/4746/2819
f 2806/4727/2806 2821/4749/2821 2820/4747/2820
f 2809/4732/2809 2823/4753/2823 2822/4751/2822
f 2810/4733/2810 2824/4754/2824 2823/4752/2823
f 2820/4747/2820 2834/4769/2834 2833/4768/2833
f 2823/4753/2823 2837/4774/2837 2836/4772/2836
f 2824/4754/2824 2838/4775/2838 2837/4773/2837
f 2833/4768/2833 2850/4795/2850 2849/4793/2849
f 2834/4769/2834 2851/4796/2851 2850/4795/2850
f 2837/4774/2837 2853/4800/2853 2852/4798/2852
f 2838/4775/2838 2854/4801/2854 2853/4799/2853
f 2849/4794/2849 2867/4826/2867 2866/4824/2866
f 2850/4795/2850 2868/4827/2868 2867/4825/2867
f 2853/4800/2853 2870/4830/2870 2869/4828/2869
f 2854/4801/2854 2871/4831/2871 2870/4829/2870
f 2867/4825/2867 2884/4855/2884 2883/4854/2883
f 2870/4830/2870 2887/4861/2887 2886/4858/2886
f 2871/4832/2871 2888/4863/2888 2887/4860/2887
f 2872/4834/2872 2889/4864/2889 2888/4862/2888
f 2883/4854/2883 2903/4891/2903 2902/4889/2902
f 2884/4855/2884 2904/4892/2904 2903/4891/2903
f 2887/4861/2887 2906/4897/2906 2905/4894/2905
f 2888/4863/2888 2907/4899/2907 2906/4896/2906
f 2889/4864/2889 2908/4901/2908 2907/4898/2907
f 2897/4878/2897 2919/4924/2919 2918/4921/2918
f 2902/4890/2902 2922/4929/2922 2921/4927/2921
f 2903/4891/2903 2923/4930/2923 2922/4928/2922
f 2907/4900/2907 2925/4934/2925 2924/4931/2924
f 2908/4902/2908 2926/4936/2926 2925/4933/2925
f 2909/4904/2909 2927/4938/2927 2926/4935/2926
f 2922/4928/2922 2941/4966/2941 2940/4965/2940
f 2925/4934/2925 2943/4968/2943 2942/4967/2942
f 2926/4937/2926 2944/4971/2944 2943/4968/2943
f 2927/4939/2927 2945/4973/2945 2944/4970/2944
f 2928/4941/2928 2946/4974/2946 2945/4972/2945
f 2935/4953/2935 2956/4995/2956 2955/4992/2955
f 2940/4965/2940 2959/4999/2959 2958/4998/2958
f 2944/4971/2944 2961/5003/2961 2960/5000/2960
f 2945/4973/2945 2962/5005/2962 2961/5002/2961
f 2946/4974/2946 2963/5007/2963 2962/5004/2962
f 2953/4986/2953 2973/5029/2973 2972/5026/2972
f 2958/4998/2958 2977/5035/2977 2976/5033/2976
f 2962/5006/2962 2979/5039/2979 2978/5036/2978
f 2963/5008/2963 2980/5041/2980 2979/5038/2979
f 2964/5010/2964 2981/5042/2981 2980/5040/2980
f 2979/5039/2979 2997/5073/2997 2996/5070/2996
f 2980/5041/2980 2998/5075/2998 2997/5072/2997
f 2981/5043/2981 2999/5078/2999 2998/5075/2998
f 2982/5045/2982 3000/5079/3000 2999/5077/2999
f 2998/5076/2998 3014/5102/3014 3013/5099/3013
f 2999/5078/2999 3015/5104/3015 3014/5101/3014
f 3000/5079/3000 3016/5106/3016 3015/5103/3015
f 3010/5095/3010 3029/5129/3029 3028/5128/3028
f 3015/5105/3015 3031/5133/3031 3030/5130/3030
f 3016/5107/3016 3032/5135/3032 3031/5132/3031
f 3017/5109/3017 3033/5138/3033 3032/5135/3032
f 3018/5110/3018 3034/5139/3034 3033/5137/3033
f 3028/5128/3028 3046/5160/3046 3045/5159/3045
f 3032/5136/3032 3048/5164/3048 3047/5161/3047
f 3033/5138/3033 3049/5166/3049 3048/5163/3048
f 3034/5139/3034 3050/5168/3050 3049/5165/3049
f 3045/5159/3045 3064/5194/3064 3063/5192/3063
f 3049/5167/3049 3066/5199/3066 3065/5196/3065
f 3050/5169/3050 3067/5201/3067 3066/5198/3066
f 3051/5171/3051 3068/5202/3068 3067/5200/3067
f 3066/5199/3066 3083/5229/3083 3082/5226/3082
f 3067/5201/3067 3084/5231/3084 3083/5228/3083
f 3068/5203/3068 3085/5234/3085 3084/5231/3084
f 3069/5205/3069 3086/5235/3086 3085/5233/3085
f 3084/5232/3084 3099/5258/3099 3098/5255/3098
f 3085/5234/3085 3100/5260/3100 3099/5257/3099
f 3086/5235/3086 3101/5262/3101 3100/5259/3100
f 3088/5239/3088 3105/5268/3105 3104/5266/3104
f 3100/5261/3100 3115/5285/3115 3114/5283/3114
f 3101/5262/3101 3116/5286/3116 3115/5284/3115
f 3111/5279/3111 3128/5307/3128 3127/5305/3127
f 3115/5284/3115 3130/5310/3130 3129/5308/3129
f 3116/5286/3116 3131/5311/3131 3130/5310/3130
f 3118/5289/3118 3133/5314/3133 3132/5313/3132
f 3129/5309/3129 3143/5331/3143 3142/5329/3142
f 3130/5310/3130 3144/5332/3144 3143/5330/3143
f 3132/5313/3132 3147/5336/3147 3146/5334/3146
f 3143/5330/3143 3168/5364/3168 3167/5363/3167
f 3154/5347/3154 3183/5389/3183 3182/5387/3182
f 3155/5348/3155 3184/5390/3184 3183/5389/3183
f 3156/5349/3156 3185/5391/3185 3184/5390/3184
f 3157/5350/3157 3186/5392/3186 3185/5391/3185
f 3158/5351/3158 3187/5393/3187 3186/5392/3186
f 3159/5352/3159 3188/5394/3188 3187/5393/3187
f 3160/5353/3160 3189/5396/3189 3188/5394/3188
f 3161/5354/3161 3190/5399/3190 3189/5396/3189
f 3162/5355/3162 3191/5400/3191 3190/5398/3190
f 3164/5360/3164 3195/5409/3195 3194/5407/3194
f 3165/5361/3165 3196/5410/3196 3195/5408/3195
f 3167/5363/3167 3199/5414/3199 3198/5412/3198
f 3169/5366/3169 3201/5417/3201 3200/5415/3200
f 3170/5367/3170 3202/5418/3202 3201/5416/3201
f 3178/5379/3178 3211/5434/3211 3210/5432/3210
f 3179/5380/3179 3212/5435/3212 3211/5434/3211
f 3189/5397/3189 3216/5443/3216 3215/5440/3215
f 3190/5399/3190 3217/5444/3217 3216/5442/3216
f 3191/5401/3191 3218/5446/3218 3217/5444/3217
f 3192/5403/3192 3219/5448/3219 3218/5445/3218
f 3195/5408/3195 3222/5453/3222 3221/5451/3221
f 3201/5416/3201 3228/5462/3228 3227/5461/3227
f 3218/5447/3218 3238/5480/3238 3237/5478/3237
f 3219/5448/3219 3239/5481/3239 3238/5479/3238
f 3221/5452/3221 3242/5486/3242 3241/5484/3241
f 3222/5453/3222 3243/5487/3243 3242/5485/3242
f 3227/5461/3227 3249/5496/3249 3248/5494/3248
f 3229/5463/3229 3253/5502/3253 3252/5500/3252
f 3238/5479/3238 3259/5512/3259 3258/5510/3258
f 3239/5481/3239 3260/5513/3260 3259/5512/3259
f 3242/5485/3242 3263/5518/3263 3262/5516/3262
f 3243/5487/3243 3264/5519/3264 3263/5518/3263
f 3245/5490/3245 3267/5524/3267 3266/5522/3266
f 3248/5495/3248 3269/5527/3269 3268/5525/3268
f 3249/5496/3249 3270/5528/3270 3269/5526/3269
f 3258/5511/3258 3281/5545/3281 3280/5543/3280
f 3259/5512/3259 3282/5546/3282 3281/5544/3281
f 3260/5513/3260 3283/5547/3283 3282/5546/3282
f 3262/5517/3262 3286/5552/3286 3285/5550/3285
f 3263/5518/3263 3287/5553/3287 3286/5551/3286
f 3269/5527/3269 3293/5563/3293 3292/5561/3292
f 3270/5528/3270 3294/5564/3294 3293/5562/3293
f 3281/5545/3281 3305/5581/3305 3304/5579/3304
f 3282/5546/3282 3306/5582/3306 3305/5580/3305
f 3283/5548/3283 3307/5584/3307 3306/5583/3306
f 3286/5552/3286 3309/5587/3309 3308/5585/3308
f 3287/5553/3287 3310/5588/3310 3309/5586/3309
f 3293/5563/3293 3317/5599/3317 3316/5597/3316
f 3294/5564/3294 3318/5600/3318 3317/5598/3317
f 3305/5581/3305 3328/5616/3328 3327/5614/3327
f 3306/5582/3306 3329/5617/3329 3328/5615/3328
f 3309/5587/3309 3333/5626/3333 3332/5624/3332
f 3310/5588/3310 3334/5627/3334 3333/5625/3333
f 3317/5599/3317 3341/5638/3341 3340/5636/3340
f 3318/5600/3318 3342/5639/3342 3341/5637/3341
f 3328/5616/3328 3352/5656/3352 3351/5653/3351
f 3329/5618/3329 3353/5658/3353 3352/5655/3352
f 3330/5620/3330 3354/5659/3354 3353/5657/3353
f 3333/5626/3333 3357/5665/3357 3356/5663/3356
f 3334/5627/3334 3358/5666/3358 3357/5664/3357
f 3341/5638/3341 3391/5707/3391 3390/5705/3390
f 3342/5639/3342 3392/5708/3392 3391/5706/3391
f 3344/5642/3344 3395/5712/3395 3394/5711/3394
f 3352/5656/3352 3401/5722/3401 3400/5719/3400
f 3353/5658/3353 3402/5724/3402 3401/5721/3401
f 3354/5659/3354 3403/5726/3403 3402/5723/3402
f 3357/5665/3357 3407/5735/3407 3406/5733/3406
f 3358/5666/3358 3408/5736/3408 3407/5734/3407
f 3365/5677/3365 3418/5755/3418 3417/5753/3417
f 3366/5679/3366 3419/5756/3419 3418/5755/3418
f 3367/5680/3367 3420/5757/3420 3419/5756/3419
f 3368/5681/3368 3421/5758/3421 3420/5757/3420
f 3369/5682/3369 3422/5759/3422 3421/5758/3421
f 3370/5683/3370 3423/5760/3423 3422/5759/3422
f 3371/5684/3371 3424/5761/3424 3423/5760/3423
f 3372/5685/3372 3425/5762/3425 3424/5761/3424
f 3373/5686/3373 3426/5763/3426 3425/5762/3425
f 3374/5687/3374 3427/5764/3427 3426/5763/3426
f 3375/5688/3375 3428/5765/3428 3427/5764/3427
f 3376/5689/3376 3429/5766/3429 3428/5765/3428
f 3377/5690/3377 3430/5767/3430 3429/5766/3429
f 3378/5691/3378 3431/5768/3431 3430/5767/3430
f 3379/5692/3379 3432/5769/3432 3431/5768/3431
f 3380/5693/3380 3433/5770/3433 3432/5769/3432
f 3381/5694/3381 3434/5771/3434 3433/5770/3433
f 3382/5695/3382 3435/5772/3435 3434/5771/3434
f 3383/5696/3383 3436/5773/3436 3435/5772/3435
f 3384/5697/3384 3437/5774/3437 3436/5773/3436
f 3385/5698/3385 3438/5775/3438 3437/5774/3437
f 3386/5699/3386 3439/5777/3439 3438/5775/3438
f 3387/5700/3387 3440/5780/3440 3439/5777/3439
f 3388/5701/3388 3441/5781/3441 3440/5779/3440
f 3391/5707/3391 3445/5790/3445 3444/5788/3444
f 3392/5708/3392 3446/5791/3446 3445/5789/3445
f 3394/5711/3394 3450/5799/3450 3449/5798/3449
f 3402/5725/3402 3456/5809/3456 3455/5806/3455
f 3403/5727/3403 3457/5811/3457 3456/5808/3456
f 3404/5729/3404 3458/5812/3458 3457/5810/3457
f 3407/5735/3407 3462/5821/3462 3461/5819/3461
f 3408/5736/3408 3463/5822/3463 3462/5820/3462
f 3415/5748/3415 3475/5848/3475 3474/5845/3474
f 3439/5778/3439 3478/5854/3478 3477/5851/3477
f 3440/5780/3440 3479/5855/3479 3478/5853/3478
f 3441/5782/3441 3480/5857/3480 3479/5855/3479
f 3442/5784/3442 3481/5859/3481 3480/5856/3480
f 3445/5790/3445 3485/5869/3485 3484/5866/3484
f 3446/5792/3446 3486/5871/3486 3485/5868/3485
f 3447/5794/3447 3487/5872/3487 3486/5870/3486
f 3449/5798/3449 3491/5879/3491 3490/5877/3490
f 3456/5809/3456 3497/5889/3497 3496/5886/3496
f 3457/5811/3457 3498/5891/3498 3497/5888/3497
f 3458/5813/3458 3499/5894/3499 3498/5891/3498
f 3459/5815/3459 3500/5895/3500 3499/5893/3499
f 3462/5821/3462 3504/5905/3504 3503/5902/3503
f 3463/5823/3463 3505/5907/3505 3504/5904/3504
f 3464/5825/3464 3506/5908/3506 3505/5906/3505
f 3480/5858/3480 3518/5933/3518 3517/5930/3517
f 3481/5860/3481 3519/5935/3519 3518/5932/3518
f 3482/5862/3482 3520/5937/3520 3519/5934/3519
f 3485/5869/3485 3525/5948/3525 3524/5945/3524
f 3486/5871/3486 3526/5950/3526 3525/5947/3525
f 3487/5872/3487 3527/5951/3527 3526/5949/3526
f 3498/5892/3498 3537/5969/3537 3536/5966/3536
f 3499/5894/3499 3538/5971/3538 3537/5968/3537
f 3500/5896/3500 3539/5974/3539 3538/5971/3538
f 3501/5898/3501 3540/5975/3540 3539/5973/3539
f 3504/5905/3504 3555/5996/3555 3554/5993/3554
f 3505/5907/3505 3556/5998/3556 3555/5995/3555
f 3506/5908/3506 3557/6000/3557 3556/5997/3556
f 3519/5936/3519 3569/6021/3569 3568/6018/3568
f 3520/5938/3520 3570/6022/3570 3569/6020/3569
f 3521/5940/3521 3571/6024/3571 3570/6022/3570
f 3522/5941/3522 3572/6026/3572 3571/6023/3571
f 3525/5948/3525 3577/6037/3577 3576/6034/3576
f 3526/5950/3526 3578/6039/3578 3577/6036/3577
f 3527/5951/3527 3579/6041/3579 3578/6038/3578
f 3538/5972/3538 3588/6056/3588 3587/6053/3587
f 3539/5974/3539 3589/6057/3589 3588/6055/3588
f 3540/5976/3540 3590/6058/3590 3589/6057/3589
f 3541/5978/3541 3591/6059/3591 3590/6058/3590
f 3542/5979/3542 3592/6060/3592 3591/6059/3591
f 3543/5980/3543 3593/6062/3593 3592/6060/3592
f 3544/5981/3544 3594/6065/3594 3593/6062/3593
f 3545/5982/3545 3595/6066/3595 3594/6065/3594
f 3549/5986/3549 3599/6074/3599 3598/6071/3598
f 3550/5987/3550 3600/6075/3600 3599/6074/3599
f 3551/5988/3551 3601/6077/3601 3600/6075/3600
f 3552/5989/3552 3602/6078/3602 3601/6076/3601
f 3556/5999/3556 3620/6101/3620 3619/6099/3619
f 3557/6000/3557 3621/6102/3621 3620/6100/3620
f 3571/6025/3571 3630/6118/3630 3629/6115/3629
f 3572/6027/3572 3631/6120/3631 3630/6117/3630
f 3573/6029/3573 3632/6123/3632 3631/6120/3631
f 3574/6030/3574 3633/6124/3633 3632/6122/3632
f 3578/6040/3578 3638/6134/3638 3637/6132/3637
f 3579/6041/3579 3639/6135/3639 3638/6133/3638
f 3581/6044/3581 3642/6139/3642 3641/6138/3641
f 3593/6063/3593 3648/6149/3648 3647/6146/3647
f 3594/6065/3594 3649/6150/3649 3648/6148/3648
f 3598/6072/3598 3653/6157/3653 3652/6154/3652
f 3599/6074/3599 3654/6158/3654 3653/6156/3653
f 3600/6075/3600 3655/6159/3655 3654/6158/3654
f 3601/6077/3601 3656/6160/3656 3655/6159/3655
f 3602/6079/3602 3657/6161/3657 3656/6160/3656
f 3603/6081/3603 3658/6162/3658 3657/6161/3657
f 3604/6082/3604 3659/6163/3659 3658/6162/3658
f 3605/6083/3605 3660/6164/3660 3659/6163/3659
f 3606/6084/3606 3661/6165/3661 3660/6164/3660
f 3607/6085/3607 3662/6166/3662 3661/6165/3661
f 3608/6086/3608 3663/6167/3663 3662/6166/3662
f 3609/6087/3609 3664/6168/3664 3663/6167/3663
f 3610/6088/3610 3665/6169/3665 3664/6168/3664
f 3611/6089/3611 3666/6170/3666 3665/6169/3665
f 3612/6090/3612 3667/6171/3667 3666/6170/3666
f 3613/6091/3613 3668/6172/3668 3667/6171/3667
f 3614/6092/3614 3669/6173/3669 3668/6172/3668
f 3615/6093/3615 3670/6175/3670 3669/6173/3669
f 3616/6094/3616 3671/6178/3671 3670/6175/3670
f 3617/6095/3617 3672/6179/3672 3671/6177/3671
f 3620/6101/3620 3676/6188/3676 3675/6186/3675
f 3621/6102/3621 3677/6189/3677 3676/6187/3676
f 3631/6121/3631 3687/6205/3687 3686/6202/3686
f 3632/6123/3632 3688/6206/3688 3687/6204/3687
f 3633/6125/3633 3689/6207/3689 3688/6206/3688
f 3634/6127/3634 3690/6209/3690 3689/6207/3689
f 3635/6128/3635 3691/6211/3691 3690/6208/3690
f 3638/6134/3638 3694/6216/3694 3693/6214/3693
f 3639/6135/3639 3695/6217/3695 3694/6215/3694
f 3641/6138/3641 3699/6223/3699 3698/6221/3698
f 3670/6176/3670 3704/6232/3704 3703/6229/3703
f 3671/6178/3671 3705/6233/3705 3704/6231/3704
f 3672/6180/3672 3706/6235/3706 3705/6233/3705
f 3673/6182/3673 3707/6237/3707 3706/6234/3706
f 3676/6188/3676 3711/6246/3711 3710/6244/3710
f 3677/6189/3677 3712/6247/3712 3711/6245/3711
f 3679/6192/3679 3738/6281/3738 3737/6279/3737
f 3690/6210/3690 3745/6292/3745 3744/6290/3744
f 3691/6211/3691 3746/6293/3746 3745/6291/3745
f 3694/6216/3694 3750/6302/3750 3749/6300/3749
f 3695/6217/3695 3751/6303/3751 3750/6301/3750
f 3706/6236/3706 3760/6317/3760 3759/6314/3759
f 3707/6238/3707 3761/6319/3761 3760/6316/3760
f 3708/6240/3708 3762/6320/3762 3761/6318/3761
f 3711/6246/3711 3765/6326/3765 3764/6323/3764
f 3712/6248/3712 3766/6328/3766 3765/6325/3765
f 3713/6250/3713 3767/6329/3767 3766/6327/3766
f 3718/6259/3718 3777/6348/3777 3776/6346/3776
f 3719/6260/3719 3778/6349/3778 3777/6348/3777
f 3720/6261/3720 3779/6350/3779 3778/6349/3778
f 3721/6262/3721 3780/6351/3780 3779/6350/3779
f 3722/6263/3722 3781/6352/3781 3780/6351/3780
f 3723/6264/3723 3782/6353/3782 3781/6352/3781
f 3724/6265/3724 3783/6354/3783 3782/6353/3782
f 3725/6266/3725 3784/6355/3784 3783/6354/3783
f 3726/6267/3726 3785/6356/3785 3784/6355/3784
f 3727/6268/3727 3786/6357/3786 3785/6356/3785
f 3728/6269/3728 3787/6358/3787 3786/6357/3786
f 3729/6270/3729 3788/6359/3788 3787/6358/3787
f 3730/6271/3730 3789/6360/3789 3788/6359/3788
f 3731/6272/3731 3790/6362/3790 3789/6360/3789
f 3732/6273/3732 3791/6365/3791 3790/6362/3790
f 3733/6274/3733 3792/6366/3792 3791/6365/3791
f 3734/6276/3734 3793/6369/3793 3792/6367/3792
f 3745/6292/3745 3806/6392/3806 3805/6389/3805
f 3746/6294/3746 3807/6394/3807 3806/6391/3806
f 3747/6296/3747 3808/6395/3808 3807/6393/3807
f 3750/6302/3750 3811/6401/3811 3810/6399/3810
f 3751/6303/3751 3812/6402/3812 3811/6400/3811
f 3756/6310/3756 3818/6409/3818 3817/6408/3817
f 3760/6317/3760 3820/6412/3820 3819/6410/3819
f 3761/6318/3761 3821/6413/3821 3820/6411/3820
f 3762/6320/3762 3822/6414/3822 3821/6413/3821
f 3765/6326/3765 3825/6420/3825 3824/6417/3824
f 3766/6328/3766 3826/6422/3826 3825/6419/3825
f 3767/6329/3767 3827/6424/3827 3826/6421/3826
f 3770/6335/3770 3841/6452/3841 3840/6450/3840
f 3771/6337/3771 3842/6453/3842 3841/6452/3841
f 3772/6338/3772 3843/6454/3843 3842/6453/3842
f 3790/6363/3790 3848/6462/3848 3847/6459/3847
f 3791/6365/3791 3849/6463/3849 3848/6461/3848
f 3792/6366/3792 3850/6464/3850 3849/6463/3849
f 3793/6368/3793 3851/6465/3851 3850/6464/3850
f 3794/6370/3794 3852/6467/3852 3851/6465/3851
f 3795/6371/3795 3853/6470/3853 3852/6467/3852
f 3796/6372/3796 3854/6471/3854 3853/6469/3853
f 3806/6392/3806 3872/6499/3872 3871/6496/3871
f 3807/6394/3807 3873/6501/3873 3872/6498/3872
f 3808/6395/3808 3874/6503/3874 3873/6500/3873
f 3811/6401/3811 3877/6508/3877 3876/6506/3876
f 3812/6402/3812 3878/6509/3878 3877/6507/3877
f 3814/6405/3814 3881/6514/3881 3880/6512/3880
f 3815/6406/3815 3882/6515/3882 3881/6514/3881
f 3817/6408/3817 3885/6519/3885 3884/6517/3884
f 3820/6412/3820 3887/6522/3887 3886/6520/3886
f 3821/6413/3821 3888/6523/3888 3887/6521/3887
f 3822/6414/3822 3889/6524/3889 3888/6523/3888
f 3826/6423/3826 3891/6529/3891 3890/6526/3890
f 3827/6425/3827 3892/6531/3892 3891/6528/3891
f 3828/6427/3828 3893/6532/3893 3892/6530/3892
f 3832/6435/3832 3908/6555/3908 3907/6553/3907
f 3833/6436/3833 3909/6556/3909 3908/6554/3908
f 3837/6444/3837 3914/6568/3914 3913/6566/3913
f 3838/6445/3838 3915/6570/3915 3914/6568/3914
f 3852/6468/3852 3918/6576/3918 3917/6573/3917
f 3853/6470/3853 3919/6577/3919 3918/6575/3918
f 3854/6472/3854 3920/6578/3920 3919/6577/3919
f 3855/6474/3855 3921/6579/3921 3920/6578/3920
f 3856/6475/3856 3922/6580/3922 3921/6579/3921
f 3857/6476/3857 3923/6581/3923 3922/6580/3922
f 3858/6477/3858 3924/6582/3924 3923/6581/3923
f 3859/6478/3859 3925/6584/3925 3924/6582/3924
f 3860/6479/3860 3926/6587/3926 3925/6584/3925
f 3861/6480/3861 3927/6588/3927 3926/6586/3926
f 3873/6502/3873 3940/6610/3940 3939/6608/3939
f 3874/6503/3874 3941/6611/3941 3940/6609/3940
f 3877/6508/3877 3944/6616/3944 3943/6614/3943
f 3878/6509/3878 3945/6617/3945 3944/6615/3944
f 3880/6513/3880 3948/6622/3948 3947/6620/3947
f 3881/6514/3881 3949/6623/3949 3948/6621/3948
f 3887/6522/3887 3954/6631/3954 3953/6629/3953
f 3888/6523/3888 3955/6632/3955 3954/6630/3954
f 3891/6529/3891 3958/6638/3958 3957/6635/3957
f 3892/6531/3892 3959/6640/3959 3958/6637/3958
f 3893/6532/3893 3960/6642/3960 3959/6639/3959
f 3897/6540/3897 3970/6659/3970 3969/6657/3969
f 3898/6541/3898 3971/6660/3971 3970/6659/3970
f 3899/6542/3899 3972/6661/3972 3971/6660/3971
f 3900/6543/3900 3973/6662/3973 3972/6661/3972
f 3901/6544/3901 3974/6663/3974 3973/6662/3973
f 3902/6545/3902 3975/6664/3975 3974/6663/3974
f 3903/6546/3903 3976/6665/3976 3975/6664/3975
f 3904/6547/3904 3977/6666/3977 3976/6665/3976
f 3907/6553/3907 3980/6669/3980 3979/6668/3979
f 3908/6555/3908 3981/6670/3981 3980/6669/3980
f 3909/6557/3909 3982/6671/3982 3981/6670/3981
f 3910/6559/3910 3983/6672/3983 3982/6671/3982
f 3925/6585/3925 3987/6680/3987 3986/6677/3986
f 3926/6587/3926 3988/6681/3988 3987/6679/3987
f 3927/6589/3927 3989/6682/3989 3988/6681/3988
f 3928/6591/3928 3990/6684/3990 3989/6682/3989
f 3929/6592/3929 3991/6687/3991 3990/6684/3990
f 3930/6593/3930 3992/6688/3992 3991/6686/3991
f 3940/6610/3940 4003/6708/4003 4002/6706/4002
f 3941/6611/3941 4004/6709/4004 4003/6707/4003
f 3944/6615/3944 4008/6718/4008 4007/6716/4007
f 3945/6617/3945 4009/6720/4009 4008/6718/4008
f 3948/6621/3948 4012/6725/4012 4011/6724/4011
f 3954/6631/3954 4017/6732/4017 4016/6730/4016
f 3955/6632/3955 4018/6733/4018 4017/6731/4017
f 3959/6641/3959 4021/6738/4021 4020/6736/4020
f 3960/6642/3960 4022/6739/4022 4021/6737/4021
f 3964/6647/3964 4029/6754/4029 4028/6752/4028
f 3965/6649/3965 4030/6755/4030 4029/6754/4029
f 3966/6650/3966 4031/6756/4031 4030/6755/4030
f 3990/6685/3990 4035/6764/4035 4034/6761/4034
f 3991/6687/3991 4036/6765/4036 4035/6763/4035
f 3992/6689/3992 4037/6767/4037 4036/6765/4036
f 3993/6691/3993 4038/6769/4038 4037/6766/4037
f 4003/6708/4003 4049/6790/4049 4048/6787/4048
f 4004/6710/4004 4050/6792/4050 4049/6789/4049
f 4005/6712/4005 4051/6793/4051 4050/6791/4050
f 4007/6717/4007 4054/6800/4054 4053/6797/4053
f 4008/6719/4008 4055/6802/4055 4054/6799/4054
f 4009/6720/4009 4056/6804/4056 4055/6801/4055
f 4011/6724/4011 4060/6810/4060 4059/6808/4059
f 4013/6726/4013 4062/6812/4062 4061/6811/4061
f 4017/6732/4017 4064/6815/4064 4063/6813/4063
f 4018/6733/4018 4065/6816/4065 4064/6814/4064
f 4021/6738/4021 4069/6825/4069 4068/6823/4068
f 4022/6739/4022 4070/6826/4070 4069/6824/4069
f 4037/6768/4037 4082/6853/4082 4081/6850/4081
f 4038/6770/4038 4083/6855/4083 4082/6852/4082
f 4039/6772/4039 4084/6857/4084 4083/6854/4083
f 4049/6790/4049 4095/6875/4095 4094/6872/4094
f 4050/6792/4050 4096/6877/4096 4095/6874/4095
f 4051/6793/4051 4097/6878/4097 4096/6876/4096
f 4055/6803/4055 4100/6884/4100 4099/6882/4099
f 4056/6804/4056 4101/6885/4101 4100/6883/4100
f 4061/6811/4061 4107/6893/4107 4106/6892/4106
f 4064/6815/4064 4109/6897/4109 4108/6894/4108
f 4065/6817/4065 4110/6899/4110 4109/6896/4109
f 4066/6819/4066 4111/6900/4111 4110/6898/4110
f 4069/6825/4069 4114/6907/4114 4113/6904/4113
f 4070/6827/4070 4115/6909/4115 4114/6906/4114
f 4071/6829/4071 4116/6911/4116 4115/6908/4115
f 4075/6837/4075 4125/6931/4125 4124/6929/4124
f 4083/6856/4083 4129/6938/4129 4128/6936/4128
f 4084/6857/4084 4130/6939/4130 4129/6937/4129
f 4095/6875/4095 4141/6960/4141 4140/6957/4140
f 4096/6877/4096 4142/6962/4142 4141/6959/4141
f 4097/6878/4097 4143/6963/4143 4142/6961/4142
f 4100/6884/4100 4146/6969/4146 4145/6967/4145
f 4101/6885/4101 4147/6970/4147 4146/6968/4146
f 4106/6892/4106 4153/6977/4153 4152/6976/4152
f 4109/6897/4109 4155/6981/4155 4154/6978/4154
f 4110/6899/4110 4156/6983/4156 4155/6980/4155
f 4111/6900/4111 4157/6984/4157 4156/6982/4156
f 4115/6910/4115 4160/6991/4160 4159/6988/4159
f 4116/6912/4116 4161/6993/4161 4160/6990/4160
f 4117/6914/4117 4162/6996/4162 4161/6993/4161
f 4118/6915/4118 4163/6997/4163 4162/6995/4162
f 4121/6921/4121 4174/7017/4174 4173/7015/4173
f 4129/6938/4129 4178/7025/4178 4177/7022/4177
f 4130/6940/4130 4179/7027/4179 4178/7024/4178
f 4131/6942/4131 4180/7028/4180 4179/7026/4179
f 4141/6960/4141 4191/7050/4191 4190/7047/4190
f 4142/6962/4142 4192/7052/4192 4191/7049/4191
f 4143/6963/4143 4193/7053/4193 4192/7051/4192
f 4146/6969/4146 4196/7059/4196 4195/7057/4195
f 4147/6970/4147 4197/7060/4197 4196/7058/4196
f 4152/6976/4152 4203/7068/4203 4202/7067/4202
f 4155/6981/4155 4205/7072/4205 4204/7069/4204
f 4156/6983/4156 4206/7074/4206 4205/7071/4205
f 4157/6984/4157 4207/7075/4207 4206/7073/4206
f 4161/6994/4161 4210/7082/4210 4209/7079/4209
f 4162/6996/4162 4211/7083/4211 4210/7081/4210
f 4163/6998/4163 4212/7085/4212 4211/7083/4211
f 4164/7000/4164 4213/7088/4213 4212/7085/4212
f 4165/7001/4165 4214/7089/4214 4213/7088/4213
f 4166/7003/4166 4215/7092/4215 4214/7090/4214
f 4170/7009/4170 4219/7101/4219 4218/7099/4218
f 4171/7010/4171 4220/7103/4220 4219/7101/4219
f 4178/7025/4178 4223/7109/4223 4222/7106/4222
f 4179/7027/4179 4224/7111/4224 4223/7108/4223
f 4180/7028/4180 4225/7112/4225 4224/7110/4224
f 4191/7050/4191 4236/7133/4236 4235/7130/4235
f 4192/7052/4192 4237/7135/4237 4236/7132/4236
f 4193/7053/4193 4238/7136/4238 4237/7134/4237
f 4196/7059/4196 4241/7142/4241 4240/7140/4240
f 4197/7060/4197 4242/7143/4242 4241/7141/4241
f 4202/7067/4202 4248/7151/4248 4247/7150/4247
f 4205/7072/4205 4250/7155/4250 4249/7152/4249
f 4206/7074/4206 4251/7157/4251 4250/7154/4250
f 4207/7075/4207 4252/7158/4252 4251/7156/4251
f 4212/7086/4212 4255/7164/4255 4254/7161/4254
f 4213/7088/4213 4256/7165/4256 4255/7163/4255
f 4214/7089/4214 4257/7166/4257 4256/7165/4256
f 4215/7091/4215 4258/7167/4258 4257/7166/4257
f 4224/7110/4224 4262/7174/4262 4261/7172/4261
f 4236/7133/4236 4275/7200/4275 4274/7197/4274
f 4237/7135/4237 4276/7202/4276 4275/7199/4275
f 4238/7136/4238 4277/7203/4277 4276/7201/4276
f 4241/7142/4241 4280/7208/4280 4279/7206/4279
f 4242/7143/4242 4281/7209/4281 4280/7207/4280
f 4244/7146/4244 4284/7213/4284 4283/7212/4283
f 4247/7150/4247 4287/7217/4287 4286/7215/4286
f 4250/7155/4250 4289/7220/4289 4288/7218/4288
f 4251/7156/4251 4290/7221/4290 4289/7219/4289
f 4252/7158/4252 4291/7223/4291 4290/7221/4290
f 4261/7173/4261 4294/7229/4294 4293/7227/4293
f 4262/7174/4262 4295/7230/4295 4294/7228/4294
f 4265/7179/4265 4300/7242/4300 4299/7239/4299
f 4276/7201/4276 4306/7252/4306 4305/7250/4305
f 4277/7203/4277 4307/7253/4307 4306/7252/4306
f 4280/7208/4280 4310/7258/4310 4309/7256/4309
f 4281/7209/4281 4311/7259/4311 4310/7257/4310
f 4283/7212/4283 4314/7263/4314 4313/7262/4313
f 4289/7220/4289 4319/7272/4319 4318/7269/4318
f 4290/7222/4290 4320/7274/4320 4319/7271/4319
f 4291/7223/4291 4321/7276/4321 4320/7273/4320
f 4294/7229/4294 4324/7282/4324 4323/7279/4323
f 4295/7231/4295 4325/7283/4325 4324/7281/4324
f 4296/7233/4296 4326/7284/4326 4325/7283/4325
f 4297/7234/4297 4327/7286/4327 4326/7284/4326
f 4305/7251/4305 4334/7297/4334 4333/7295/4333
f 4306/7252/4306 4335/7298/4335 4334/7296/4334
f 4307/7254/4307 4336/7300/4336 4335/7299/4335
f 4310/7258/4310 4338/7303/4338 4337/7301/4337
f 4311/7259/4311 4339/7304/4339 4338/7302/4338
f 4313/7262/4313 4342/7308/4342 4341/7307/4341
f 4320/7275/4320 4347/7315/4347 4346/7313/4346
f 4321/7276/4321 4348/7316/4348 4347/7314/4347
f 4334/7297/4334 4355/7327/4355 4354/7325/4354
f 4335/7298/4335 4356/7328/4356 4355/7326/4355
f 4338/7303/4338 4359/7333/4359 4358/7331/4358
f 4339/7304/4339 4360/7334/4360 4359/7332/4359
f 4341/7307/4341 4364/7340/4364 4363/7338/4363
f 4343/7309/4343 4366/7342/4366 4365/7341/4365
f 4347/7315/4347 4368/7345/4368 4367/7343/4367
f 4348/7316/4348 4369/7346/4369 4368/7344/4368
f 4355/7327/4355 4375/7356/4375 4374/7354/4374
f 4356/7328/4356 4376/7357/4376 4375/7355/4375
f 4359/7333/4359 4379/7362/4379 4378/7360/4378
f 4360/7334/4360 4380/7363/4380 4379/7361/4379
f 4365/7341/4365 4387/7374/4387 4386/7372/4386
f 4368/7344/4368 4389/7377/4389 4388/7375/4388
f 4369/7346/4369 4390/7378/4390 4389/7377/4389
f 4375/7356/4375 4396/7388/4396 4395/7386/4395
f 4376/7357/4376 4397/7389/4397 4396/7387/4396
f 4379/7362/4379 4400/7394/4400 4399/7392/4399
f 4380/7363/4380 4401/7395/4401 4400/7393/4400
f 4388/7376/4388 4410/7409/4410 4409/7407/4409
f 4389/7377/4389 4411/7410/4411 4410/7408/4410
f 4396/7388/4396 4418/7421/4418 4417/7419/4417
f 4397/7389/4397 4419/7422/4419 4418/7420/4418
f 4399/7392/4399 4422/7427/4422 4421/7425/4421
f 4400/7393/4400 4423/7428/4423 4422/7426/4422
f 4401/7395/4401 4424/7429/4424 4423/7428/4423
f 4403/7398/4403 4426/7432/4426 4425/7431/4425
f 4410/7409/4410 4431/7439/4431 4430/7437/4430
f 4411/7410/4411 4432/7440/4432 4431/7438/4431
f 4418/7420/4418 4439/7451/4439 4438/7449/4438
f 4419/7422/4419 4440/7452/4440 4439/7451/4439
f 4422/7427/4422 4442/7456/4442 4441/7454/4441
f 4423/7428/4423 4443/7457/4443 4442/7455/4442
f 4425/7431/4425 4447/7463/4447 4446/7461/4446
f 4427/7433/4427 4449/7465/4449 4448/7464/4448
f 4431/7439/4431 4451/7468/4451 4450/7466/4450
f 4432/7440/4432 4452/7469/4452 4451/7467/4451
f 4438/7450/4438 4460/7484/4460 4459/7482/4459
f 4439/7451/4439 4461/7485/4461 4460/7483/4460
f 4442/7456/4442 4464/7490/4464 4463/7488/4463
f 4443/7457/4443 4465/7491/4465 4464/7489/4464
f 4448/7464/4448 4471/7501/4471 4470/7499/4470
f 4451/7468/4451 4473/7505/4473 4472/7502/4472
f 4452/7470/4452 4474/7507/4474 4473/7504/4473
f 4453/7472/4453 4475/7508/4475 4474/7506/4474
f 4460/7484/4460 4482/7520/4482 4481/7518/4481
f 4461/7485/4461 4483/7521/4483 4482/7519/4482
f 4463/7488/4463 4487/7530/4487 4486/7528/4486
f 4464/7489/4464 4488/7531/4488 4487/7529/4487
f 4473/7505/4473 4497/7546/4497 4496/7543/4496
f 4474/7507/4474 4498/7548/4498 4497/7545/4497
f 4475/7508/4475 4499/7550/4499 4498/7547/4498
f 4482/7520/4482 4506/7562/4506 4505/7559/4505
f 4483/7522/4483 4507/7564/4507 4506/7561/4506
f 4484/7524/4484 4508/7565/4508 4507/7563/4507
f 4487/7530/4487 4511/7571/4511 4510/7569/4510
f 4488/7531/4488 4512/7572/4512 4511/7570/4511
f 4490/7534/4490 4516/7578/4516 4515/7576/4515
f 4498/7549/4498 4521/7585/4521 4520/7583/4520
f 4499/7550/4499 4522/7586/4522 4521/7584/4521
f 4506/7562/4506 4529/7601/4529 4528/7598/4528
f 4507/7564/4507 4530/7603/4530 4529/7600/4529
f 4508/7565/4508 4531/7605/4531 4530/7602/4530
f 4511/7570/4511 4534/7610/4534 4533/7608/4533
f 4512/7572/4512 4535/7611/4535 4534/7610/4534
f 4517/7579/4517 4541/7621/4541 4540/7619/4540
f 4521/7585/4521 4543/7625/4543 4542/7622/4542
f 4522/7587/4522 4544/7627/4544 4543/7624/4543
f 4523/7589/4523 4545/7628/4545 4544/7626/4544
f 4530/7604/4530 4552/7640/4552 4551/7638/4551
f 4531/7605/4531 4553/7641/4553 4552/7639/4552
f 4533/7609/4533 4557/7650/4557 4556/7648/4556
f 4534/7610/4534 4558/7651/4558 4557/7649/4557
f 4543/7625/4543 4568/7668/4568 4567/7665/4567
f 4544/7627/4544 4569/7670/4569 4568/7667/4568
f 4545/7628/4545 4570/7672/4570 4569/7669/4569
f 4552/7640/4552 4578/7688/4578 4577/7685/4577
f 4553/7642/4553 4579/7690/4579 4578/7687/4578
f 4554/7644/4554 4580/7691/4580 4579/7689/4579
f 4557/7650/4557 4583/7697/4583 4582/7695/4582
f 4558/7651/4558 4584/7698/4584 4583/7696/4583
f 4569/7671/4569 4594/7714/4594 4593/7711/4593
f 4570/7673/4570 4595/7716/4595 4594/7713/4594
f 4571/7675/4571 4596/7717/4596 4595/7715/4595
f 4578/7688/4578 4603/7730/4603 4602/7727/4602
f 4579/7690/4579 4604/7732/4604 4603/7729/4603
f 4580/7691/4580 4605/7733/4605 4604/7731/4604
f 4583/7696/4583 4608/7738/4608 4607/7736/4607
f 4584/7698/4584 4609/7739/4609 4608/7738/4608
f 4594/7714/4594 4617/7753/4617 4616/7750/4616
f 4595/7716/4595 4618/7755/4618 4617/7752/4617
f 4596/7717/4596 4619/7756/4619 4618/7754/4618
f 4603/7730/4603 4625/7767/4625 4624/7765/4624
f 4604/7731/4604 4626/7768/4626 4625/7766/4625
f 4605/7733/4605 4627/7769/4627 4626/7768/4626
f 4607/7737/4607 4629/7773/4629 4628/7771/4628
f 4608/7738/4608 4630/7774/4630 4629/7772/4629
f 4610/7742/4610 4633/7779/4633 4632/7777/4632
f 4611/7743/4611 4634/7780/4634 4633/7778/4633
f 4617/7753/4617 4639/7788/4639 4638/7785/4638
f 4618/7755/4618 4640/7790/4640 4639/7787/4639
f 4619/7756/4619 4641/7791/4641 4640/7789/4640
f 4621/7760/4621 4645/7798/4645 4644/7796/4644
f 4625/7767/4625 4647/7801/4647 4646/7799/4646
f 4626/7768/4626 4648/7802/4648 4647/7800/4647
f 4629/7773/4629 4651/7807/4651 4650/7805/4650
f 4630/7774/4630 4652/7808/4652 4651/7806/4651
f 4633/7778/4633 4656/7817/4656 4655/7815/4655
f 4635/7781/4635 4660/7823/4660 4659/7821/4659
f 4639/7788/4639 4662/7827/4662 4661/7824/4661
f 4640/7790/4640 4663/7829/4663 4662/7826/4662
f 4641/7791/4641 4664/7831/4664 4663/7828/4663
f 4647/7801/4647 4670/7841/4670 4669/7839/4669
f 4648/7802/4648 4671/7842/4671 4670/7840/4670
f 4651/7807/4651 4674/7848/4674 4673/7845/4673
f 4652/7809/4652 4675/7850/4675 4674/7847/4674
f 4653/7811/4653 4676/7851/4676 4675/7849/4675
f 4655/7816/4655 4680/7860/4680 4679/7858/4679
f 4656/7817/4656 4681/7861/4681 4680/7859/4680
f 4663/7830/4663 4687/7871/4687 4686/7869/4686
f 4664/7831/4664 4688/7872/4688 4687/7870/4687
f 4670/7841/4670 4695/7883/4695 4694/7881/4694
f 4671/7842/4671 4696/7884/4696 4695/7882/4695
f 4674/7848/4674 4699/7890/4699 4698/7887/4698
f 4675/7850/4675 4700/7892/4700 4699/7889/4699
f 4676/7852/4676 4701/7895/4701 4700/7892/4700
f 4677/7854/4677 4702/7896/4702 4701/7894/4701
f 4680/7859/4680 4705/7902/4705 4704/7900/4704
f 4681/7861/4681 4706/7903/4706 4705/7902/4705
f 4687/7871/4687 4712/7913/4712 4711/7911/4711
f 4688/7872/4688 4713/7914/4713 4712/7912/4712
f 4695/7882/4695 4719/7924/4719 4718/7922/4718
f 4696/7884/4696 4720/7925/4720 4719/7924/4719
f 4700/7893/4700 4722/7930/4722 4721/7927/4721
f 4701/7895/4701 4723/7932/4723 4722/7929/4722
f 4702/7896/4702 4724/7934/4724 4723/7931/4723
f 4704/7901/4704 4727/7939/4727 4726/7937/4726
f 4705/7902/4705 4728/7940/4728 4727/7938/4727
f 4712/7912/4712 4737/7957/4737 4736/7956/4736
f 4718/7923/4718 4744/7968/4744 4743/7966/4743
f 4719/7924/4719 4745/7969/4745 4744/7967/4744
f 4723/7933/4723 4748/7974/4748 4747/7972/4747
f 4724/7934/4724 4749/7975/4749 4748/7973/4748
f 4727/7939/4727 4753/7985/4753 4752/7982/4752
f 4728/7941/4728 4754/7987/4754 4753/7984/4753
f 4729/7942/4729 4755/7988/4755 4754/7986/4754
f 4736/7956/4736 4763/8004/4763 4762/8002/4762
f 4737/7957/4737 4764/8005/4764 4763/8004/4763
f 4744/7968/4744 4770/8015/4770 4769/8013/4769
f 4745/7969/4745 4771/8016/4771 4770/8014/4770
f 4748/7974/4748 4774/8022/4774 4773/8019/4773
f 4749/7976/4749 4775/8024/4775 4774/8021/4774
f 4750/7978/4750 4776/8025/4776 4775/8023/4775
f 4753/7985/4753 4780/8035/4780 4779/8032/4779
f 4754/7987/4754 4781/8036/4781 4780/8034/4780
f 4755/7989/4755 4782/8037/4782 4781/8036/4781
f 4756/7991/4756 4783/8038/4783 4782/8037/4782
f 4757/7992/4757 4784/8039/4784 4783/8038/4783
f 4762/8003/4762 4788/8046/4788 4787/8044/4787
f 4763/8004/4763 4789/8047/4789 4788/8045/4788
f 4770/8014/4770 4797/8062/4797 4796/8060/4796
f 4771/8016/4771 4798/8063/4798 4797/8062/4797
f 4774/8022/4774 4800/8068/4800 4799/8065/4799
f 4775/8024/4775 4801/8070/4801 4800/8067/4800
f 4776/8026/4776 4802/8073/4802 4801/8070/4801
f 4777/8028/4777 4803/8074/4803 4802/8072/4802
f 4788/8046/4788 4807/8083/4807 4806/8081/4806
f 4789/8047/4789 4808/8084/4808 4807/8082/4807
f 4796/8061/4796 4816/8101/4816 4815/8099/4815
f 4797/8062/4797 4817/8102/4817 4816/8100/4816
f 4801/8071/4801 4820/8108/4820 4819/8105/4819
f 4802/8073/4802 4821/8109/4821 4820/8107/4820
f 4803/8075/4803 4822/8111/4822 4821/8109/4821
f 4804/8077/4804 4823/8113/4823 4822/8110/4822
f 4807/8082/4807 4828/8123/4828 4827/8121/4827
f 4816/8101/4816 4837/8141/4837 4836/8139/4836
f 4817/8102/4817 4838/8142/4838 4837/8140/4837
f 4822/8112/4822 4840/8147/4840 4839/8144/4839
f 4823/8114/4823 4841/8149/4841 4840/8146/4840
f 4824/8116/4824 4842/8152/4842 4841/8149/4841
f 4825/8117/4825 4843/8153/4843 4842/8151/4842
f 4827/8122/4827 4846/8159/4846 4845/8157/4845
f 4828/8123/4828 4847/8160/4847 4846/8158/4846
f 4837/8140/4837 4856/8178/4856 4855/8177/4855
f 4841/8150/4841 4859/8184/4859 4858/8181/4858
f 4842/8152/4842 4860/8186/4860 4859/8183/4859
f 4843/8153/4843 4861/8188/4861 4860/8185/4860
f 4846/8158/4846 4870/8202/4870 4869/8200/4869
f 4847/8160/4847 4871/8203/4871 4870/8202/4870
f 4850/8165/4850 4876/8216/4876 4875/8213/4875
f 4855/8177/4855 4879/8221/4879 4878/8219/4878
f 4856/8178/4856 4880/8222/4880 4879/8221/4879
f 4860/8187/4860 4882/8227/4882 4881/8224/4881
f 4861/8189/4861 4883/8228/4883 4882/8226/4882
f 4862/8191/4862 4884/8229/4884 4883/8228/4883
f 4863/8192/4863 4885/8230/4885 4884/8229/4884
f 4864/8193/4864 4886/8232/4886 4885/8230/4885
f 4865/8194/4865 4887/8235/4887 4886/8232/4886
f 4866/8195/4866 4888/8237/4888 4887/8235/4887
f 4867/8196/4867 4889/8238/4889 4888/8236/4888
f 4869/8201/4869 4896/8250/4896 4895/8248/4895
f 4870/8202/4870 4897/8251/4897 4896/8249/4896
f 4873/8207/4873 4903/8265/4903 4902/8262/4902
f 4878/8220/4878 4906/8270/4906 4905/8268/4905
f 4879/8221/4879 4907/8271/4907 4906/8269/4906
f 4886/8233/4886 4909/8275/4909 4908/8272/4908
f 4887/8235/4887 4910/8276/4910 4909/8274/4909
f 4888/8237/4888 4911/8277/4911 4910/8276/4910
f 4889/8239/4889 4912/8278/4912 4911/8277/4911
f 4890/8241/4890 4913/8279/4913 4912/8278/4912
f 4891/8242/4891 4914/8280/4914 4913/8279/4913
f 4892/8243/4892 4915/8282/4915 4914/8280/4914
f 4893/8244/4893 4916/8284/4916 4915/8281/4915
f 4896/8250/4896 4922/8295/4922 4921/8293/4921
f 4897/8251/4897 4923/8296/4923 4922/8294/4922
f 4915/8283/4915 4934/8317/4934 4933/8314/4933
f 4916/8285/4916 4935/8318/4935 4934/8316/4934
f 4917/8287/4917 4936/8319/4936 4935/8318/4935
f 4918/8288/4918 4937/8321/4937 4936/8319/4936
f 4919/8289/4919 4938/8323/4938 4937/8320/4937
f 4922/8294/4922 4942/8332/4942 4941/8330/4941
f 4923/8296/4923 4943/8333/4943 4942/8332/4942
f 4937/8322/4937 4953/8353/4953 4952/8350/4952
f 4938/8324/4938 4954/8355/4954 4953/8352/4953
f 4939/8326/4939 4955/8357/4955 4954/8354/4954
f 4941/8331/4941 4959/8366/4959 4958/8364/4958
f 4942/8332/4942 4960/8367/4960 4959/8365/4959
f 4954/8356/4954 4970/8383/4970 4969/8380/4969
f 4955/8358/4955 4971/8385/4971 4970/8382/4970
f 4956/8360/4956 4972/8386/4972 4971/8384/4971
f 4959/8365/4959 4975/8392/4975 4974/8390/4974
f 4960/8367/4960 4976/8393/4976 4975/8392/4975
f 4966/8376/4966 4983/8406/4983 4982/8404/4982
f 4970/8383/4970 4985/8410/4985 4984/8407/4984
f 4971/8385/4971 4986/8412/4986 4985/8409/4985
f 4972/8386/4972 4987/8414/4987 4986/8411/4986
f 4974/8391/4974 4991/8423/4991 4990/8421/4990
f 4975/8392/4975 4992/8424/4992 4991/8422/4991
f 4986/8413/4986 5003/8445/5003 5002/8442/5002
f 4987/8415/4987 5004/8447/5004 5003/8444/5003
f 4988/8417/4988 5005/8449/5005 5004/8446/5004
f 4991/8423/4991 5009/8458/5009 5008/8456/5008
f 4992/8424/4992 5010/8459/5010 5009/8457/5009
f 5003/8445/5003 5021/8477/5021 5020/8476/5020
f 5004/8448/5004 5022/8480/5022 5021/8477/5021
f 5005/8450/5005 5023/8482/5023 5022/8479/5022
f 5006/8452/5006 5024/8483/5024 5023/8481/5023
f 5009/8458/5009 5027/8489/5027 5026/8487/5026
f 5010/8459/5010 5028/8490/5028 5027/8488/5027
f 5017/8472/5017 5037/8506/5037 5036/8504/5036
f 5022/8480/5022 5039/8511/5039 5038/8508/5038
f 5023/8482/5023 5040/8513/5040 5039/8510/5039
f 5024/8483/5024 5041/8515/5041 5040/8512/5040
f 5027/8489/5027 5044/8520/5044 5043/8518/5043
f 5028/8490/5028 5045/8521/5045 5044/8519/5044
f 5040/8514/5040 5056/8541/5056 5055/8539/5055
f 5041/8515/5041 5057/8542/5057 5056/8540/5056
f 5044/8520/5044 5061/8551/5061 5060/8549/5060
f 5045/8521/5045 5062/8552/5062 5061/8550/5061
f 5052/8534/5052 5071/8569/5071 5070/8567/5070
f 5056/8541/5056 5073/8574/5073 5072/8571/5072
f 5057/8543/5057 5074/8576/5074 5073/8573/5073
f 5058/8545/5058 5075/8577/5075 5074/8575/5074
f 5061/8550/5061 5078/8582/5078 5077/8580/5077
f 5062/8552/5062 5079/8583/5079 5078/8582/5078
f 5073/8574/5073 5090/8601/5090 5089/8599/5089
f 5074/8575/5074 5091/8602/5091 5090/8600/5090
f 5075/8577/5075 5092/8603/5092 5091/8602/5091
f 5077/8581/5077 5094/8607/5094 5093/8605/5093
f 5078/8582/5078 5095/8608/5095 5094/8606/5094
f 5090/8601/5090 5103/8621/5103 5102/8619/5102
f 5091/8602/5091 5104/8622/5104 5103/8620/5103
f 5094/8606/5094 5107/8626/5107 5106/8625/5106
f 5103/8621/5103 5117/8641/5117 5116/8639/5116
f 5104/8622/5104 5118/8642/5118 5117/8640/5117
f 5106/8625/5106 5120/8646/5120 5119/8644/5119
f 5107/8626/5107 5121/8647/5121 5120/8646/5120
f 5109/8629/5109 5124/8652/5124 5123/8650/5123
f 5117/8640/5117 5129/8661/5129 5128/8659/5128
f 5119/8645/5119 5132/8666/5132 5131/8664/5131
f 5120/8646/5120 5133/8667/5133 5132/8665/5132
f 5128/8660/5128 5141/8679/5141 5140/8677/5140
f 5129/8661/5129 5142/8680/5142 5141/8678/5141
f 5132/8665/5132 5144/8684/5144 5143/8682/5143
f 5137/8673/5137 5151/8694/5151 5150/8692/5150
f 5141/8678/5141 5153/8696/5153 5152/8695/5152
f 5143/8683/5143 5156/8701/5156 5155/8699/5155
f 5144/8684/5144 5157/8702/5157 5156/8700/5156
f 5146/8687/5146 5160/8706/5160 5159/8705/5159
f 5152/8695/5152 5165/8713/5165 5164/8712/5164
f 5153/8696/5153 5166/8714/5166 5165/8713/5165
f 5156/8700/5156 5168/8718/5168 5167/8716/5167
f 5157/8703/5157 5169/8720/5169 5168/8719/5168
f 5159/8705/5159 5171/8722/5171 5170/8721/5170
f 5164/8712/5164 5176/8728/5176 5175/8727/5175
f 5165/8713/5165 5177/8729/5177 5176/8728/5176
f 5167/8717/5167 5179/8733/5179 5178/8731/5178
f 5168/8718/5168 5180/8734/5180 5179/8732/5179
f 5170/8721/5170 5183/8738/5183 5182/8737/5182
f 5172/8723/5172 5185/8740/5185 5184/8739/5184
f 5179/8732/5179 5190/8747/5190 5189/8745/5189
f 5180/8734/5180 5191/8748/5191 5190/8747/5190
f 5182/8737/5182 5193/8752/5193 5192/8750/5192
f 5184/8739/5184 5196/8756/5196 5195/8755/5195
f 5186/8741/5186 5198/8758/5198 5197/8757/5197
f 5189/8746/5189 5200/8761/5200 5199/8759/5199
f 5190/8747/5190 5201/8762/5201 5200/8760/5200
f 5192/8751/5192 5205/8770/5205 5204/8768/5204
f 5193/8752/5193 5206/8771/5206 5205/8769/5205
f 5195/8755/5195 5209/8775/5209 5208/8774/5208
f 5197/8757/5197 5212/8779/5212 5211/8777/5211
f 5200/8761/5200 5214/8783/5214 5213/8780/5213
f 5201/8763/5201 5215/8785/5215 5214/8782/5214
f 5202/8764/5202 5216/8786/5216 5215/8784/5215
f 5205/8770/5205 5220/8795/5220 5219/8793/5219
f 5206/8771/5206 5221/8796/5221 5220/8794/5220
f 5208/8774/5208 5225/8802/5225 5224/8800/5224
f 5214/8783/5214 5230/8811/5230 5229/8808/5229
f 5215/8785/5215 5231/8813/5231 5230/8810/5230
f 5216/8787/5216 5232/8816/5232 5231/8813/5231
f 5217/8789/5217 5233/8817/5233 5232/8815/5232
f 5220/8795/5220 5249/8840/5249 5248/8838/5248
f 5221/8796/5221 5250/8841/5250 5249/8839/5249
f 5231/8814/5231 5259/8856/5259 5258/8853/5258
f 5232/8816/5232 5260/8857/5260 5259/8855/5259
f 5233/8818/5233 5261/8858/5261 5260/8857/5260
f 5234/8820/5234 5262/8859/5262 5261/8858/5261
f 5235/8821/5235 5263/8860/5263 5262/8859/5262
f 5236/8822/5236 5264/8861/5264 5263/8860/5263
f 5237/8823/5237 5265/8862/5265 5264/8861/5264
f 5238/8824/5238 5266/8863/5266 5265/8862/5265
f 5239/8825/5239 5267/8865/5267 5266/8863/5266
f 5240/8826/5240 5268/8868/5268 5267/8865/5267
f 5241/8827/5241 5269/8869/5269 5268/8868/5268
f 5244/8832/5244 5272/8877/5272 5271/8874/5271
f 5245/8833/5245 5273/8880/5273 5272/8877/5272
f 5246/8834/5246 5274/8881/5274 5273/8879/5273
f 5249/8840/5249 5282/8894/5282 5281/8892/5281
f 5250/8841/5250 5283/8895/5283 5282/8893/5282
f 5255/8849/5255 5289/8903/5289 5288/8902/5288
f 5267/8866/5267 5291/8907/5291 5290/8904/5290
f 5268/8868/5268 5292/8908/5292 5291/8906/5291
f 5272/8878/5272 5296/8916/5296 5295/8913/5295
f 5273/8880/5273 5297/8917/5297 5296/8915/5296
f 5274/8882/5274 5298/8919/5298 5297/8917/5297
f 5275/8884/5275 5299/8922/5299 5298/8919/5298
f 5276/8885/5276 5300/8923/5300 5299/8921/5299
f 5279/8890/5279 5309/8939/5309 5308/8937/5308
f 5282/8894/5282 5315/8948/5315 5314/8946/5314
f 5283/8895/5283 5316/8949/5316 5315/8947/5315
f 5285/8898/5285 5319/8953/5319 5318/8952/5318
f 5288/8902/5288 5321/8955/5321 5320/8954/5320
f 5298/8920/5298 5323/8959/5323 5322/8956/5322
f 5299/8922/5299 5324/8961/5324 5323/8958/5323
f 5300/8923/5300 5325/8963/5325 5324/8960/5324
f 5304/8931/5304 5334/8982/5334 5333/8980/5333
f 5305/8932/5305 5335/8983/5335 5334/8982/5334
f 5306/8933/5306 5336/8984/5336 5335/8983/5335
f 5308/8936/5308 5338/8986/5338 5337/8985/5337
f 5309/8938/5309 5339/8987/5339 5338/8986/5338
f 5310/8940/5310 5340/8988/5340 5339/8987/5339
f 5311/8941/5311 5341/8991/5341 5340/8988/5340
f 5312/8942/5312 5342/8993/5342 5341/8990/5341
f 5315/8948/5315 5346/9002/5346 5345/9000/5345
f 5316/8949/5316 5347/9003/5347 5346/9001/5346
f 5318/8952/5318 5352/9013/5352 5351/9011/5351
f 5320/8954/5320 5354/9016/5354 5353/9015/5353
f 5324/8962/5324 5356/9020/5356 5355/9017/5355
f 5325/8964/5325 5357/9022/5357 5356/9019/5356
f 5326/8966/5326 5358/9025/5358 5357/9022/5357
f 5327/8968/5327 5359/9028/5359 5358/9026/5358
f 5330/8972/5330 5368/9045/5368 5367/9043/5367
f 5340/8989/5340 5372/9051/5372 5371/9050/5371
f 5341/8992/5341 5373/9053/5373 5372/9051/5372
f 5342/8994/5342 5374/9055/5374 5373/9052/5373
f 5343/8996/5343 5375/9057/5375 5374/9054/5374
f 5346/9002/5346 5379/9067/5379 5378/9064/5378
f 5347/9004/5347 5380/9069/5380 5379/9066/5379
f 5348/9006/5348 5381/9070/5381 5380/9068/5380
f 5353/9015/5353 5387/9080/5387 5386/9079/5386
f 5357/9023/5357 5389/9084/5389 5388/9081/5388
f 5358/9025/5358 5390/9085/5390 5389/9083/5389
f 5359/9027/5359 5391/9087/5391 5390/9085/5390
f 5360/9029/5360 5392/9090/5392 5391/9087/5391
f 5361/9030/5361 5393/9091/5393 5392/9089/5392
f 5365/9038/5365 5404/9110/5404 5403/9107/5403
f 5374/9056/5374 5407/9116/5407 5406/9113/5406
f 5375/9058/5375 5408/9118/5408 5407/9115/5407
f 5376/9060/5376 5409/9119/5409 5408/9117/5408
f 5379/9067/5379 5412/9126/5412 5411/9123/5411
f 5380/9069/5380 5413/9128/5413 5412/9125/5412
f 5381/9070/5381 5414/9130/5414 5413/9127/5413
f 5383/9074/5383 5418/9138/5418 5417/9137/5417
f 5386/9079/5386 5420/9140/5420 5419/9139/5419
f 5391/9088/5391 5422/9144/5422 5421/9141/5421
f 5392/9090/5392 5423/9145/5423 5422/9143/5422
f 5393/9092/5393 5424/9146/5424 5423/9145/5423
f 5394/9094/5394 5425/9147/5425 5424/9146/5424
f 5395/9095/5395 5426/9148/5426 5425/9147/5425
f 5396/9096/5396 5427/9149/5427 5426/9148/5426
f 5397/9097/5397 5428/9150/5428 5427/9149/5427
f 5398/9098/5398 5429/9151/5429 5428/9150/5428
f 5399/9099/5399 5430/9152/5430 5429/9151/5429
f 5400/9100/5400 5431/9153/5431 5430/9152/5430
f 5407/9116/5407 5435/9161/5435 5434/9158/5434
f 5408/9118/5408 5436/9163/5436 5435/9160/5435
f 5409/9119/5409 5437/9165/5437 5436/9162/5436
f 5413/9129/5413 5441/9175/5441 5440/9172/5440
f 5414/9131/5414 5442/9177/5442 5441/9174/5441
f 5415/9133/5415 5443/9178/5443 5442/9176/5442
f 5417/9137/5417 5448/9188/5448 5447/9186/5447
f 5419/9139/5419 5450/9191/5450 5449/9190/5449
f 5436/9164/5436 5452/9195/5452 5451/9192/5451
f 5437/9166/5437 5453/9197/5453 5452/9194/5452
f 5438/9168/5438 5454/9199/5454 5453/9196/5453
f 5441/9175/5441 5457/9206/5457 5456/9203/5456
f 5442/9177/5442 5458/9207/5458 5457/9205/5457
f 5443/9179/5443 5459/9209/5459 5458/9207/5458
f 5444/9181/5444 5460/9211/5460 5459/9208/5459
f 5449/9190/5449 5467/9224/5467 5466/9223/5466
f 5452/9195/5452 5469/9226/5469 5468/9225/5468
f 5453/9198/5453 5470/9229/5470 5469/9226/5469
f 5454/9199/5454 5471/9230/5471 5470/9227/5470
f 5459/9210/5459 5474/9236/5474 5473/9233/5473
f 5460/9212/5460 5475/9238/5475 5474/9235/5474
f 5461/9214/5461 5476/9240/5476 5475/9237/5475
f 5463/9218/5463 5481/9250/5481 5480/9248/5480
f 5466/9223/5466 5483/9253/5483 5482/9252/5482
f 5470/9229/5470 5485/9256/5485 5484/9254/5484
f 5471/9230/5471 5486/9257/5486 5485/9255/5485
f 5475/9239/5475 5489/9263/5489 5488/9260/5488
f 5476/9241/5476 5490/9265/5490 5489/9262/5489
f 5477/9243/5477 5491/9266/5491 5490/9264/5490
f 5482/9252/5482 5497/9276/5497 5496/9275/5496
f 5485/9256/5485 5499/9279/5499 5498/9277/5498
f 5486/9257/5486 5500/9280/5500 5499/9278/5499
f 5489/9263/5489 5503/9286/5503 5502/9283/5502
f 5490/9265/5490 5504/9288/5504 5503/9285/5503
f 5491/9266/5491 5505/9290/5505 5504/9287/5504
f 5493/9270/5493 5510/9300/5510 5509/9298/5509
f 5496/9275/5496 5512/9303/5512 5511/9302/5511
f 5499/9279/5499 5514/9306/5514 5513/9304/5513
f 5500/9280/5500 5515/9307/5515 5514/9305/5514
f 5504/9289/5504 5518/9313/5518 5517/9310/5517
f 5505/9291/5505 5519/9315/5519 5518/9312/5518
f 5506/9293/5506 5520/9316/5520 5519/9314/5519
f 5511/9302/5511 5527/9327/5527 5526/9326/5526
f 5514/9306/5514 5529/9330/5529 5528/9328/5528
f 5515/9307/5515 5530/9331/5530 5529/9329/5529
f 5518/9313/5518 5534/9341/5534 5533/9338/5533
f 5519/9315/5519 5535/9343/5535 5534/9340/5534
f 5520/9316/5520 5536/9345/5536 5535/9342/5535
f 5526/9326/5526 5544/9359/5544 5543/9358/5543
f 5529/9330/5529 5546/9363/5546 5545/9360/5545
f 5530/9332/5530 5547/9365/5547 5546/9362/5546
f 5531/9334/5531 5548/9367/5548 5547/9364/5547
f 5535/9344/5535 5552/9375/5552 5551/9372/5551
f 5536/9346/5536 5553/9377/5553 5552/9374/5552
f 5537/9348/5537 5554/9379/5554 5553/9376/5553
f 5543/9358/5543 5562/9393/5562 5561/9392/5561
f 5546/9363/5546 5564/9395/5564 5563/9394/5563
f 5547/9366/5547 5565/9398/5565 5564/9395/5564
f 5548/9368/5548 5566/9400/5566 5565/9397/5565
f 5549/9370/5549 5567/9404/5567 5566/9401/5566
f 5553/9378/5553 5570/9409/5570 5569/9406/5569
f 5554/9380/5554 5571/9411/5571 5570/9408/5570
f 5555/9382/5555 5572/9412/5572 5571/9410/5571
f 5561/9392/5561 5584/9434/5584 5583/9432/5583
f 5565/9398/5565 5586/9438/5586 5585/9435/5585
f 5566/9400/5566 5587/9440/5587 5586/9437/5586
f 5567/9402/5567 5588/9442/5588 5587/9439/5587
f 5570/9409/5570 5591/9448/5591 5590/9445/5590
f 5571/9411/5571 5592/9450/5592 5591/9447/5591
f 5572/9413/5572 5593/9453/5593 5592/9450/5592
f 5573/9415/5573 5594/9454/5594 5593/9452/5593
f 5577/9423/5577 5604/9472/5604 5603/9470/5603
f 5578/9424/5578 5605/9474/5605 5604/9472/5604
f 5587/9441/5587 5611/9484/5611 5610/9482/5610
f 5588/9442/5588 5612/9485/5612 5611/9483/5611
f 5592/9451/5592 5615/9491/5615 5614/9488/5614
f 5593/9453/5593 5616/9493/5616 5615/9490/5615
f 5594/9454/5594 5617/9495/5617 5616/9492/5616
f 5598/9460/5598 5625/9514/5625 5624/9512/5624
f 5599/9462/5599 5626/9515/5626 5625/9514/5625
f 5600/9463/5600 5627/9516/5627 5626/9515/5626
f 5611/9484/5611 5634/9527/5634 5633/9525/5633
f 5612/9485/5612 5635/9528/5635 5634/9526/5634
f 5616/9494/5616 5639/9538/5639 5638/9535/5638
f 5617/9496/5617 5640/9540/5640 5639/9537/5639
f 5618/9498/5618 5641/9542/5641 5640/9539/5640
f 5630/9521/5630 5653/9568/5653 5652/9566/5652
f 5634/9527/5634 5655/9573/5655 5654/9570/5654
f 5635/9529/5635 5656/9575/5656 5655/9572/5655
f 5636/9531/5636 5657/9576/5657 5656/9574/5656
f 5639/9538/5639 5660/9581/5660 5659/9580/5659
f 5640/9541/5640 5661/9584/5661 5660/9581/5660
f 5641/9543/5641 5662/9586/5662 5661/9583/5661
f 5642/9545/5642 5663/9587/5663 5662/9585/5662
f 5655/9573/5655 5679/9618/5679 5678/9615/5678
f 5656/9575/5656 5680/9620/5680 5679/9617/5679
f 5657/9576/5657 5681/9622/5681 5680/9619/5680
f 5661/9584/5661 5685/9632/5685 5684/9629/5684
f 5662/9586/5662 5686/9634/5686 5685/9631/5685
f 5663/9588/5663 5687/9637/5687 5686/9634/5686
f 5664/9590/5664 5688/9638/5688 5687/9636/5687
f 5668/9598/5668 5696/9657/5696 5695/9655/5695
f 5680/9621/5680 5703/9670/5703 5702/9667/5702
f 5681/9623/5681 5704/9672/5704 5703/9669/5703
f 5682/9625/5682 5705/9674/5705 5704/9671/5704
f 5686/9635/5686 5708/9680/5708 5707/9677/5707
f 5687/9637/5687 5709/9682/5709 5708/9679/5708
f 5688/9639/5688 5710/9685/5710 5709/9682/5709
f 5689/9641/5689 5711/9686/5711 5710/9684/5710
f 5704/9673/5704 5726/9717/5726 5725/9715/5725
f 5705/9674/5705 5727/9718/5727 5726/9716/5726
f 5709/9683/5709 5731/9728/5731 5730/9725/5730
f 5710/9685/5710 5732/9730/5732 5731/9727/5731
f 5711/9686/5711 5733/9732/5733 5732/9729/5732
f 5726/9717/5726 5750/9771/5750 5749/9768/5749
f 5727/9719/5727 5751/9773/5751 5750/9770/5750
f 5728/9721/5728 5752/9775/5752 5751/9772/5751
f 5732/9731/5732 5755/9782/5755 5754/9779/5754
f 5733/9733/5733 5756/9784/5756 5755/9781/5755
f 5734/9735/5734 5757/9785/5757 5756/9783/5756
f 5750/9771/5750 5775/9823/5775 5774/9822/5774
f 5751/9774/5751 5776/9826/5776 5775/9823/5775
f 5752/9775/5752 5777/9827/5777 5776/9824/5776
f 5755/9782/5755 5781/9837/5781 5780/9834/5780
f 5756/9784/5756 5782/9839/5782 5781/9836/5781
f 5757/9786/5757 5783/9842/5783 5782/9839/5782
f 5758/9788/5758 5784/9843/5784 5783/9841/5783
f 5768/9809/5768 5808/9884/5808 5807/9882/5807
f 5776/9826/5776 5812/9892/5812 5811/9889/5811
f 5777/9828/5777 5813/9894/5813 5812/9891/5812
f 5778/9830/5778 5814/9895/5814 5813/9893/5813
f 5782/9840/5782 5817/9902/5817 5816/9899/5816
f 5783/9842/5783 5818/9904/5818 5817/9901/5817
f 5784/9843/5784 5819/9906/5819 5818/9903/5818
f 5788/9851/5788 5834/9928/5834 5833/9926/5833
f 5789/9852/5789 5835/9929/5835 5834/9928/5834
f 5790/9853/5790 5836/9930/5836 5835/9929/5835
f 5791/9854/5791 5837/9931/5837 5836/9930/5836
f 5792/9855/5792 5838/9932/5838 5837/9931/5837
f 5793/9856/5793 5839/9934/5839 5838/9932/5838
f 5800/9871/5800 5854/9959/5854 5853/9957/5853
f 5801/9872/5801 5855/9960/5855 5854/9959/5854
f 5802/9873/5802 5856/9961/5856 5855/9960/5855
f 5803/9874/5803 5857/9962/5857 5856/9961/5856
f 5804/9875/5804 5858/9963/5858 5857/9962/5857
f 5812/9892/5812 5862/9971/5862 5861/9968/5861
f 5813/9894/5813 5863/9973/5863 5862/9970/5862
f 5814/9895/5814 5864/9975/5864 5863/9972/5863
f 5818/9905/5818 5867/9980/5867 5866/9978/5866
f 5819/9906/5819 5868/9981/5868 5867/9979/5867
f 5823/9911/5823 5878/10002/5878 5877/10000/5877
f 5824/9913/5824 5879/10003/5879 5878/10002/5878
f 5825/9914/5825 5880/10004/5880 5879/10003/5879
f 5826/9915/5826 5881/10005/5881 5880/10004/5880
f 5827/9916/5827 5882/10006/5882 5881/10005/5881
f 5828/9917/5828 5883/10007/5883 5882/10006/5882
f 5829/9918/5829 5884/10008/5884 5883/10007/5883
f 5830/9919/5830 5885/10009/5885 5884/10008/5884
f 5843/9939/5843 5898/10029/5898 5897/10027/5897
f 5846/9945/5846 5909/10050/5909 5908/10048/5908
f 5847/9947/5847 5910/10051/5910 5909/10050/5909
f 5848/9948/5848 5911/10052/5911 5910/10051/5910
f 5849/9949/5849 5912/10053/5912 5911/10052/5911
f 5850/9950/5850 5913/10054/5913 5912/10053/5912
f 5863/9974/5863 5917/10061/5917 5916/10059/5916
f 5864/9975/5864 5918/10062/5918 5917/10060/5917
f 5867/9980/5867 5921/10068/5921 5920/10065/5920
f 5868/9982/5868 5922/10070/5922 5921/10067/5921
f 5869/9984/5869 5923/10071/5923 5922/10069/5922
f 5874/9993/5874 5941/10100/5941 5940/10098/5940
f 5890/10018/5890 5950/10118/5950 5949/10116/5949
f 5891/10019/5891 5951/10119/5951 5950/10118/5950
f 5892/10020/5892 5952/10120/5952 5951/10119/5951
f 5893/10021/5893 5953/10121/5953 5952/10120/5952
f 5894/10022/5894 5954/10122/5954 5953/10121/5953
f 5897/10028/5897 5957/10125/5957 5956/10124/5956
f 5898/10030/5898 5958/10126/5958 5957/10125/5957
f 5899/10032/5899 5959/10127/5959 5958/10126/5958
f 5900/10033/5900 5960/10128/5960 5959/10127/5959
f 5901/10034/5901 5961/10129/5961 5960/10128/5960
f 5902/10035/5902 5962/10131/5962 5961/10129/5961
f 5903/10036/5903 5963/10133/5963 5962/10130/5962
f 5906/10042/5906 5974/10155/5974 5973/10152/5973
f 5917/10061/5917 5977/10160/5977 5976/10158/5976
f 5918/10062/5918 5978/10161/5978 5977/10159/5977
f 5921/10068/5921 5982/10171/5982 5981/10168/5981
f 5922/10070/5922 5983/10173/5983 5982/10170/5982
f 5923/10072/5923 5984/10176/5984 5983/10173/5983
f 5924/10074/5924 5985/10177/5985 5984/10175/5984
f 5931/10084/5931 5999/10198/5999 5998/10196/5998
f 5932/10085/5932 6000/10199/6000 5999/10198/5999
f 5933/10086/5933 6001/10200/6001 6000/10199/6000
f 5934/10087/5934 6002/10201/6002 6001/10200/6001
f 5935/10088/5935 6003/10202/6003 6002/10201/6002
f 5936/10089/5936 6004/10203/6004 6003/10202/6003
f 5946/10109/5946 6014/10221/6014 6013/10219/6013
f 5962/10132/5962 6018/10229/6018 6017/10226/6017
f 5963/10134/5963 6019/10230/6019 6018/10228/6018
f 5964/10136/5964 6020/10231/6020 6019/10230/6019
f 5965/10137/5965 6021/10232/6021 6020/10231/6020
f 5966/10138/5966 6022/10233/6022 6021/10232/6021
f 5967/10139/5967 6023/10235/6023 6022/10233/6022
f 5968/10140/5968 6024/10237/6024 6023/10234/6023
f 5977/10160/5977 6034/10260/6034 6033/10257/6033
f 5978/10162/5978 6035/10262/6035 6034/10259/6034
f 5979/10164/5979 6036/10263/6036 6035/10261/6035
f 5983/10174/5983 6039/10270/6039 6038/10267/6038
f 5984/10176/5984 6040/10271/6040 6039/10269/6039
f 5985/10178/5985 6041/10272/6041 6040/10271/6040
f 5986/10180/5986 6042/10273/6042 6041/10272/6041
f 5987/10181/5987 6043/10274/6043 6042/10273/6042
f 5988/10182/5988 6044/10275/6044 6043/10274/6043
f 5989/10183/5989 6045/10276/6045 6044/10275/6044
f 5990/10184/5990 6046/10277/6046 6045/10276/6045
f 5991/10185/5991 6047/10278/6047 6046/10277/6046
f 5992/10186/5992 6048/10279/6048 6047/10278/6047
f 6010/10211/6010 6059/10299/6059 6058/10297/6058
f 6023/10236/6023 6063/10307/6063 6062/10304/6062
f 6024/10238/6024 6064/10309/6064 6063/10306/6063
f 6025/10240/6025 6065/10311/6065 6064/10308/6064
f 6034/10260/6034 6076/10337/6076 6075/10334/6075
f 6035/10262/6035 6077/10339/6077 6076/10336/6076
f 6036/10263/6036 6078/10341/6078 6077/10338/6077
f 6055/10289/6055 6087/10360/6087 6086/10358/6086
f 6064/10310/6064 6091/10368/6091 6090/10365/6090
f 6065/10312/6065 6092/10370/6092 6091/10367/6091
f 6066/10314/6066 6093/10372/6093 6092/10369/6092
f 6077/10340/6077 6108/10401/6108 6107/10398/6107
f 6078/10342/6078 6109/10403/6109 6108/10400/6108
f 6079/10344/6079 6110/10404/6110 6109/10402/6109
f 6083/10352/6083 6118/10421/6118 6117/10419/6117
f 6084/10353/6084 6119/10423/6119 6118/10421/6118
f 6092/10371/6092 6122/10429/6122 6121/10426/6121
f 6093/10373/6093 6123/10430/6123 6122/10428/6122
f 6094/10375/6094 6124/10433/6124 6123/10430/6123
f 6095/10376/6095 6125/10435/6125 6124/10432/6124
f 6100/10384/6100 6133/10450/6133 6132/10448/6132
f 6101/10385/6101 6134/10451/6134 6133/10450/6133
f 6108/10401/6108 6138/10459/6138 6137/10456/6137
f 6109/10403/6109 6139/10461/6139 6138/10458/6138
f 6110/10404/6110 6140/10463/6140 6139/10460/6139
f 6114/10412/6114 6149/10483/6149 6148/10481/6148
f 6123/10431/6123 6153/10489/6153 6152/10488/6152
f 6124/10434/6124 6154/10491/6154 6153/10489/6153
f 6125/10436/6125 6155/10492/6155 6154/10490/6154
f 6126/10438/6126 6156/10493/6156 6155/10492/6155
f 6127/10439/6127 6157/10494/6157 6156/10493/6156
f 6128/10440/6128 6158/10495/6158 6157/10494/6157
f 6139/10462/6139 6163/10504/6163 6162/10501/6162
f 6140/10464/6140 6164/10506/6164 6163/10503/6163
f 6141/10466/6141 6165/10509/6165 6164/10506/6164
f 6142/10467/6142 6166/10510/6166 6165/10508/6165
f 6164/10507/6164 6179/10537/6179 6178/10534/6178
f 6165/10509/6165 6180/10538/6180 6179/10536/6179
f 6166/10511/6166 6181/10539/6181 6180/10538/6180
f 6167/10513/6167 6182/10541/6182 6181/10539/6181
f 6168/10514/6168 6183/10544/6183 6182/10541/6182
f 6169/10516/6169 6184/10547/6184 6183/10545/6183
f 6182/10542/6182 6195/10571/6195 6194/10568/6194
f 6183/10544/6183 6196/10573/6196 6195/10570/6195
f 6184/10546/6184 6197/10576/6197 6196/10573/6196
f 6185/10548/6185 6198/10577/6198 6197/10575/6197
f 6196/10574/6196 6208/10600/6208 6207/10597/6207
f 6197/10576/6197 6209/10602/6209 6208/10599/6208
f 6198/10577/6198 6210/10604/6210 6209/10601/6209
f 6209/10603/6209 6221/10630/6221 6220/10627/6220
f 6210/10605/6210 6222/10632/6222 6221/10629/6221
f 6211/10607/6211 6223/10634/6223 6222/10631/6222
f 6214/10613/6214 6230/10649/6230 6229/10647/6229
f 6222/10633/6222 6234/10656/6234 6233/10653/6233
f 6223/10635/6223 6235/10658/6235 6234/10655/6234
f 6224/10637/6224 6236/10659/6236 6235/10657/6235
f 6234/10656/6234 6247/10682/6247 6246/10679/6246
f 6235/10658/6235 6248/10684/6248 6247/10681/6247
f 6236/10660/6236 6249/10687/6249 6248/10684/6248
f 6237/10662/6237 6250/10688/6250 6249/10686/6249
f 6248/10685/6248 6265/10718/6265 6264/10715/6264
f 6249/10687/6249 6266/10719/6266 6265/10717/6265
f 6250/10689/6250 6267/10721/6267 6266/10719/6266
f 6251/10691/6251 6268/10724/6268 6267/10721/6267
f 6252/10692/6252 6269/10725/6269 6268/10723/6268
f 6256/10700/6256 6298/10765/6298 6297/10763/6297
f 6257/10701/6257 6299/10766/6299 6298/10765/6298
f 6267/10722/6267 6304/10775/6304 6303/10772/6303
f 6268/10724/6268 6305/10776/6305 6304/10774/6304
f 6269/10726/6269 6306/10778/6306 6305/10776/6305
f 6270/10728/6270 6307/10781/6307 6306/10778/6306
f 6271/10729/6271 6308/10782/6308 6307/10780/6307
f 6275/10737/6275 6329/10810/6329 6328/10808/6328
f 6276/10738/6276 6330/10811/6330 6329/10810/6329
f 6277/10739/6277 6331/10812/6331 6330/10811/6330
f 6278/10740/6278 6332/10813/6332 6331/10812/6331
f 6279/10741/6279 6333/10815/6333 6332/10813/6332
f 6280/10742/6280 6334/10818/6334 6333/10815/6333
f 6282/10744/6282 6336/10822/6336 6335/10820/6335
f 6283/10745/6283 6337/10823/6337 6336/10822/6336
f 6284/10746/6284 6338/10824/6338 6337/10823/6337
f 6285/10747/6285 6339/10825/6339 6338/10824/6338
f 6286/10748/6286 6340/10826/6340 6339/10825/6339
f 6287/10749/6287 6341/10827/6341 6340/10826/6340
f 6288/10750/6288 6342/10828/6342 6341/10827/6341
f 6289/10751/6289 6343/10829/6343 6342/10828/6342
f 6290/10752/6290 6344/10830/6344 6343/10829/6343
f 6291/10753/6291 6345/10831/6345 6344/10830/6344
f 6292/10754/6292 6346/10832/6346 6345/10831/6345
f 6293/10755/6293 6347/10833/6347 6346/10832/6346
f 6294/10756/6294 6348/10834/6348 6347/10833/6347
f 6306/10779/6306 6352/10842/6352 6351/10839/6351
f 6307/10781/6307 6353/10843/6353 6352/10841/6352
f 6308/10783/6308 6354/10844/6354 6353/10843/6353
f 6309/10785/6309 6355/10845/6355 6354/10844/6354
f 6310/10786/6310 6356/10846/6356 6355/10845/6355
f 6311/10787/6311 6357/10847/6357 6356/10846/6356
f 6312/10788/6312 6358/10848/6358 6357/10847/6357
f 6313/10789/6313 6359/10849/6359 6358/10848/6358
f 6314/10790/6314 6360/10850/6360 6359/10849/6359
f 6315/10791/6315 6361/10851/6361 6360/10850/6360
f 6316/10792/6316 6362/10853/6362 6361/10851/6361
f 6317/10793/6317 6363/10856/6363 6362/10853/6362
f 6318/10794/6318 6364/10857/6364 6363/10856/6363
f 6319/10795/6319 6365/10858/6365 6364/10857/6364
f 6320/10796/6320 6366/10859/6366 6365/10858/6365
f 6323/10799/6323 6369/10865/6369 6368/10863/6368
f 6324/10800/6324 6370/10866/6370 6369/10865/6369
f 6325/10801/6325 6371/10867/6371 6370/10866/6370
f 6333/10816/6333 6375/10874/6375 6374/10872/6374
f 6362/10854/6362 6378/10879/6378 6377/10876/6377
f 6363/10856/6363 6379/10880/6379 6378/10878/6378
f 6364/10857/6364 6380/10881/6380 6379/10880/6379
f 6365/10858/6365 6381/10882/6381 6380/10881/6380
f 1/1/1 2/4/2 10/18/10
f 2/3/2 3/5/3 11/20/11
f 8/12/8 9/15/9 32/50/32
f 9/14/9 10/17/10 33/52/33
f 10/17/10 11/20/11 34/54/34
f 11/19/11 12/21/12 35/56/35
f 31/48/31 32/50/32 59/91/59
f 32/49/32 33/51/33 60/92/60
f 33/51/33 34/53/34 61/93/61
f 59/90/59 60/92/60 74/116/74
f 60/92/60 61/93/61 75/118/75
f 73/115/73 74/117/74 89/142/89
f 74/116/74 75/118/75 90/143/90
f 207/337/207 208/340/208 242/395/242
f 208/339/208 209/341/209 243/397/243
f 222/360/222 223/363/223 259/428/259
f 225/365/225 226/366/226 265/438/265
f 226/366/226 227/368/227 266/440/266
f 227/367/227 228/369/228 267/441/267
f 239/388/239 240/391/240 289/481/289
f 242/394/242 243/397/243 292/486/292
f 243/396/243 244/398/244 293/487/293
f 259/427/259 260/430/260 306/512/306
f 265/437/265 266/439/266 312/518/312
f 266/439/266 267/441/267 313/519/313
f 267/442/267 268/444/268 314/521/314
f 287/475/287 288/478/288 342/567/342
f 289/479/289 290/482/290 344/571/344
f 340/561/340 341/564/341 377/628/377
f 342/565/342 343/568/343 379/632/379
f 376/626/376 377/628/377 411/687/411
f 377/627/377 378/629/378 412/688/412
f 410/685/410 411/687/411 444/743/444
f 411/686/411 412/688/412 445/744/445
f 442/737/442 443/740/443 468/789/468
f 443/739/443 444/742/444 469/791/469
f 444/741/444 445/744/445 470/792/470
f 467/786/467 468/789/468 493/836/493
f 468/788/468 469/791/469 494/838/494
f 469/790/469 470/792/470 495/840/495
f 491/830/491 492/833/492 513/875/513
f 492/832/492 493/835/493 514/877/514
f 493/834/493 494/837/494 515/878/515
f 512/872/512 513/875/513 534/914/534
f 513/874/513 514/877/514 535/916/535
f 514/876/514 515/878/515 536/917/536
f 533/912/533 534/914/534 553/951/553
f 534/913/534 535/915/535 554/952/554
f 535/915/535 536/917/536 555/953/555
f 552/949/552 553/951/553 570/981/570
f 553/950/553 554/952/554 571/982/571
f 554/952/554 555/953/555 572/984/572
f 570/981/570 571/983/571 587/1011/587
f 571/982/571 572/984/572 588/1012/588
f 586/1009/586 587/1011/587 602/1038/602
f 587/1010/587 588/1012/588 603/1039/603
f 590/1015/590 591/1017/591 605/1043/605
f 591/1016/591 592/1018/592 606/1044/606
f 602/1037/602 603/1039/603 618/1064/618
f 603/1039/603 604/1040/604 619/1066/619
f 617/1063/617 618/1065/618 646/1106/646
f 618/1064/618 619/1066/619 647/1107/647
f 621/1069/621 622/1071/622 649/1111/649
f 622/1070/622 623/1072/623 650/1112/650
f 634/1091/634 635/1092/635 659/1129/659
f 635/1092/635 636/1093/636 660/1131/660
f 645/1104/645 646/1106/646 673/1154/673
f 646/1105/646 647/1107/647 674/1155/674
f 649/1110/649 650/1112/650 676/1158/676
f 650/1112/650 651/1113/651 677/1159/677
f 659/1129/659 660/1131/660 684/1170/684
f 660/1130/660 661/1132/661 685/1172/685
f 673/1153/673 674/1155/674 696/1194/696
f 674/1155/674 675/1156/675 697/1196/697
f 695/1193/695 696/1195/696 713/1226/713
f 696/1194/696 697/1196/697 714/1227/714
f 699/1199/699 700/1201/700 716/1231/716
f 700/1200/700 701/1202/701 717/1232/717
f 712/1224/712 713/1226/713 729/1255/729
f 713/1225/713 714/1227/714 730/1256/730
f 716/1230/716 717/1232/717 732/1259/732
f 717/1232/717 718/1233/718 733/1260/733
f 728/1253/728 729/1255/729 743/1280/743
f 729/1254/729 730/1256/730 744/1281/744
f 743/1279/743 744/1281/744 756/1299/756
f 744/1281/744 745/1282/745 757/1301/757
f 755/1298/755 756/1300/756 769/1319/769
f 756/1299/756 757/1301/757 770/1320/770
f 768/1317/768 769/1319/769 780/1334/780
f 769/1318/769 770/1320/770 781/1335/781
f 780/1333/780 781/1335/781 792/1349/792
f 781/1335/781 782/1336/782 793/1351/793
f 791/1348/791 792/1350/792 803/1364/803
f 792/1349/792 793/1351/793 804/1365/804
f 803/1364/803 804/1366/804 815/1382/815
f 804/1365/804 805/1367/805 816/1383/816
f 806/1369/806 807/1371/807 818/1387/818
f 807/1370/807 808/1372/808 819/1388/819
f 818/1386/818 819/1388/819 830/1402/830
f 819/1388/819 820/1389/820 831/1404/831
f 829/1401/829 830/1403/830 842/1419/842
f 830/1402/830 831/1404/831 843/1420/843
f 841/1417/841 842/1419/842 857/1445/857
f 842/1418/842 843/1420/843 858/1446/858
f 843/1421/843 844/1422/844 859/1449/859
f 845/1423/845 846/1425/846 861/1451/861
f 846/1424/846 847/1426/847 862/1452/862
f 853/1437/853 854/1439/854 869/1467/869
f 854/1438/854 855/1440/855 870/1468/870
f 856/1442/856 857/1445/857 873/1473/873
f 857/1444/857 858/1447/858 874/1475/874
f 858/1446/858 859/1448/859 875/1477/875
f 861/1451/861 862/1453/862 878/1483/878
f 862/1452/862 863/1454/863 879/1484/879
f 872/1471/872 873/1473/873 890/1503/890
f 873/1472/873 874/1474/874 891/1504/891
f 877/1481/877 878/1483/878 893/1508/893
f 878/1482/878 879/1484/879 894/1509/894
f 886/1497/886 887/1499/887 900/1519/900
f 887/1498/887 888/1500/888 901/1520/901
f 889/1501/889 890/1503/890 904/1525/904
f 890/1502/890 891/1504/891 905/1526/905
f 893/1507/893 894/1509/894 908/1530/908
f 894/1509/894 895/1510/895 909/1532/909
f 900/1518/900 901/1520/901 915/1541/915
f 901/1520/901 902/1521/902 916/1542/916
f 903/1523/903 904/1525/904 919/1547/919
f 904/1524/904 905/1526/905 920/1548/920
f 907/1529/907 908/1531/908 922/1552/922
f 908/1530/908 909/1532/909 923/1553/923
f 918/1545/918 919/1547/919 932/1568/932
f 919/1546/919 920/1548/920 933/1569/933
f 929/1562/929 930/1564/930 942/1583/942
f 930/1563/930 931/1565/931 943/1584/943
f 932/1567/932 933/1569/933 946/1588/946
f 933/1569/933 934/1570/934 947/1590/947
f 935/1572/935 936/1574/936 949/1593/949
f 936/1573/936 937/1575/937 950/1594/950
f 942/1582/942 943/1584/943 957/1605/957
f 943/1585/943 944/1586/944 958/1608/958
f 945/1587/945 946/1589/946 961/1612/961
f 946/1588/946 947/1590/947 962/1613/962
f 949/1593/949 950/1595/950 964/1617/964
f 950/1594/950 951/1596/951 965/1618/965
f 956/1604/956 957/1606/957 971/1628/971
f 957/1605/957 958/1607/958 972/1629/972
f 960/1610/960 961/1612/961 975/1634/975
f 961/1611/961 962/1613/962 976/1635/976
f 970/1626/970 971/1628/971 986/1652/986
f 971/1627/971 972/1629/972 987/1653/987
f 974/1632/974 975/1634/975 990/1658/990
f 975/1633/975 976/1635/976 991/1659/991
f 984/1646/984 985/1649/985 999/1672/999
f 985/1648/985 986/1651/986 1000/1674/1000
f 986/1650/986 987/1653/987 1001/1675/1001
f 989/1656/989 990/1658/990 1005/1685/1005
f 990/1657/990 991/1659/991 1006/1686/1006
f 998/1669/998 999/1672/999 1015/1699/1015
f 999/1671/999 1000/1674/1000 1016/1701/1016
f 1000/1673/1000 1001/1675/1001 1017/1703/1017
f 1003/1679/1003 1004/1682/1004 1020/1710/1020
f 1004/1681/1004 1005/1684/1005 1021/1712/1021
f 1005/1683/1005 1006/1686/1006 1022/1713/1022
f 1008/1689/1008 1009/1691/1009 1024/1718/1024
f 1009/1690/1009 1010/1692/1010 1025/1719/1025
f 1014/1697/1014 1015/1699/1015 1032/1733/1032
f 1015/1698/1015 1016/1700/1016 1033/1734/1033
f 1019/1707/1019 1020/1710/1020 1037/1743/1037
f 1020/1709/1020 1021/1712/1021 1038/1745/1038
f 1021/1711/1021 1022/1713/1022 1039/1747/1039
f 1024/1717/1024 1025/1719/1025 1041/1751/1041
f 1025/1719/1025 1026/1720/1026 1042/1752/1042
f 1030/1727/1030 1031/1730/1031 1049/1764/1049
f 1031/1729/1031 1032/1732/1032 1050/1766/1050
f 1032/1731/1032 1033/1734/1033 1051/1767/1051
f 1035/1737/1035 1036/1740/1036 1062/1783/1062
f 1037/1741/1037 1038/1744/1038 1064/1787/1064
f 1048/1761/1048 1049/1764/1049 1074/1807/1074
f 1049/1763/1049 1050/1766/1050 1075/1809/1075
f 1050/1765/1050 1051/1767/1051 1076/1811/1076
f 1053/1771/1053 1054/1772/1054 1084/1824/1084
f 1054/1772/1054 1055/1774/1055 1085/1826/1085
f 1055/1773/1055 1056/1775/1056 1086/1828/1086
f 1062/1781/1062 1063/1784/1063 1093/1837/1093
f 1072/1801/1072 1073/1804/1073 1104/1859/1104
f 1073/1803/1073 1074/1806/1074 1105/1861/1105
f 1074/1805/1074 1075/1808/1075 1106/1862/1106
f 1078/1815/1078 1079/1818/1079 1112/1874/1112
f 1079/1817/1079 1080/1819/1080 1113/1876/1113
f 1084/1823/1084 1085/1825/1085 1118/1883/1118
f 1085/1825/1085 1086/1828/1086 1119/1884/1119
f 1086/1827/1086 1087/1829/1087 1120/1885/1120
f 1095/1841/1095 1096/1843/1096 1122/1890/1122
f 1096/1842/1096 1097/1844/1097 1123/1891/1123
f 1103/1856/1103 1104/1859/1104 1132/1910/1132
f 1104/1858/1104 1105/1861/1105 1133/1912/1133
f 1105/1860/1105 1106/1862/1106 1134/1914/1134
f 1108/1866/1108 1109/1869/1109 1139/1925/1139
f 1112/1873/1112 1113/1876/1113 1143/1931/1143
f 1113/1875/1113 1114/1877/1114 1144/1932/1144
f 1122/1889/1122 1123/1891/1123 1147/1937/1147
f 1123/1892/1123 1124/1893/1124 1148/1940/1148
f 1131/1908/1131 1132/1910/1132 1157/1957/1157
f 1132/1909/1132 1133/1911/1133 1158/1958/1158
f 1136/1918/1136 1137/1921/1137 1163/1968/1163
f 1139/1923/1139 1140/1926/1140 1166/1973/1166
f 1146/1936/1146 1147/1938/1147 1169/1979/1169
f 1147/1937/1147 1148/1939/1148 1170/1980/1170
f 1156/1955/1156 1157/1957/1157 1182/2004/1182
f 1157/1956/1157 1158/1958/1158 1183/2005/1183
f 1160/1961/1160 1161/1964/1161 1187/2014/1187
f 1161/1963/1161 1162/1965/1162 1188/2016/1188
f 1163/1966/1163 1164/1969/1164 1190/2020/1190
f 1168/1977/1168 1169/1979/1169 1193/2026/1193
f 1169/1978/1169 1170/1980/1170 1194/2027/1194
f 1180/2000/1180 1181/2001/1181 1205/2049/1205
f 1181/2001/1181 1182/2004/1182 1206/2052/1206
f 1182/2002/1182 1183/2005/1183 1207/2053/1207
f 1185/2008/1185 1186/2011/1186 1210/2059/1210
f 1187/2013/1187 1188/2016/1188 1212/2063/1212
f 1188/2015/1188 1189/2017/1189 1213/2064/1213
f 1192/2024/1192 1193/2026/1193 1216/2070/1216
f 1193/2025/1193 1194/2027/1194 1217/2071/1217
f 1204/2046/1204 1205/2049/1205 1226/2090/1226
f 1205/2048/1205 1206/2051/1206 1227/2092/1227
f 1206/2050/1206 1207/2053/1207 1228/2093/1228
f 1209/2057/1209 1210/2059/1210 1231/2099/1231
f 1210/2058/1210 1211/2060/1211 1232/2100/1232
f 1215/2068/1215 1216/2070/1216 1235/2105/1235
f 1216/2069/1216 1217/2071/1217 1236/2106/1236
f 1225/2087/1225 1226/2090/1226 1245/2126/1245
f 1226/2089/1226 1227/2092/1227 1246/2128/1246
f 1227/2091/1227 1228/2093/1228 1247/2129/1247
f 1230/2097/1230 1231/2099/1231 1250/2135/1250
f 1231/2098/1231 1232/2100/1232 1251/2136/1251
f 1234/2103/1234 1235/2105/1235 1256/2146/1256
f 1235/2104/1235 1236/2106/1236 1257/2147/1257
f 1244/2123/1244 1245/2126/1245 1265/2162/1265
f 1245/2125/1245 1246/2128/1246 1266/2164/1266
f 1246/2127/1246 1247/2129/1247 1267/2166/1267
f 1249/2133/1249 1250/2135/1250 1271/2176/1271
f 1250/2134/1250 1251/2136/1251 1272/2177/1272
f 1253/2139/1253 1254/2142/1254 1277/2186/1277
f 1254/2141/1254 1255/2143/1255 1278/2188/1278
f 1256/2144/1256 1257/2147/1257 1280/2192/1280
f 1264/2160/1264 1265/2162/1265 1289/2212/1289
f 1265/2161/1265 1266/2163/1266 1290/2213/1290
f 1269/2170/1269 1270/2173/1270 1293/2219/1293
f 1270/2172/1270 1271/2175/1271 1294/2221/1294
f 1271/2174/1271 1272/2177/1272 1295/2222/1295
f 1274/2180/1274 1275/2181/1275 1298/2229/1298
f 1275/2181/1275 1276/2183/1276 1299/2232/1299
f 1277/2185/1277 1278/2188/1278 1301/2236/1301
f 1278/2187/1278 1279/2189/1279 1302/2237/1302
f 1288/2210/1288 1289/2212/1289 1310/2253/1310
f 1289/2211/1289 1290/2213/1290 1311/2254/1311
f 1292/2216/1292 1293/2219/1293 1314/2259/1314
f 1293/2218/1293 1294/2221/1294 1315/2261/1315
f 1294/2220/1294 1295/2222/1295 1316/2263/1316
f 1297/2226/1297 1298/2229/1298 1319/2269/1319
f 1298/2228/1298 1299/2231/1299 1320/2271/1320
f 1299/2230/1299 1300/2233/1300 1321/2273/1321
f 1309/2251/1309 1310/2253/1310 1328/2287/1328
f 1310/2252/1310 1311/2254/1311 1329/2288/1329
f 1313/2257/1313 1314/2259/1314 1332/2294/1332
f 1314/2258/1314 1315/2260/1315 1333/2295/1333
f 1318/2267/1318 1319/2269/1319 1336/2300/1336
f 1319/2268/1319 1320/2270/1320 1337/2301/1337
f 1328/2287/1328 1329/2289/1329 1344/2312/1344
f 1329/2288/1329 1330/2290/1330 1345/2313/1345
f 1331/2292/1331 1332/2294/1332 1348/2318/1348
f 1332/2293/1332 1333/2295/1333 1349/2319/1349
f 1335/2298/1335 1336/2300/1336 1352/2324/1352
f 1336/2299/1336 1337/2301/1337 1353/2325/1353
f 1343/2310/1343 1344/2312/1344 1359/2335/1359
f 1344/2311/1344 1345/2313/1345 1360/2336/1360
f 1347/2316/1347 1348/2318/1348 1363/2341/1363
f 1348/2317/1348 1349/2319/1349 1364/2342/1364
f 1351/2322/1351 1352/2324/1352 1368/2351/1368
f 1352/2323/1352 1353/2325/1353 1369/2352/1369
f 1359/2334/1359 1360/2336/1360 1377/2366/1377
f 1360/2336/1360 1361/2337/1361 1378/2368/1378
f 1362/2339/1362 1363/2341/1363 1381/2373/1381
f 1363/2340/1363 1364/2342/1364 1382/2374/1382
f 1366/2345/1366 1367/2348/1367 1385/2380/1385
f 1367/2347/1367 1368/2350/1368 1386/2382/1386
f 1368/2349/1368 1369/2352/1369 1387/2383/1387
f 1376/2365/1376 1377/2367/1377 1395/2399/1395
f 1377/2366/1377 1378/2368/1378 1396/2400/1396
f 1380/2371/1380 1381/2373/1381 1399/2405/1399
f 1381/2372/1381 1382/2374/1382 1400/2406/1400
f 1384/2377/1384 1385/2380/1385 1403/2411/1403
f 1385/2379/1385 1386/2382/1386 1404/2413/1404
f 1386/2381/1386 1387/2383/1387 1405/2414/1405
f 1394/2397/1394 1395/2399/1395 1412/2428/1412
f 1395/2398/1395 1396/2400/1396 1413/2429/1413
f 1398/2403/1398 1399/2405/1399 1416/2435/1416
f 1399/2404/1399 1400/2406/1400 1417/2436/1417
f 1402/2409/1402 1403/2411/1403 1420/2442/1420
f 1403/2410/1403 1404/2412/1404 1421/2443/1421
f 1404/2412/1404 1405/2414/1405 1422/2445/1422
f 1412/2428/1412 1413/2430/1413 1444/2475/1444
f 1413/2429/1413 1414/2431/1414 1445/2476/1445
f 1415/2433/1415 1416/2435/1416 1448/2481/1448
f 1416/2434/1416 1417/2436/1417 1449/2482/1449
f 1419/2439/1419 1420/2442/1420 1452/2488/1452
f 1420/2441/1420 1421/2444/1421 1453/2490/1453
f 1421/2443/1421 1422/2445/1422 1454/2491/1454
f 1424/2448/1424 1425/2451/1425 1458/2501/1458
f 1425/2450/1425 1426/2452/1426 1459/2503/1459
f 1443/2473/1443 1444/2475/1444 1481/2537/1481
f 1444/2474/1444 1445/2476/1445 1482/2538/1482
f 1447/2479/1447 1448/2481/1448 1486/2545/1486
f 1448/2480/1448 1449/2482/1449 1487/2546/1487
f 1451/2485/1451 1452/2488/1452 1490/2552/1490
f 1452/2487/1452 1453/2490/1453 1491/2554/1491
f 1453/2489/1453 1454/2491/1454 1492/2555/1492
f 1456/2495/1456 1457/2498/1457 1496/2565/1496
f 1458/2500/1458 1459/2503/1459 1498/2569/1498
f 1459/2502/1459 1460/2504/1460 1499/2570/1499
f 1480/2535/1480 1481/2537/1481 1514/2599/1514
f 1481/2536/1481 1482/2538/1482 1515/2600/1515
f 1484/2541/1484 1485/2542/1485 1518/2606/1518
f 1485/2542/1485 1486/2545/1486 1519/2609/1519
f 1486/2543/1486 1487/2546/1487 1520/2610/1520
f 1489/2549/1489 1490/2552/1490 1523/2616/1523
f 1490/2551/1490 1491/2554/1491 1524/2618/1524
f 1491/2553/1491 1492/2555/1492 1525/2619/1525
f 1494/2559/1494 1495/2562/1495 1528/2625/1528
f 1496/2563/1496 1497/2566/1497 1530/2629/1530
f 1513/2597/1513 1514/2599/1514 1554/2672/1554
f 1514/2598/1514 1515/2600/1515 1555/2673/1555
f 1515/2600/1515 1516/2601/1516 1556/2675/1556
f 1517/2603/1517 1518/2606/1518 1559/2681/1559
f 1518/2605/1518 1519/2608/1519 1560/2683/1560
f 1519/2607/1519 1520/2610/1520 1561/2684/1561
f 1522/2614/1522 1523/2616/1523 1564/2690/1564
f 1523/2615/1523 1524/2617/1524 1565/2691/1565
f 1524/2617/1524 1525/2619/1525 1566/2692/1566
f 1527/2623/1527 1528/2625/1528 1570/2701/1570
f 1528/2624/1528 1529/2626/1529 1571/2702/1571
f 1539/2649/1539 1540/2652/1540 1590/2735/1590
f 1540/2651/1540 1541/2653/1541 1591/2737/1591
f 1553/2669/1553 1554/2672/1554 1609/2769/1609
f 1554/2671/1554 1555/2674/1555 1610/2771/1610
f 1555/2673/1555 1556/2675/1556 1611/2773/1611
f 1558/2678/1558 1559/2681/1559 1614/2779/1614
f 1559/2680/1559 1560/2683/1560 1615/2781/1615
f 1560/2682/1560 1561/2684/1561 1616/2782/1616
f 1563/2688/1563 1564/2690/1564 1619/2788/1619
f 1564/2689/1564 1565/2691/1565 1620/2789/1620
f 1565/2691/1565 1566/2692/1566 1621/2790/1621
f 1568/2695/1568 1569/2698/1569 1625/2799/1625
f 1570/2699/1570 1571/2702/1571 1627/2803/1627
f 1580/2721/1580 1581/2724/1581 1639/2830/1639
f 1581/2723/1581 1582/2725/1582 1640/2832/1640
f 1590/2734/1590 1591/2737/1591 1649/2843/1649
f 1591/2736/1591 1592/2738/1592 1650/2844/1650
f 1606/2762/1606 1607/2765/1607 1662/2867/1662
f 1607/2764/1607 1608/2766/1608 1663/2869/1663
f 1609/2767/1609 1610/2770/1610 1665/2873/1665
f 1613/2777/1613 1614/2779/1614 1668/2879/1668
f 1614/2778/1614 1615/2780/1615 1669/2880/1669
f 1618/2786/1618 1619/2788/1619 1671/2884/1671
f 1619/2787/1619 1620/2789/1620 1672/2885/1672
f 1620/2789/1620 1621/2790/1621 1673/2886/1673
f 1623/2793/1623 1624/2796/1624 1677/2895/1677
f 1625/2797/1625 1626/2800/1626 1679/2899/1679
f 1637/2824/1637 1638/2827/1638 1691/2924/1691
f 1639/2829/1639 1640/2832/1640 1693/2928/1693
f 1640/2831/1640 1641/2833/1641 1694/2929/1694
f 1661/2864/1661 1662/2867/1662 1707/2955/1707
f 1662/2866/1662 1663/2869/1663 1708/2957/1708
f 1663/2868/1663 1664/2870/1664 1709/2959/1709
f 1667/2877/1667 1668/2879/1668 1711/2964/1711
f 1668/2878/1668 1669/2880/1669 1712/2965/1712
f 1669/2880/1669 1670/2881/1670 1713/2966/1713
f 1671/2883/1671 1672/2885/1672 1716/2970/1716
f 1672/2885/1672 1673/2886/1673 1717/2972/1717
f 1675/2889/1675 1676/2892/1676 1722/2982/1722
f 1677/2893/1677 1678/2896/1678 1724/2986/1724
f 1688/2917/1688 1689/2920/1689 1735/3011/1735
f 1689/2919/1689 1690/2921/1690 1736/3013/1736
f 1691/2922/1691 1692/2925/1692 1738/3017/1738
f 1705/2949/1705 1706/2952/1706 1751/3043/1751
f 1706/2951/1706 1707/2954/1707 1752/3045/1752
f 1707/2953/1707 1708/2956/1708 1753/3046/1753
f 1711/2963/1711 1712/2965/1712 1756/3051/1756
f 1712/2965/1712 1713/2966/1713 1757/3053/1757
f 1715/2969/1715 1716/2971/1716 1760/3058/1760
f 1716/2970/1716 1717/2972/1717 1761/3059/1761
f 1719/2975/1719 1720/2978/1720 1765/3068/1765
f 1720/2977/1720 1721/2979/1721 1766/3070/1766
f 1722/2980/1722 1723/2983/1723 1768/3074/1768
f 1732/3004/1732 1733/3007/1733 1780/3096/1780
f 1733/3006/1733 1734/3008/1734 1781/3098/1781
f 1735/3010/1735 1736/3013/1736 1783/3102/1783
f 1736/3012/1736 1737/3014/1737 1784/3103/1784
f 1749/3037/1749 1750/3040/1750 1797/3129/1797
f 1750/3039/1750 1751/3042/1751 1798/3131/1798
f 1751/3042/1751 1752/3045/1752 1799/3133/1799
f 1752/3044/1752 1753/3046/1753 1800/3135/1800
f 1755/3050/1755 1756/3052/1756 1803/3141/1803
f 1756/3051/1756 1757/3053/1757 1804/3142/1804
f 1759/3056/1759 1760/3058/1760 1807/3147/1807
f 1760/3057/1760 1761/3059/1761 1808/3148/1808
f 1763/3062/1763 1764/3065/1764 1811/3153/1811
f 1765/3067/1765 1766/3070/1766 1813/3157/1813
f 1766/3069/1766 1767/3071/1767 1814/3158/1814
f 1776/3090/1776 1777/3091/1777 1820/3171/1820
f 1780/3095/1780 1781/3098/1781 1824/3177/1824
f 1781/3097/1781 1782/3099/1782 1825/3178/1825
f 1795/3123/1795 1796/3126/1796 1839/3202/1839
f 1797/3128/1797 1798/3131/1798 1841/3206/1841
f 1798/3130/1798 1799/3132/1799 1842/3207/1842
f 1802/3139/1802 1803/3141/1803 1845/3213/1845
f 1803/3140/1803 1804/3142/1804 1846/3214/1846
f 1806/3145/1806 1807/3147/1807 1849/3220/1849
f 1807/3146/1807 1808/3148/1808 1850/3221/1850
f 1808/3148/1808 1809/3149/1809 1851/3223/1851
f 1810/3151/1810 1811/3153/1811 1854/3228/1854
f 1811/3152/1811 1812/3154/1812 1855/3229/1855
f 1820/3170/1820 1821/3172/1821 1858/3233/1858
f 1835/3194/1835 1836/3197/1836 1891/3274/1891
f 1836/3196/1836 1837/3198/1837 1892/3276/1892
f 1839/3200/1839 1840/3203/1840 1895/3281/1895
f 1844/3211/1844 1845/3213/1845 1898/3287/1898
f 1845/3212/1845 1846/3214/1846 1899/3288/1899
f 1848/3217/1848 1849/3220/1849 1902/3293/1902
f 1849/3219/1849 1850/3222/1850 1903/3295/1903
f 1850/3221/1850 1851/3223/1851 1904/3296/1904
f 1853/3226/1853 1854/3228/1854 1907/3302/1907
f 1854/3227/1854 1855/3229/1855 1908/3303/1908
f 1869/3249/1869 1870/3250/1870 1925/3331/1925
f 1870/3250/1870 1871/3252/1871 1926/3333/1926
f 1871/3251/1871 1872/3253/1872 1927/3335/1927
f 1891/3273/1891 1892/3276/1892 1947/3357/1947
f 1892/3275/1892 1893/3277/1893 1948/3358/1948
f 1897/3285/1897 1898/3287/1898 1951/3365/1951
f 1898/3286/1898 1899/3288/1899 1952/3366/1952
f 1899/3288/1899 1900/3289/1900 1953/3368/1953
f 1901/3291/1901 1902/3293/1902 1956/3374/1956
f 1902/3292/1902 1903/3294/1903 1957/3375/1957
f 1903/3294/1903 1904/3296/1904 1958/3377/1958
f 1906/3300/1906 1907/3302/1907 1961/3382/1961
f 1907/3301/1907 1908/3303/1908 1962/3383/1962
f 1920/3323/1920 1921/3326/1921 1980/3416/1980
f 1921/3325/1921 1922/3327/1922 1981/3418/1981
f 1925/3330/1925 1926/3332/1926 1985/3424/1985
f 1926/3332/1926 1927/3335/1927 1986/3425/1986
f 1927/3334/1927 1928/3336/1928 1987/3426/1987
f 1950/3362/1950 1951/3365/1951 1990/3432/1990
f 1951/3364/1951 1952/3367/1952 1991/3434/1991
f 1952/3366/1952 1953/3368/1953 1992/3435/1992
f 1955/3371/1955 1956/3374/1956 1995/3442/1995
f 1956/3373/1956 1957/3376/1957 1996/3444/1996
f 1957/3375/1957 1958/3377/1958 1997/3445/1997
f 1960/3380/1960 1961/3382/1961 2001/3455/2001
f 1961/3381/1961 1962/3383/1962 2002/3456/2002
f 1976/3408/1976 1977/3411/1977 2020/3490/2020
f 1977/3410/1977 1978/3412/1978 2021/3492/2021
f 1980/3415/1980 1981/3418/1981 2024/3497/2024
f 1981/3417/1981 1982/3419/1982 2025/3498/2025
f 1989/3430/1989 1990/3432/1990 2028/3505/2028
f 1990/3431/1990 1991/3433/1991 2029/3506/2029
f 1991/3433/1991 1992/3435/1992 2030/3508/2030
f 1994/3439/1994 1995/3442/1995 2033/3513/2033
f 1995/3441/1995 1996/3444/1996 2034/3515/2034
f 1996/3443/1996 1997/3445/1997 2035/3517/2035
f 1999/3449/1999 2000/3452/2000 2038/3524/2038
f 2000/3451/2000 2001/3454/2001 2039/3526/2039
f 2001/3453/2001 2002/3456/2002 2040/3527/2040
f 2015/3481/2015 2016/3484/2016 2059/3562/2059
f 2016/3483/2016 2017/3485/2017 2060/3564/2060
f 2020/3489/2020 2021/3492/2021 2064/3570/2064
f 2021/3493/2021 2022/3495/2022 2065/3572/2065
f 2027/3502/2027 2028/3505/2028 2068/3577/2068
f 2028/3504/2028 2029/3507/2029 2069/3579/2069
f 2029/3506/2029 2030/3508/2030 2070/3580/2070
f 2032/3511/2032 2033/3513/2033 2073/3586/2073
f 2033/3512/2033 2034/3514/2034 2074/3587/2074
f 2037/3521/2037 2038/3524/2038 2077/3593/2077
f 2038/3523/2038 2039/3526/2039 2078/3595/2078
f 2039/3525/2039 2040/3527/2040 2079/3596/2079
f 2057/3556/2057 2058/3559/2058 2094/3624/2094
f 2058/3558/2058 2059/3561/2059 2095/3626/2095
f 2059/3561/2059 2060/3564/2060 2096/3628/2096
f 2060/3563/2060 2061/3565/2061 2097/3630/2097
f 2067/3574/2067 2068/3577/2068 2100/3636/2100
f 2068/3576/2068 2069/3579/2069 2101/3638/2101
f 2069/3578/2069 2070/3580/2070 2102/3640/2102
f 2072/3584/2072 2073/3586/2073 2105/3646/2105
f 2073/3585/2073 2074/3587/2074 2106/3647/2106
f 2076/3590/2076 2077/3593/2077 2109/3652/2109
f 2077/3592/2077 2078/3595/2078 2110/3654/2110
f 2078/3594/2078 2079/3596/2079 2111/3655/2111
f 2094/3623/2094 2095/3626/2095 2121/3670/2121
f 2095/3627/2095 2096/3629/2096 2122/3672/2122
f 2099/3634/2099 2100/3636/2100 2124/3675/2124
f 2100/3635/2100 2101/3637/2101 2125/3676/2125
f 2104/3644/2104 2105/3646/2105 2129/3685/2129
f 2105/3645/2105 2106/3647/2106 2130/3686/2130
f 2108/3650/2108 2109/3652/2109 2132/3690/2132
f 2109/3651/2109 2110/3653/2110 2133/3691/2133
f 2110/3653/2110 2111/3655/2111 2134/3692/2134
f 2124/3674/2124 2125/3676/2125 2139/3699/2139
f 2125/3677/2125 2126/3678/2126 2140/3701/2140
f 2127/3679/2127 2128/3682/2128 2143/3705/2143
f 2128/3681/2128 2129/3684/2129 2144/3707/2144
f 2129/3683/2129 2130/3686/2130 2145/3708/2145
f 2132/3689/2132 2133/3691/2133 2149/3716/2149
f 2133/3691/2133 2134/3692/2134 2150/3718/2150
f 2142/3703/2142 2143/3705/2143 2158/3730/2158
f 2143/3704/2143 2144/3706/2144 2159/3731/2159
f 2144/3706/2144 2145/3708/2145 2160/3732/2160
f 2147/3712/2147 2148/3715/2148 2163/3738/2163
f 2148/3714/2148 2149/3717/2149 2164/3740/2164
f 2149/3716/2149 2150/3718/2150 2165/3741/2165
f 2152/3721/2152 2153/3722/2153 2167/3745/2167
f 2153/3722/2153 2154/3723/2154 2168/3746/2168
f 2155/3725/2155 2156/3727/2156 2170/3750/2170
f 2156/3726/2156 2157/3728/2157 2171/3751/2171
f 2158/3729/2158 2159/3731/2159 2174/3755/2174
f 2159/3731/2159 2160/3732/2160 2175/3757/2175
f 2162/3735/2162 2163/3738/2163 2178/3763/2178
f 2163/3737/2163 2164/3740/2164 2179/3765/2179
f 2164/3739/2164 2165/3741/2165 2180/3767/2180
f 2170/3749/2170 2171/3751/2171 2184/3773/2184
f 2171/3751/2171 2172/3752/2172 2185/3774/2185
f 2173/3754/2173 2174/3756/2174 2188/3779/2188
f 2174/3755/2174 2175/3757/2175 2189/3780/2189
f 2177/3760/2177 2178/3763/2178 2192/3785/2192
f 2178/3762/2178 2179/3765/2179 2193/3787/2193
f 2179/3766/2179 2180/3769/2180 2194/3789/2194
f 2184/3773/2184 2185/3774/2185 2198/3793/2198
f 2185/3775/2185 2186/3776/2186 2199/3795/2199
f 2187/3777/2187 2188/3779/2188 2201/3798/2201
f 2188/3778/2188 2189/3780/2189 2202/3799/2202
f 2191/3783/2191 2192/3785/2192 2206/3808/2206
f 2192/3784/2192 2193/3786/2193 2207/3809/2207
f 2201/3797/2201 2202/3799/2202 2215/3819/2215
f 2202/3799/2202 2203/3800/2203 2216/3821/2216
f 2204/3802/2204 2205/3805/2205 2219/3827/2219
f 2205/3804/2205 2206/3807/2206 2220/3829/2220
f 2206/3806/2206 2207/3809/2207 2221/3830/2221
f 2214/3818/2214 2215/3820/2215 2229/3842/2229
f 2215/3819/2215 2216/3821/2216 2230/3843/2230
f 2218/3824/2218 2219/3827/2219 2233/3848/2233
f 2219/3826/2219 2220/3829/2220 2234/3850/2234
f 2220/3828/2220 2221/3830/2221 2235/3851/2235
f 2228/3840/2228 2229/3842/2229 2242/3863/2242
f 2229/3841/2229 2230/3843/2230 2243/3864/2243
f 2232/3846/2232 2233/3848/2233 2245/3867/2245
f 2233/3847/2233 2234/3849/2234 2246/3868/2246
f 2234/3849/2234 2235/3851/2235 2247/3870/2247
f 2245/3867/2245 2246/3869/2246 2258/3886/2258
f 2246/3868/2246 2247/3870/2247 2259/3887/2259
f 2254/3879/2254 2255/3881/2255 2266/3896/2266
f 2255/3880/2255 2256/3882/2256 2267/3897/2267
f 2257/3884/2257 2258/3886/2258 2270/3902/2270
f 2258/3885/2258 2259/3887/2259 2271/3903/2271
f 2265/3894/2265 2266/3896/2266 2277/3911/2277
f 2266/3895/2266 2267/3897/2267 2278/3912/2278
f 2269/3900/2269 2270/3902/2270 2281/3917/2281
f 2270/3901/2270 2271/3903/2271 2282/3918/2282
f 2280/3915/2280 2281/3917/2281 2292/3934/2292
f 2281/3916/2281 2282/3918/2282 2293/3935/2293
f 2289/3928/2289 2290/3930/2290 2301/3947/2301
f 2290/3929/2290 2291/3931/2291 2302/3948/2302
f 2292/3933/2292 2293/3935/2293 2305/3952/2305
f 2293/3935/2293 2294/3936/2294 2306/3954/2306
f 2300/3945/2300 2301/3947/2301 2315/3968/2315
f 2301/3946/2301 2302/3948/2302 2316/3969/2316
f 2304/3951/2304 2305/3953/2305 2318/3973/2318
f 2305/3952/2305 2306/3954/2306 2319/3974/2319
f 2308/3957/2308 2309/3959/2309 2321/3978/2321
f 2309/3958/2309 2310/3960/2310 2322/3979/2322
f 2314/3966/2314 2315/3968/2315 2327/3988/2327
f 2315/3967/2315 2316/3969/2316 2328/3989/2328
f 2318/3972/2318 2319/3974/2319 2331/3993/2331
f 2319/3975/2319 2320/3976/2320 2332/3996/2332
f 2327/3987/2327 2328/3989/2328 2341/4007/2341
f 2328/3989/2328 2329/3990/2329 2342/4009/2342
f 2330/3992/2330 2331/3994/2331 2344/4013/2344
f 2331/3993/2331 2332/3995/2332 2345/4014/2345
f 2334/3998/2334 2335/4000/2335 2347/4017/2347
f 2335/3999/2335 2336/4001/2336 2348/4018/2348
f 2340/4006/2340 2341/4008/2341 2352/4025/2352
f 2341/4007/2341 2342/4009/2342 2353/4026/2353
f 2344/4012/2344 2345/4014/2345 2355/4029/2355
f 2345/4014/2345 2346/4015/2346 2356/4030/2356
f 2347/4017/2347 2348/4019/2348 2358/4034/2358
f 2348/4018/2348 2349/4020/2349 2359/4035/2359
f 2352/4024/2352 2353/4026/2353 2364/4041/2364
f 2353/4026/2353 2354/4027/2354 2365/4043/2365
f 2363/4040/2363 2364/4042/2364 2374/4056/2374
f 2364/4041/2364 2365/4043/2365 2375/4057/2375
f 2369/4048/2369 2370/4050/2370 2381/4066/2381
f 2370/4049/2370 2371/4051/2371 2382/4067/2382
f 2377/4060/2377 2378/4062/2378 2389/4078/2389
f 2378/4061/2378 2379/4063/2379 2390/4079/2390
f 2380/4064/2380 2381/4066/2381 2392/4083/2392
f 2381/4065/2381 2382/4067/2382 2393/4084/2393
f 2382/4068/2382 2383/4069/2383 2394/4086/2394
f 2386/4072/2386 2387/4074/2387 2398/4091/2398
f 2387/4073/2387 2388/4075/2388 2399/4092/2399
f 2389/4077/2389 2390/4079/2390 2401/4095/2401
f 2390/4079/2390 2391/4080/2391 2402/4096/2402
f 2392/4082/2392 2393/4084/2393 2405/4100/2405
f 2393/4084/2393 2394/4085/2394 2406/4102/2406
f 2404/4099/2404 2405/4101/2405 2416/4116/2416
f 2405/4100/2405 2406/4102/2406 2417/4117/2417
f 2410/4107/2410 2411/4109/2411 2421/4123/2421
f 2411/4108/2411 2412/4110/2412 2422/4124/2422
f 2413/4111/2413 2414/4113/2414 2424/4128/2424
f 2414/4112/2414 2415/4114/2415 2425/4129/2425
f 2416/4115/2416 2417/4117/2417 2427/4132/2427
f 2417/4117/2417 2418/4118/2418 2428/4133/2428
f 2421/4122/2421 2422/4124/2422 2434/4141/2434
f 2422/4124/2422 2423/4125/2423 2435/4143/2435
f 2424/4127/2424 2425/4129/2425 2437/4146/2437
f 2425/4129/2425 2426/4130/2426 2438/4147/2438
f 2433/4140/2433 2434/4142/2434 2447/4162/2447
f 2434/4141/2434 2435/4143/2435 2448/4163/2448
f 2440/4150/2440 2441/4152/2441 2454/4173/2454
f 2441/4151/2441 2442/4153/2442 2455/4174/2455
f 2446/4160/2446 2447/4162/2447 2461/4183/2461
f 2447/4161/2447 2448/4163/2448 2462/4184/2462
f 2450/4166/2450 2451/4168/2451 2464/4188/2464
f 2451/4167/2451 2452/4169/2452 2465/4189/2465
f 2453/4171/2453 2454/4173/2454 2467/4193/2467
f 2454/4172/2454 2455/4174/2455 2468/4194/2468
f 2460/4181/2460 2461/4183/2461 2475/4207/2475
f 2461/4182/2461 2462/4184/2462 2476/4208/2476
f 2464/4187/2464 2465/4189/2465 2479/4212/2479
f 2465/4190/2465 2466/4191/2466 2480/4215/2480
f 2467/4192/2467 2468/4194/2468 2483/4218/2483
f 2468/4194/2468 2469/4195/2469 2484/4220/2484
f 2473/4201/2473 2474/4204/2474 2492/4235/2492
f 2475/4205/2475 2476/4208/2476 2494/4239/2494
f 2478/4211/2478 2479/4213/2479 2496/4244/2496
f 2479/4212/2479 2480/4214/2480 2497/4245/2497
f 2482/4217/2482 2483/4219/2483 2500/4250/2500
f 2483/4218/2483 2484/4220/2484 2501/4251/2501
f 2489/4228/2489 2490/4231/2490 2510/4266/2510
f 2490/4230/2490 2491/4232/2491 2511/4268/2511
f 2492/4233/2492 2493/4236/2493 2513/4272/2513
f 2496/4243/2496 2497/4245/2497 2515/4276/2515
f 2497/4245/2497 2498/4246/2498 2516/4277/2516
f 2499/4248/2499 2500/4250/2500 2518/4281/2518
f 2500/4249/2500 2501/4251/2501 2519/4282/2519
f 2506/4258/2506 2507/4261/2507 2527/4296/2527
f 2507/4260/2507 2508/4262/2508 2528/4298/2528
f 2510/4265/2510 2511/4268/2511 2531/4303/2531
f 2511/4267/2511 2512/4269/2512 2532/4304/2532
f 2518/4280/2518 2519/4282/2519 2538/4313/2538
f 2519/4283/2519 2520/4284/2520 2539/4316/2539
f 2524/4289/2524 2525/4292/2525 2546/4329/2546
f 2525/4291/2525 2526/4293/2526 2547/4331/2547
f 2527/4295/2527 2528/4298/2528 2549/4335/2549
f 2528/4297/2528 2529/4299/2529 2550/4336/2550
f 2534/4308/2534 2535/4310/2535 2552/4341/2552
f 2535/4309/2535 2536/4311/2536 2553/4342/2553
f 2537/4312/2537 2538/4314/2538 2555/4346/2555
f 2538/4313/2538 2539/4315/2539 2556/4347/2556
f 2544/4323/2544 2545/4326/2545 2566/4364/2566
f 2546/4328/2546 2547/4331/2547 2568/4368/2568
f 2547/4330/2547 2548/4332/2548 2569/4369/2569
f 2552/4340/2552 2553/4342/2553 2572/4374/2572
f 2553/4342/2553 2554/4343/2554 2573/4376/2573
f 2562/4356/2562 2563/4359/2563 2595/4406/2595
f 2563/4358/2563 2564/4360/2564 2596/4408/2596
f 2566/4362/2566 2567/4365/2567 2599/4413/2599
f 2571/4373/2571 2572/4375/2572 2601/4418/2601
f 2572/4374/2572 2573/4376/2573 2602/4419/2602
f 2575/4379/2575 2576/4381/2576 2604/4423/2604
f 2576/4380/2576 2577/4382/2577 2605/4424/2605
f 2581/4389/2581 2582/4390/2582 2612/4436/2612
f 2582/4390/2582 2583/4392/2583 2613/4438/2613
f 2583/4391/2583 2584/4393/2584 2614/4440/2614
f 2595/4405/2595 2596/4408/2596 2626/4454/2626
f 2596/4407/2596 2597/4409/2597 2627/4455/2627
f 2601/4417/2601 2602/4419/2602 2629/4459/2629
f 2602/4419/2602 2603/4420/2603 2630/4460/2630
f 2610/4431/2610 2611/4434/2611 2638/4473/2638
f 2611/4433/2611 2612/4435/2612 2639/4475/2639
f 2612/4435/2612 2613/4437/2613 2640/4477/2640
f 2613/4437/2613 2614/4440/2614 2641/4479/2641
f 2614/4439/2614 2615/4441/2615 2642/4480/2642
f 2636/4467/2636 2637/4470/2637 2655/4504/2655
f 2638/4472/2638 2639/4475/2639 2657/4508/2657
f 2639/4474/2639 2640/4476/2640 2658/4509/2658
f 2644/4484/2644 2645/4486/2645 2660/4514/2660
f 2645/4485/2645 2646/4487/2646 2661/4515/2661
f 2647/4488/2647 2648/4490/2648 2663/4519/2663
f 2648/4489/2648 2649/4491/2649 2664/4520/2664
f 2653/4498/2653 2654/4501/2654 2670/4531/2670
f 2654/4500/2654 2655/4503/2655 2671/4533/2671
f 2655/4502/2655 2656/4505/2656 2672/4534/2672
f 2660/4513/2660 2661/4515/2661 2674/4538/2674
f 2661/4515/2661 2662/4516/2662 2675/4539/2675
f 2669/4528/2669 2670/4531/2670 2684/4553/2684
f 2670/4530/2670 2671/4533/2671 2685/4555/2685
f 2671/4532/2671 2672/4534/2672 2686/4556/2686
f 2677/4542/2677 2678/4544/2678 2690/4563/2690
f 2678/4543/2678 2679/4545/2679 2691/4564/2691
f 2683/4551/2683 2684/4553/2684 2696/4573/2696
f 2684/4552/2684 2685/4554/2685 2697/4574/2697
f 2685/4554/2685 2686/4556/2686 2698/4575/2698
f 2690/4562/2690 2691/4564/2691 2702/4580/2702
f 2691/4564/2691 2692/4565/2692 2703/4581/2703
f 2696/4572/2696 2697/4574/2697 2708/4587/2708
f 2697/4574/2697 2698/4575/2698 2709/4589/2709
f 2707/4586/2707 2708/4588/2708 2717/4599/2717
f 2708/4587/2708 2709/4589/2709 2718/4600/2718
f 2717/4598/2717 2718/4600/2718 2727/4610/2727
f 2718/4600/2718 2719/4601/2719 2728/4612/2728
f 2726/4609/2726 2727/4611/2727 2737/4624/2737
f 2727/4610/2727 2728/4612/2728 2738/4625/2738
f 2737/4623/2737 2738/4625/2738 2749/4640/2749
f 2738/4625/2738 2739/4626/2739 2750/4642/2750
f 2748/4639/2748 2749/4641/2749 2762/4660/2762
f 2749/4640/2749 2750/4642/2750 2763/4661/2763
f 2761/4658/2761 2762/4660/2762 2774/4678/2774
f 2762/4659/2762 2763/4661/2763 2775/4679/2775
f 2771/4673/2771 2772/4675/2772 2784/4694/2784
f 2772/4674/2772 2773/4676/2773 2785/4695/2785
f 2774/4677/2774 2775/4679/2775 2788/4699/2788
f 2775/4679/2775 2776/4680/2776 2789/4701/2789
f 2784/4693/2784 2785/4695/2785 2798/4715/2798
f 2785/4695/2785 2786/4696/2786 2799/4716/2799
f 2787/4698/2787 2788/4700/2788 2802/4721/2802
f 2788/4699/2788 2789/4701/2789 2803/4722/2803
f 2801/4719/2801 2802/4721/2802 2816/4742/2816
f 2802/4720/2802 2803/4722/2803 2817/4743/2817
f 2812/4736/2812 2813/4738/2813 2826/4758/2826
f 2813/4737/2813 2814/4739/2814 2827/4759/2827
f 2815/4740/2815 2816/4742/2816 2830/4764/2830
f 2816/4741/2816 2817/4743/2817 2831/4765/2831
f 2826/4757/2826 2827/4759/2827 2841/4779/2841
f 2827/4759/2827 2828/4760/2828 2842/4781/2842
f 2829/4762/2829 2830/4764/2830 2845/4787/2845
f 2830/4763/2830 2831/4765/2831 2846/4788/2846
f 2831/4765/2831 2832/4766/2832 2847/4790/2847
f 2840/4778/2840 2841/4780/2841 2857/4806/2857
f 2841/4779/2841 2842/4781/2842 2858/4807/2858
f 2844/4784/2844 2845/4787/2845 2862/4816/2862
f 2845/4786/2845 2846/4789/2846 2863/4818/2863
f 2846/4788/2846 2847/4790/2847 2864/4820/2864
f 2856/4804/2856 2857/4806/2857 2875/4840/2875
f 2857/4805/2857 2858/4807/2858 2876/4841/2876
f 2860/4810/2860 2861/4813/2861 2879/4847/2879
f 2861/4812/2861 2862/4815/2862 2880/4849/2880
f 2862/4814/2862 2863/4817/2863 2881/4850/2881
f 2874/4838/2874 2875/4840/2875 2892/4870/2892
f 2875/4839/2875 2876/4841/2876 2893/4871/2893
f 2878/4844/2878 2879/4847/2879 2898/4881/2898
f 2879/4846/2879 2880/4849/2880 2899/4883/2899
f 2880/4848/2880 2881/4850/2881 2900/4885/2900
f 2891/4868/2891 2892/4870/2892 2912/4910/2912
f 2892/4869/2892 2893/4871/2893 2913/4911/2913
f 2895/4874/2895 2896/4877/2896 2916/4917/2916
f 2896/4876/2896 2897/4878/2897 2917/4919/2917
f 2898/4879/2898 2899/4882/2899 2919/4923/2919
f 2911/4908/2911 2912/4910/2912 2931/4947/2931
f 2912/4909/2912 2913/4911/2913 2932/4948/2932
f 2915/4914/2915 2916/4917/2916 2936/4957/2936
f 2916/4916/2916 2917/4919/2917 2937/4959/2937
f 2917/4918/2917 2918/4920/2918 2938/4961/2938
f 2930/4945/2930 2931/4947/2931 2949/4980/2949
f 2931/4946/2931 2932/4948/2932 2950/4981/2950
f 2934/4951/2934 2935/4954/2935 2954/4990/2954
f 2936/4955/2936 2937/4958/2937 2956/4994/2956
f 2948/4978/2948 2949/4980/2949 2967/5017/2967
f 2949/4979/2949 2950/4981/2950 2968/5018/2968
f 2952/4984/2952 2953/4987/2953 2971/5024/2971
f 2954/4988/2954 2955/4991/2955 2973/5028/2973
f 2966/5014/2966 2967/5017/2967 2985/5051/2985
f 2967/5016/2967 2968/5019/2968 2986/5053/2986
f 2968/5018/2968 2969/5020/2969 2987/5055/2987
f 2970/5022/2970 2971/5024/2971 2990/5061/2990
f 2971/5023/2971 2972/5025/2972 2991/5062/2991
f 2975/5032/2975 2976/5034/2976 2993/5066/2993
f 2976/5033/2976 2977/5035/2977 2994/5067/2994
f 2984/5049/2984 2985/5051/2985 3003/5085/3003
f 2985/5050/2985 2986/5052/2986 3004/5086/3004
f 2989/5059/2989 2990/5061/2990 3007/5091/3007
f 2990/5060/2990 2991/5062/2991 3008/5092/3008
f 2993/5065/2993 2994/5067/2994 3010/5095/3010
f 2994/5067/2994 2995/5068/2995 3011/5096/3011
f 3002/5083/3002 3003/5085/3003 3021/5116/3021
f 3003/5084/3003 3004/5086/3004 3022/5117/3022
f 3006/5089/3006 3007/5091/3007 3025/5123/3025
f 3007/5090/3007 3008/5092/3008 3026/5124/3026
f 3020/5114/3020 3021/5116/3021 3037/5145/3037
f 3021/5115/3021 3022/5117/3022 3038/5146/3038
f 3024/5120/3024 3025/5123/3025 3041/5152/3041
f 3025/5122/3025 3026/5125/3026 3042/5154/3042
f 3026/5124/3026 3027/5126/3027 3043/5155/3043
f 3036/5143/3036 3037/5145/3037 3054/5177/3054
f 3037/5144/3037 3038/5146/3038 3055/5178/3055
f 3040/5149/3040 3041/5152/3041 3058/5183/3058
f 3041/5151/3041 3042/5154/3042 3059/5185/3059
f 3042/5153/3042 3043/5155/3043 3060/5187/3060
f 3053/5175/3053 3054/5177/3054 3071/5209/3071
f 3054/5176/3054 3055/5178/3055 3072/5210/3072
f 3057/5181/3057 3058/5183/3058 3075/5216/3075
f 3058/5182/3058 3059/5184/3059 3076/5217/3076
f 3062/5191/3062 3063/5193/3063 3079/5222/3079
f 3063/5192/3063 3064/5194/3064 3080/5223/3080
f 3071/5209/3071 3072/5211/3072 3088/5240/3088
f 3072/5210/3072 3073/5212/3073 3089/5241/3089
f 3074/5214/3074 3075/5216/3075 3092/5246/3092
f 3075/5215/3075 3076/5217/3076 3093/5247/3093
f 3078/5220/3078 3079/5222/3079 3095/5251/3095
f 3079/5221/3079 3080/5223/3080 3096/5252/3096
f 3091/5244/3091 3092/5246/3092 3107/5273/3107
f 3092/5245/3092 3093/5247/3093 3108/5274/3108
f 3093/5247/3093 3094/5248/3094 3109/5276/3109
f 3095/5250/3095 3096/5252/3096 3111/5279/3111
f 3096/5252/3096 3097/5253/3097 3112/5280/3112
f 3103/5265/3103 3104/5267/3104 3118/5290/3118
f 3104/5266/3104 3105/5268/3105 3119/5291/3119
f 3106/5270/3106 3107/5273/3107 3122/5297/3122
f 3107/5272/3107 3108/5275/3108 3123/5299/3123
f 3108/5274/3108 3109/5276/3109 3124/5300/3124
f 3121/5294/3121 3122/5297/3122 3135/5317/3135
f 3122/5296/3122 3123/5299/3123 3136/5319/3136
f 3123/5298/3123 3124/5300/3124 3137/5321/3137
f 3126/5304/3126 3127/5306/3127 3139/5326/3139
f 3127/5305/3127 3128/5307/3128 3140/5327/3140
f 3134/5315/3134 3135/5317/3135 3149/5339/3149
f 3135/5316/3135 3136/5318/3136 3150/5340/3150
f 3139/5325/3139 3140/5327/3140 3164/5359/3164
f 3140/5327/3140 3141/5328/3141 3165/5361/3165
f 3145/5333/3145 3146/5335/3146 3169/5366/3169
f 3146/5334/3146 3147/5336/3147 3170/5367/3170
f 3148/5337/3148 3149/5339/3149 3172/5369/3172
f 3149/5338/3149 3150/5340/3150 3173/5370/3173
f 3150/5341/3150 3151/5342/3151 3174/5373/3174
f 3152/5343/3152 3153/5346/3153 3180/5383/3180
f 3153/5345/3153 3154/5347/3154 3181/5385/3181
f 3172/5369/3172 3173/5371/3173 3204/5421/3204
f 3173/5370/3173 3174/5372/3174 3205/5422/3205
f 3176/5375/3176 3177/5378/3177 3208/5428/3208
f 3177/5377/3177 3178/5379/3178 3209/5430/3209
f 3180/5382/3180 3181/5385/3181 3212/5435/3212
f 3181/5384/3181 3182/5386/3182 3213/5436/3213
f 3197/5411/3197 3198/5413/3198 3224/5457/3224
f 3198/5412/3198 3199/5414/3199 3225/5458/3225
f 3203/5419/3203 3204/5421/3204 3229/5464/3229
f 3204/5420/3204 3205/5422/3205 3230/5465/3230
f 3207/5425/3207 3208/5428/3208 3233/5470/3233
f 3208/5427/3208 3209/5430/3209 3234/5472/3234
f 3209/5429/3209 3210/5431/3210 3235/5474/3235
f 3224/5456/3224 3225/5458/3225 3245/5490/3245
f 3225/5458/3225 3226/5459/3226 3246/5491/3246
f 3232/5468/3232 3233/5470/3233 3255/5506/3255
f 3233/5469/3233 3234/5471/3234 3256/5507/3256
f 3251/5499/3251 3252/5501/3252 3273/5533/3273
f 3252/5500/3252 3253/5502/3253 3274/5534/3274
f 3254/5504/3254 3255/5506/3255 3277/5539/3277
f 3255/5505/3255 3256/5507/3256 3278/5540/3278
f 3265/5521/3265 3266/5523/3266 3289/5556/3289
f 3266/5522/3266 3267/5524/3267 3290/5557/3290
f 3272/5531/3272 3273/5533/3273 3297/5569/3297
f 3273/5532/3273 3274/5534/3274 3298/5570/3298
f 3276/5537/3276 3277/5539/3277 3301/5575/3301
f 3277/5538/3277 3278/5540/3278 3302/5576/3302
f 3289/5556/3289 3290/5558/3290 3313/5593/3313
f 3290/5557/3290 3291/5559/3291 3314/5594/3314
f 3296/5567/3296 3297/5569/3297 3320/5603/3320
f 3297/5568/3297 3298/5570/3298 3321/5604/3321
f 3300/5573/3300 3301/5575/3301 3324/5610/3324
f 3301/5574/3301 3302/5576/3302 3325/5611/3325
f 3312/5591/3312 3313/5593/3313 3337/5632/3337
f 3313/5592/3313 3314/5594/3314 3338/5633/3338
f 3320/5603/3320 3321/5605/3321 3344/5643/3344
f 3321/5604/3321 3322/5606/3322 3345/5644/3345
f 3323/5608/3323 3324/5610/3324 3348/5649/3348
f 3324/5609/3324 3325/5611/3325 3349/5650/3349
f 3336/5630/3336 3337/5632/3337 3361/5671/3361
f 3337/5631/3337 3338/5633/3338 3362/5672/3362
f 3347/5647/3347 3348/5649/3348 3397/5715/3397
f 3348/5648/3348 3349/5650/3349 3398/5716/3398
f 3360/5669/3360 3361/5671/3361 3410/5740/3410
f 3361/5670/3361 3362/5672/3362 3411/5741/3411
f 3364/5675/3364 3365/5678/3365 3416/5751/3416
f 3396/5713/3396 3397/5715/3397 3452/5802/3452
f 3397/5714/3397 3398/5716/3398 3453/5803/3453
f 3410/5739/3410 3411/5741/3411 3467/5830/3467
f 3411/5741/3411 3412/5742/3412 3468/5832/3468
f 3413/5744/3413 3414/5747/3414 3472/5841/3472
f 3414/5746/3414 3415/5748/3415 3473/5843/3473
f 3416/5749/3416 3417/5752/3417 3475/5847/3475
f 3451/5800/3451 3452/5802/3452 3493/5882/3493
f 3452/5801/3452 3453/5803/3453 3494/5883/3494
f 3466/5829/3466 3467/5831/3467 3508/5913/3508
f 3467/5830/3467 3468/5832/3468 3509/5914/3509
f 3470/5835/3470 3471/5838/3471 3512/5920/3512
f 3471/5837/3471 3472/5840/3472 3513/5922/3513
f 3472/5840/3472 3473/5843/3473 3514/5924/3514
f 3473/5842/3473 3474/5844/3474 3515/5926/3515
f 3489/5876/3489 3490/5878/3490 3529/5956/3529
f 3490/5877/3490 3491/5879/3491 3530/5957/3530
f 3492/5880/3492 3493/5882/3493 3533/5962/3533
f 3493/5881/3493 3494/5883/3494 3534/5963/3534
f 3508/5912/3508 3509/5914/3509 3560/6004/3560
f 3509/5914/3509 3510/5915/3510 3561/6006/3561
f 3511/5917/3511 3512/5920/3512 3564/6011/3564
f 3512/5919/3512 3513/5922/3513 3565/6013/3565
f 3513/5921/3513 3514/5923/3514 3566/6014/3566
f 3529/5955/3529 3530/5957/3530 3581/6044/3581
f 3530/5957/3530 3531/5958/3531 3582/6045/3582
f 3532/5960/3532 3533/5962/3533 3584/6049/3584
f 3533/5961/3533 3534/5963/3534 3585/6050/3585
f 3546/5983/3546 3547/5984/3547 3595/6066/3595
f 3547/5984/3547 3548/5985/3548 3596/6067/3596
f 3548/5985/3548 3549/5986/3549 3597/6068/3597
f 3559/6003/3559 3560/6005/3560 3623/6106/3623
f 3560/6004/3560 3561/6006/3561 3624/6107/3624
f 3563/6009/3563 3564/6011/3564 3626/6111/3626
f 3564/6010/3564 3565/6012/3565 3627/6112/3627
f 3584/6048/3584 3585/6050/3585 3644/6141/3644
f 3585/6050/3585 3586/6051/3586 3645/6143/3645
f 3595/6066/3595 3596/6067/3596 3649/6150/3649
f 3596/6067/3596 3597/6068/3597 3650/6151/3650
f 3597/6069/3597 3598/6072/3598 3651/6153/3651
f 3623/6105/3623 3624/6107/3624 3679/6192/3679
f 3624/6107/3624 3625/6108/3625 3680/6193/3680
f 3626/6110/3626 3627/6112/3627 3683/6197/3683
f 3627/6112/3627 3628/6113/3628 3684/6199/3684
f 3643/6140/3643 3644/6142/3644 3700/6225/3700
f 3644/6141/3644 3645/6143/3645 3701/6226/3701
f 3682/6196/3682 3683/6198/3683 3741/6286/3741
f 3683/6197/3683 3684/6199/3684 3742/6287/3742
f 3697/6220/3697 3698/6222/3698 3753/6307/3753
f 3698/6221/3698 3699/6223/3699 3754/6308/3754
f 3700/6224/3700 3701/6226/3701 3756/6310/3756
f 3701/6226/3701 3702/6227/3702 3757/6311/3757
f 3715/6254/3715 3716/6257/3716 3773/6341/3773
f 3716/6256/3716 3717/6258/3717 3774/6343/3774
f 3717/6258/3717 3718/6259/3718 3775/6344/3775
f 3736/6278/3736 3737/6280/3737 3798/6377/3798
f 3737/6279/3737 3738/6281/3738 3799/6378/3799
f 3739/6282/3739 3740/6283/3740 3801/6381/3801
f 3740/6283/3740 3741/6286/3741 3802/6384/3802
f 3741/6284/3741 3742/6287/3742 3803/6385/3803
f 3753/6306/3753 3754/6308/3754 3814/6405/3814
f 3754/6308/3754 3755/6309/3755 3815/6406/3815
f 3769/6333/3769 3770/6336/3770 3839/6448/3839
f 3773/6340/3773 3774/6343/3774 3843/6454/3843
f 3774/6343/3774 3775/6344/3775 3844/6455/3844
f 3775/6345/3775 3776/6347/3776 3845/6457/3845
f 3798/6376/3798 3799/6378/3799 3864/6485/3864
f 3799/6378/3799 3800/6379/3800 3865/6487/3865
f 3801/6381/3801 3802/6384/3802 3868/6492/3868
f 3802/6382/3802 3803/6385/3803 3869/6493/3869
f 3830/6431/3830 3831/6434/3831 3905/6550/3905
f 3831/6433/3831 3832/6435/3832 3906/6552/3906
f 3835/6440/3835 3836/6443/3836 3911/6562/3911
f 3836/6442/3836 3837/6444/3837 3912/6564/3912
f 3839/6446/3839 3840/6449/3840 3915/6569/3915
f 3863/6484/3863 3864/6486/3864 3932/6598/3932
f 3864/6485/3864 3865/6487/3865 3933/6599/3933
f 3867/6490/3867 3868/6492/3868 3936/6604/3936
f 3868/6491/3868 3869/6493/3869 3937/6605/3937
f 3883/6516/3883 3884/6518/3884 3950/6625/3950
f 3884/6517/3884 3885/6519/3885 3951/6626/3951
f 3895/6536/3895 3896/6539/3896 3967/6653/3967
f 3896/6538/3896 3897/6540/3897 3968/6655/3968
f 3905/6549/3905 3906/6552/3906 3977/6666/3977
f 3906/6552/3906 3907/6553/3907 3978/6667/3978
f 3911/6561/3911 3912/6564/3912 3983/6672/3983
f 3912/6563/3912 3913/6565/3913 3984/6673/3984
f 3932/6597/3932 3933/6599/3933 3996/6696/3996
f 3933/6599/3933 3934/6600/3934 3997/6698/3997
f 3935/6602/3935 3936/6604/3936 3999/6702/3999
f 3936/6603/3936 3937/6605/3937 4000/6703/4000
f 3950/6624/3950 3951/6626/3951 4013/6726/4013
f 3951/6626/3951 3952/6627/3952 4014/6727/4014
f 3962/6645/3962 3963/6646/3963 4026/6747/4026
f 3963/6646/3963 3964/6648/3964 4027/6750/4027
f 3967/6652/3967 3968/6655/3968 4031/6756/4031
f 3968/6654/3968 3969/6656/3969 4032/6757/4032
f 3995/6695/3995 3996/6697/3996 4041/6776/4041
f 3996/6696/3996 3997/6698/3997 4042/6777/4042
f 3999/6701/3999 4000/6703/4000 4045/6782/4045
f 4000/6703/4000 4001/6704/4001 4046/6784/4046
f 4024/6742/4024 4025/6745/4025 4076/6840/4076
f 4025/6744/4025 4026/6746/4026 4077/6842/4077
f 4026/6746/4026 4027/6749/4027 4078/6844/4078
f 4027/6748/4027 4028/6751/4028 4079/6846/4079
f 4041/6776/4041 4042/6778/4042 4087/6862/4087
f 4042/6777/4042 4043/6779/4043 4088/6863/4088
f 4044/6781/4044 4045/6783/4045 4091/6868/4091
f 4045/6782/4045 4046/6784/4046 4092/6869/4092
f 4058/6807/4058 4059/6809/4059 4103/6889/4103
f 4059/6808/4059 4060/6810/4060 4104/6890/4104
f 4073/6833/4073 4074/6836/4074 4122/6925/4122
f 4074/6835/4074 4075/6837/4075 4123/6927/4123
f 4076/6839/4076 4077/6842/4077 4125/6931/4125
f 4077/6841/4077 4078/6843/4078 4126/6932/4126
f 4086/6860/4086 4087/6862/4087 4133/6946/4133
f 4087/6861/4087 4088/6863/4088 4134/6947/4134
f 4090/6866/4090 4091/6868/4091 4137/6953/4137
f 4091/6867/4091 4092/6869/4092 4138/6954/4138
f 4103/6888/4103 4104/6890/4104 4149/6973/4149
f 4104/6890/4104 4105/6891/4105 4150/6974/4150
f 4120/6919/4120 4121/6922/4121 4172/7013/4172
f 4122/6924/4122 4123/6927/4123 4174/7017/4174
f 4123/6926/4123 4124/6928/4124 4175/7018/4175
f 4133/6946/4133 4134/6948/4134 4184/7038/4184
f 4134/6947/4134 4135/6949/4135 4185/7039/4185
f 4136/6951/4136 4137/6953/4137 4187/7043/4187
f 4137/6952/4137 4138/6954/4138 4188/7044/4188
f 4149/6973/4149 4150/6974/4150 4199/7063/4199
f 4150/6974/4150 4151/6975/4151 4200/7064/4200
f 4168/7005/4168 4169/7008/4169 4216/7095/4216
f 4169/7007/4169 4170/7009/4170 4217/7097/4217
f 4172/7011/4172 4173/7014/4173 4220/7102/4220
f 4182/7032/4182 4183/7035/4183 4227/7117/4227
f 4183/7034/4183 4184/7037/4184 4228/7119/4228
f 4184/7036/4184 4185/7039/4185 4229/7120/4229
f 4187/7042/4187 4188/7044/4188 4232/7125/4232
f 4188/7044/4188 4189/7045/4189 4233/7127/4233
f 4199/7063/4199 4200/7064/4200 4244/7146/4244
f 4200/7064/4200 4201/7065/4201 4245/7147/4245
f 4216/7094/4216 4217/7097/4217 4258/7167/4258
f 4217/7096/4217 4218/7098/4218 4259/7168/4259
f 4226/7114/4226 4227/7117/4227 4266/7183/4266
f 4227/7116/4227 4228/7119/4228 4267/7185/4267
f 4228/7118/4228 4229/7120/4229 4268/7187/4268
f 4231/7124/4231 4232/7126/4232 4271/7193/4271
f 4232/7125/4232 4233/7127/4233 4272/7194/4272
f 4264/7177/4264 4265/7180/4265 4298/7237/4298
f 4266/7181/4266 4267/7184/4267 4300/7241/4300
f 4270/7191/4270 4271/7193/4271 4302/7246/4302
f 4271/7192/4271 4272/7194/4272 4303/7247/4303
f 4285/7214/4285 4286/7216/4286 4315/7265/4315
f 4286/7215/4286 4287/7217/4287 4316/7266/4316
f 4298/7235/4298 4299/7238/4299 4327/7285/4327
f 4302/7245/4302 4303/7247/4303 4330/7290/4330
f 4303/7247/4303 4304/7248/4304 4331/7292/4331
f 4315/7264/4315 4316/7266/4316 4343/7309/4343
f 4316/7266/4316 4317/7267/4317 4344/7310/4344
f 4329/7289/4329 4330/7291/4330 4351/7321/4351
f 4330/7290/4330 4331/7292/4331 4352/7322/4352
f 4350/7319/4350 4351/7321/4351 4371/7350/4371
f 4351/7320/4351 4352/7322/4352 4372/7351/4372
f 4362/7337/4362 4363/7339/4363 4382/7367/4382
f 4363/7338/4363 4364/7340/4364 4383/7368/4383
f 4371/7349/4371 4372/7351/4372 4392/7381/4392
f 4372/7351/4372 4373/7352/4373 4393/7383/4393
f 4382/7366/4382 4383/7368/4383 4403/7398/4403
f 4383/7368/4383 4384/7369/4384 4404/7399/4404
f 4385/7371/4385 4386/7373/4386 4406/7403/4406
f 4386/7372/4386 4387/7374/4387 4407/7404/4407
f 4391/7380/4391 4392/7382/4392 4414/7415/4414
f 4392/7381/4392 4393/7383/4393 4415/7416/4415
f 4406/7402/4406 4407/7404/4407 4427/7433/4427
f 4407/7404/4407 4408/7405/4408 4428/7434/4428
f 4413/7413/4413 4414/7415/4414 4435/7445/4435
f 4414/7414/4414 4415/7416/4415 4436/7446/4436
f 4434/7443/4434 4435/7445/4435 4455/7477/4455
f 4435/7444/4435 4436/7446/4436 4456/7478/4456
f 4436/7446/4436 4437/7447/4437 4457/7479/4457
f 4445/7460/4445 4446/7462/4446 4466/7494/4466
f 4446/7461/4446 4447/7463/4447 4467/7495/4467
f 4455/7476/4455 4456/7478/4456 4478/7513/4478
f 4456/7478/4456 4457/7479/4457 4479/7515/4479
f 4466/7493/4466 4467/7495/4467 4490/7534/4490
f 4467/7495/4467 4468/7496/4468 4491/7535/4491
f 4469/7498/4469 4470/7500/4470 4493/7539/4493
f 4470/7499/4470 4471/7501/4471 4494/7540/4494
f 4477/7512/4477 4478/7514/4478 4502/7555/4502
f 4478/7513/4478 4479/7515/4479 4503/7556/4503
f 4493/7538/4493 4494/7540/4494 4517/7579/4517
f 4494/7540/4494 4495/7541/4495 4518/7580/4518
f 4501/7553/4501 4502/7555/4502 4525/7594/4525
f 4502/7554/4502 4503/7556/4503 4526/7595/4526
f 4514/7575/4514 4515/7577/4515 4536/7614/4536
f 4515/7576/4515 4516/7578/4516 4537/7615/4537
f 4525/7593/4525 4526/7595/4526 4548/7633/4548
f 4526/7596/4526 4527/7597/4527 4549/7636/4549
f 4536/7613/4536 4537/7615/4537 4561/7655/4561
f 4537/7615/4537 4538/7616/4538 4562/7657/4562
f 4539/7618/4539 4540/7620/4540 4564/7661/4564
f 4540/7619/4540 4541/7621/4541 4565/7662/4565
f 4547/7632/4547 4548/7634/4548 4574/7681/4574
f 4548/7633/4548 4549/7635/4549 4575/7682/4575
f 4560/7654/4560 4561/7656/4561 4586/7701/4586
f 4561/7655/4561 4562/7657/4562 4587/7702/4587
f 4564/7660/4564 4565/7662/4565 4590/7706/4590
f 4565/7662/4565 4566/7663/4566 4591/7708/4591
f 4573/7679/4573 4574/7681/4574 4599/7723/4599
f 4574/7680/4574 4575/7682/4575 4600/7724/4600
f 4586/7701/4586 4587/7703/4587 4610/7742/4610
f 4587/7702/4587 4588/7704/4588 4611/7743/4611
f 4589/7705/4589 4590/7707/4590 4613/7746/4613
f 4590/7706/4590 4591/7708/4591 4614/7747/4614
f 4598/7721/4598 4599/7723/4599 4621/7761/4621
f 4599/7722/4599 4600/7724/4600 4622/7762/4622
f 4613/7745/4613 4614/7747/4614 4635/7781/4635
f 4614/7747/4614 4615/7748/4615 4636/7782/4636
f 4643/7795/4643 4644/7797/4644 4666/7835/4666
f 4644/7796/4644 4645/7798/4645 4667/7836/4667
f 4658/7820/4658 4659/7822/4659 4683/7864/4683
f 4659/7821/4659 4660/7823/4660 4684/7865/4684
f 4666/7834/4666 4667/7836/4667 4691/7876/4691
f 4667/7836/4667 4668/7837/4668 4692/7878/4692
f 4683/7864/4683 4684/7866/4684 4708/7907/4708
f 4684/7865/4684 4685/7867/4685 4709/7908/4709
f 4690/7875/4690 4691/7877/4691 4715/7918/4715
f 4691/7876/4691 4692/7878/4692 4716/7919/4716
f 4707/7905/4707 4708/7907/4708 4733/7952/4733
f 4708/7906/4708 4709/7908/4709 4734/7953/4734
f 4714/7916/4714 4715/7918/4715 4740/7962/4740
f 4715/7917/4715 4716/7919/4716 4741/7963/4741
f 4731/7946/4731 4732/7949/4732 4758/7995/4758
f 4732/7948/4732 4733/7951/4733 4759/7997/4759
f 4733/7950/4733 4734/7953/4734 4760/7998/4760
f 4739/7960/4739 4740/7962/4740 4766/8009/4766
f 4740/7961/4740 4741/7963/4741 4767/8010/4767
f 4758/7994/4758 4759/7997/4759 4784/8039/4784
f 4759/7996/4759 4760/7998/4760 4785/8040/4785
f 4765/8007/4765 4766/8009/4766 4793/8056/4793
f 4766/8008/4766 4767/8010/4767 4794/8057/4794
f 4791/8050/4791 4792/8053/4792 4811/8092/4811
f 4792/8052/4792 4793/8055/4793 4812/8094/4812
f 4793/8054/4793 4794/8057/4794 4813/8095/4813
f 4809/8086/4809 4810/8089/4810 4831/8129/4831
f 4810/8088/4810 4811/8091/4811 4832/8131/4832
f 4811/8091/4811 4812/8094/4812 4833/8133/4833
f 4812/8093/4812 4813/8095/4813 4834/8135/4834
f 4830/8126/4830 4831/8129/4831 4851/8169/4851
f 4831/8128/4831 4832/8131/4832 4852/8171/4852
f 4832/8130/4832 4833/8132/4833 4853/8173/4853
f 4849/8163/4849 4850/8166/4850 4874/8211/4874
f 4851/8167/4851 4852/8170/4852 4876/8215/4876
f 4872/8205/4872 4873/8208/4873 4901/8260/4901
f 4874/8209/4874 4875/8212/4875 4903/8264/4903
f 4899/8254/4899 4900/8257/4900 4926/8302/4926
f 4900/8256/4900 4901/8259/4901 4927/8304/4927
f 4901/8258/4901 4902/8261/4902 4928/8305/4928
f 4905/8268/4905 4906/8270/4906 4930/8309/4930
f 4906/8269/4906 4907/8271/4907 4931/8310/4931
f 4925/8299/4925 4926/8302/4926 4945/8337/4945
f 4926/8301/4926 4927/8304/4927 4946/8339/4946
f 4927/8303/4927 4928/8305/4928 4947/8341/4947
f 4930/8309/4930 4931/8311/4931 4949/8346/4949
f 4931/8310/4931 4932/8312/4932 4950/8347/4950
f 4944/8335/4944 4945/8337/4945 4963/8372/4963
f 4945/8336/4945 4946/8338/4946 4964/8373/4964
f 4949/8345/4949 4950/8347/4950 4966/8376/4966
f 4950/8348/4950 4951/8349/4951 4967/8378/4967
f 4962/8370/4962 4963/8372/4963 4978/8398/4978
f 4963/8371/4963 4964/8373/4964 4979/8399/4979
f 4977/8395/4977 4978/8398/4978 4995/8430/4995
f 4978/8397/4978 4979/8400/4979 4996/8432/4996
f 4979/8399/4979 4980/8401/4980 4997/8433/4997
f 4981/8403/4981 4982/8405/4982 4999/8438/4999
f 4982/8404/4982 4983/8406/4983 5000/8439/5000
f 4994/8427/4994 4995/8430/4995 5013/8464/5013
f 4995/8429/4995 4996/8432/4996 5014/8466/5014
f 4996/8431/4996 4997/8433/4997 5015/8468/5015
f 4999/8437/4999 5000/8439/5000 5017/8472/5017
f 5000/8439/5000 5001/8440/5001 5018/8473/5018
f 5012/8462/5012 5013/8464/5013 5032/8499/5032
f 5013/8463/5013 5014/8465/5014 5033/8500/5033
f 5030/8493/5030 5031/8496/5031 5048/8527/5048
f 5031/8495/5031 5032/8498/5032 5049/8529/5049
f 5032/8497/5032 5033/8500/5033 5050/8530/5050
f 5035/8503/5035 5036/8505/5036 5052/8535/5052
f 5036/8504/5036 5037/8506/5037 5053/8536/5053
f 5047/8524/5047 5048/8527/5048 5065/8558/5065
f 5048/8526/5048 5049/8529/5049 5066/8560/5066
f 5049/8528/5049 5050/8530/5050 5067/8562/5067
f 5064/8555/5064 5065/8558/5065 5081/8587/5081
f 5065/8557/5065 5066/8560/5066 5082/8589/5082
f 5066/8561/5066 5067/8564/5067 5083/8591/5083
f 5069/8566/5069 5070/8568/5070 5086/8595/5086
f 5070/8567/5070 5071/8569/5071 5087/8596/5087
f 5080/8585/5080 5081/8587/5081 5096/8610/5096
f 5081/8586/5081 5082/8588/5082 5097/8611/5097
f 5085/8593/5085 5086/8595/5086 5099/8615/5099
f 5086/8594/5086 5087/8596/5087 5100/8616/5100
f 5096/8609/5096 5097/8611/5097 5109/8629/5109
f 5097/8611/5097 5098/8612/5098 5110/8630/5110
f 5099/8614/5099 5100/8616/5100 5113/8634/5113
f 5100/8616/5100 5101/8617/5101 5114/8636/5114
f 5112/8633/5112 5113/8635/5113 5125/8655/5125
f 5113/8634/5113 5114/8636/5114 5126/8656/5126
f 5122/8649/5122 5123/8651/5123 5134/8669/5134
f 5123/8650/5123 5124/8652/5124 5135/8670/5135
f 5125/8654/5125 5126/8656/5126 5137/8673/5137
f 5126/8656/5126 5127/8657/5127 5138/8674/5138
f 5134/8668/5134 5135/8670/5135 5146/8687/5146
f 5135/8671/5135 5136/8672/5136 5147/8689/5147
f 5149/8691/5149 5150/8693/5150 5161/8708/5161
f 5150/8692/5150 5151/8694/5151 5162/8709/5162
f 5161/8707/5161 5162/8709/5162 5172/8723/5172
f 5162/8709/5162 5163/8710/5163 5173/8724/5173
f 5175/8727/5175 5176/8728/5176 5186/8741/5186
f 5176/8728/5176 5177/8729/5177 5187/8742/5187
f 5210/8776/5210 5211/8778/5211 5226/8804/5226
f 5211/8777/5211 5212/8779/5212 5227/8805/5227
f 5223/8799/5223 5224/8801/5224 5252/8845/5252
f 5224/8800/5224 5225/8802/5225 5253/8846/5253
f 5226/8803/5226 5227/8805/5227 5255/8849/5255
f 5227/8805/5227 5228/8806/5228 5256/8850/5256
f 5242/8829/5242 5243/8831/5243 5269/8870/5269
f 5243/8830/5243 5244/8832/5244 5270/8872/5270
f 5252/8844/5252 5253/8846/5253 5285/8898/5285
f 5253/8846/5253 5254/8847/5254 5286/8899/5286
f 5269/8869/5269 5270/8872/5270 5292/8908/5292
f 5270/8871/5270 5271/8873/5271 5293/8909/5293
f 5278/8889/5278 5279/8890/5279 5307/8935/5307
f 5302/8927/5302 5303/8930/5303 5331/8976/5331
f 5303/8929/5303 5304/8931/5304 5332/8978/5332
f 5307/8934/5307 5308/8936/5308 5336/8984/5336
f 5329/8970/5329 5330/8973/5330 5366/9041/5366
f 5331/8975/5331 5332/8978/5332 5368/9045/5368
f 5332/8977/5332 5333/8979/5333 5369/9046/5369
f 5350/9010/5350 5351/9012/5351 5383/9075/5383
f 5351/9011/5351 5352/9013/5352 5384/9076/5384
f 5363/9034/5363 5364/9037/5364 5401/9103/5401
f 5364/9036/5364 5365/9038/5365 5402/9105/5402
f 5366/9039/5366 5367/9042/5367 5404/9109/5404
f 5401/9102/5401 5402/9105/5402 5431/9153/5431
f 5402/9104/5402 5403/9106/5403 5432/9154/5432
f 5446/9185/5446 5447/9187/5447 5463/9219/5463
f 5447/9186/5447 5448/9188/5448 5464/9220/5464
f 5479/9247/5479 5480/9249/5480 5493/9271/5493
f 5480/9248/5480 5481/9250/5481 5494/9272/5494
f 5508/9297/5508 5509/9299/5509 5523/9322/5523
f 5509/9298/5509 5510/9300/5510 5524/9323/5524
f 5522/9320/5522 5523/9322/5523 5540/9354/5540
f 5523/9321/5523 5524/9323/5524 5541/9355/5541
f 5539/9352/5539 5540/9354/5540 5558/9388/5558
f 5540/9353/5540 5541/9355/5541 5559/9389/5559
f 5557/9386/5557 5558/9388/5558 5579/9427/5579
f 5558/9387/5558 5559/9389/5559 5580/9428/5580
f 5575/9419/5575 5576/9422/5576 5601/9466/5601
f 5576/9421/5576 5577/9423/5577 5602/9468/5602
f 5579/9425/5579 5580/9428/5580 5605/9473/5605
f 5582/9431/5582 5583/9433/5583 5607/9478/5607
f 5583/9432/5583 5584/9434/5584 5608/9479/5608
f 5596/9458/5596 5597/9459/5597 5622/9507/5622
f 5597/9459/5597 5598/9461/5598 5623/9510/5623
f 5601/9465/5601 5602/9468/5602 5627/9516/5627
f 5602/9467/5602 5603/9469/5603 5628/9517/5628
f 5607/9477/5607 5608/9479/5608 5630/9521/5630
f 5608/9479/5608 5609/9480/5609 5631/9522/5631
f 5620/9502/5620 5621/9505/5621 5646/9555/5646
f 5621/9504/5621 5622/9506/5622 5647/9557/5647
f 5622/9506/5622 5623/9509/5623 5648/9559/5648
f 5623/9508/5623 5624/9511/5624 5649/9561/5649
f 5644/9549/5644 5645/9552/5645 5669/9601/5669
f 5645/9551/5645 5646/9554/5646 5670/9603/5670
f 5646/9554/5646 5647/9557/5647 5671/9605/5671
f 5647/9558/5647 5648/9560/5648 5672/9607/5672
f 5651/9565/5651 5652/9567/5652 5675/9611/5675
f 5652/9566/5652 5653/9568/5653 5676/9612/5676
f 5666/9594/5666 5667/9597/5667 5693/9651/5693
f 5667/9596/5667 5668/9598/5668 5694/9653/5694
f 5669/9600/5669 5670/9603/5670 5696/9657/5696
f 5670/9602/5670 5671/9604/5671 5697/9658/5697
f 5674/9609/5674 5675/9611/5675 5699/9663/5699
f 5675/9610/5675 5676/9612/5676 5700/9664/5700
f 5691/9645/5691 5692/9648/5692 5715/9696/5715
f 5692/9647/5692 5693/9650/5693 5716/9698/5716
f 5693/9650/5693 5694/9653/5694 5717/9700/5717
f 5694/9652/5694 5695/9654/5695 5718/9702/5718
f 5699/9662/5699 5700/9664/5700 5722/9710/5722
f 5700/9664/5700 5701/9665/5701 5723/9712/5723
f 5713/9690/5713 5714/9693/5714 5738/9745/5738
f 5714/9692/5714 5715/9695/5715 5739/9747/5739
f 5715/9695/5715 5716/9698/5716 5740/9749/5740
f 5716/9697/5716 5717/9699/5717 5741/9751/5741
f 5720/9706/5720 5721/9709/5721 5745/9761/5745
f 5721/9708/5721 5722/9711/5722 5746/9763/5746
f 5722/9710/5722 5723/9712/5723 5747/9764/5747
f 5736/9739/5736 5737/9742/5737 5761/9795/5761
f 5737/9741/5737 5738/9744/5738 5762/9797/5762
f 5738/9744/5738 5739/9747/5739 5763/9799/5763
f 5739/9746/5739 5740/9748/5740 5764/9801/5764
f 5743/9755/5743 5744/9758/5744 5769/9812/5769
f 5744/9757/5744 5745/9760/5745 5770/9814/5770
f 5745/9760/5745 5746/9763/5746 5771/9816/5771
f 5746/9762/5746 5747/9764/5747 5772/9818/5772
f 5760/9792/5760 5761/9795/5761 5794/9859/5794
f 5761/9794/5761 5762/9797/5762 5795/9861/5795
f 5762/9796/5762 5763/9798/5763 5796/9863/5796
f 5766/9805/5766 5767/9808/5767 5805/9878/5805
f 5767/9807/5767 5768/9809/5768 5806/9880/5806
f 5769/9811/5769 5770/9814/5770 5808/9884/5808
f 5770/9813/5770 5771/9815/5771 5809/9885/5809
f 5786/9847/5786 5787/9850/5787 5831/9922/5831
f 5787/9849/5787 5788/9851/5788 5832/9924/5832
f 5794/9857/5794 5795/9860/5795 5839/9933/5839
f 5798/9867/5798 5799/9870/5799 5851/9953/5851
f 5799/9869/5799 5800/9871/5800 5852/9955/5852
f 5805/9877/5805 5806/9880/5806 5858/9963/5858
f 5806/9879/5806 5807/9881/5807 5859/9964/5859
f 5821/9909/5821 5822/9910/5822 5875/9995/5875
f 5822/9910/5822 5823/9912/5823 5876/9998/5876
f 5831/9921/5831 5832/9924/5832 5885/10009/5885
f 5832/9923/5832 5833/9925/5833 5886/10010/5886
f 5841/9937/5841 5842/9938/5842 5895/10024/5895
f 5842/9938/5842 5843/9941/5843 5896/10026/5896
f 5845/9943/5845 5846/9946/5846 5907/10046/5907
f 5851/9952/5851 5852/9955/5852 5913/10054/5913
f 5852/9954/5852 5853/9956/5853 5914/10055/5914
f 5871/9988/5871 5872/9991/5872 5937/10092/5937
f 5872/9990/5872 5873/9992/5873 5938/10094/5938
f 5873/9992/5873 5874/9993/5874 5939/10096/5939
f 5875/9994/5875 5876/9997/5876 5941/10100/5941
f 5876/9996/5876 5877/9999/5877 5942/10101/5942
f 5888/10014/5888 5889/10017/5889 5947/10112/5947
f 5889/10016/5889 5890/10018/5890 5948/10114/5948
f 5895/10023/5895 5896/10025/5896 5954/10122/5954
f 5896/10025/5896 5897/10028/5897 5955/10123/5955
f 5905/10040/5905 5906/10043/5906 5972/10150/5972
f 5907/10044/5907 5908/10047/5908 5974/10154/5974
f 5926/10078/5926 5927/10079/5927 5993/10188/5993
f 5927/10079/5927 5928/10081/5928 5994/10190/5994
f 5928/10080/5928 5929/10082/5929 5995/10191/5995
f 5929/10082/5929 5930/10083/5930 5996/10192/5996
f 5930/10083/5930 5931/10084/5931 5997/10194/5997
f 5937/10091/5937 5938/10094/5938 6004/10203/6004
f 5938/10094/5938 5939/10096/5939 6005/10204/6005
f 5939/10095/5939 5940/10097/5940 6006/10205/6006
f 5944/10105/5944 5945/10108/5945 6011/10215/6011
f 5945/10107/5945 5946/10109/5946 6012/10217/6012
f 5947/10111/5947 5948/10114/5948 6014/10221/6014
f 5948/10113/5948 5949/10115/5949 6015/10222/6015
f 5970/10144/5970 5971/10147/5971 6029/10250/6029
f 5971/10146/5971 5972/10149/5972 6030/10252/6030
f 5972/10148/5972 5973/10151/5973 6031/10253/6031
f 5993/10187/5993 5994/10189/5994 6048/10279/6048
f 5994/10189/5994 5995/10191/5995 6049/10280/6049
f 5995/10191/5995 5996/10192/5996 6050/10281/6050
f 5996/10192/5996 5997/10194/5997 6051/10282/6051
f 5997/10193/5997 5998/10195/5998 6052/10283/6052
f 6008/10209/6008 6009/10210/6009 6056/10292/6056
f 6009/10210/6009 6010/10212/6010 6057/10295/6057
f 6011/10214/6011 6012/10217/6012 6059/10299/6059
f 6012/10216/6012 6013/10218/6013 6060/10300/6060
f 6027/10244/6027 6028/10247/6028 6070/10324/6070
f 6028/10246/6028 6029/10249/6029 6071/10326/6071
f 6029/10249/6029 6030/10252/6030 6072/10328/6072
f 6030/10251/6030 6031/10253/6031 6073/10330/6073
f 6054/10287/6054 6055/10290/6055 6085/10356/6085
f 6056/10291/6056 6057/10294/6057 6087/10360/6087
f 6057/10293/6057 6058/10296/6058 6088/10361/6088
f 6068/10318/6068 6069/10321/6069 6102/10388/6102
f 6069/10320/6069 6070/10323/6070 6103/10390/6103
f 6070/10323/6070 6071/10326/6071 6104/10392/6104
f 6071/10325/6071 6072/10327/6072 6105/10394/6105
f 6081/10348/6081 6082/10351/6082 6115/10415/6115
f 6082/10350/6082 6083/10352/6083 6116/10417/6116
f 6085/10354/6085 6086/10357/6086 6119/10422/6119
f 6097/10380/6097 6098/10381/6098 6129/10442/6129
f 6098/10381/6098 6099/10383/6099 6130/10444/6130
f 6099/10382/6099 6100/10384/6100 6131/10446/6131
f 6102/10387/6102 6103/10390/6103 6134/10451/6134
f 6103/10389/6103 6104/10391/6104 6135/10452/6135
f 6112/10408/6112 6113/10411/6113 6146/10477/6146
f 6113/10410/6113 6114/10412/6114 6147/10479/6147
f 6115/10414/6115 6116/10417/6116 6149/10483/6149
f 6116/10416/6116 6117/10418/6117 6150/10484/6150
f 6129/10441/6129 6130/10443/6130 6158/10495/6158
f 6130/10443/6130 6131/10446/6131 6159/10496/6159
f 6131/10445/6131 6132/10447/6132 6160/10497/6160
f 6144/10471/6144 6145/10474/6145 6173/10524/6173
f 6145/10473/6145 6146/10476/6146 6174/10526/6174
f 6146/10476/6146 6147/10479/6147 6175/10528/6175
f 6147/10478/6147 6148/10480/6148 6176/10530/6176
f 6171/10518/6171 6172/10521/6172 6189/10558/6189
f 6172/10520/6172 6173/10523/6173 6190/10560/6190
f 6173/10523/6173 6174/10526/6174 6191/10562/6191
f 6174/10525/6174 6175/10527/6175 6192/10564/6192
f 6187/10552/6187 6188/10555/6188 6202/10587/6202
f 6188/10554/6188 6189/10557/6189 6203/10589/6203
f 6189/10557/6189 6190/10560/6190 6204/10591/6204
f 6190/10559/6190 6191/10561/6191 6205/10593/6205
f 6200/10581/6200 6201/10584/6201 6215/10617/6215
f 6201/10583/6201 6202/10586/6202 6216/10619/6216
f 6202/10586/6202 6203/10589/6203 6217/10621/6217
f 6203/10588/6203 6204/10590/6204 6218/10623/6218
f 6213/10611/6213 6214/10614/6214 6228/10645/6228
f 6215/10616/6215 6216/10619/6216 6230/10649/6230
f 6216/10620/6216 6217/10622/6217 6231/10651/6231
f 6226/10641/6226 6227/10642/6227 6242/10671/6242
f 6227/10642/6227 6228/10645/6228 6243/10674/6243
f 6228/10643/6228 6229/10646/6229 6244/10675/6244
f 6239/10666/6239 6240/10667/6240 6258/10703/6258
f 6240/10667/6240 6241/10669/6241 6259/10705/6259
f 6241/10668/6241 6242/10670/6242 6260/10707/6260
f 6242/10670/6242 6243/10673/6243 6261/10709/6261
f 6243/10672/6243 6244/10675/6244 6262/10711/6262
f 6254/10696/6254 6255/10699/6255 6295/10759/6295
f 6255/10698/6255 6256/10700/6256 6296/10761/6296
f 6258/10702/6258 6259/10704/6259 6299/10766/6299
f 6259/10704/6259 6260/10707/6260 6300/10767/6300
f 6260/10706/6260 6261/10708/6261 6301/10768/6301
f 6273/10733/6273 6274/10736/6274 6326/10804/6326
f 6274/10735/6274 6275/10737/6275 6327/10806/6327
f 6281/10743/6281 6282/10744/6282 6334/10818/6334
f 6295/10758/6295 6296/10761/6296 6348/10834/6348
f 6296/10760/6296 6297/10762/6297 6349/10835/6349
f 6321/10797/6321 6322/10798/6322 6366/10859/6366
f 6322/10798/6322 6323/10799/6323 6367/10861/6367
f 6326/10803/6326 6327/10806/6327 6371/10867/6371
f 6327/10805/6327 6328/10807/6328 6372/10868/6372
f 6334/10817/6334 6335/10819/6335 6375/10873/6375
f 6366/10859/6366 6367/10861/6367 6381/10882/6381
f 6367/10860/6367 6368/10862/6368 6382/10883/6382
f 2/2/2 11/19/11 10/16/10
f 3/5/3 12/22/12 11/20/11
f 9/13/9 33/51/33 32/49/32
f 10/17/10 34/54/34 33/52/33
f 11/20/11 35/57/35 34/54/34
f 12/23/12 36/59/36 35/58/35
f 32/49/32 60/92/60 59/90/59
f 33/51/33 61/93/61 60/92/60
f 34/55/34 62/95/62 61/94/61
f 60/92/60 75/118/75 74/116/74
f 61/94/61 76/120/76 75/119/75
f 74/116/74 90/143/90 89/141/89
f 75/119/75 91/145/91 90/144/90
f 208/338/208 243/396/243 242/393/242
f 209/341/209 244/399/244 243/397/243
f 223/362/223 260/430/260 259/427/259
f 226/366/226 266/440/266 265/438/265
f 227/367/227 267/441/267 266/439/266
f 228/369/228 268/443/268 267/441/267
f 240/389/240 290/482/290 289/479/289
f 243/397/243 293/488/293 292/486/292
f 244/400/244 294/490/294 293/489/293
f 260/430/260 307/513/307 306/512/306
f 266/439/266 313/519/313 312/518/312
f 267/442/267 314/521/314 313/520/313
f 268/444/268 315/522/315 314/521/314
f 288/476/288 343/568/343 342/565/342
f 290/484/290 345/574/345 344/573/344
f 341/562/341 378/629/378 377/627/377
f 343/570/343 380/635/380 379/634/379
f 377/627/377 412/688/412 411/686/411
f 378/631/378 413/690/413 412/689/412
f 411/686/411 445/744/445 444/741/444
f 412/689/412 446/746/446 445/745/445
f 443/738/443 469/790/469 468/787/468
f 444/742/444 470/793/470 469/791/469
f 445/745/445 471/795/471 470/794/470
f 468/787/468 494/837/494 493/834/493
f 469/791/469 495/841/495 494/838/494
f 470/794/470 496/843/496 495/842/495
f 492/831/492 514/876/514 513/873/513
f 493/835/493 515/879/515 514/877/514
f 494/839/494 516/881/516 515/880/515
f 513/873/513 535/915/535 534/913/534
f 514/877/514 536/918/536 535/916/535
f 515/880/515 537/920/537 536/919/536
f 534/913/534 554/952/554 553/950/553
f 535/915/535 555/953/555 554/952/554
f 536/919/536 556/955/556 555/954/555
f 553/951/553 571/983/571 570/981/570
f 554/952/554 572/984/572 571/982/571
f 555/954/555 573/986/573 572/985/572
f 571/982/571 588/1012/588 587/1010/587
f 572/985/572 589/1014/589 588/1013/588
f 587/1010/587 603/1039/603 602/1037/602
f 588/1012/588 604/1040/604 603/1039/603
f 591/1016/591 606/1044/606 605/1042/605
f 592/1019/592 607/1046/607 606/1045/606
f 603/1039/603 619/1066/619 618/1064/618
f 604/1041/604 620/1068/620 619/1067/619
f 618/1064/618 647/1107/647 646/1105/646
f 619/1067/619 648/1109/648 647/1108/647
f 622/1070/622 650/1112/650 649/1110/649
f 623/1072/623 651/1113/651 650/1112/650
f 635/1092/635 660/1131/660 659/1129/659
f 636/1093/636 661/1133/661 660/1131/660
f 646/1105/646 674/1155/674 673/1153/673
f 647/1107/647 675/1156/675 674/1155/674
f 650/1112/650 677/1159/677 676/1158/676
f 651/1114/651 678/1161/678 677/1160/677
f 660/1131/660 685/1173/685 684/1170/684
f 661/1134/661 686/1175/686 685/1174/685
f 674/1155/674 697/1196/697 696/1194/696
f 675/1157/675 698/1198/698 697/1197/697
f 696/1194/696 714/1227/714 713/1225/713
f 697/1197/697 715/1229/715 714/1228/714
f 700/1200/700 717/1232/717 716/1230/716
f 701/1202/701 718/1233/718 717/1232/717
f 713/1225/713 730/1256/730 729/1254/729
f 714/1228/714 731/1258/731 730/1257/730
f 717/1232/717 733/1260/733 732/1259/732
f 718/1234/718 734/1262/734 733/1261/733
f 729/1254/729 744/1281/744 743/1279/743
f 730/1256/730 745/1282/745 744/1281/744
f 744/1281/744 757/1301/757 756/1299/756
f 745/1283/745 758/1303/758 757/1302/757
f 756/1299/756 770/1320/770 769/1318/769
f 757/1302/757 771/1322/771 770/1321/770
f 769/1318/769 781/1335/781 780/1333/780
f 770/1320/770 782/1336/782 781/1335/781
f 781/1335/781 793/1351/793 792/1349/792
f 782/1337/782 794/1353/794 793/1352/793
f 792/1350/792 804/1366/804 803/1364/803
f 793/1351/793 805/1367/805 804/1365/804
f 804/1365/804 816/1383/816 815/1381/815
f 805/1368/805 817/1385/817 816/1384/816
f 807/1370/807 819/1388/819 818/1386/818
f 808/1372/808 820/1389/820 819/1388/819
f 819/1388/819 831/1404/831 830/1402/830
f 820/1390/820 832/1406/832 831/1405/831
f 830/1402/830 843/1420/843 842/1418/842
f 831/1405/831 844/1422/844 843/1421/843
f 842/1418/842 858/1446/858 857/1443/857
f 843/1420/843 859/1448/859 858/1446/858
f 844/1422/844 860/1450/860 859/1449/859
f 846/1425/846 862/1453/862 861/1451/861
f 847/1426/847 863/1454/863 862/1452/862
f 854/1438/854 870/1468/870 869/1466/869
f 855/1441/855 871/1470/871 870/1469/870
f 857/1443/857 874/1474/874 873/1472/873
f 858/1447/858 875/1478/875 874/1475/874
f 859/1449/859 876/1480/876 875/1479/875
f 862/1452/862 879/1484/879 878/1482/878
f 863/1455/863 880/1486/880 879/1485/879
f 873/1472/873 891/1504/891 890/1502/890
f 874/1476/874 892/1506/892 891/1505/891
f 878/1482/878 894/1509/894 893/1507/893
f 879/1484/879 895/1510/895 894/1509/894
f 887/1498/887 901/1520/901 900/1518/900
f 888/1500/888 902/1521/902 901/1520/901
f 890/1502/890 905/1526/905 904/1524/904
f 891/1505/891 906/1528/906 905/1527/905
f 894/1509/894 909/1532/909 908/1530/908
f 895/1511/895 910/1534/910 909/1533/909
f 901/1520/901 916/1542/916 915/1541/915
f 902/1522/902 917/1544/917 916/1543/916
f 904/1524/904 920/1548/920 919/1546/919
f 905/1527/905 921/1550/921 920/1549/920
f 908/1530/908 923/1553/923 922/1551/922
f 909/1533/909 924/1555/924 923/1554/923
f 919/1546/919 933/1569/933 932/1567/932
f 920/1548/920 934/1570/934 933/1569/933
f 930/1563/930 943/1584/943 942/1582/942
f 931/1566/931 944/1586/944 943/1585/943
f 933/1569/933 947/1590/947 946/1588/946
f 934/1571/934 948/1592/948 947/1591/947
f 936/1574/936 950/1595/950 949/1593/949
f 937/1575/937 951/1596/951 950/1594/950
f 943/1584/943 958/1607/958 957/1605/957
f 944/1586/944 959/1609/959 958/1608/958
f 946/1588/946 962/1613/962 961/1611/961
f 947/1591/947 963/1615/963 962/1614/962
f 950/1594/950 965/1618/965 964/1616/964
f 951/1597/951 966/1620/966 965/1619/965
f 957/1605/957 972/1629/972 971/1627/971
f 958/1608/958 973/1631/973 972/1630/972
f 961/1611/961 976/1635/976 975/1633/975
f 962/1614/962 977/1637/977 976/1636/976
f 971/1627/971 987/1653/987 986/1650/986
f 972/1630/972 988/1655/988 987/1654/987
f 975/1633/975 991/1659/991 990/1657/990
f 976/1636/976 992/1661/992 991/1660/991
f 985/1647/985 1000/1673/1000 999/1670/999
f 986/1651/986 1001/1676/1001 1000/1674/1000
f 987/1654/987 1002/1678/1002 1001/1677/1001
f 990/1657/990 1006/1686/1006 1005/1683/1005
f 991/1660/991 1007/1688/1007 1006/1687/1006
f 999/1670/999 1016/1700/1016 1015/1698/1015
f 1000/1674/1000 1017/1704/1017 1016/1701/1016
f 1001/1677/1001 1018/1706/1018 1017/1705/1017
f 1004/1680/1004 1021/1711/1021 1020/1708/1020
f 1005/1684/1005 1022/1714/1022 1021/1712/1021
f 1006/1687/1006 1023/1716/1023 1022/1715/1022
f 1009/1690/1009 1025/1719/1025 1024/1717/1024
f 1010/1692/1010 1026/1720/1026 1025/1719/1025
f 1015/1698/1015 1033/1734/1033 1032/1731/1032
f 1016/1702/1016 1034/1736/1034 1033/1735/1033
f 1020/1708/1020 1038/1744/1038 1037/1741/1037
f 1021/1712/1021 1039/1748/1039 1038/1745/1038
f 1022/1715/1022 1040/1750/1040 1039/1749/1039
f 1025/1719/1025 1042/1752/1042 1041/1751/1041
f 1026/1721/1026 1043/1754/1043 1042/1753/1042
f 1031/1728/1031 1050/1765/1050 1049/1762/1049
f 1032/1732/1032 1051/1768/1051 1050/1766/1050
f 1033/1735/1033 1052/1770/1052 1051/1769/1051
f 1036/1738/1036 1063/1784/1063 1062/1781/1062
f 1038/1746/1038 1065/1790/1065 1064/1789/1064
f 1049/1762/1049 1075/1808/1075 1074/1805/1074
f 1050/1766/1050 1076/1812/1076 1075/1809/1075
f 1051/1769/1051 1077/1814/1077 1076/1813/1076
f 1054/1772/1054 1085/1826/1085 1084/1824/1084
f 1055/1773/1055 1086/1828/1086 1085/1825/1085
f 1056/1775/1056 1087/1830/1087 1086/1828/1086
f 1063/1786/1063 1094/1840/1094 1093/1839/1093
f 1073/1802/1073 1105/1860/1105 1104/1857/1104
f 1074/1806/1074 1106/1863/1106 1105/1861/1105
f 1075/1810/1075 1107/1865/1107 1106/1864/1106
f 1079/1816/1079 1113/1875/1113 1112/1872/1112
f 1080/1819/1080 1114/1878/1114 1113/1876/1113
f 1085/1825/1085 1119/1884/1119 1118/1883/1118
f 1086/1828/1086 1120/1886/1120 1119/1884/1119
f 1087/1831/1087 1121/1888/1121 1120/1887/1120
f 1096/1842/1096 1123/1891/1123 1122/1889/1122
f 1097/1845/1097 1124/1893/1124 1123/1892/1123
f 1104/1857/1104 1133/1911/1133 1132/1909/1132
f 1105/1861/1105 1134/1915/1134 1133/1912/1133
f 1106/1864/1106 1135/1917/1135 1134/1916/1134
f 1109/1867/1109 1140/1926/1140 1139/1923/1139
f 1113/1876/1113 1144/1933/1144 1143/1931/1143
f 1114/1879/1114 1145/1935/1145 1144/1934/1144
f 1123/1891/1123 1148/1939/1148 1147/1937/1147
f 1124/1893/1124 1149/1941/1149 1148/1940/1148
f 1132/1909/1132 1158/1958/1158 1157/1956/1157
f 1133/1913/1133 1159/1960/1159 1158/1959/1158
f 1137/1919/1137 1164/1969/1164 1163/1966/1163
f 1140/1928/1140 1167/1976/1167 1166/1975/1166
f 1147/1937/1147 1170/1980/1170 1169/1978/1169
f 1148/1940/1148 1171/1982/1171 1170/1981/1170
f 1157/1956/1157 1183/2005/1183 1182/2002/1182
f 1158/1959/1158 1184/2007/1184 1183/2006/1183
f 1161/1962/1161 1188/2015/1188 1187/2012/1187
f 1162/1965/1162 1189/2018/1189 1188/2016/1188
f 1164/1971/1164 1191/2023/1191 1190/2022/1190
f 1169/1978/1169 1194/2027/1194 1193/2025/1193
f 1170/1981/1170 1195/2029/1195 1194/2028/1194
f 1181/2001/1181 1206/2052/1206 1205/2049/1205
f 1182/2003/1182 1207/2054/1207 1206/2051/1206
f 1183/2006/1183 1208/2056/1208 1207/2055/1207
f 1186/2009/1186 1211/2060/1211 1210/2058/1210
f 1188/2016/1188 1213/2065/1213 1212/2063/1212
f 1189/2019/1189 1214/2067/1214 1213/2066/1213
f 1193/2025/1193 1217/2071/1217 1216/2069/1216
f 1194/2028/1194 1218/2073/1218 1217/2072/1217
f 1205/2047/1205 1227/2091/1227 1226/2088/1226
f 1206/2051/1206 1228/2094/1228 1227/2092/1227
f 1207/2055/1207 1229/2096/1229 1228/2095/1228
f 1210/2058/1210 1232/2100/1232 1231/2098/1231
f 1211/2062/1211 1233/2102/1233 1232/2101/1232
f 1216/2069/1216 1236/2106/1236 1235/2104/1235
f 1217/2072/1217 1237/2108/1237 1236/2107/1236
f 1226/2088/1226 1246/2127/1246 1245/2124/1245
f 1227/2092/1227 1247/2130/1247 1246/2128/1246
f 1228/2095/1228 1248/2132/1248 1247/2131/1247
f 1231/2098/1231 1251/2136/1251 1250/2134/1250
f 1232/2101/1232 1252/2138/1252 1251/2137/1251
f 1235/2104/1235 1257/2147/1257 1256/2144/1256
f 1236/2107/1236 1258/2149/1258 1257/2148/1257
f 1245/2124/1245 1266/2163/1266 1265/2161/1265
f 1246/2128/1246 1267/2167/1267 1266/2164/1266
f 1247/2131/1247 1268/2169/1268 1267/2168/1267
f 1250/2134/1250 1272/2177/1272 1271/2174/1271
f 1251/2137/1251 1273/2179/1273 1272/2178/1272
f 1254/2140/1254 1278/2187/1278 1277/2184/1277
f 1255/2143/1255 1279/2190/1279 1278/2188/1278
f 1257/2148/1257 1281/2195/1281 1280/2194/1280
f 1265/2161/1265 1290/2213/1290 1289/2211/1289
f 1266/2165/1266 1291/2215/1291 1290/2214/1290
f 1270/2171/1270 1294/2220/1294 1293/2217/1293
f 1271/2175/1271 1295/2223/1295 1294/2221/1294
f 1272/2178/1272 1296/2225/1296 1295/2224/1295
f 1275/2181/1275 1299/2232/1299 1298/2229/1298
f 1276/2182/1276 1300/2234/1300 1299/2231/1299
f 1278/2188/1278 1302/2238/1302 1301/2236/1301
f 1279/2191/1279 1303/2240/1303 1302/2239/1302
f 1289/2211/1289 1311/2254/1311 1310/2252/1310
f 1290/2214/1290 1312/2256/1312 1311/2255/1311
f 1293/2217/1293 1315/2260/1315 1314/2258/1314
f 1294/2221/1294 1316/2264/1316 1315/2261/1315
f 1295/2224/1295 1317/2266/1317 1316/2265/1316
f 1298/2227/1298 1320/2270/1320 1319/2268/1319
f 1299/2231/1299 1321/2274/1321 1320/2271/1320
f 1300/2235/1300 1322/2276/1322 1321/2275/1321
f 1310/2253/1310 1329/2289/1329 1328/2287/1328
f 1311/2254/1311 1330/2290/1330 1329/2288/1329
f 1314/2258/1314 1333/2295/1333 1332/2293/1332
f 1315/2262/1315 1334/2297/1334 1333/2296/1333
f 1319/2268/1319 1337/2301/1337 1336/2299/1336
f 1320/2272/1320 1338/2303/1338 1337/2302/1337
f 1329/2288/1329 1345/2313/1345 1344/2311/1344
f 1330/2291/1330 1346/2315/1346 1345/2314/1345
f 1332/2293/1332 1349/2319/1349 1348/2317/1348
f 1333/2296/1333 1350/2321/1350 1349/2320/1349
f 1336/2299/1336 1353/2325/1353 1352/2323/1352
f 1337/2302/1337 1354/2327/1354 1353/2326/1353
f 1344/2311/1344 1360/2336/1360 1359/2334/1359
f 1345/2313/1345 1361/2337/1361 1360/2336/1360
f 1348/2317/1348 1364/2342/1364 1363/2340/1363
f 1349/2320/1349 1365/2344/1365 1364/2343/1364
f 1352/2323/1352 1369/2352/1369 1368/2349/1368
f 1353/2326/1353 1370/2354/1370 1369/2353/1369
f 1360/2336/1360 1378/2368/1378 1377/2366/1377
f 1361/2338/1361 1379/2370/1379 1378/2369/1378
f 1363/2340/1363 1382/2374/1382 1381/2372/1381
f 1364/2343/1364 1383/2376/1383 1382/2375/1382
f 1367/2346/1367 1386/2381/1386 1385/2378/1385
f 1368/2350/1368 1387/2384/1387 1386/2382/1386
f 1369/2353/1369 1388/2386/1388 1387/2385/1387
f 1377/2366/1377 1396/2400/1396 1395/2398/1395
f 1378/2369/1378 1397/2402/1397 1396/2401/1396
f 1381/2372/1381 1400/2406/1400 1399/2404/1399
f 1382/2375/1382 1401/2408/1401 1400/2407/1400
f 1385/2378/1385 1404/2412/1404 1403/2410/1403
f 1386/2382/1386 1405/2415/1405 1404/2413/1404
f 1387/2385/1387 1406/2417/1406 1405/2416/1405
f 1395/2399/1395 1413/2430/1413 1412/2428/1412
f 1396/2400/1396 1414/2431/1414 1413/2429/1413
f 1399/2404/1399 1417/2436/1417 1416/2434/1416
f 1400/2407/1400 1418/2438/1418 1417/2437/1417
f 1403/2410/1403 1421/2443/1421 1420/2440/1420
f 1404/2412/1404 1422/2445/1422 1421/2443/1421
f 1405/2416/1405 1423/2447/1423 1422/2446/1422
f 1413/2429/1413 1445/2476/1445 1444/2474/1444
f 1414/2432/1414 1446/2478/1446 1445/2477/1445
f 1416/2434/1416 1449/2482/1449 1448/2480/1448
f 1417/2437/1417 1450/2484/1450 1449/2483/1449
f 1420/2440/1420 1453/2489/1453 1452/2486/1452
f 1421/2444/1421 1454/2492/1454 1453/2490/1453
f 1422/2446/1422 1455/2494/1455 1454/2493/1454
f 1425/2449/1425 1459/2502/1459 1458/2499/1458
f 1426/2452/1426 1460/2505/1460 1459/2503/1459
f 1444/2474/1444 1482/2538/1482 1481/2536/1481
f 1445/2477/1445 1483/2540/1483 1482/2539/1482
f 1448/2480/1448 1487/2546/1487 1486/2543/1486
f 1449/2483/1449 1488/2548/1488 1487/2547/1487
f 1452/2486/1452 1491/2553/1491 1490/2550/1490
f 1453/2490/1453 1492/2556/1492 1491/2554/1491
f 1454/2493/1454 1493/2558/1493 1492/2557/1492
f 1457/2496/1457 1497/2566/1497 1496/2563/1496
f 1459/2503/1459 1499/2571/1499 1498/2569/1498
f 1460/2506/1460 1500/2573/1500 1499/2572/1499
f 1481/2536/1481 1515/2600/1515 1514/2598/1514
f 1482/2538/1482 1516/2601/1516 1515/2600/1515
f 1485/2542/1485 1519/2609/1519 1518/2606/1518
f 1486/2544/1486 1520/2611/1520 1519/2608/1519
f 1487/2547/1487 1521/2613/1521 1520/2612/1520
f 1490/2550/1490 1524/2617/1524 1523/2615/1523
f 1491/2554/1491 1525/2620/1525 1524/2618/1524
f 1492/2557/1492 1526/2622/1526 1525/2621/1525
f 1495/2560/1495 1529/2626/1529 1528/2624/1528
f 1497/2568/1497 1531/2632/1531 1530/2631/1530
f 1514/2598/1514 1555/2673/1555 1554/2670/1554
f 1515/2600/1515 1556/2675/1556 1555/2673/1555
f 1516/2602/1516 1557/2677/1557 1556/2676/1556
f 1518/2604/1518 1560/2682/1560 1559/2679/1559
f 1519/2608/1519 1561/2685/1561 1560/2683/1560
f 1520/2612/1520 1562/2687/1562 1561/2686/1561
f 1523/2615/1523 1565/2691/1565 1564/2689/1564
f 1524/2617/1524 1566/2692/1566 1565/2691/1565
f 1525/2621/1525 1567/2694/1567 1566/2693/1566
f 1528/2624/1528 1571/2702/1571 1570/2699/1570
f 1529/2628/1529 1572/2704/1572 1571/2703/1571
f 1540/2650/1540 1591/2736/1591 1590/2733/1590
f 1541/2653/1541 1592/2739/1592 1591/2737/1591
f 1554/2670/1554 1610/2770/1610 1609/2767/1609
f 1555/2674/1555 1611/2774/1611 1610/2771/1610
f 1556/2676/1556 1612/2776/1612 1611/2775/1611
f 1559/2679/1559 1615/2780/1615 1614/2778/1614
f 1560/2683/1560 1616/2783/1616 1615/2781/1615
f 1561/2686/1561 1617/2785/1617 1616/2784/1616
f 1564/2689/1564 1620/2789/1620 1619/2787/1619
f 1565/2691/1565 1621/2790/1621 1620/2789/1620
f 1566/2693/1566 1622/2792/1622 1621/2791/1621
f 1569/2696/1569 1626/2800/1626 1625/2797/1625
f 1571/2703/1571 1628/2806/1628 1627/2805/1627
f 1581/2722/1581 1640/2831/1640 1639/2828/1639
f 1582/2725/1582 1641/2834/1641 1640/2832/1640
f 1591/2737/1591 1650/2845/1650 1649/2843/1649
f 1592/2740/1592 1651/2847/1651 1650/2846/1650
f 1607/2763/1607 1663/2868/1663 1662/2865/1662
f 1608/2766/1608 1664/2871/1664 1663/2869/1663
f 1610/2772/1610 1666/2876/1666 1665/2875/1665
f 1614/2778/1614 1669/2880/1669 1668/2878/1668
f 1615/2780/1615 1670/2881/1670 1669/2880/1669
f 1619/2787/1619 1672/2885/1672 1671/2883/1671
f 1620/2789/1620 1673/2886/1673 1672/2885/1672
f 1621/2791/1621 1674/2888/1674 1673/2887/1673
f 1624/2794/1624 1678/2896/1678 1677/2893/1677
f 1626/2802/1626 1680/2902/1680 1679/2901/1679
f 1638/2825/1638 1692/2925/1692 1691/2922/1691
f 1640/2832/1640 1694/2930/1694 1693/2928/1693
f 1641/2835/1641 1695/2932/1695 1694/2931/1694
f 1662/2865/1662 1708/2956/1708 1707/2953/1707
f 1663/2869/1663 1709/2960/1709 1708/2957/1708
f 1664/2872/1664 1710/2962/1710 1709/2961/1709
f 1668/2878/1668 1712/2965/1712 1711/2963/1711
f 1669/2880/1669 1713/2966/1713 1712/2965/1712
f 1670/2882/1670 1714/2968/1714 1713/2967/1713
f 1672/2885/1672 1717/2972/1717 1716/2970/1716
f 1673/2887/1673 1718/2974/1718 1717/2973/1717
f 1676/2890/1676 1723/2983/1723 1722/2980/1722
f 1678/2898/1678 1725/2989/1725 1724/2988/1724
f 1689/2918/1689 1736/3012/1736 1735/3009/1735
f 1690/2921/1690 1737/3015/1737 1736/3013/1736
f 1692/2927/1692 1739/3020/1739 1738/3019/1738
f 1706/2950/1706 1752/3044/1752 1751/3041/1751
f 1707/2954/1707 1753/3047/1753 1752/3045/1752
f 1708/2958/1708 1754/3049/1754 1753/3048/1753
f 1712/2965/1712 1757/3053/1757 1756/3051/1756
f 1713/2967/1713 1758/3055/1758 1757/3054/1757
f 1716/2970/1716 1761/3059/1761 1760/3057/1760
f 1717/2973/1717 1762/3061/1762 1761/3060/1761
f 1720/2976/1720 1766/3069/1766 1765/3066/1765
f 1721/2979/1721 1767/3072/1767 1766/3070/1766
f 1723/2985/1723 1769/3077/1769 1768/3076/1768
f 1733/3005/1733 1781/3097/1781 1780/3094/1780
f 1734/3008/1734 1782/3100/1782 1781/3098/1781
f 1736/3013/1736 1784/3104/1784 1783/3102/1783
f 1737/3016/1737 1785/3106/1785 1784/3105/1784
f 1750/3038/1750 1798/3130/1798 1797/3127/1797
f 1751/3042/1751 1799/3133/1799 1798/3131/1798
f 1752/3045/1752 1800/3136/1800 1799/3133/1799
f 1753/3048/1753 1801/3138/1801 1800/3137/1800
f 1756/3051/1756 1804/3142/1804 1803/3140/1803
f 1757/3054/1757 1805/3144/1805 1804/3143/1804
f 1760/3057/1760 1808/3148/1808 1807/3146/1807
f 1761/3059/1761 1809/3149/1809 1808/3148/1808
f 1764/3063/1764 1812/3154/1812 1811/3152/1811
f 1766/3070/1766 1814/3159/1814 1813/3157/1813
f 1767/3073/1767 1815/3161/1815 1814/3160/1814
f 1777/3091/1777 1821/3173/1821 1820/3171/1820
f 1781/3098/1781 1825/3179/1825 1824/3177/1824
f 1782/3101/1782 1826/3181/1826 1825/3180/1825
f 1796/3124/1796 1840/3203/1840 1839/3200/1839
f 1798/3131/1798 1842/3208/1842 1841/3206/1841
f 1799/3134/1799 1843/3210/1843 1842/3209/1842
f 1803/3140/1803 1846/3214/1846 1845/3212/1845
f 1804/3143/1804 1847/3216/1847 1846/3215/1846
f 1807/3146/1807 1850/3221/1850 1849/3218/1849
f 1808/3148/1808 1851/3223/1851 1850/3221/1850
f 1809/3150/1809 1852/3225/1852 1851/3224/1851
f 1811/3152/1811 1855/3229/1855 1854/3227/1854
f 1812/3156/1812 1856/3231/1856 1855/3230/1855
f 1821/3174/1821 1859/3235/1859 1858/3234/1858
f 1836/3195/1836 1892/3275/1892 1891/3272/1891
f 1837/3198/1837 1893/3278/1893 1892/3276/1892
f 1840/3205/1840 1896/3284/1896 1895/3283/1895
f 1845/3212/1845 1899/3288/1899 1898/3286/1898
f 1846/3214/1846 1900/3289/1900 1899/3288/1899
f 1849/3218/1849 1903/3294/1903 1902/3292/1902
f 1850/3222/1850 1904/3297/1904 1903/3295/1903
f 1851/3224/1851 1905/3299/1905 1904/3298/1904
f 1854/3227/1854 1908/3303/1908 1907/3301/1907
f 1855/3230/1855 1909/3305/1909 1908/3304/1908
f 1870/3250/1870 1926/3333/1926 1925/3331/1925
f 1871/3251/1871 1927/3335/1927 1926/3332/1926
f 1872/3253/1872 1928/3337/1928 1927/3335/1927
f 1892/3276/1892 1948/3359/1948 1947/3357/1947
f 1893/3279/1893 1949/3361/1949 1948/3360/1948
f 1898/3286/1898 1952/3366/1952 1951/3363/1951
f 1899/3288/1899 1953/3368/1953 1952/3366/1952
f 1900/3290/1900 1954/3370/1954 1953/3369/1953
f 1902/3292/1902 1957/3375/1957 1956/3372/1956
f 1903/3294/1903 1958/3377/1958 1957/3375/1957
f 1904/3298/1904 1959/3379/1959 1958/3378/1958
f 1907/3301/1907 1962/3383/1962 1961/3381/1961
f 1908/3304/1908 1963/3385/1963 1962/3384/1962
f 1921/3324/1921 1981/3417/1981 1980/3414/1980
f 1922/3327/1922 1982/3420/1982 1981/3418/1981
f 1926/3332/1926 1986/3425/1986 1985/3424/1985
f 1927/3335/1927 1987/3427/1987 1986/3425/1986
f 1928/3338/1928 1988/3429/1988 1987/3428/1987
f 1951/3363/1951 1991/3433/1991 1990/3431/1990
f 1952/3367/1952 1992/3436/1992 1991/3434/1991
f 1953/3369/1953 1993/3438/1993 1992/3437/1992
f 1956/3372/1956 1996/3443/1996 1995/3440/1995
f 1957/3376/1957 1997/3446/1997 1996/3444/1996
f 1958/3378/1958 1998/3448/1998 1997/3447/1997
f 1961/3381/1961 2002/3456/2002 2001/3453/2001
f 1962/3384/1962 2003/3458/2003 2002/3457/2002
f 1977/3409/1977 2021/3491/2021 2020/3488/2020
f 1978/3412/1978 2022/3494/2022 2021/3492/2021
f 1981/3418/1981 2025/3499/2025 2024/3497/2024
f 1982/3421/1982 2026/3501/2026 2025/3500/2025
f 1990/3431/1990 2029/3506/2029 2028/3503/2028
f 1991/3433/1991 2030/3508/2030 2029/3506/2029
f 1992/3437/1992 2031/3510/2031 2030/3509/2030
f 1995/3440/1995 2034/3514/2034 2033/3512/2033
f 1996/3444/1996 2035/3518/2035 2034/3515/2034
f 1997/3447/1997 2036/3520/2036 2035/3519/2035
f 2000/3450/2000 2039/3525/2039 2038/3522/2038
f 2001/3454/2001 2040/3528/2040 2039/3526/2039
f 2002/3457/2002 2041/3530/2041 2040/3529/2040
f 2016/3482/2016 2060/3563/2060 2059/3560/2059
f 2017/3485/2017 2061/3566/2061 2060/3564/2060
f 2021/3493/2021 2065/3572/2065 2064/3571/2064
f 2022/3495/2022 2066/3573/2066 2065/3572/2065
f 2028/3503/2028 2069/3578/2069 2068/3575/2068
f 2029/3507/2029 2070/3581/2070 2069/3579/2069
f 2030/3509/2030 2071/3583/2071 2070/3582/2070
f 2033/3512/2033 2074/3587/2074 2073/3585/2073
f 2034/3516/2034 2075/3589/2075 2074/3588/2074
f 2038/3522/2038 2078/3594/2078 2077/3591/2077
f 2039/3526/2039 2079/3597/2079 2078/3595/2078
f 2040/3529/2040 2080/3599/2080 2079/3598/2079
f 2058/3557/2058 2095/3625/2095 2094/3622/2094
f 2059/3561/2059 2096/3628/2096 2095/3626/2095
f 2060/3564/2060 2097/3631/2097 2096/3628/2096
f 2061/3567/2061 2098/3633/2098 2097/3632/2097
f 2068/3575/2068 2101/3637/2101 2100/3635/2100
f 2069/3579/2069 2102/3641/2102 2101/3638/2101
f 2070/3582/2070 2103/3643/2103 2102/3642/2102
f 2073/3585/2073 2106/3647/2106 2105/3645/2105
f 2074/3588/2074 2107/3649/2107 2106/3648/2106
f 2077/3591/2077 2110/3653/2110 2109/3651/2109
f 2078/3595/2078 2111/3656/2111 2110/3654/2110
f 2079/3598/2079 2112/3658/2112 2111/3657/2111
f 2095/3627/2095 2122/3672/2122 2121/3671/2121
f 2096/3629/2096 2123/3673/2123 2122/3672/2122
f 2100/3635/2100 2125/3676/2125 2124/3674/2124
f 2101/3639/2101 2126/3678/2126 2125/3677/2125
f 2105/3645/2105 2130/3686/2130 2129/3683/2129
f 2106/3648/2106 2131/3688/2131 2130/3687/2130
f 2109/3651/2109 2133/3691/2133 2132/3689/2132
f 2110/3653/2110 2134/3692/2134 2133/3691/2133
f 2111/3657/2111 2135/3694/2135 2134/3693/2134
f 2125/3676/2125 2140/3700/2140 2139/3699/2139
f 2126/3678/2126 2141/3702/2141 2140/3701/2140
f 2128/3680/2128 2144/3706/2144 2143/3704/2143
f 2129/3684/2129 2145/3709/2145 2144/3707/2144
f 2130/3687/2130 2146/3711/2146 2145/3710/2145
f 2133/3691/2133 2150/3718/2150 2149/3716/2149
f 2134/3693/2134 2151/3720/2151 2150/3719/2150
f 2143/3704/2143 2159/3731/2159 2158/3729/2158
f 2144/3706/2144 2160/3732/2160 2159/3731/2159
f 2145/3710/2145 2161/3734/2161 2160/3733/2160
f 2148/3713/2148 2164/3739/2164 2163/3736/2163
f 2149/3717/2149 2165/3742/2165 2164/3740/2164
f 2150/3719/2150 2166/3744/2166 2165/3743/2165
f 2153/3722/2153 2168/3746/2168 2167/3745/2167
f 2154/3724/2154 2169/3748/2169 2168/3747/2168
f 2156/3726/2156 2171/3751/2171 2170/3749/2170
f 2157/3728/2157 2172/3752/2172 2171/3751/2171
f 2159/3731/2159 2175/3757/2175 2174/3755/2174
f 2160/3733/2160 2176/3759/2176 2175/3758/2175
f 2163/3736/2163 2179/3764/2179 2178/3761/2178
f 2164/3740/2164 2180/3768/2180 2179/3765/2179
f 2165/3743/2165 2181/3770/2181 2180/3769/2180
f 2171/3751/2171 2185/3774/2185 2184/3773/2184
f 2172/3753/2172 2186/3776/2186 2185/3775/2185
f 2174/3755/2174 2189/3780/2189 2188/3778/2188
f 2175/3758/2175 2190/3782/2190 2189/3781/2189
f 2178/3761/2178 2193/3786/2193 2192/3784/2192
f 2179/3766/2179 2194/3789/2194 2193/3788/2193
f 2180/3769/2180 2195/3790/2195 2194/3789/2194
f 2185/3774/2185 2199/3794/2199 2198/3793/2198
f 2186/3776/2186 2200/3796/2200 2199/3795/2199
f 2188/3778/2188 2202/3799/2202 2201/3797/2201
f 2189/3780/2189 2203/3800/2203 2202/3799/2202
f 2192/3784/2192 2207/3809/2207 2206/3806/2206
f 2193/3788/2193 2208/3811/2208 2207/3810/2207
f 2202/3799/2202 2216/3821/2216 2215/3819/2215
f 2203/3801/2203 2217/3823/2217 2216/3822/2216
f 2205/3803/2205 2220/3828/2220 2219/3825/2219
f 2206/3807/2206 2221/3831/2221 2220/3829/2220
f 2207/3810/2207 2222/3833/2222 2221/3832/2221
f 2215/3819/2215 2230/3843/2230 2229/3841/2229
f 2216/3822/2216 2231/3845/2231 2230/3844/2230
f 2219/3825/2219 2234/3849/2234 2233/3847/2233
f 2220/3829/2220 2235/3852/2235 2234/3850/2234
f 2221/3832/2221 2236/3854/2236 2235/3853/2235
f 2229/3841/2229 2243/3864/2243 2242/3862/2242
f 2230/3844/2230 2244/3866/2244 2243/3865/2243
f 2233/3848/2233 2246/3869/2246 2245/3867/2245
f 2234/3849/2234 2247/3870/2247 2246/3868/2246
f 2235/3853/2235 2248/3872/2248 2247/3871/2247
f 2246/3868/2246 2259/3887/2259 2258/3885/2258
f 2247/3871/2247 2260/3889/2260 2259/3888/2259
f 2255/3880/2255 2267/3897/2267 2266/3895/2266
f 2256/3883/2256 2268/3899/2268 2267/3898/2267
f 2258/3885/2258 2271/3903/2271 2270/3901/2270
f 2259/3888/2259 2272/3905/2272 2271/3904/2271
f 2266/3895/2266 2278/3912/2278 2277/3910/2277
f 2267/3898/2267 2279/3914/2279 2278/3913/2278
f 2270/3901/2270 2282/3918/2282 2281/3916/2281
f 2271/3904/2271 2283/3920/2283 2282/3919/2282
f 2281/3916/2281 2293/3935/2293 2292/3933/2292
f 2282/3918/2282 2294/3936/2294 2293/3935/2293
f 2290/3929/2290 2302/3948/2302 2301/3946/2301
f 2291/3932/2291 2303/3950/2303 2302/3949/2302
f 2293/3935/2293 2306/3954/2306 2305/3952/2305
f 2294/3937/2294 2307/3956/2307 2306/3955/2306
f 2301/3946/2301 2316/3969/2316 2315/3967/2315
f 2302/3949/2302 2317/3971/2317 2316/3970/2316
f 2305/3952/2305 2319/3974/2319 2318/3972/2318
f 2306/3955/2306 2320/3976/2320 2319/3975/2319
f 2309/3958/2309 2322/3979/2322 2321/3977/2321
f 2310/3961/2310 2323/3981/2323 2322/3980/2322
f 2315/3967/2315 2328/3989/2328 2327/3987/2327
f 2316/3969/2316 2329/3990/2329 2328/3989/2328
f 2319/3974/2319 2332/3995/2332 2331/3993/2331
f 2320/3976/2320 2333/3997/2333 2332/3996/2332
f 2328/3989/2328 2342/4009/2342 2341/4007/2341
f 2329/3991/2329 2343/4011/2343 2342/4010/2342
f 2331/3993/2331 2345/4014/2345 2344/4012/2344
f 2332/3995/2332 2346/4015/2346 2345/4014/2345
f 2335/4000/2335 2348/4019/2348 2347/4017/2347
f 2336/4001/2336 2349/4020/2349 2348/4018/2348
f 2341/4007/2341 2353/4026/2353 2352/4024/2352
f 2342/4009/2342 2354/4027/2354 2353/4026/2353
f 2345/4014/2345 2356/4030/2356 2355/4029/2355
f 2346/4016/2346 2357/4032/2357 2356/4031/2356
f 2348/4018/2348 2359/4035/2359 2358/4033/2358
f 2349/4021/2349 2360/4037/2360 2359/4036/2359
f 2353/4026/2353 2365/4043/2365 2364/4041/2364
f 2354/4028/2354 2366/4045/2366 2365/4044/2365
f 2364/4041/2364 2375/4057/2375 2374/4055/2374
f 2365/4044/2365 2376/4059/2376 2375/4058/2375
f 2370/4049/2370 2382/4067/2382 2381/4065/2381
f 2371/4052/2371 2383/4069/2383 2382/4068/2382
f 2378/4061/2378 2390/4079/2390 2389/4077/2389
f 2379/4063/2379 2391/4080/2391 2390/4079/2390
f 2381/4065/2381 2393/4084/2393 2392/4082/2392
f 2382/4067/2382 2394/4085/2394 2393/4084/2393
f 2383/4069/2383 2395/4087/2395 2394/4086/2394
f 2387/4073/2387 2399/4092/2399 2398/4090/2398
f 2388/4076/2388 2400/4094/2400 2399/4093/2399
f 2390/4079/2390 2402/4096/2402 2401/4095/2401
f 2391/4081/2391 2403/4098/2403 2402/4097/2402
f 2393/4084/2393 2406/4102/2406 2405/4100/2405
f 2394/4086/2394 2407/4104/2407 2406/4103/2406
f 2405/4100/2405 2417/4117/2417 2416/4115/2416
f 2406/4102/2406 2418/4118/2418 2417/4117/2417
f 2411/4108/2411 2422/4124/2422 2421/4122/2421
f 2412/4110/2412 2423/4125/2423 2422/4124/2422
f 2414/4112/2414 2425/4129/2425 2424/4127/2424
f 2415/4114/2415 2426/4130/2426 2425/4129/2425
f 2417/4117/2417 2428/4133/2428 2427/4132/2427
f 2418/4119/2418 2429/4135/2429 2428/4134/2428
f 2422/4124/2422 2435/4143/2435 2434/4141/2434
f 2423/4126/2423 2436/4145/2436 2435/4144/2435
f 2425/4129/2425 2438/4147/2438 2437/4146/2437
f 2426/4131/2426 2439/4149/2439 2438/4148/2438
f 2434/4141/2434 2448/4163/2448 2447/4161/2447
f 2435/4144/2435 2449/4165/2449 2448/4164/2448
f 2441/4151/2441 2455/4174/2455 2454/4172/2454
f 2442/4154/2442 2456/4176/2456 2455/4175/2455
f 2447/4161/2447 2462/4184/2462 2461/4182/2461
f 2448/4164/2448 2463/4186/2463 2462/4185/2462
f 2451/4167/2451 2465/4189/2465 2464/4187/2464
f 2452/4170/2452 2466/4191/2466 2465/4190/2465
f 2454/4172/2454 2468/4194/2468 2467/4192/2467
f 2455/4174/2455 2469/4195/2469 2468/4194/2468
f 2461/4182/2461 2476/4208/2476 2475/4205/2475
f 2462/4185/2462 2477/4210/2477 2476/4209/2476
f 2465/4189/2465 2480/4214/2480 2479/4212/2479
f 2466/4191/2466 2481/4216/2481 2480/4215/2480
f 2468/4194/2468 2484/4220/2484 2483/4218/2483
f 2469/4196/2469 2485/4222/2485 2484/4221/2484
f 2474/4202/2474 2493/4236/2493 2492/4233/2492
f 2476/4209/2476 2495/4242/2495 2494/4241/2494
f 2479/4212/2479 2497/4245/2497 2496/4243/2496
f 2480/4214/2480 2498/4246/2498 2497/4245/2497
f 2483/4218/2483 2501/4251/2501 2500/4249/2500
f 2484/4221/2484 2502/4253/2502 2501/4252/2501
f 2490/4229/2490 2511/4267/2511 2510/4264/2510
f 2491/4232/2491 2512/4270/2512 2511/4268/2511
f 2493/4238/2493 2514/4275/2514 2513/4274/2513
f 2497/4245/2497 2516/4277/2516 2515/4276/2515
f 2498/4247/2498 2517/4279/2517 2516/4278/2516
f 2500/4249/2500 2519/4282/2519 2518/4280/2518
f 2501/4252/2501 2520/4284/2520 2519/4283/2519
f 2507/4259/2507 2528/4297/2528 2527/4294/2527
f 2508/4262/2508 2529/4300/2529 2528/4298/2528
f 2511/4268/2511 2532/4305/2532 2531/4303/2531
f 2512/4271/2512 2533/4307/2533 2532/4306/2532
f 2519/4282/2519 2539/4315/2539 2538/4313/2538
f 2520/4284/2520 2540/4317/2540 2539/4316/2539
f 2525/4290/2525 2547/4330/2547 2546/4327/2546
f 2526/4293/2526 2548/4333/2548 2547/4331/2547
f 2528/4298/2528 2550/4337/2550 2549/4335/2549
f 2529/4301/2529 2551/4339/2551 2550/4338/2550
f 2535/4309/2535 2553/4342/2553 2552/4340/2552
f 2536/4311/2536 2554/4343/2554 2553/4342/2553
f 2538/4313/2538 2556/4347/2556 2555/4345/2555
f 2539/4316/2539 2557/4349/2557 2556/4348/2556
f 2545/4324/2545 2567/4365/2567 2566/4362/2566
f 2547/4331/2547 2569/4370/2569 2568/4368/2568
f 2548/4334/2548 2570/4372/2570 2569/4371/2569
f 2553/4342/2553 2573/4376/2573 2572/4374/2572
f 2554/4344/2554 2574/4378/2574 2573/4377/2573
f 2563/4357/2563 2596/4407/2596 2595/4404/2595
f 2564/4360/2564 2597/4410/2597 2596/4408/2596
f 2567/4367/2567 2600/4416/2600 2599/4415/2599
f 2572/4374/2572 2602/4419/2602 2601/4417/2601
f 2573/4376/2573 2603/4420/2603 2602/4419/2602
f 2576/4380/2576 2605/4424/2605 2604/4422/2604
f 2577/4383/2577 2606/4426/2606 2605/4425/2605
f 2582/4390/2582 2613/4438/2613 2612/4436/2612
f 2583/4391/2583 2614/4440/2614 2613/4437/2613
f 2584/4393/2584 2615/4442/2615 2614/4440/2614
f 2596/4408/2596 2627/4456/2627 2626/4454/2626
f 2597/4411/2597 2628/4458/2628 2627/4457/2627
f 2602/4419/2602 2630/4460/2630 2629/4459/2629
f 2603/4421/2603 2631/4462/2631 2630/4461/2630
f 2611/4432/2611 2639/4474/2639 2638/4471/2638
f 2612/4435/2612 2640/4477/2640 2639/4475/2639
f 2613/4437/2613 2641/4479/2641 2640/4477/2640
f 2614/4440/2614 2642/4481/2642 2641/4479/2641
f 2615/4443/2615 2643/4483/2643 2642/4482/2642
f 2637/4468/2637 2656/4505/2656 2655/4502/2655
f 2639/4475/2639 2658/4510/2658 2657/4508/2657
f 2640/4478/2640 2659/4512/2659 2658/4511/2658
f 2645/4485/2645 2661/4515/2661 2660/4513/2660
f 2646/4487/2646 2662/4516/2662 2661/4515/2661
f 2648/4489/2648 2664/4520/2664 2663/4518/2663
f 2649/4492/2649 2665/4522/2665 2664/4521/2664
f 2654/4499/2654 2671/4532/2671 2670/4529/2670
f 2655/4503/2655 2672/4535/2672 2671/4533/2671
f 2656/4507/2656 2673/4537/2673 2672/4536/2672
f 2661/4515/2661 2675/4539/2675 2674/4538/2674
f 2662/4517/2662 2676/4541/2676 2675/4540/2675
f 2670/4529/2670 2685/4554/2685 2684/4552/2684
f 2671/4533/2671 2686/4557/2686 2685/4555/2685
f 2672/4536/2672 2687/4559/2687 2686/4558/2686
f 2678/4543/2678 2691/4564/2691 2690/4562/2690
f 2679/4545/2679 2692/4565/2692 2691/4564/2691
f 2684/4552/2684 2697/4574/2697 2696/4572/2696
f 2685/4554/2685 2698/4575/2698 2697/4574/2697
f 2686/4558/2686 2699/4577/2699 2698/4576/2698
f 2691/4564/2691 2703/4581/2703 2702/4580/2702
f 2692/4566/2692 2704/4583/2704 2703/4582/2703
f 2697/4574/2697 2709/4589/2709 2708/4587/2708
f 2698/4576/2698 2710/4591/2710 2709/4590/2709
f 2708/4587/2708 2718/4600/2718 2717/4598/2717
f 2709/4589/2709 2719/4601/2719 2718/4600/2718
f 2718/4600/2718 2728/4612/2728 2727/4610/2727
f 2719/4602/2719 2729/4614/2729 2728/4613/2728
f 2727/4610/2727 2738/4625/2738 2737/4623/2737
f 2728/4612/2728 2739/4626/2739 2738/4625/2738
f 2738/4625/2738 2750/4642/2750 2749/4640/2749
f 2739/4627/2739 2751/4644/2751 2750/4643/2750
f 2749/4640/2749 2763/4661/2763 2762/4659/2762
f 2750/4643/2750 2764/4663/2764 2763/4662/2763
f 2762/4659/2762 2775/4679/2775 2774/4677/2774
f 2763/4661/2763 2776/4680/2776 2775/4679/2775
f 2772/4674/2772 2785/4695/2785 2784/4693/2784
f 2773/4676/2773 2786/4696/2786 2785/4695/2785
f 2775/4679/2775 2789/4701/2789 2788/4699/2788
f 2776/4681/2776 2790/4703/2790 2789/4702/2789
f 2785/4695/2785 2799/4716/2799 2798/4715/2798
f 2786/4697/2786 2800/4718/2800 2799/4717/2799
f 2788/4699/2788 2803/4722/2803 2802/4720/2802
f 2789/4702/2789 2804/4724/2804 2803/4723/2803
f 2802/4720/2802 2817/4743/2817 2816/4741/2816
f 2803/4723/2803 2818/4745/2818 2817/4744/2817
f 2813/4737/2813 2827/4759/2827 2826/4757/2826
f 2814/4739/2814 2828/4760/2828 2827/4759/2827
f 2816/4741/2816 2831/4765/2831 2830/4763/2830
f 2817/4743/2817 2832/4766/2832 2831/4765/2831
f 2827/4759/2827 2842/4781/2842 2841/4779/2841
f 2828/4761/2828 2843/4783/2843 2842/4782/2842
f 2830/4763/2830 2846/4788/2846 2845/4785/2845
f 2831/4765/2831 2847/4790/2847 2846/4788/2846
f 2832/4767/2832 2848/4792/2848 2847/4791/2847
f 2841/4779/2841 2858/4807/2858 2857/4805/2857
f 2842/4782/2842 2859/4809/2859 2858/4808/2858
f 2845/4785/2845 2863/4817/2863 2862/4814/2862
f 2846/4789/2846 2864/4821/2864 2863/4818/2863
f 2847/4791/2847 2865/4823/2865 2864/4822/2864
f 2857/4805/2857 2876/4841/2876 2875/4839/2875
f 2858/4808/2858 2877/4843/2877 2876/4842/2876
f 2861/4811/2861 2880/4848/2880 2879/4845/2879
f 2862/4815/2862 2881/4851/2881 2880/4849/2880
f 2863/4819/2863 2882/4853/2882 2881/4852/2881
f 2875/4839/2875 2893/4871/2893 2892/4869/2892
f 2876/4842/2876 2894/4873/2894 2893/4872/2893
f 2879/4845/2879 2899/4882/2899 2898/4879/2898
f 2880/4849/2880 2900/4886/2900 2899/4883/2899
f 2881/4852/2881 2901/4888/2901 2900/4887/2900
f 2892/4869/2892 2913/4911/2913 2912/4909/2912
f 2893/4872/2893 2914/4913/2914 2913/4912/2913
f 2896/4875/2896 2917/4918/2917 2916/4915/2916
f 2897/4878/2897 2918/4921/2918 2917/4919/2917
f 2899/4884/2899 2920/4926/2920 2919/4925/2919
f 2912/4909/2912 2932/4948/2932 2931/4946/2931
f 2913/4912/2913 2933/4950/2933 2932/4949/2932
f 2916/4915/2916 2937/4958/2937 2936/4955/2936
f 2917/4919/2917 2938/4962/2938 2937/4959/2937
f 2918/4922/2918 2939/4964/2939 2938/4963/2938
f 2931/4946/2931 2950/4981/2950 2949/4979/2949
f 2932/4949/2932 2951/4983/2951 2950/4982/2950
f 2935/4952/2935 2955/4991/2955 2954/4988/2954
f 2937/4960/2937 2957/4997/2957 2956/4996/2956
f 2949/4979/2949 2968/5018/2968 2967/5015/2967
f 2950/4981/2950 2969/5020/2969 2968/5018/2968
f 2953/4985/2953 2972/5025/2972 2971/5023/2971
f 2955/4993/2955 2974/5031/2974 2973/5030/2973
f 2967/5015/2967 2986/5052/2986 2985/5050/2985
f 2968/5019/2968 2987/5056/2987 2986/5053/2986
f 2969/5021/2969 2988/5058/2988 2987/5057/2987
f 2971/5023/2971 2991/5062/2991 2990/5060/2990
f 2972/5027/2972 2992/5064/2992 2991/5063/2991
f 2976/5033/2976 2994/5067/2994 2993/5065/2993
f 2977/5035/2977 2995/5068/2995 2994/5067/2994
f 2985/5050/2985 3004/5086/3004 3003/5084/3003
f 2986/5054/2986 3005/5088/3005 3004/5087/3004
f 2990/5060/2990 3008/5092/3008 3007/5090/3007
f 2991/5063/2991 3009/5094/3009 3008/5093/3008
f 2994/5067/2994 3011/5096/3011 3010/5095/3010
f 2995/5069/2995 3012/5098/3012 3011/5097/3011
f 3003/5084/3003 3022/5117/3022 3021/5115/3021
f 3004/5087/3004 3023/5119/3023 3022/5118/3022
f 3007/5090/3007 3026/5124/3026 3025/5121/3025
f 3008/5092/3008 3027/5126/3027 3026/5124/3026
f 3021/5115/3021 3038/5146/3038 3037/5144/3037
f 3022/5118/3022 3039/5148/3039 3038/5147/3038
f 3025/5121/3025 3042/5153/3042 3041/5150/3041
f 3026/5125/3026 3043/5156/3043 3042/5154/3042
f 3027/5127/3027 3044/5158/3044 3043/5157/3043
f 3037/5144/3037 3055/5178/3055 3054/5176/3054
f 3038/5147/3038 3056/5180/3056 3055/5179/3055
f 3041/5150/3041 3059/5184/3059 3058/5182/3058
f 3042/5154/3042 3060/5188/3060 3059/5185/3059
f 3043/5157/3043 3061/5190/3061 3060/5189/3060
f 3054/5177/3054 3072/5211/3072 3071/5209/3071
f 3055/5178/3055 3073/5212/3073 3072/5210/3072
f 3058/5182/3058 3076/5217/3076 3075/5215/3075
f 3059/5186/3059 3077/5219/3077 3076/5218/3076
f 3063/5192/3063 3080/5223/3080 3079/5221/3079
f 3064/5195/3064 3081/5225/3081 3080/5224/3080
f 3072/5210/3072 3089/5241/3089 3088/5239/3088
f 3073/5213/3073 3090/5243/3090 3089/5242/3089
f 3075/5215/3075 3093/5247/3093 3092/5245/3092
f 3076/5217/3076 3094/5248/3094 3093/5247/3093
f 3079/5221/3079 3096/5252/3096 3095/5250/3095
f 3080/5223/3080 3097/5253/3097 3096/5252/3096
f 3092/5245/3092 3108/5274/3108 3107/5271/3107
f 3093/5247/3093 3109/5276/3109 3108/5274/3108
f 3094/5249/3094 3110/5278/3110 3109/5277/3109
f 3096/5252/3096 3112/5280/3112 3111/5279/3111
f 3097/5254/3097 3113/5282/3113 3112/5281/3112
f 3104/5266/3104 3119/5291/3119 3118/5289/3118
f 3105/5269/3105 3120/5293/3120 3119/5292/3119
f 3107/5271/3107 3123/5298/3123 3122/5295/3122
f 3108/5275/3108 3124/5301/3124 3123/5299/3123
f 3109/5277/3109 3125/5303/3125 3124/5302/3124
f 3122/5295/3122 3136/5318/3136 3135/5316/3135
f 3123/5299/3123 3137/5322/3137 3136/5319/3136
f 3124/5302/3124 3138/5324/3138 3137/5323/3137
f 3127/5305/3127 3140/5327/3140 3139/5325/3139
f 3128/5307/3128 3141/5328/3141 3140/5327/3140
f 3135/5316/3135 3150/5340/3150 3149/5338/3149
f 3136/5320/3136 3151/5342/3151 3150/5341/3150
f 3140/5327/3140 3165/5361/3165 3164/5359/3164
f 3141/5328/3141 3166/5362/3166 3165/5361/3165
f 3146/5334/3146 3170/5367/3170 3169/5365/3169
f 3147/5336/3147 3171/5368/3171 3170/5367/3170
f 3149/5339/3149 3173/5371/3173 3172/5369/3172
f 3150/5340/3150 3174/5372/3174 3173/5370/3173
f 3151/5342/3151 3175/5374/3175 3174/5373/3174
f 3153/5344/3153 3181/5384/3181 3180/5381/3180
f 3154/5347/3154 3182/5387/3182 3181/5385/3181
f 3173/5370/3173 3205/5422/3205 3204/5420/3204
f 3174/5373/3174 3206/5424/3206 3205/5423/3205
f 3177/5376/3177 3209/5429/3209 3208/5426/3208
f 3178/5379/3178 3210/5432/3210 3209/5430/3209
f 3181/5385/3181 3213/5437/3213 3212/5435/3212
f 3182/5388/3182 3214/5439/3214 3213/5438/3213
f 3198/5412/3198 3225/5458/3225 3224/5456/3224
f 3199/5414/3199 3226/5459/3226 3225/5458/3225
f 3204/5420/3204 3230/5465/3230 3229/5463/3229
f 3205/5423/3205 3231/5467/3231 3230/5466/3230
f 3208/5426/3208 3234/5471/3234 3233/5469/3233
f 3209/5430/3209 3235/5475/3235 3234/5472/3234
f 3210/5433/3210 3236/5477/3236 3235/5476/3235
f 3225/5458/3225 3246/5491/3246 3245/5490/3245
f 3226/5460/3226 3247/5493/3247 3246/5492/3246
f 3233/5469/3233 3256/5507/3256 3255/5505/3255
f 3234/5473/3234 3257/5509/3257 3256/5508/3256
f 3252/5500/3252 3274/5534/3274 3273/5532/3273
f 3253/5503/3253 3275/5536/3275 3274/5535/3274
f 3255/5505/3255 3278/5540/3278 3277/5538/3277
f 3256/5508/3256 3279/5542/3279 3278/5541/3278
f 3266/5523/3266 3290/5558/3290 3289/5556/3289
f 3267/5524/3267 3291/5559/3291 3290/5557/3290
f 3273/5532/3273 3298/5570/3298 3297/5568/3297
f 3274/5535/3274 3299/5572/3299 3298/5571/3298
f 3277/5538/3277 3302/5576/3302 3301/5574/3301
f 3278/5541/3278 3303/5578/3303 3302/5577/3302
f 3290/5557/3290 3314/5594/3314 3313/5592/3313
f 3291/5560/3291 3315/5596/3315 3314/5595/3314
f 3297/5569/3297 3321/5605/3321 3320/5603/3320
f 3298/5570/3298 3322/5606/3322 3321/5604/3321
f 3301/5574/3301 3325/5611/3325 3324/5609/3324
f 3302/5577/3302 3326/5613/3326 3325/5612/3325
f 3313/5592/3313 3338/5633/3338 3337/5631/3337
f 3314/5595/3314 3339/5635/3339 3338/5634/3338
f 3321/5604/3321 3345/5644/3345 3344/5642/3344
f 3322/5607/3322 3346/5646/3346 3345/5645/3345
f 3324/5609/3324 3349/5650/3349 3348/5648/3348
f 3325/5612/3325 3350/5652/3350 3349/5651/3349
f 3337/5631/3337 3362/5672/3362 3361/5670/3361
f 3338/5634/3338 3363/5674/3363 3362/5673/3362
f 3348/5648/3348 3398/5716/3398 3397/5714/3397
f 3349/5651/3349 3399/5718/3399 3398/5717/3398
f 3361/5670/3361 3411/5741/3411 3410/5739/3410
f 3362/5672/3362 3412/5742/3412 3411/5741/3411
f 3365/5676/3365 3417/5752/3417 3416/5749/3416
f 3397/5714/3397 3453/5803/3453 3452/5801/3452
f 3398/5717/3398 3454/5805/3454 3453/5804/3453
f 3411/5741/3411 3468/5832/3468 3467/5830/3467
f 3412/5743/3412 3469/5834/3469 3468/5833/3468
f 3414/5745/3414 3473/5842/3473 3472/5839/3472
f 3415/5748/3415 3474/5845/3474 3473/5843/3473
f 3417/5754/3417 3476/5850/3476 3475/5849/3475
f 3452/5801/3452 3494/5883/3494 3493/5881/3493
f 3453/5804/3453 3495/5885/3495 3494/5884/3494
f 3467/5830/3467 3509/5914/3509 3508/5912/3508
f 3468/5832/3468 3510/5915/3510 3509/5914/3509
f 3471/5836/3471 3513/5921/3513 3512/5918/3512
f 3472/5840/3472 3514/5924/3514 3513/5922/3513
f 3473/5843/3473 3515/5927/3515 3514/5924/3514
f 3474/5846/3474 3516/5929/3516 3515/5928/3515
f 3490/5877/3490 3530/5957/3530 3529/5955/3529
f 3491/5879/3491 3531/5958/3531 3530/5957/3530
f 3493/5881/3493 3534/5963/3534 3533/5961/3533
f 3494/5884/3494 3535/5965/3535 3534/5964/3534
f 3509/5914/3509 3561/6006/3561 3560/6004/3560
f 3510/5916/3510 3562/6008/3562 3561/6007/3561
f 3512/5918/3512 3565/6012/3565 3564/6010/3564
f 3513/5922/3513 3566/6015/3566 3565/6013/3565
f 3514/5925/3514 3567/6017/3567 3566/6016/3566
f 3530/5957/3530 3582/6045/3582 3581/6044/3581
f 3531/5959/3531 3583/6047/3583 3582/6046/3582
f 3533/5961/3533 3585/6050/3585 3584/6048/3584
f 3534/5963/3534 3586/6051/3586 3585/6050/3585
f 3547/5984/3547 3596/6067/3596 3595/6066/3595
f 3548/5985/3548 3597/6068/3597 3596/6067/3596
f 3549/5986/3549 3598/6071/3598 3597/6068/3597
f 3560/6004/3560 3624/6107/3624 3623/6105/3623
f 3561/6006/3561 3625/6108/3625 3624/6107/3624
f 3564/6010/3564 3627/6112/3627 3626/6110/3626
f 3565/6012/3565 3628/6113/3628 3627/6112/3627
f 3585/6050/3585 3645/6143/3645 3644/6141/3644
f 3586/6052/3586 3646/6145/3646 3645/6144/3645
f 3596/6067/3596 3650/6151/3650 3649/6150/3649
f 3597/6069/3597 3651/6153/3651 3650/6152/3650
f 3598/6072/3598 3652/6154/3652 3651/6153/3651
f 3624/6107/3624 3680/6193/3680 3679/6192/3679
f 3625/6109/3625 3681/6195/3681 3680/6194/3680
f 3627/6112/3627 3684/6199/3684 3683/6197/3683
f 3628/6114/3628 3685/6201/3685 3684/6200/3684
f 3644/6141/3644 3701/6226/3701 3700/6224/3700
f 3645/6143/3645 3702/6227/3702 3701/6226/3701
f 3683/6197/3683 3742/6287/3742 3741/6284/3741
f 3684/6200/3684 3743/6289/3743 3742/6288/3742
f 3698/6221/3698 3754/6308/3754 3753/6306/3753
f 3699/6223/3699 3755/6309/3755 3754/6308/3754
f 3701/6226/3701 3757/6311/3757 3756/6310/3756
f 3702/6228/3702 3758/6313/3758 3757/6312/3757
f 3716/6255/3716 3774/6342/3774 3773/6339/3773
f 3717/6258/3717 3775/6344/3775 3774/6343/3774
f 3718/6259/3718 3776/6346/3776 3775/6344/3775
f 3737/6279/3737 3799/6378/3799 3798/6376/3798
f 3738/6281/3738 3800/6379/3800 3799/6378/3799
f 3740/6283/3740 3802/6384/3802 3801/6381/3801
f 3741/6285/3741 3803/6386/3803 3802/6383/3802
f 3742/6288/3742 3804/6388/3804 3803/6387/3803
f 3754/6308/3754 3815/6406/3815 3814/6405/3814
f 3755/6309/3755 3816/6407/3816 3815/6406/3815
f 3770/6334/3770 3840/6449/3840 3839/6446/3839
f 3774/6343/3774 3844/6455/3844 3843/6454/3843
f 3775/6345/3775 3845/6457/3845 3844/6456/3844
f 3776/6347/3776 3846/6458/3846 3845/6457/3845
f 3799/6378/3799 3865/6487/3865 3864/6485/3864
f 3800/6380/3800 3866/6489/3866 3865/6488/3865
f 3802/6382/3802 3869/6493/3869 3868/6491/3868
f 3803/6387/3803 3870/6495/3870 3869/6494/3869
f 3831/6432/3831 3906/6551/3906 3905/6548/3905
f 3832/6435/3832 3907/6553/3907 3906/6552/3906
f 3836/6441/3836 3912/6563/3912 3911/6560/3911
f 3837/6444/3837 3913/6566/3913 3912/6564/3912
f 3840/6451/3840 3916/6572/3916 3915/6571/3915
f 3864/6485/3864 3933/6599/3933 3932/6597/3932
f 3865/6487/3865 3934/6600/3934 3933/6599/3933
f 3868/6491/3868 3937/6605/3937 3936/6603/3936
f 3869/6494/3869 3938/6607/3938 3937/6606/3937
f 3884/6517/3884 3951/6626/3951 3950/6624/3950
f 3885/6519/3885 3952/6627/3952 3951/6626/3951
f 3896/6537/3896 3968/6654/3968 3967/6651/3967
f 3897/6540/3897 3969/6657/3969 3968/6655/3968
f 3906/6552/3906 3978/6667/3978 3977/6666/3977
f 3907/6553/3907 3979/6668/3979 3978/6667/3978
f 3912/6564/3912 3984/6674/3984 3983/6672/3983
f 3913/6567/3913 3985/6676/3985 3984/6675/3984
f 3933/6599/3933 3997/6698/3997 3996/6696/3996
f 3934/6601/3934 3998/6700/3998 3997/6699/3997
f 3936/6603/3936 4000/6703/4000 3999/6701/3999
f 3937/6605/3937 4001/6704/4001 4000/6703/4000
f 3951/6626/3951 4014/6727/4014 4013/6726/4013
f 3952/6628/3952 4015/6729/4015 4014/6728/4014
f 3963/6646/3963 4027/6750/4027 4026/6747/4026
f 3964/6647/3964 4028/6752/4028 4027/6749/4027
f 3968/6655/3968 4032/6758/4032 4031/6756/4031
f 3969/6658/3969 4033/6760/4033 4032/6759/4032
f 3996/6697/3996 4042/6778/4042 4041/6776/4041
f 3997/6698/3997 4043/6779/4043 4042/6777/4042
f 4000/6703/4000 4046/6784/4046 4045/6782/4045
f 4001/6705/4001 4047/6786/4047 4046/6785/4046
f 4025/6743/4025 4077/6841/4077 4076/6838/4076
f 4026/6746/4026 4078/6844/4078 4077/6842/4077
f 4027/6749/4027 4079/6847/4079 4078/6844/4078
f 4028/6753/4028 4080/6849/4080 4079/6848/4079
f 4042/6777/4042 4088/6863/4088 4087/6861/4087
f 4043/6780/4043 4089/6865/4089 4088/6864/4088
f 4045/6782/4045 4092/6869/4092 4091/6867/4091
f 4046/6785/4046 4093/6871/4093 4092/6870/4092
f 4059/6808/4059 4104/6890/4104 4103/6888/4103
f 4060/6810/4060 4105/6891/4105 4104/6890/4104
f 4074/6834/4074 4123/6926/4123 4122/6923/4122
f 4075/6837/4075 4124/6929/4124 4123/6927/4123
f 4077/6842/4077 4126/6933/4126 4125/6931/4125
f 4078/6845/4078 4127/6935/4127 4126/6934/4126
f 4087/6862/4087 4134/6948/4134 4133/6946/4133
f 4088/6863/4088 4135/6949/4135 4134/6947/4134
f 4091/6867/4091 4138/6954/4138 4137/6952/4137
f 4092/6870/4092 4139/6956/4139 4138/6955/4138
f 4104/6890/4104 4150/6974/4150 4149/6973/4149
f 4105/6891/4105 4151/6975/4151 4150/6974/4150
f 4121/6920/4121 4173/7014/4173 4172/7011/4172
f 4123/6927/4123 4175/7019/4175 4174/7017/4174
f 4124/6930/4124 4176/7021/4176 4175/7020/4175
f 4134/6947/4134 4185/7039/4185 4184/7036/4184
f 4135/6950/4135 4186/7041/4186 4185/7040/4185
f 4137/6952/4137 4188/7044/4188 4187/7042/4187
f 4138/6954/4138 4189/7045/4189 4188/7044/4188
f 4150/6974/4150 4200/7064/4200 4199/7063/4199
f 4151/6975/4151 4201/7065/4201 4200/7064/4200
f 4169/7006/4169 4217/7096/4217 4216/7093/4216
f 4170/7009/4170 4218/7099/4218 4217/7097/4217
f 4173/7016/4173 4221/7105/4221 4220/7104/4220
f 4183/7033/4183 4228/7118/4228 4227/7115/4227
f 4184/7037/4184 4229/7121/4229 4228/7119/4228
f 4185/7040/4185 4230/7123/4230 4229/7122/4229
f 4188/7044/4188 4233/7127/4233 4232/7125/4232
f 4189/7046/4189 4234/7129/4234 4233/7128/4233
f 4200/7064/4200 4245/7147/4245 4244/7146/4244
f 4201/7066/4201 4246/7149/4246 4245/7148/4245
f 4217/7097/4217 4259/7169/4259 4258/7167/4258
f 4218/7100/4218 4260/7171/4260 4259/7170/4259
f 4227/7115/4227 4267/7184/4267 4266/7181/4266
f 4228/7119/4228 4268/7188/4268 4267/7185/4267
f 4229/7122/4229 4269/7190/4269 4268/7189/4268
f 4232/7125/4232 4272/7194/4272 4271/7192/4271
f 4233/7128/4233 4273/7196/4273 4272/7195/4272
f 4265/7178/4265 4299/7238/4299 4298/7235/4298
f 4267/7186/4267 4301/7244/4301 4300/7243/4300
f 4271/7192/4271 4303/7247/4303 4302/7245/4302
f 4272/7194/4272 4304/7248/4304 4303/7247/4303
f 4286/7215/4286 4316/7266/4316 4315/7264/4315
f 4287/7217/4287 4317/7267/4317 4316/7266/4316
f 4299/7240/4299 4328/7288/4328 4327/7287/4327
f 4303/7247/4303 4331/7292/4331 4330/7290/4330
f 4304/7249/4304 4332/7294/4332 4331/7293/4331
f 4316/7266/4316 4344/7310/4344 4343/7309/4343
f 4317/7268/4317 4345/7312/4345 4344/7311/4344
f 4330/7290/4330 4352/7322/4352 4351/7320/4351
f 4331/7293/4331 4353/7324/4353 4352/7323/4352
f 4351/7320/4351 4372/7351/4372 4371/7349/4371
f 4352/7322/4352 4373/7352/4373 4372/7351/4372
f 4363/7338/4363 4383/7368/4383 4382/7366/4382
f 4364/7340/4364 4384/7369/4384 4383/7368/4383
f 4372/7351/4372 4393/7383/4393 4392/7381/4392
f 4373/7353/4373 4394/7385/4394 4393/7384/4393
f 4383/7368/4383 4404/7399/4404 4403/7398/4403
f 4384/7370/4384 4405/7401/4405 4404/7400/4404
f 4386/7372/4386 4407/7404/4407 4406/7402/4406
f 4387/7374/4387 4408/7405/4408 4407/7404/4407
f 4392/7381/4392 4415/7416/4415 4414/7414/4414
f 4393/7384/4393 4416/7418/4416 4415/7417/4415
f 4407/7404/4407 4428/7434/4428 4427/7433/4427
f 4408/7406/4408 4429/7436/4429 4428/7435/4428
f 4414/7414/4414 4436/7446/4436 4435/7444/4435
f 4415/7416/4415 4437/7447/4437 4436/7446/4436
f 4435/7444/4435 4456/7478/4456 4455/7476/4455
f 4436/7446/4436 4457/7479/4457 4456/7478/4456
f 4437/7448/4437 4458/7481/4458 4457/7480/4457
f 4446/7461/4446 4467/7495/4467 4466/7493/4466
f 4447/7463/4447 4468/7496/4468 4467/7495/4467
f 4456/7478/4456 4479/7515/4479 4478/7513/4478
f 4457/7480/4457 4480/7517/4480 4479/7516/4479
f 4467/7495/4467 4491/7535/4491 4490/7534/4490
f 4468/7497/4468 4492/7537/4492 4491/7536/4491
f 4470/7499/4470 4494/7540/4494 4493/7538/4493
f 4471/7501/4471 4495/7541/4495 4494/7540/4494
f 4478/7513/4478 4503/7556/4503 4502/7554/4502
f 4479/7516/4479 4504/7558/4504 4503/7557/4503
f 4494/7540/4494 4518/7580/4518 4517/7579/4517
f 4495/7542/4495 4519/7582/4519 4518/7581/4518
f 4502/7554/4502 4526/7595/4526 4525/7593/4525
f 4503/7557/4503 4527/7597/4527 4526/7596/4526
f 4515/7576/4515 4537/7615/4537 4536/7613/4536
f 4516/7578/4516 4538/7616/4538 4537/7615/4537
f 4526/7595/4526 4549/7635/4549 4548/7633/4548
f 4527/7597/4527 4550/7637/4550 4549/7636/4549
f 4537/7615/4537 4562/7657/4562 4561/7655/4561
f 4538/7617/4538 4563/7659/4563 4562/7658/4562
f 4540/7619/4540 4565/7662/4565 4564/7660/4564
f 4541/7621/4541 4566/7663/4566 4565/7662/4565
f 4548/7633/4548 4575/7682/4575 4574/7680/4574
f 4549/7636/4549 4576/7684/4576 4575/7683/4575
f 4561/7656/4561 4587/7703/4587 4586/7701/4586
f 4562/7657/4562 4588/7704/4588 4587/7702/4587
f 4565/7662/4565 4591/7708/4591 4590/7706/4590
f 4566/7664/4566 4592/7710/4592 4591/7709/4591
f 4574/7680/4574 4600/7724/4600 4599/7722/4599
f 4575/7683/4575 4601/7726/4601 4600/7725/4600
f 4587/7702/4587 4611/7743/4611 4610/7741/4610
f 4588/7704/4588 4612/7744/4612 4611/7743/4611
f 4590/7706/4590 4614/7747/4614 4613/7745/4613
f 4591/7708/4591 4615/7748/4615 4614/7747/4614
f 4599/7722/4599 4622/7762/4622 4621/7760/4621
f 4600/7725/4600 4623/7764/4623 4622/7763/4622
f 4614/7747/4614 4636/7782/4636 4635/7781/4635
f 4615/7749/4615 4637/7784/4637 4636/7783/4636
f 4644/7796/4644 4667/7836/4667 4666/7834/4666
f 4645/7798/4645 4668/7837/4668 4667/7836/4667
f 4659/7822/4659 4684/7866/4684 4683/7864/4683
f 4660/7823/4660 4685/7867/4685 4684/7865/4684
f 4667/7836/4667 4692/7878/4692 4691/7876/4691
f 4668/7838/4668 4693/7880/4693 4692/7879/4692
f 4684/7865/4684 4709/7908/4709 4708/7906/4708
f 4685/7868/4685 4710/7910/4710 4709/7909/4709
f 4691/7876/4691 4716/7919/4716 4715/7917/4715
f 4692/7879/4692 4717/7921/4717 4716/7920/4716
f 4708/7906/4708 4734/7953/4734 4733/7950/4733
f 4709/7909/4709 4735/7955/4735 4734/7954/4734
f 4715/7917/4715 4741/7963/4741 4740/7961/4740
f 4716/7920/4716 4742/7965/4742 4741/7964/4741
f 4732/7947/4732 4759/7996/4759 4758/7993/4758
f 4733/7951/4733 4760/7999/4760 4759/7997/4759
f 4734/7954/4734 4761/8001/4761 4760/8000/4760
f 4740/7961/4740 4767/8010/4767 4766/8008/4766
f 4741/7964/4741 4768/8012/4768 4767/8011/4767
f 4759/7997/4759 4785/8041/4785 4784/8039/4784
f 4760/8000/4760 4786/8043/4786 4785/8042/4785
f 4766/8008/4766 4794/8057/4794 4793/8054/4793
f 4767/8011/4767 4795/8059/4795 4794/8058/4794
f 4792/8051/4792 4812/8093/4812 4811/8090/4811
f 4793/8055/4793 4813/8096/4813 4812/8094/4812
f 4794/8058/4794 4814/8098/4814 4813/8097/4813
f 4810/8087/4810 4832/8130/4832 4831/8127/4831
f 4811/8091/4811 4833/8133/4833 4832/8131/4832
f 4812/8094/4812 4834/8136/4834 4833/8133/4833
f 4813/8097/4813 4835/8138/4835 4834/8137/4834
f 4831/8127/4831 4852/8170/4852 4851/8167/4851
f 4832/8131/4832 4853/8174/4853 4852/8171/4852
f 4833/8134/4833 4854/8176/4854 4853/8175/4853
f 4850/8164/4850 4875/8212/4875 4874/8209/4874
f 4852/8172/4852 4877/8218/4877 4876/8217/4876
f 4873/8206/4873 4902/8261/4902 4901/8258/4901
f 4875/8214/4875 4904/8267/4904 4903/8266/4903
f 4900/8255/4900 4927/8303/4927 4926/8300/4926
f 4901/8259/4901 4928/8306/4928 4927/8304/4927
f 4902/8263/4902 4929/8308/4929 4928/8307/4928
f 4906/8270/4906 4931/8311/4931 4930/8309/4930
f 4907/8271/4907 4932/8312/4932 4931/8310/4931
f 4926/8300/4926 4946/8338/4946 4945/8336/4945
f 4927/8304/4927 4947/8342/4947 4946/8339/4946
f 4928/8307/4928 4948/8344/4948 4947/8343/4947
f 4931/8310/4931 4950/8347/4950 4949/8345/4949
f 4932/8313/4932 4951/8349/4951 4950/8348/4950
f 4945/8336/4945 4964/8373/4964 4963/8371/4963
f 4946/8340/4946 4965/8375/4965 4964/8374/4964
f 4950/8347/4950 4967/8377/4967 4966/8376/4966
f 4951/8349/4951 4968/8379/4968 4967/8378/4967
f 4963/8371/4963 4979/8399/4979 4978/8396/4978
f 4964/8373/4964 4980/8401/4980 4979/8399/4979
f 4978/8396/4978 4996/8431/4996 4995/8428/4995
f 4979/8400/4979 4997/8434/4997 4996/8432/4996
f 4980/8402/4980 4998/8436/4998 4997/8435/4997
f 4982/8404/4982 5000/8439/5000 4999/8437/4999
f 4983/8406/4983 5001/8440/5001 5000/8439/5000
f 4995/8428/4995 5014/8465/5014 5013/8463/5013
f 4996/8432/4996 5015/8469/5015 5014/8466/5014
f 4997/8435/4997 5016/8471/5016 5015/8470/5015
f 5000/8439/5000 5018/8473/5018 5017/8472/5017
f 5001/8441/5001 5019/8475/5019 5018/8474/5018
f 5013/8463/5013 5033/8500/5033 5032/8497/5032
f 5014/8467/5014 5034/8502/5034 5033/8501/5033
f 5031/8494/5031 5049/8528/5049 5048/8525/5048
f 5032/8498/5032 5050/8531/5050 5049/8529/5049
f 5033/8501/5033 5051/8533/5051 5050/8532/5050
f 5036/8504/5036 5053/8536/5053 5052/8534/5052
f 5037/8507/5037 5054/8538/5054 5053/8537/5053
f 5048/8525/5048 5066/8559/5066 5065/8556/5065
f 5049/8529/5049 5067/8563/5067 5066/8560/5066
f 5050/8532/5050 5068/8565/5068 5067/8564/5067
f 5065/8556/5065 5082/8588/5082 5081/8586/5081
f 5066/8561/5066 5083/8591/5083 5082/8590/5082
f 5067/8564/5067 5084/8592/5084 5083/8591/5083
f 5070/8567/5070 5087/8596/5087 5086/8594/5086
f 5071/8570/5071 5088/8598/5088 5087/8597/5087
f 5081/8586/5081 5097/8611/5097 5096/8609/5096
f 5082/8588/5082 5098/8612/5098 5097/8611/5097
f 5086/8594/5086 5100/8616/5100 5099/8614/5099
f 5087/8596/5087 5101/8617/5101 5100/8616/5100
f 5097/8611/5097 5110/8630/5110 5109/8629/5109
f 5098/8613/5098 5111/8632/5111 5110/8631/5110
f 5100/8616/5100 5114/8636/5114 5113/8634/5113
f 5101/8618/5101 5115/8638/5115 5114/8637/5114
f 5113/8634/5113 5126/8656/5126 5125/8654/5125
f 5114/8636/5114 5127/8657/5127 5126/8656/5126
f 5123/8650/5123 5135/8670/5135 5134/8668/5134
f 5124/8653/5124 5136/8672/5136 5135/8671/5135
f 5126/8656/5126 5138/8674/5138 5137/8673/5137
f 5127/8658/5127 5139/8676/5139 5138/8675/5138
f 5135/8670/5135 5147/8688/5147 5146/8687/5146
f 5136/8672/5136 5148/8690/5148 5147/8689/5147
f 5150/8692/5150 5162/8709/5162 5161/8707/5161
f 5151/8694/5151 5163/8710/5163 5162/8709/5162
f 5162/8709/5162 5173/8724/5173 5172/8723/5172
f 5163/8711/5163 5174/8726/5174 5173/8725/5173
f 5176/8728/5176 5187/8742/5187 5186/8741/5186
f 5177/8730/5177 5188/8744/5188 5187/8743/5187
f 5211/8777/5211 5227/8805/5227 5226/8803/5226
f 5212/8779/5212 5228/8806/5228 5227/8805/5227
f 5224/8800/5224 5253/8846/5253 5252/8844/5252
f 5225/8802/5225 5254/8847/5254 5253/8846/5253
f 5227/8805/5227 5256/8850/5256 5255/8849/5255
f 5228/8807/5228 5257/8852/5257 5256/8851/5256
f 5243/8830/5243 5270/8872/5270 5269/8869/5269
f 5244/8832/5244 5271/8874/5271 5270/8872/5270
f 5253/8846/5253 5286/8899/5286 5285/8898/5285
f 5254/8848/5254 5287/8901/5287 5286/8900/5286
f 5270/8872/5270 5293/8910/5293 5292/8908/5292
f 5271/8875/5271 5294/8912/5294 5293/8911/5293
f 5279/8890/5279 5308/8937/5308 5307/8935/5307
f 5303/8928/5303 5332/8977/5332 5331/8974/5331
f 5304/8931/5304 5333/8980/5333 5332/8978/5332
f 5308/8936/5308 5337/8985/5337 5336/8984/5336
f 5330/8971/5330 5367/9042/5367 5366/9039/5366
f 5332/8978/5332 5369/9047/5369 5368/9045/5368
f 5333/8981/5333 5370/9049/5370 5369/9048/5369
f 5351/9011/5351 5384/9076/5384 5383/9074/5383
f 5352/9014/5352 5385/9078/5385 5384/9077/5384
f 5364/9035/5364 5402/9104/5402 5401/9101/5401
f 5365/9038/5365 5403/9107/5403 5402/9105/5402
f 5367/9044/5367 5405/9112/5405 5404/9111/5404
f 5402/9105/5402 5432/9155/5432 5431/9153/5431
f 5403/9108/5403 5433/9157/5433 5432/9156/5432
f 5447/9186/5447 5464/9220/5464 5463/9218/5463
f 5448/9189/5448 5465/9222/5465 5464/9221/5464
f 5480/9248/5480 5494/9272/5494 5493/9270/5493
f 5481/9251/5481 5495/9274/5495 5494/9273/5494
f 5509/9298/5509 5524/9323/5524 5523/9321/5523
f 5510/9301/5510 5525/9325/5525 5524/9324/5524
f 5523/9321/5523 5541/9355/5541 5540/9353/5540
f 5524/9324/5524 5542/9357/5542 5541/9356/5541
f 5540/9353/5540 5559/9389/5559 5558/9387/5558
f 5541/9356/5541 5560/9391/5560 5559/9390/5559
f 5558/9387/5558 5580/9428/5580 5579/9425/5579
f 5559/9390/5559 5581/9430/5581 5580/9429/5580
f 5576/9420/5576 5602/9467/5602 5601/9464/5601
f 5577/9423/5577 5603/9470/5603 5602/9468/5602
f 5580/9429/5580 5606/9476/5606 5605/9475/5605
f 5583/9432/5583 5608/9479/5608 5607/9477/5607
f 5584/9434/5584 5609/9480/5609 5608/9479/5608
f 5597/9459/5597 5623/9510/5623 5622/9507/5622
f 5598/9460/5598 5624/9512/5624 5623/9509/5623
f 5602/9468/5602 5628/9518/5628 5627/9516/5627
f 5603/9471/5603 5629/9520/5629 5628/9519/5628
f 5608/9479/5608 5631/9522/5631 5630/9521/5630
f 5609/9481/5609 5632/9524/5632 5631/9523/5631
f 5621/9503/5621 5647/9556/5647 5646/9553/5646
f 5622/9506/5622 5648/9559/5648 5647/9557/5647
f 5623/9509/5623 5649/9562/5649 5648/9559/5648
f 5624/9513/5624 5650/9564/5650 5649/9563/5649
f 5645/9550/5645 5670/9602/5670 5669/9599/5669
f 5646/9554/5646 5671/9605/5671 5670/9603/5670
f 5647/9558/5647 5672/9607/5672 5671/9606/5671
f 5648/9560/5648 5673/9608/5673 5672/9607/5672
f 5652/9566/5652 5676/9612/5676 5675/9610/5675
f 5653/9569/5653 5677/9614/5677 5676/9613/5676
f 5667/9595/5667 5694/9652/5694 5693/9649/5693
f 5668/9598/5668 5695/9655/5695 5694/9653/5694
f 5670/9603/5670 5697/9659/5697 5696/9657/5696
f 5671/9606/5671 5698/9661/5698 5697/9660/5697
f 5675/9610/5675 5700/9664/5700 5699/9662/5699
f 5676/9612/5676 5701/9665/5701 5700/9664/5700
f 5692/9646/5692 5716/9697/5716 5715/9694/5715
f 5693/9650/5693 5717/9700/5717 5716/9698/5716
f 5694/9653/5694 5718/9703/5718 5717/9700/5717
f 5695/9656/5695 5719/9705/5719 5718/9704/5718
f 5700/9664/5700 5723/9712/5723 5722/9710/5722
f 5701/9666/5701 5724/9714/5724 5723/9713/5723
f 5714/9691/5714 5739/9746/5739 5738/9743/5738
f 5715/9695/5715 5740/9749/5740 5739/9747/5739
f 5716/9698/5716 5741/9752/5741 5740/9749/5740
f 5717/9701/5717 5742/9754/5742 5741/9753/5741
f 5721/9707/5721 5746/9762/5746 5745/9759/5745
f 5722/9711/5722 5747/9765/5747 5746/9763/5746
f 5723/9713/5723 5748/9767/5748 5747/9766/5747
f 5737/9740/5737 5762/9796/5762 5761/9793/5761
f 5738/9744/5738 5763/9799/5763 5762/9797/5762
f 5739/9747/5739 5764/9802/5764 5763/9799/5763
f 5740/9750/5740 5765/9804/5765 5764/9803/5764
f 5744/9756/5744 5770/9813/5770 5769/9810/5769
f 5745/9760/5745 5771/9816/5771 5770/9814/5770
f 5746/9763/5746 5772/9819/5772 5771/9816/5771
f 5747/9766/5747 5773/9821/5773 5772/9820/5772
f 5761/9793/5761 5795/9860/5795 5794/9857/5794
f 5762/9797/5762 5796/9864/5796 5795/9861/5795
f 5763/9800/5763 5797/9866/5797 5796/9865/5796
f 5767/9806/5767 5806/9879/5806 5805/9876/5805
f 5768/9809/5768 5807/9882/5807 5806/9880/5806
f 5770/9814/5770 5809/9886/5809 5808/9884/5808
f 5771/9817/5771 5810/9888/5810 5809/9887/5809
f 5787/9848/5787 5832/9923/5832 5831/9920/5831
f 5788/9851/5788 5833/9926/5833 5832/9924/5832
f 5795/9862/5795 5840/9936/5840 5839/9935/5839
f 5799/9868/5799 5852/9954/5852 5851/9951/5851
f 5800/9871/5800 5853/9957/5853 5852/9955/5852
f 5806/9880/5806 5859/9965/5859 5858/9963/5858
f 5807/9883/5807 5860/9967/5860 5859/9966/5859
f 5822/9910/5822 5876/9998/5876 5875/9995/5875
f 5823/9911/5823 5877/10000/5877 5876/9997/5876
f 5832/9924/5832 5886/10011/5886 5885/10009/5885
f 5833/9927/5833 5887/10013/5887 5886/10012/5886
f 5842/9938/5842 5896/10026/5896 5895/10024/5895
f 5843/9940/5843 5897/10028/5897 5896/10025/5896
f 5846/9944/5846 5908/10047/5908 5907/10044/5907
f 5852/9955/5852 5914/10056/5914 5913/10054/5913
f 5853/9958/5853 5915/10058/5915 5914/10057/5914
f 5872/9989/5872 5938/10093/5938 5937/10090/5937
f 5873/9992/5873 5939/10096/5939 5938/10094/5938
f 5874/9993/5874 5940/10098/5940 5939/10096/5939
f 5876/9997/5876 5942/10102/5942 5941/10100/5941
f 5877/10001/5877 5943/10104/5943 5942/10103/5942
f 5889/10015/5889 5948/10113/5948 5947/10110/5947
f 5890/10018/5890 5949/10116/5949 5948/10114/5948
f 5896/10025/5896 5955/10123/5955 5954/10122/5954
f 5897/10028/5897 5956/10124/5956 5955/10123/5955
f 5906/10041/5906 5973/10151/5973 5972/10148/5972
f 5908/10049/5908 5975/10157/5975 5974/10156/5974
f 5927/10079/5927 5994/10190/5994 5993/10188/5993
f 5928/10080/5928 5995/10191/5995 5994/10189/5994
f 5929/10082/5929 5996/10192/5996 5995/10191/5995
f 5930/10083/5930 5997/10194/5997 5996/10192/5996
f 5931/10084/5931 5998/10196/5998 5997/10194/5997
f 5938/10094/5938 6005/10204/6005 6004/10203/6004
f 5939/10096/5939 6006/10206/6006 6005/10204/6005
f 5940/10099/5940 6007/10208/6007 6006/10207/6006
f 5945/10106/5945 6012/10216/6012 6011/10213/6011
f 5946/10109/5946 6013/10219/6013 6012/10217/6012
f 5948/10114/5948 6015/10223/6015 6014/10221/6014
f 5949/10117/5949 6016/10225/6016 6015/10224/6015
f 5971/10145/5971 6030/10251/6030 6029/10248/6029
f 5972/10149/5972 6031/10254/6031 6030/10252/6030
f 5973/10153/5973 6032/10256/6032 6031/10255/6031
f 5994/10189/5994 6049/10280/6049 6048/10279/6048
f 5995/10191/5995 6050/10281/6050 6049/10280/6049
f 5996/10192/5996 6051/10282/6051 6050/10281/6050
f 5997/10194/5997 6052/10284/6052 6051/10282/6051
f 5998/10197/5998 6053/10286/6053 6052/10285/6052
f 6009/10210/6009 6057/10295/6057 6056/10292/6056
f 6010/10211/6010 6058/10297/6058 6057/10294/6057
f 6012/10217/6012 6060/10301/6060 6059/10299/6059
f 6013/10220/6013 6061/10303/6061 6060/10302/6060
f 6028/10245/6028 6071/10325/6071 6070/10322/6070
f 6029/10249/6029 6072/10328/6072 6071/10326/6071
f 6030/10252/6030 6073/10331/6073 6072/10328/6072
f 6031/10255/6031 6074/10333/6074 6073/10332/6073
f 6055/10288/6055 6086/10357/6086 6085/10354/6085
f 6057/10294/6057 6088/10362/6088 6087/10360/6087
f 6058/10298/6058 6089/10364/6089 6088/10363/6088
f 6069/10319/6069 6103/10389/6103 6102/10386/6102
f 6070/10323/6070 6104/10392/6104 6103/10390/6103
f 6071/10326/6071 6105/10395/6105 6104/10392/6104
f 6072/10329/6072 6106/10397/6106 6105/10396/6105
f 6082/10349/6082 6116/10416/6116 6115/10413/6115
f 6083/10352/6083 6117/10419/6117 6116/10417/6116
f 6086/10359/6086 6120/10425/6120 6119/10424/6119
f 6098/10381/6098 6130/10444/6130 6129/10442/6129
f 6099/10382/6099 6131/10446/6131 6130/10443/6130
f 6100/10384/6100 6132/10448/6132 6131/10446/6131
f 6103/10390/6103 6135/10453/6135 6134/10451/6134
f 6104/10393/6104 6136/10455/6136 6135/10454/6135
f 6113/10409/6113 6147/10478/6147 6146/10475/6146
f 6114/10412/6114 6148/10481/6148 6147/10479/6147
f 6116/10417/6116 6150/10485/6150 6149/10483/6149
f 6117/10420/6117 6151/10487/6151 6150/10486/6150
f 6130/10443/6130 6159/10496/6159 6158/10495/6158
f 6131/10446/6131 6160/10498/6160 6159/10496/6159
f 6132/10449/6132 6161/10500/6161 6160/10499/6160
f 6145/10472/6145 6174/10525/6174 6173/10522/6173
f 6146/10476/6146 6175/10528/6175 6174/10526/6174
f 6147/10479/6147 6176/10531/6176 6175/10528/6175
f 6148/10482/6148 6177/10533/6177 6176/10532/6176
f 6172/10519/6172 6190/10559/6190 6189/10556/6189
f 6173/10523/6173 6191/10562/6191 6190/10560/6190
f 6174/10526/6174 6192/10565/6192 6191/10562/6191
f 6175/10529/6175 6193/10567/6193 6192/10566/6192
f 6188/10553/6188 6203/10588/6203 6202/10585/6202
f 6189/10557/6189 6204/10591/6204 6203/10589/6203
f 6190/10560/6190 6205/10594/6205 6204/10591/6204
f 6191/10563/6191 6206/10596/6206 6205/10595/6205
f 6201/10582/6201 6216/10618/6216 6215/10615/6215
f 6202/10586/6202 6217/10621/6217 6216/10619/6216
f 6203/10589/6203 6218/10624/6218 6217/10621/6217
f 6204/10592/6204 6219/10626/6219 6218/10625/6218
f 6214/10612/6214 6229/10646/6229 6228/10643/6228
f 6216/10620/6216 6231/10651/6231 6230/10650/6230
f 6217/10622/6217 6232/10652/6232 6231/10651/6231
f 6227/10642/6227 6243/10674/6243 6242/10671/6242
f 6228/10644/6228 6244/10676/6244 6243/10673/6243
f 6229/10648/6229 6245/10678/6245 6244/10677/6244
f 6240/10667/6240 6259/10705/6259 6258/10703/6258
f 6241/10668/6241 6260/10707/6260 6259/10704/6259
f 6242/10670/6242 6261/10709/6261 6260/10707/6260
f 6243/10673/6243 6262/10712/6262 6261/10709/6261
f 6244/10677/6244 6263/10714/6263 6262/10713/6262
f 6255/10697/6255 6296/10760/6296 6295/10757/6295
f 6256/10700/6256 6297/10763/6297 6296/10761/6296
f 6259/10704/6259 6300/10767/6300 6299/10766/6299
f 6260/10707/6260 6301/10769/6301 6300/10767/6300
f 6261/10710/6261 6302/10771/6302 6301/10770/6301
f 6274/10734/6274 6327/10805/6327 6326/10802/6326
f 6275/10737/6275 6328/10808/6328 6327/10806/6327
f 6282/10744/6282 6335/10820/6335 6334/10818/6334
f 6296/10761/6296 6349/10836/6349 6348/10834/6348
f 6297/10764/6297 6350/10838/6350 6349/10837/6349
f 6322/10798/6322 6367/10861/6367 6366/10859/6366
f 6323/10799/6323 6368/10863/6368 6367/10861/6367
f 6327/10806/6327 6372/10869/6372 6371/10867/6371
f 6328/10809/6328 6373/10871/6373 6372/10870/6372
f 6335/10821/6335 6376/10875/6376 6375/10874/6375
f 6367/10861/6367 6382/10884/6382 6381/10882/6381
f 6368/10864/6368 6383/10886/6383 6382/10885/6382
