# generated by generate_cave.py
v 9.6996 -0.1586 0.0550
v 9.6206 -0.3463 0.0550
v 9.4951 -0.0262 0.0550
v 9.4579 -0.1671 0.0550
v 9.4845 -0.1214 0.2088
v 9.6353 -0.2205 0.2600
v 9.4908 -0.1256 -0.0200
v 9.5984 -0.1963 -0.0200
v 9.4595 -0.3004 -0.0200
v 9.4749 -0.2769 0.1446
v 9.6349 -0.0333 -0.0200
v 9.6299 -0.0409 0.1525
v 9.7141 -0.0748 0.1226
v 9.6186 -0.1264 0.1755
v 9.6697 -0.1844 0.1401
v 9.6434 -0.3087 0.1752
v 9.6812 -0.2506 0.0550
v 9.6168 -0.2678 -0.0200
v 9.6692 -0.1843 -0.0200
v 9.6475 -0.1108 -0.0200
v 9.7176 -0.0729 -0.0140
v 9.6654 0.0131 0.0550
v 9.5395 -0.2755 0.2261
v 9.5341 -0.3372 0.1177
v 9.5594 -0.0453 0.2369
v 9.5491 -0.1639 0.1940
v 9.5615 -0.0214 0.0035
v 9.5635 0.0026 0.1153
v 9.5491 -0.1639 -0.0200
v 9.5578 -0.0635 -0.0200
v 9.5374 -0.2996 0.0060
v 9.5411 -0.2561 -0.0200
v 9.4150 -0.2363 0.1100
v 9.4540 -0.2153 0.2200
v 9.4565 -0.1482 0.1204
v 9.4878 -0.0697 0.1332
v 9.4085 -0.0716 0.0550
v 9.4852 -0.0658 -0.0200
v 9.4307 -0.1438 -0.0200
v 9.4738 -0.2046 -0.0200
v 9.4335 -0.2263 0.0077
v 9.4604 -0.2991 0.0550
v 9.6996 -0.1229 0.0841
v 9.6928 -0.1358 0.1345
v 9.7028 -0.1729 0.1044
v 9.6168 -0.0953 0.1551
v 9.6699 -0.0987 0.1657
v 9.6762 -0.0496 0.1442
v 9.6479 -0.1969 0.1802
v 9.6518 -0.1525 0.1694
v 9.6345 -0.1622 0.2270
v 9.6923 -0.2224 0.1066
v 9.7110 -0.2081 0.0550
v 9.6408 -0.2663 0.2202
v 9.6601 -0.2368 0.1559
v 9.6617 -0.3045 0.0550
v 9.6709 -0.2830 0.1118
v 9.6384 -0.3410 0.1186
v 9.6855 -0.2196 0.0060
v 9.6928 -0.1723 0.0089
v 9.6287 -0.3218 -0.0017
v 9.6477 -0.2604 0.0091
v 9.6260 -0.1895 -0.0200
v 9.6305 -0.2174 -0.0189
v 9.6011 -0.2220 -0.0200
v 9.6880 -0.1367 -0.0200
v 9.6932 -0.1246 0.0272
v 9.6215 -0.1624 -0.0200
v 9.6667 -0.1508 -0.0200
v 9.6963 -0.0315 -0.0200
v 9.7023 -0.0812 -0.0200
v 9.6470 -0.0646 -0.0200
v 9.7197 -0.0718 0.0550
v 9.6555 -0.0019 -0.0040
v 9.7068 -0.0161 0.0166
v 9.7036 -0.0191 0.0927
v 9.6571 0.0005 0.1149
v 9.5803 -0.3065 0.1342
v 9.5702 -0.3113 0.0827
v 9.5838 -0.2487 0.2395
v 9.5863 -0.2851 0.1954
v 9.4886 -0.3442 0.1542
v 9.5352 -0.3251 0.1854
v 9.4947 -0.2986 0.2060
v 9.5931 -0.1402 0.2258
v 9.5853 -0.1877 0.2421
v 9.6022 -0.0327 0.2021
v 9.5980 -0.0895 0.2094
v 9.5167 -0.1426 0.2230
v 9.5534 -0.1141 0.2258
v 9.5234 -0.1009 0.1921
v 9.6113 0.0095 0.0878
v 9.6039 -0.0007 0.1448
v 9.5974 -0.0200 -0.0200
v 9.6095 0.0044 0.0232
v 9.5254 0.0018 0.0862
v 9.5623 -0.0115 0.0550
v 9.5253 0.0025 0.0238
v 9.5883 -0.1042 -0.0200
v 9.5898 -0.0633 -0.0200
v 9.5836 -0.1865 -0.0200
v 9.5880 -0.1429 -0.0200
v 9.5139 -0.0777 -0.0200
v 9.5533 -0.1152 -0.0200
v 9.5176 -0.1432 -0.0200
v 9.5815 -0.2694 -0.0200
v 9.5800 -0.2394 -0.0200
v 9.5693 -0.3048 0.0286
v 9.5783 -0.2976 -0.0192
v 9.5023 -0.2798 -0.0200
v 9.5393 -0.2770 -0.0200
v 9.4912 -0.3363 -0.0200
v 9.4428 -0.1929 0.0755
v 9.4497 -0.1834 0.1100
v 9.4567 -0.1585 0.0847
v 9.4651 -0.2492 0.1795
v 9.4343 -0.2259 0.1602
v 9.4414 -0.2608 0.1306
v 9.4561 -0.1329 0.1728
v 9.4532 -0.1746 0.1619
v 9.4608 -0.1657 0.2329
v 9.4329 -0.1164 0.0969
v 9.4312 -0.1317 0.0550
v 9.4859 -0.0933 0.1690
v 9.4447 -0.0953 0.1499
v 9.4526 -0.0434 0.0550
v 9.4387 -0.0559 0.1065
v 9.4915 -0.0496 0.0961
v 9.4094 -0.1069 0.0048
v 9.4484 -0.1580 0.0227
v 9.4861 -0.0389 0.0102
v 9.4377 -0.0549 0.0031
v 9.4539 -0.1322 -0.0200
v 9.4428 -0.0941 -0.0200
v 9.4883 -0.0960 -0.0200
v 9.4523 -0.1829 0.0015
v 9.4533 -0.1900 0.0366
v 9.4818 -0.1653 -0.0200
v 9.4369 -0.1764 -0.0200
v 9.4456 -0.2570 -0.0176
v 9.4381 -0.2238 -0.0200
v 9.4673 -0.2470 -0.0200
v 9.4165 -0.2355 0.0550
v 9.4542 -0.3084 0.0024
v 9.4383 -0.2678 0.0280
v 9.4336 -0.2722 0.0832
v 9.4681 -0.2872 0.1000
v 9.5007 -0.1901 0.2431
v 9.4958 -0.2450 0.2234
v 9.5452 -0.2089 0.2092
v 9.5195 -0.0286 0.1302
v 9.5208 -0.0714 0.1621
v 9.5633 -0.0000 0.1876
v 9.5112 -0.0401 -0.0200
v 9.5160 -0.0122 -0.0200
v 9.5606 -0.0317 -0.0200
v 9.5124 -0.2198 -0.0200
v 9.5205 -0.1793 -0.0200
v 9.5446 -0.2157 -0.0200
v 9.4806 -0.3550 0.0912
v 9.4793 -0.3585 0.0182
v 9.5352 -0.3247 0.0550
v 7.8407 -0.4641 0.0478
v 7.7151 -0.6246 0.0478
v 7.5597 -0.3002 0.0478
v 7.4405 -0.4700 0.0478
v 7.5540 -0.4140 0.2401
v 7.7100 -0.5106 0.2056
v 7.5794 -0.4297 -0.0200
v 7.7034 -0.5065 -0.0200
v 7.5656 -0.5866 -0.0200
v 7.5543 -0.6049 0.1619
v 7.7000 -0.3696 -0.0200
v 7.7363 -0.3110 0.1769
v 7.8115 -0.3780 0.1201
v 7.7249 -0.4229 0.1997
v 7.7840 -0.4930 0.1472
v 7.7122 -0.5646 0.1302
v 7.8094 -0.5722 0.0478
v 7.7431 -0.6062 -0.0200
v 7.7981 -0.4955 -0.0200
v 7.7190 -0.4259 -0.0200
v 7.8244 -0.3713 -0.0200
v 7.7369 -0.3101 0.0478
v 7.6382 -0.5563 0.1890
v 7.6370 -0.6280 0.1079
v 7.6418 -0.3390 0.2503
v 7.6396 -0.4670 0.2559
v 7.6426 -0.2930 -0.0171
v 7.6422 -0.3143 0.1049
v 7.6396 -0.4670 -0.0200
v 7.6408 -0.3964 -0.0200
v 7.6370 -0.6253 -0.0112
v 7.6381 -0.5615 -0.0200
v 7.4682 -0.5559 0.1199
v 7.5408 -0.5183 0.2239
v 7.4670 -0.4360 0.1666
v 7.5627 -0.3635 0.1352
v 7.5012 -0.3813 0.0478
v 7.5557 -0.3541 -0.0200
v 7.5086 -0.4435 -0.0200
v 7.5694 -0.5034 -0.0200
v 7.5224 -0.5278 -0.0014
v 7.5374 -0.6320 0.0478
v 7.8201 -0.4224 0.0829
v 7.7846 -0.4422 0.1281
v 7.8223 -0.4806 0.1055
v 7.7445 -0.3593 0.2129
v 7.7639 -0.4026 0.1646
v 7.7887 -0.3328 0.1580
v 7.7453 -0.5020 0.1769
v 7.7520 -0.4571 0.1724
v 7.7224 -0.4670 0.2127
v 7.8063 -0.5335 0.1054
v 7.8497 -0.5248 0.0478
v 7.7068 -0.5348 0.1585
v 7.7458 -0.5328 0.1388
v 7.7591 -0.6005 0.0478
v 7.7564 -0.5715 0.0981
v 7.7206 -0.6034 0.0978
v 7.8393 -0.5467 -0.0200
v 7.8361 -0.4817 -0.0142
v 7.7282 -0.6162 -0.0068
v 7.7846 -0.5967 -0.0145
v 7.7495 -0.5033 -0.0200
v 7.7904 -0.5604 -0.0200
v 7.7352 -0.5635 -0.0200
v 7.8088 -0.4381 -0.0200
v 7.8379 -0.4180 0.0094
v 7.7128 -0.4670 -0.0200
v 7.7555 -0.4567 -0.0200
v 7.7565 -0.3618 -0.0200
v 7.7690 -0.4000 -0.0200
v 7.7067 -0.3982 -0.0200
v 7.8438 -0.3612 0.0478
v 7.7231 -0.3324 -0.0034
v 7.7888 -0.3266 0.0094
v 7.8029 -0.3133 0.0900
v 7.7396 -0.3058 0.1092
v 7.6806 -0.6035 0.1256
v 7.6770 -0.6350 0.0803
v 7.6734 -0.5350 0.1989
v 7.6751 -0.5576 0.1553
v 7.5990 -0.6131 0.1311
v 7.6376 -0.5886 0.1493
v 7.6002 -0.5795 0.1787
v 7.6865 -0.4427 0.2345
v 7.6805 -0.4924 0.2472
v 7.6914 -0.3194 0.2197
v 7.6970 -0.3745 0.2482
v 7.5987 -0.4417 0.2477
v 7.6406 -0.4070 0.2600
v 7.5927 -0.3724 0.2582
v 7.6891 -0.3035 0.0799
v 7.6818 -0.3156 0.1342
v 7.6773 -0.3319 -0.0200
v 7.6901 -0.3004 0.0151
v 7.6023 -0.2992 0.0803
v 7.6428 -0.2808 0.0478
v 7.5981 -0.2804 0.0118
v 7.6723 -0.4143 -0.0200
v 7.6681 -0.3858 -0.0200
v 7.6705 -0.4861 -0.0200
v 7.6796 -0.4463 -0.0200
v 7.6115 -0.4104 -0.0200
v 7.6403 -0.4278 -0.0200
v 7.6068 -0.4467 -0.0200
v 7.6911 -0.5985 -0.0200
v 7.6736 -0.5354 -0.0200
v 7.6759 -0.6300 0.0164
v 7.6861 -0.6216 -0.0200
v 7.6005 -0.5787 -0.0200
v 7.6371 -0.6172 -0.0200
v 7.5968 -0.6208 -0.0200
v 7.4599 -0.5115 0.0827
v 7.4701 -0.4961 0.1417
v 7.4374 -0.4520 0.1117
v 7.5379 -0.5715 0.2079
v 7.4960 -0.5415 0.1829
v 7.4927 -0.5994 0.1565
v 7.5093 -0.4240 0.2070
v 7.5122 -0.4784 0.1891
v 7.5529 -0.4671 0.2206
v 7.4717 -0.4000 0.1058
v 7.4622 -0.4182 0.0478
v 7.5461 -0.3727 0.2019
v 7.5091 -0.3862 0.1597
v 7.5254 -0.3393 0.0478
v 7.5272 -0.3665 0.0962
v 7.5623 -0.3368 0.0955
v 7.5010 -0.4118 -0.0000
v 7.4693 -0.4543 -0.0059
v 7.5489 -0.3142 -0.0081
v 7.5218 -0.3616 -0.0029
v 7.5438 -0.4353 -0.0200
v 7.5371 -0.4035 -0.0200
v 7.5702 -0.3969 -0.0200
v 7.4972 -0.4914 -0.0200
v 7.4795 -0.5066 0.0168
v 7.5619 -0.4671 -0.0200
v 7.5264 -0.4771 -0.0200
v 7.5435 -0.5536 -0.0200
v 7.5496 -0.5137 -0.0200
v 7.5779 -0.5305 -0.0200
v 7.4832 -0.5481 0.0478
v 7.5467 -0.6171 -0.0092
v 7.5072 -0.5918 0.0137
v 7.4837 -0.6139 0.0881
v 7.5395 -0.6286 0.1093
v 7.5887 -0.4935 0.2508
v 7.5874 -0.5514 0.2305
v 7.6387 -0.5237 0.2481
v 7.6014 -0.3398 0.1203
v 7.5931 -0.3479 0.1890
v 7.6420 -0.3289 0.1631
v 7.6009 -0.3681 -0.0200
v 7.5930 -0.3119 -0.0200
v 7.6417 -0.3450 -0.0200
v 7.6055 -0.5221 -0.0200
v 7.5997 -0.4877 -0.0200
v 7.6390 -0.5062 -0.0200
v 7.5898 -0.6317 0.0802
v 7.5909 -0.6280 0.0163
v 7.6368 -0.6364 0.0478
v 4.8893 4.2872 0.0662
v 4.8589 4.0719 0.0662
v 4.5933 4.2621 0.0662
v 4.5595 4.0630 0.0662
v 4.6266 4.1729 0.2351
v 4.7951 4.1708 0.2038
v 4.6289 4.1728 -0.0200
v 4.8219 4.1705 -0.0200
v 4.7175 4.0120 -0.0200
v 4.7173 3.9958 0.1744
v 4.7215 4.3407 -0.0200
v 4.7218 4.3605 0.1823
v 4.8092 4.3311 0.1272
v 4.7772 4.2743 0.2325
v 4.8814 4.2392 0.1781
v 4.8403 4.1178 0.1506
v 4.8740 4.1698 0.0662
v 4.8753 4.1022 -0.0200
v 4.8707 4.2348 -0.0200
v 4.7732 4.2671 -0.0200
v 4.8124 4.3367 0.0030
v 4.7220 4.3783 0.0662
v 4.7587 4.0978 0.1845
v 4.7993 4.0215 0.1229
v 4.6603 4.2829 0.2441
v 4.7194 4.1717 0.2103
v 4.6252 4.3490 -0.0008
v 4.6537 4.2955 0.1129
v 4.7194 4.1717 -0.0200
v 4.6705 4.2638 -0.0200
v 4.8116 3.9983 0.0007
v 4.7808 4.0563 -0.0200
v 4.6436 4.0371 0.1177
v 4.6570 4.0610 0.2458
v 4.5793 4.1133 0.1630
v 4.5521 4.2463 0.1830
v 4.5691 4.1736 0.0662
v 4.5765 4.2355 -0.0200
v 4.6183 4.1295 -0.0038
v 4.6785 4.0991 -0.0200
v 4.6319 4.0164 0.0067
v 4.7168 3.9598 0.0662
v 4.8447 4.3081 0.0979
v 4.8501 4.2946 0.1558
v 4.8834 4.2622 0.1213
v 4.7587 4.3540 0.2460
v 4.8091 4.3309 0.2024
v 4.7738 4.3658 0.1636
v 4.8396 4.2016 0.2024
v 4.8311 4.2607 0.2116
v 4.7850 4.2149 0.2115
v 4.8720 4.1992 0.1134
v 4.8689 4.2176 0.0662
v 4.8043 4.1484 0.1629
v 4.8516 4.1701 0.1580
v 4.8743 4.1199 0.0662
v 4.8855 4.1376 0.1179
v 4.8636 4.0875 0.1153
v 4.8835 4.2013 0.0153
v 4.8930 4.2675 0.0078
v 4.8516 4.0945 0.0211
v 4.8752 4.1397 0.0176
v 4.8479 4.2036 -0.0200
v 4.8974 4.1695 -0.0200
v 4.8803 4.1276 -0.0200
v 4.8633 4.3070 -0.0200
v 4.8663 4.3316 0.0289
v 4.7900 4.2182 -0.0200
v 4.8219 4.2534 -0.0200
v 4.7656 4.3366 -0.0167
v 4.7900 4.2970 -0.0200
v 4.7444 4.2875 -0.0200
v 4.8179 4.3466 0.0662
v 4.7221 4.3860 0.0056
v 4.7757 4.3899 0.0289
v 4.7718 4.3747 0.1008
v 4.7216 4.3471 0.1158
v 4.8205 4.0718 0.1372
v 4.8358 4.0387 0.0965
v 4.7723 4.1350 0.1852
v 4.7918 4.1111 0.1623
v 4.7638 3.9968 0.1534
v 4.7845 4.0493 0.1695
v 4.7442 4.0412 0.1942
v 4.7415 4.2109 0.2082
v 4.7579 4.1712 0.2183
v 4.6876 4.3394 0.2307
v 4.7209 4.2921 0.2600
v 4.6810 4.1722 0.2183
v 4.6948 4.2181 0.2322
v 4.6409 4.2263 0.2431
v 4.6848 4.3211 0.0915
v 4.6811 4.3229 0.1416
v 4.6711 4.3624 -0.0200
v 4.6752 4.3625 0.0338
v 4.6232 4.2818 0.0913
v 4.6442 4.3133 0.0662
v 4.6017 4.3064 0.0355
v 4.7206 4.2666 -0.0200
v 4.6938 4.3067 -0.0200
v 4.7636 4.1712 -0.0200
v 4.7479 4.2222 -0.0200
v 4.6507 4.2195 -0.0200
v 4.6921 4.2231 -0.0200
v 4.6745 4.1723 -0.0200
v 4.8461 4.0656 -0.0200
v 4.8150 4.1053 -0.0200
v 4.8450 4.0281 0.0334
v 4.8374 4.0552 -0.0167
v 4.7446 4.0394 -0.0200
v 4.7926 4.0340 -0.0200
v 4.7627 4.0012 -0.0189
v 4.5946 4.0358 0.0978
v 4.5914 4.0513 0.1540
v 4.5688 4.0886 0.1168
v 4.6901 4.0354 0.2006
v 4.6418 4.0339 0.1842
v 4.6754 4.0145 0.1452
v 4.5910 4.1398 0.2118
v 4.6048 4.0804 0.2155
v 4.6434 4.1217 0.2346
v 4.5533 4.1418 0.1176
v 4.5786 4.1284 0.0662
v 4.5762 4.2110 0.2296
v 4.5426 4.1739 0.1890
v 4.5691 4.2220 0.0662
v 4.5307 4.2105 0.1249
v 4.5697 4.2592 0.1172
v 4.6199 4.1538 0.0353
v 4.5902 4.1004 0.0227
v 4.5734 4.2570 0.0164
v 4.5900 4.1983 0.0259
v 4.6119 4.1450 -0.0200
v 4.6142 4.1730 -0.0069
v 4.6106 4.2016 -0.0200
v 4.6296 4.0872 0.0045
v 4.5963 4.0377 0.0349
v 4.6543 4.1288 -0.0200
v 4.6469 4.1140 -0.0200
v 4.6701 3.9956 -0.0200
v 4.6647 4.0746 -0.0170
v 4.6937 4.0524 -0.0200
v 4.6287 4.0108 0.0662
v 4.7169 3.9612 0.0066
v 4.6636 3.9552 0.0292
v 4.6720 3.9879 0.0975
v 4.7170 3.9749 0.1218
v 4.6921 4.1233 0.2418
v 4.7183 4.0761 0.2201
v 4.7432 4.1270 0.2263
v 4.6033 4.2865 0.1478
v 4.6063 4.2665 0.2166
v 4.6443 4.3130 0.1855
v 4.6128 4.2611 -0.0200
v 4.5794 4.3101 -0.0200
v 4.6351 4.3303 -0.0200
v 4.7182 4.0704 -0.0200
v 4.6961 4.1302 -0.0200
v 4.7476 4.1187 -0.0200
v 4.7643 3.9781 0.0990
v 4.7682 3.9613 0.0305
v 4.8180 3.9863 0.0662
v 6.0622 3.8046 0.0695
v 6.0881 3.6617 0.0695
v 5.8824 3.7264 0.0695
v 5.9144 3.5796 0.0695
v 5.9474 3.6781 0.1850
v 6.0294 3.7074 0.1826
v 5.9511 3.6795 -0.0200
v 6.0403 3.7113 -0.0200
v 6.0273 3.5851 -0.0200
v 6.0377 3.5559 0.1888
v 5.9354 3.8426 -0.0200
v 5.9449 3.8160 0.1767
v 6.0060 3.8289 0.1315
v 6.0002 3.7829 0.2433
v 6.0860 3.7890 0.1936
v 6.0768 3.6846 0.1498
v 6.1287 3.7428 0.0695
v 6.0875 3.6836 -0.0200
v 6.0850 3.7880 -0.0200
v 6.0020 3.7974 -0.0200
v 6.0094 3.8564 -0.0051
v 5.9296 3.8591 0.0695
v 6.0447 3.6397 0.2174
v 6.0904 3.5963 0.1329
v 5.9416 3.7378 0.1943
v 5.9888 3.6929 0.2553
v 5.8858 3.7909 0.0052
v 5.9110 3.7669 0.1180
v 5.9888 3.6929 -0.0200
v 5.9335 3.7455 -0.0200
v 6.0594 3.6258 0.0254
v 6.0406 3.6437 -0.0200
v 5.9677 3.5259 0.1456
v 5.9784 3.6106 0.2284
v 5.9021 3.6072 0.1802
v 5.9117 3.7002 0.1399
v 5.8639 3.6484 0.0695
v 5.9066 3.7007 -0.0056
v 5.9075 3.6126 -0.0200
v 5.9787 3.6125 -0.0200
v 5.9733 3.5702 0.0135
v 6.0462 3.5318 0.0695
v 6.0436 3.8435 0.1074
v 6.0449 3.8181 0.1647
v 6.0733 3.7981 0.1256
v 5.9710 3.8053 0.2161
v 6.0057 3.8265 0.2057
v 5.9716 3.8626 0.1800
v 6.0627 3.7455 0.2128
v 6.0328 3.7727 0.1991
v 6.0207 3.7399 0.2172
v 6.0778 3.7473 0.1153
v 6.0980 3.7806 0.0695
v 6.0768 3.6988 0.2089
v 6.0910 3.7293 0.1782
v 6.1147 3.6939 0.0695
v 6.0989 3.7080 0.1183
v 6.1068 3.6679 0.1197
v 6.1182 3.7720 0.0029
v 6.0852 3.8128 0.0054
v 6.0887 3.6717 0.0269
v 6.1056 3.7090 0.0177
v 6.0592 3.7430 -0.0200
v 6.0816 3.7260 -0.0200
v 6.0667 3.6981 -0.0200
v 6.0464 3.8214 -0.0200
v 6.0400 3.8338 0.0340
v 6.0293 3.7525 -0.0200
v 6.0479 3.8000 -0.0200
v 5.9715 3.8635 -0.0200
v 6.0046 3.8181 -0.0200
v 5.9703 3.8096 -0.0200
v 6.0091 3.8540 0.0695
v 5.9426 3.8226 0.0176
v 5.9708 3.8418 0.0363
v 5.9699 3.8496 0.1044
v 5.9267 3.8671 0.1392
v 6.0828 3.6458 0.1424
v 6.1040 3.6244 0.1012
v 6.0335 3.6796 0.1908
v 6.0637 3.6628 0.1843
v 6.0469 3.6050 0.1378
v 6.0522 3.6326 0.1580
v 6.0492 3.5892 0.2243
v 5.9944 3.7370 0.2600
v 6.0162 3.7027 0.2354
v 5.9424 3.7725 0.1882
v 5.9652 3.7591 0.2203
v 5.9657 3.6847 0.2094
v 5.9659 3.7147 0.2048
v 5.9485 3.7049 0.1789
v 5.8989 3.8348 0.1066
v 5.9252 3.7891 0.1442
v 5.9196 3.7976 -0.0119
v 5.8962 3.8391 0.0312
v 5.9008 3.7453 0.0937
v 5.8807 3.7957 0.0695
v 5.8744 3.7610 0.0379
v 5.9613 3.7700 -0.0200
v 5.9258 3.8011 -0.0200
v 6.0154 3.7024 -0.0200
v 5.9953 3.7447 -0.0200
v 5.9470 3.7054 -0.0200
v 5.9573 3.7229 -0.0200
v 5.9598 3.6826 -0.0200
v 6.0706 3.6601 -0.0200
v 6.0414 3.6772 -0.0200
v 6.0681 3.6457 0.0476
v 6.0807 3.6469 -0.0018
v 6.0301 3.6220 -0.0200
v 6.0596 3.6255 -0.0200
v 6.0455 3.6072 0.0029
v 5.9358 3.5473 0.1062
v 5.9408 3.5858 0.1509
v 5.9087 3.5932 0.1227
v 6.0063 3.5828 0.2132
v 5.9749 3.5827 0.1819
v 6.0057 3.5259 0.1783
v 5.9254 3.6478 0.1924
v 5.9376 3.6002 0.2202
v 5.9527 3.6396 0.2371
v 5.8723 3.6217 0.1294
v 5.8951 3.6177 0.0695
v 5.9304 3.6890 0.1619
v 5.9090 3.6644 0.1545
v 5.8646 3.6919 0.0695
v 5.8805 3.6780 0.1175
v 5.8948 3.7128 0.1095
v 5.9087 3.6440 0.0283
v 5.9063 3.5902 0.0146
v 5.8905 3.7137 0.0276
v 5.9031 3.6811 0.0315
v 5.9265 3.6486 -0.0200
v 5.8942 3.6592 -0.0200
v 5.9029 3.6872 -0.0200
v 5.9439 3.5927 -0.0067
v 5.9391 3.5562 0.0351
v 5.9569 3.6459 -0.0200
v 5.9464 3.6160 -0.0200
v 6.0055 3.5280 -0.0200
v 5.9718 3.5581 -0.0200
v 6.0040 3.5973 -0.0200
v 5.9705 3.5481 0.0695
v 6.0464 3.5314 0.0048
v 6.0072 3.5402 0.0355
v 6.0049 3.5600 0.0991
v 6.0303 3.5764 0.1161
v 5.9833 3.6495 0.2572
v 6.0116 3.6289 0.2154
v 6.0145 3.6685 0.2213
v 5.9048 3.7350 0.1346
v 5.9240 3.7189 0.1689
v 5.9185 3.7598 0.1676
v 5.9022 3.7277 -0.0200
v 5.8996 3.7376 0.0003
v 5.9078 3.7700 -0.0200
v 6.0085 3.6376 -0.0200
v 5.9840 3.6546 -0.0200
v 6.0133 3.6696 -0.0200
v 6.0777 3.5526 0.1062
v 6.0702 3.5645 0.0358
v 6.0876 3.5990 0.0695
v 10.2825 -2.1593 0.0730
v 10.4194 -2.1609 0.0730
v 10.2530 -2.3357 0.0730
v 10.3693 -2.3596 0.0730
v 10.3156 -2.3167 0.2277
v 10.3346 -2.2100 0.2052
v 10.3187 -2.2994 -0.0200
v 10.3403 -2.1780 -0.0200
v 10.4124 -2.2746 -0.0099
v 10.4139 -2.2749 0.1574
v 10.2299 -2.2421 -0.0189
v 10.2210 -2.2406 0.1735
v 10.2363 -2.1839 0.1321
v 10.2724 -2.2143 0.2224
v 10.3094 -2.1831 0.1459
v 10.3805 -2.1729 0.1686
v 10.3444 -2.1550 0.0730
v 10.3904 -2.1572 -0.0200
v 10.3031 -2.1539 -0.0200
v 10.2737 -2.2154 -0.0200
v 10.2551 -2.1997 0.0264
v 10.2130 -2.2391 0.0730
v 10.3972 -2.2334 0.2355
v 10.4544 -2.2127 0.1421
v 10.2592 -2.2833 0.2245
v 10.3258 -2.2592 0.2460
v 10.2118 -2.3004 0.0118
v 10.2280 -2.2946 0.1256
v 10.3258 -2.2592 -0.0200
v 10.2614 -2.2825 -0.0200
v 10.4335 -2.2203 0.0152
v 10.4039 -2.2310 -0.0200
v 10.3930 -2.3157 0.1174
v 10.3656 -2.2926 0.1842
v 10.3446 -2.3461 0.1562
v 10.2781 -2.3345 0.1564
v 10.3104 -2.3461 0.0730
v 10.2861 -2.3219 0.0036
v 10.3409 -2.3290 0.0063
v 10.3741 -2.2998 -0.0200
v 10.4097 -2.3298 0.0177
v 10.4144 -2.2750 0.0730
v 10.2619 -2.1730 0.1006
v 10.2764 -2.1813 0.1419
v 10.2961 -2.1690 0.1142
v 10.2567 -2.2311 0.1831
v 10.2615 -2.2051 0.1680
v 10.2150 -2.2057 0.1640
v 10.3202 -2.1749 0.2087
v 10.2920 -2.1948 0.1832
v 10.3040 -2.2067 0.2286
v 10.3254 -2.1696 0.1129
v 10.3129 -2.1512 0.0730
v 10.3566 -2.1902 0.1944
v 10.3446 -2.1538 0.1813
v 10.3941 -2.1253 0.0730
v 10.3729 -2.1330 0.1329
v 10.4023 -2.1627 0.1265
v 10.3252 -2.1375 0.0189
v 10.2927 -2.1588 0.0272
v 10.4222 -2.1377 0.0058
v 10.3675 -2.1475 0.0200
v 10.3188 -2.1543 -0.0200
v 10.3468 -2.1414 -0.0200
v 10.3658 -2.1695 -0.0200
v 10.2807 -2.1880 0.0102
v 10.2743 -2.1897 0.0508
v 10.2992 -2.1954 -0.0200
v 10.2879 -2.1869 -0.0200
v 10.2341 -2.2149 -0.0022
v 10.2589 -2.2029 -0.0200
v 10.2490 -2.2279 -0.0200
v 10.2537 -2.1985 0.0730
v 10.2196 -2.2403 0.0263
v 10.2305 -2.2156 0.0466
v 10.2219 -2.2117 0.1019
v 10.1944 -2.2358 0.1309
v 10.4382 -2.1731 0.1787
v 10.4505 -2.1774 0.1114
v 10.3714 -2.2100 0.2567
v 10.4056 -2.1870 0.2360
v 10.4248 -2.2495 0.1466
v 10.4288 -2.2220 0.1967
v 10.4049 -2.2565 0.1897
v 10.3028 -2.2399 0.2168
v 10.3305 -2.2327 0.2283
v 10.2469 -2.2619 0.1896
v 10.2592 -2.2473 0.2402
v 10.3206 -2.2883 0.2432
v 10.3003 -2.2684 0.2028
v 10.2961 -2.2913 0.1928
v 10.1895 -2.2696 0.1076
v 10.2177 -2.2698 0.1533
v 10.2277 -2.2688 0.0001
v 10.2114 -2.2680 0.0441
v 10.2418 -2.3143 0.0989
v 10.1988 -2.3051 0.0730
v 10.2257 -2.3249 0.0423
v 10.2669 -2.2487 -0.0200
v 10.2478 -2.2619 -0.0200
v 10.3329 -2.2194 -0.0200
v 10.2931 -2.2317 -0.0200
v 10.2872 -2.3009 -0.0200
v 10.2876 -2.2730 -0.0200
v 10.3213 -2.2848 -0.0200
v 10.4045 -2.1881 -0.0200
v 10.3694 -2.2121 -0.0200
v 10.4317 -2.1897 0.0405
v 10.4334 -2.1768 -0.0200
v 10.3999 -2.2567 -0.0200
v 10.4186 -2.2256 -0.0200
v 10.4250 -2.2494 -0.0006
v 10.3776 -2.3290 0.0954
v 10.3667 -2.3238 0.1301
v 10.3565 -2.3524 0.1156
v 10.3931 -2.2866 0.1802
v 10.3841 -2.3082 0.1591
v 10.4079 -2.2989 0.1405
v 10.3311 -2.3375 0.1992
v 10.3545 -2.3138 0.1664
v 10.3443 -2.3036 0.2046
v 10.3263 -2.3660 0.1205
v 10.3380 -2.3608 0.0730
v 10.2978 -2.3221 0.1837
v 10.3094 -2.3517 0.1681
v 10.2694 -2.3699 0.0730
v 10.2930 -2.3471 0.1148
v 10.2482 -2.3571 0.1273
v 10.3262 -2.3378 0.0381
v 10.3558 -2.3501 0.0315
v 10.2684 -2.3317 0.0329
v 10.2867 -2.3640 0.0233
v 10.3308 -2.3332 -0.0200
v 10.3101 -2.3478 -0.0179
v 10.3031 -2.3101 -0.0165
v 10.3756 -2.3377 0.0037
v 10.3909 -2.3470 0.0450
v 10.3459 -2.3074 -0.0200
v 10.3567 -2.3180 -0.0200
v 10.4198 -2.3046 -0.0041
v 10.3836 -2.3078 -0.0122
v 10.3832 -2.2826 -0.0184
v 10.3948 -2.3172 0.0730
v 10.4311 -2.2779 0.0267
v 10.4107 -2.2980 0.0495
v 10.4076 -2.2966 0.0958
v 10.4164 -2.2753 0.1129
v 10.3505 -2.2800 0.2276
v 10.3781 -2.2685 0.2042
v 10.3626 -2.2459 0.2600
v 10.2390 -2.3257 0.1546
v 10.2673 -2.3121 0.1924
v 10.2420 -2.2895 0.1737
v 10.2633 -2.3157 -0.0200
v 10.2379 -2.3266 -0.0096
v 10.2376 -2.2911 -0.0200
v 10.3914 -2.2709 -0.0200
v 10.3495 -2.2791 -0.0200
v 10.3589 -2.2472 -0.0200
v 10.4311 -2.2511 0.0997
v 10.4475 -2.2499 0.0422
v 10.4644 -2.2091 0.0730
v 14.8671 4.1175 0.0479
v 15.0527 4.2063 0.0479
v 15.0500 3.8244 0.0479
v 15.3520 3.9350 0.0479
v 15.1473 3.9087 0.2551
v 15.0101 4.1085 0.1377
v 15.1001 3.9775 -0.0200
v 14.9833 4.1475 -0.0200
v 15.1991 4.1494 -0.0200
v 15.2083 4.1558 0.1268
v 14.9221 3.9592 -0.0172
v 14.8872 3.9352 0.1306
v 14.8627 4.0290 0.0906
v 14.9190 4.0347 0.1748
v 14.9343 4.1220 0.1075
v 15.0253 4.1809 0.1061
v 14.9758 4.1585 0.0479
v 15.0346 4.1341 0.0102
v 14.8889 4.1505 -0.0200
v 14.9247 4.0353 -0.0200
v 14.8439 4.0271 0.0010
v 14.8981 3.9427 0.0479
v 15.1153 4.1742 0.1826
v 15.1449 4.2329 0.0945
v 14.9838 3.9141 0.1910
v 15.0516 4.0481 0.2331
v 14.9790 3.9045 0.0117
v 14.9494 3.8459 0.0989
v 15.0516 4.0481 -0.0200
v 15.0054 3.9568 -0.0200
v 15.1316 4.2066 0.0080
v 15.0911 4.1263 -0.0200
v 15.2771 4.0709 0.0989
v 15.1916 4.0623 0.1820
v 15.2887 3.8988 0.1684
v 15.0921 3.8429 0.1378
v 15.2032 3.8273 0.0479
v 15.0827 3.8903 -0.0200
v 15.2641 3.9143 -0.0200
v 15.2089 4.0640 -0.0200
v 15.3038 4.0736 -0.0091
v 15.2137 4.1595 0.0479
v 14.8589 4.0731 0.0704
v 14.8700 4.0853 0.1104
v 14.8862 4.1286 0.0844
v 14.8780 3.9744 0.1705
v 14.8650 4.0293 0.1422
v 14.8739 3.9851 0.1094
v 14.9901 4.1013 0.1082
v 14.9209 4.0863 0.1414
v 14.9813 4.0757 0.1421
v 14.9516 4.1467 0.0768
v 14.9036 4.1627 0.0479
v 15.0167 4.1447 0.1241
v 15.0046 4.1165 0.0868
v 15.0234 4.1420 0.0479
v 15.0140 4.1341 0.0672
v 15.0381 4.2046 0.0791
v 14.9186 4.1793 0.0095
v 14.8718 4.1356 0.0082
v 15.0429 4.1492 0.0278
v 15.0064 4.1515 0.0247
v 14.9249 4.1577 -0.0200
v 14.9606 4.1806 -0.0200
v 15.0121 4.1573 -0.0200
v 14.8576 4.0878 -0.0188
v 14.8476 4.0746 0.0241
v 14.9360 4.0936 -0.0200
v 14.8911 4.0950 -0.0200
v 14.8717 3.9843 -0.0143
v 14.8757 4.0303 -0.0200
v 14.9219 3.9930 -0.0200
v 14.8477 4.0275 0.0479
v 14.9008 3.9446 0.0130
v 14.8599 3.9756 0.0251
v 14.8727 3.9804 0.0692
v 14.9000 3.9440 0.0830
v 15.0848 4.2478 0.1162
v 15.1013 4.2532 0.0723
v 15.0507 4.1590 0.1862
v 15.0651 4.2107 0.1600
v 15.1813 4.1997 0.1130
v 15.1356 4.2145 0.1417
v 15.1647 4.1651 0.1537
v 14.9909 4.0420 0.1777
v 15.0221 4.0910 0.1867
v 14.9138 3.9057 0.1767
v 14.9404 3.9717 0.1945
v 15.0966 3.9825 0.2600
v 15.0163 3.9782 0.2147
v 15.0526 3.9112 0.2188
v 14.9285 3.9103 0.0685
v 14.9149 3.8884 0.1165
v 14.9569 3.9376 0.0004
v 14.9401 3.9233 0.0293
v 14.9957 3.8176 0.0754
v 14.9629 3.8727 0.0479
v 15.0019 3.8432 0.0235
v 14.9697 3.9918 -0.0200
v 14.9700 3.9638 -0.0200
v 15.0155 4.1006 -0.0200
v 14.9768 4.0406 -0.0200
v 15.0523 3.9537 -0.0200
v 15.0217 3.9889 -0.0200
v 15.0799 4.0068 -0.0200
v 15.0580 4.1252 -0.0052
v 15.0510 4.1291 -0.0200
v 15.0948 4.2263 0.0267
v 15.0713 4.1664 0.0075
v 15.1547 4.1547 -0.0200
v 15.1119 4.1675 -0.0193
v 15.1602 4.1750 -0.0066
v 15.3215 4.0130 0.0794
v 15.2923 3.9988 0.1307
v 15.3280 3.9136 0.1089
v 15.1972 4.1100 0.1508
v 15.2366 4.0668 0.1415
v 15.2411 4.1153 0.1135
v 15.2304 3.8933 0.2233
v 15.2442 3.9918 0.1858
v 15.1902 3.9936 0.2339
v 15.2797 3.8230 0.1138
v 15.3138 3.8451 0.0479
v 15.1231 3.8498 0.2042
v 15.2076 3.8209 0.1769
v 15.1105 3.8519 0.0479
v 15.1489 3.8251 0.0979
v 15.0696 3.8380 0.0898
v 15.2448 3.8574 -0.0079
v 15.3427 3.9065 -0.0163
v 15.0686 3.8492 0.0083
v 15.1258 3.8780 0.0098
v 15.1579 3.9561 -0.0200
v 15.1409 3.9180 -0.0200
v 15.0920 3.9360 -0.0200
v 15.3439 3.9882 -0.0200
v 15.3436 4.0101 0.0138
v 15.1451 4.0113 -0.0200
v 15.2530 3.9892 -0.0200
v 15.2492 4.1182 -0.0200
v 15.2963 4.0728 -0.0200
v 15.2290 4.1235 -0.0200
v 15.2971 4.0729 0.0479
v 15.1967 4.1478 0.0143
v 15.2440 4.1209 0.0250
v 15.2534 4.1244 0.0719
v 15.2242 4.1667 0.0878
v 15.1382 4.0569 0.2334
v 15.1532 4.1179 0.1819
v 15.0874 4.1191 0.2174
v 15.0155 3.8315 0.1219
v 15.0370 3.8721 0.1692
v 14.9546 3.8563 0.1560
v 15.0404 3.9133 -0.0200
v 15.0220 3.8709 -0.0126
v 14.9933 3.9328 -0.0171
v 15.1458 4.1128 -0.0200
v 15.1116 4.0542 -0.0200
v 15.0777 4.0998 -0.0200
v 15.1862 4.1990 0.0704
v 15.1707 4.1816 0.0280
v 15.1424 4.2278 0.0479
v 6.2335 2.9574 0.0653
v 6.5407 2.9288 0.0653
v 6.2403 2.4999 0.0653
v 6.4717 2.5363 0.0653
v 6.3751 2.6037 0.1701
v 6.3864 2.8374 0.2173
v 6.3735 2.5691 -0.0200
v 6.3872 2.8546 -0.0200
v 6.6467 2.6862 -0.0200
v 6.5696 2.6899 0.1433
v 6.1259 2.7112 -0.0200
v 6.2013 2.7076 0.1386
v 6.1664 2.8426 0.1211
v 6.2669 2.7749 0.1903
v 6.3187 2.8807 0.1401
v 6.4632 2.8861 0.1453
v 6.3876 2.8628 0.0653
v 6.4869 2.9391 -0.0200
v 6.3283 2.8523 0.0022
v 6.2486 2.7873 -0.0200
v 6.1919 2.8254 0.0162
v 6.2164 2.7069 0.0653
v 6.5109 2.7701 0.2025
v 6.5739 2.8042 0.1132
v 6.2657 2.6373 0.1845
v 6.3797 2.6990 0.2454
v 6.1460 2.5725 0.0077
v 6.1794 2.5906 0.1147
v 6.3797 2.6990 -0.0200
v 6.2508 2.6292 -0.0200
v 6.5923 2.8141 0.0129
v 6.5123 2.7708 -0.0200
v 6.6437 2.5213 0.1344
v 6.5272 2.5998 0.2287
v 6.4571 2.4684 0.1603
v 6.3111 2.5454 0.1310
v 6.3642 2.3772 0.0653
v 6.2893 2.4966 -0.0200
v 6.4482 2.4950 -0.0187
v 6.5528 2.5825 -0.0200
v 6.6390 2.5245 -0.0025
v 6.7156 2.6829 0.0653
v 6.2393 2.8522 0.0880
v 6.2542 2.8577 0.1292
v 6.2757 2.9280 0.1110
v 6.2415 2.7370 0.1571
v 6.2110 2.8126 0.1640
v 6.2190 2.7549 0.1198
v 6.3504 2.8561 0.1720
v 6.2634 2.8733 0.1991
v 6.3027 2.8396 0.2497
v 6.3502 2.9343 0.1091
v 6.3282 2.9150 0.0653
v 6.4098 2.8037 0.1380
v 6.3888 2.8886 0.1449
v 6.4638 2.9444 0.0653
v 6.4182 2.8708 0.0978
v 6.5024 2.9120 0.1100
v 6.3595 2.8607 0.0353
v 6.2782 2.9225 0.0207
v 6.5277 2.9560 0.0114
v 6.4393 2.9646 0.0151
v 6.3481 2.8689 -0.0200
v 6.3907 2.9268 -0.0200
v 6.4395 2.9069 -0.0200
v 6.1988 2.9277 -0.0200
v 6.1895 2.9066 0.0346
v 6.3143 2.8184 -0.0200
v 6.2852 2.8407 -0.0200
v 6.1752 2.7702 -0.0040
v 6.1798 2.8335 -0.0200
v 6.2276 2.7408 -0.0200
v 6.1971 2.8219 0.0653
v 6.1533 2.7099 0.0226
v 6.1524 2.7724 0.0392
v 6.1837 2.7623 0.0879
v 6.2040 2.7075 0.0985
v 6.5626 2.8894 0.1487
v 6.5395 2.8429 0.0888
v 6.4370 2.7833 0.1825
v 6.4727 2.8130 0.1593
v 6.5701 2.7454 0.1281
v 6.5546 2.7937 0.1618
v 6.5589 2.7302 0.1818
v 6.3077 2.7475 0.2437
v 6.3835 2.7770 0.2516
v 6.2266 2.6724 0.1648
v 6.2485 2.7053 0.2064
v 6.3763 2.6286 0.2336
v 6.2980 2.6548 0.2563
v 6.3163 2.6058 0.1949
v 6.1484 2.6482 0.0912
v 6.1829 2.6511 0.1302
v 6.1495 2.6429 -0.0106
v 6.1667 2.6522 0.0414
v 6.1787 2.5181 0.0949
v 6.1137 2.5550 0.0653
v 6.1554 2.4971 0.0324
v 6.2780 2.7039 -0.0200
v 6.1943 2.6667 -0.0200
v 6.3834 2.7765 -0.0200
v 6.2939 2.7568 -0.0200
v 6.2942 2.5731 -0.0200
v 6.3032 2.6576 -0.0200
v 6.3763 2.6292 -0.0200
v 6.4965 2.8421 -0.0200
v 6.4515 2.8046 -0.0200
v 6.5590 2.8604 0.0390
v 6.5429 2.8689 -0.0091
v 6.5763 2.7332 -0.0200
v 6.5718 2.8030 -0.0200
v 6.6041 2.7537 -0.0086
v 6.5436 2.5202 0.0918
v 6.4978 2.5497 0.1254
v 6.4711 2.4978 0.1055
v 6.6125 2.6350 0.2199
v 6.5606 2.5773 0.1711
v 6.6575 2.6023 0.1595
v 6.4082 2.5457 0.1694
v 6.4993 2.5198 0.2029
v 6.4447 2.5802 0.2210
v 6.4149 2.4182 0.1176
v 6.4384 2.4530 0.0653
v 6.3479 2.5884 0.1422
v 6.3719 2.5369 0.1333
v 6.2995 2.4650 0.0653
v 6.3352 2.5007 0.1028
v 6.2762 2.5193 0.1030
v 6.4077 2.4758 0.0238
v 6.4626 2.5165 0.0289
v 6.2529 2.4788 0.0192
v 6.3118 2.3963 0.0081
v 6.4144 2.5127 -0.0200
v 6.3697 2.4905 -0.0200
v 6.3178 2.4839 -0.0200
v 6.5609 2.4699 -0.0200
v 6.6026 2.4558 0.0293
v 6.4353 2.5975 -0.0200
v 6.4839 2.5428 -0.0200
v 6.7016 2.5870 -0.0200
v 6.6052 2.5473 -0.0200
v 6.6415 2.6270 -0.0200
v 6.6918 2.4890 0.0653
v 6.6980 2.6837 0.0052
v 6.7024 2.5948 0.0282
v 6.6782 2.6026 0.0997
v 6.6292 2.6870 0.1124
v 6.4418 2.6572 0.2192
v 6.5607 2.6903 0.2600
v 6.4485 2.7363 0.2262
v 6.2238 2.5367 0.1364
v 6.2781 2.5745 0.1679
v 6.2344 2.6203 0.1455
v 6.2581 2.5500 -0.0200
v 6.2409 2.5544 0.0020
v 6.2136 2.6091 -0.0200
v 6.5411 2.6913 -0.0200
v 6.4588 2.6458 -0.0200
v 6.4454 2.7346 -0.0200
v 6.6439 2.7571 0.0949
v 6.6252 2.7530 0.0378
v 6.5610 2.7972 0.0653
v 14.1052 -4.5476 0.0502
v 14.1978 -4.6531 0.0502
v 13.9644 -4.7348 0.0502
v 14.0819 -4.7938 0.0502
v 14.0512 -4.7420 0.2004
v 14.1275 -4.6444 0.1831
v 14.0700 -4.7179 -0.0200
v 14.1248 -4.6480 -0.0200
v 14.1674 -4.7495 -0.0200
v 14.1626 -4.7457 0.1260
v 13.9998 -4.6184 -0.0200
v 14.0186 -4.6331 0.1283
v 14.0399 -4.5564 0.1144
v 14.0618 -4.6130 0.2071
v 14.1269 -4.5710 0.1511
v 14.1589 -4.6509 0.1134
v 14.1517 -4.6136 0.0502
v 14.1791 -4.6390 -0.0200
v 14.1222 -4.5870 -0.0200
v 14.0710 -4.6368 -0.0200
v 14.0467 -4.5738 -0.0057
v 13.9791 -4.6021 0.0502
v 14.1532 -4.6981 0.1677
v 14.1712 -4.7003 0.0860
v 14.0076 -4.6796 0.2107
v 14.0917 -4.6902 0.2539
v 13.9834 -4.6765 0.0014
v 13.9703 -4.6748 0.1049
v 14.0917 -4.6902 -0.0200
v 14.0340 -4.6829 -0.0200
v 14.1967 -4.7036 0.0029
v 14.1737 -4.7007 -0.0200
v 14.1296 -4.7883 0.0972
v 14.1161 -4.7535 0.1786
v 14.0642 -4.7833 0.1289
v 13.9916 -4.7488 0.1443
v 14.0399 -4.7565 0.0502
v 14.0162 -4.7345 -0.0200
v 14.0700 -4.7636 -0.0119
v 14.1154 -4.7516 -0.0200
v 14.1350 -4.8022 -0.0035
v 14.2011 -4.7758 0.0502
v 14.0691 -4.5213 0.0887
v 14.0832 -4.5503 0.1418
v 14.1202 -4.5368 0.1091
v 14.0334 -4.6195 0.1708
v 14.0546 -4.5943 0.1531
v 14.0295 -4.6038 0.1203
v 14.1265 -4.6140 0.1668
v 14.0936 -4.5961 0.1748
v 14.0990 -4.6230 0.2117
v 14.1491 -4.5822 0.0972
v 14.1340 -4.5837 0.0502
v 14.1481 -4.6455 0.1503
v 14.1536 -4.6111 0.1379
v 14.1739 -4.6315 0.0502
v 14.1539 -4.6344 0.0823
v 14.1564 -4.6609 0.0770
v 14.1460 -4.5881 0.0057
v 14.1133 -4.5737 0.0054
v 14.2042 -4.6391 0.0035
v 14.1816 -4.6095 0.0037
v 14.1211 -4.6260 -0.0200
v 14.1523 -4.6128 -0.0200
v 14.1527 -4.6418 -0.0200
v 14.0845 -4.5721 -0.0200
v 14.0736 -4.5553 0.0194
v 14.0963 -4.6475 -0.0200
v 14.0933 -4.6113 -0.0200
v 14.0221 -4.5936 -0.0200
v 14.0525 -4.5888 -0.0200
v 14.0306 -4.6161 -0.0200
v 14.0331 -4.5388 0.0502
v 13.9933 -4.6133 0.0018
v 14.0068 -4.5777 0.0185
v 14.0056 -4.5760 0.0824
v 14.0026 -4.6205 0.0940
v 14.1557 -4.6785 0.0927
v 14.1841 -4.6801 0.0712
v 14.1395 -4.6727 0.1717
v 14.1594 -4.6720 0.1429
v 14.1682 -4.7209 0.1045
v 14.1666 -4.6997 0.1256
v 14.1653 -4.7255 0.1575
v 14.0742 -4.6449 0.2559
v 14.1138 -4.6620 0.2284
v 14.0085 -4.6504 0.1716
v 14.0290 -4.6412 0.2258
v 14.0682 -4.7203 0.2399
v 14.0426 -4.6840 0.2600
v 14.0244 -4.7149 0.2213
v 13.9744 -4.6402 0.0789
v 13.9998 -4.6534 0.1154
v 13.9876 -4.6485 -0.0200
v 13.9724 -4.6393 0.0210
v 13.9438 -4.7065 0.0838
v 13.9514 -4.6724 0.0502
v 13.9724 -4.7033 0.0231
v 14.0511 -4.6585 -0.0200
v 14.0041 -4.6483 -0.0200
v 14.1098 -4.6671 -0.0200
v 14.0823 -4.6660 -0.0200
v 14.0581 -4.7025 -0.0200
v 14.0673 -4.6871 -0.0200
v 14.0768 -4.7093 -0.0200
v 14.1790 -4.6667 -0.0200
v 14.1528 -4.6678 -0.0200
v 14.2135 -4.6769 0.0225
v 14.1962 -4.6710 -0.0193
v 14.1770 -4.7311 -0.0200
v 14.1903 -4.7028 -0.0200
v 14.1825 -4.7266 -0.0142
v 14.1060 -4.7969 0.0745
v 14.0971 -4.7799 0.1089
v 14.0771 -4.7686 0.0803
v 14.1468 -4.7571 0.1642
v 14.1255 -4.7777 0.1439
v 14.1490 -4.7699 0.1148
v 14.0570 -4.7662 0.1663
v 14.0899 -4.7756 0.1632
v 14.0854 -4.7480 0.1889
v 14.0488 -4.7708 0.0853
v 14.0621 -4.7649 0.0502
v 14.0229 -4.7449 0.1723
v 14.0259 -4.7743 0.1434
v 14.0020 -4.7543 0.0502
v 13.9983 -4.7741 0.0984
v 13.9598 -4.7501 0.1048
v 14.0476 -4.7731 0.0141
v 14.0719 -4.7970 0.0092
v 14.0017 -4.7311 0.0129
v 14.0240 -4.7510 0.0152
v 14.0718 -4.7338 -0.0164
v 14.0463 -4.7483 -0.0142
v 14.0513 -4.7223 -0.0200
v 14.0975 -4.7862 -0.0127
v 14.1095 -4.8232 0.0199
v 14.0868 -4.7356 -0.0200
v 14.0904 -4.7514 -0.0200
v 14.1507 -4.7722 -0.0163
v 14.1221 -4.7689 -0.0200
v 14.1466 -4.7569 -0.0200
v 14.1453 -4.8288 0.0502
v 14.1782 -4.7579 0.0076
v 14.1739 -4.7992 0.0195
v 14.1752 -4.8010 0.0814
v 14.1822 -4.7611 0.0947
v 14.1050 -4.7246 0.2063
v 14.1380 -4.7265 0.1799
v 14.1266 -4.6947 0.1992
v 13.9716 -4.7124 0.1300
v 14.0015 -4.7146 0.1738
v 13.9938 -4.6778 0.1488
v 14.0227 -4.7088 -0.0200
v 13.9939 -4.7083 -0.0149
v 13.9890 -4.6772 -0.0200
v 14.1480 -4.7343 -0.0200
v 14.1049 -4.7245 -0.0200
v 14.1328 -4.6955 -0.0200
v 14.1995 -4.7363 0.0765
v 14.1969 -4.7351 0.0244
v 14.2103 -4.7053 0.0502
v 15.8282 -5.9997 0.0699
v 15.5333 -5.9782 0.0699
v 15.8922 -5.6051 0.0699
v 15.5827 -5.5432 0.0699
v 15.7321 -5.6653 0.2508
v 15.7024 -5.8815 0.2045
v 15.7354 -5.6406 -0.0200
v 15.6959 -5.9293 -0.0200
v 15.4864 -5.7579 -0.0200
v 15.4795 -5.7569 0.1812
v 15.9575 -5.8225 -0.0200
v 15.9471 -5.8211 0.1796
v 15.9004 -5.9213 0.1282
v 15.8189 -5.8632 0.2083
v 15.7773 -6.0002 0.1806
v 15.6178 -5.9445 0.1621
v 15.6787 -6.0547 0.0699
v 15.5907 -5.9878 -0.0200
v 15.7787 -6.0050 -0.0200
v 15.8429 -5.8804 -0.0200
v 15.9510 -5.9573 -0.0044
v 15.9862 -5.8264 0.0699
v 15.5884 -5.8350 0.2161
v 15.5098 -5.8634 0.1258
v 15.8918 -5.7254 0.2739
v 15.7151 -5.7892 0.3012
v 16.0210 -5.6788 -0.0135
v 16.0144 -5.6812 0.1515
v 15.7151 -5.7892 -0.0200
v 15.8904 -5.7259 -0.0200
v 15.4872 -5.8715 0.0078
v 15.5815 -5.8375 -0.0200
v 15.5460 -5.6688 0.1231
v 15.5819 -5.6944 0.2474
v 15.6581 -5.5963 0.1711
v 15.8323 -5.6020 0.1811
v 15.7443 -5.5760 0.0699
v 15.8401 -5.5895 -0.0200
v 15.6550 -5.5858 -0.0200
v 15.5698 -5.6857 -0.0200
v 15.4859 -5.6260 -0.0022
v 15.4343 -5.7507 0.0699
v 15.8716 -5.9659 0.1013
v 15.8541 -5.9711 0.1590
v 15.8139 -6.0237 0.1288
v 15.8557 -5.8371 0.1791
v 15.8586 -5.8915 0.1709
v 15.9168 -5.8713 0.1503
v 15.7347 -5.9396 0.2022
v 15.8096 -5.9368 0.2093
v 15.7630 -5.8815 0.2208
v 15.7305 -6.0365 0.1298
v 15.7633 -6.0443 0.0699
v 15.6619 -5.9140 0.1882
v 15.6896 -5.9747 0.1733
v 15.5965 -6.0289 0.0699
v 15.6397 -6.0056 0.1253
v 15.5754 -5.9649 0.1218
v 15.7302 -6.0316 0.0111
v 15.8041 -6.0005 0.0168
v 15.5385 -6.0113 0.0042
v 15.6248 -6.0485 0.0034
v 15.7413 -5.9899 -0.0200
v 15.6856 -6.0038 -0.0200
v 15.6441 -5.9558 -0.0200
v 15.8746 -5.9980 -0.0200
v 15.8879 -5.9842 0.0352
v 15.7778 -5.9102 -0.0200
v 15.8340 -5.9748 -0.0200
v 15.9469 -5.8836 -0.0200
v 15.9074 -5.9263 -0.0200
v 15.9027 -5.8531 -0.0200
v 15.9462 -5.9539 0.0699
v 15.9762 -5.8250 0.0131
v 15.9796 -5.8908 0.0342
v 15.9812 -5.8914 0.1058
v 15.9928 -5.8273 0.1302
v 15.5591 -5.9067 0.1458
v 15.5214 -5.9142 0.1006
v 15.6508 -5.8580 0.2064
v 15.6083 -5.8844 0.1837
v 15.4860 -5.8154 0.1550
v 15.5428 -5.8514 0.1748
v 15.5253 -5.7998 0.2096
v 15.7755 -5.8323 0.2501
v 15.7078 -5.8420 0.2373
v 15.9303 -5.7773 0.2283
v 15.8388 -5.8062 0.2230
v 15.7254 -5.7138 0.3093
v 15.8004 -5.7584 0.2903
v 15.8151 -5.6821 0.2825
v 16.0137 -5.7611 0.1077
v 16.0170 -5.7547 0.1821
v 16.0046 -5.7561 -0.0200
v 16.0176 -5.7607 0.0316
v 15.9603 -5.6310 0.1087
v 16.0272 -5.6765 0.0699
v 15.9750 -5.6215 0.0287
v 15.8616 -5.8093 -0.0200
v 15.9392 -5.7768 -0.0200
v 15.7070 -5.8481 -0.0200
v 15.7749 -5.8319 -0.0200
v 15.8200 -5.6769 -0.0200
v 15.7973 -5.7595 -0.0200
v 15.7248 -5.7185 -0.0200
v 15.5922 -5.8987 -0.0200
v 15.6298 -5.8805 -0.0200
v 15.4921 -5.9330 0.0346
v 15.5224 -5.9344 -0.0200
v 15.5304 -5.7995 -0.0200
v 15.5542 -5.8473 -0.0200
v 15.5028 -5.8135 -0.0090
v 15.5482 -5.6010 0.1034
v 15.5961 -5.6337 0.1461
v 15.6151 -5.5522 0.1294
v 15.5217 -5.7235 0.2200
v 15.5603 -5.6790 0.1788
v 15.4963 -5.7002 0.1571
v 15.6955 -5.6403 0.2009
v 15.6354 -5.6650 0.1873
v 15.6572 -5.6777 0.2522
v 15.7006 -5.5583 0.1259
v 15.6704 -5.5530 0.0699
v 15.7886 -5.6167 0.2335
v 15.7427 -5.5873 0.1824
v 15.8120 -5.5933 0.0699
v 15.7808 -5.6003 0.1183
v 15.8522 -5.6167 0.1209
v 15.7010 -5.5649 0.0155
v 15.6210 -5.5661 0.0138
v 15.8734 -5.5900 0.0110
v 15.7911 -5.5707 0.0139
v 15.6904 -5.6013 -0.0200
v 15.7447 -5.5730 -0.0200
v 15.7942 -5.6036 -0.0200
v 15.5642 -5.5919 -0.0200
v 15.5243 -5.5741 0.0316
v 15.6504 -5.6646 -0.0200
v 15.6109 -5.6269 -0.0200
v 15.4686 -5.6890 -0.0200
v 15.5076 -5.6414 -0.0200
v 15.4905 -5.7128 -0.0200
v 15.5152 -5.6468 0.0699
v 15.4654 -5.7550 0.0157
v 15.4848 -5.7008 0.0388
v 15.4835 -5.7004 0.1011
v 15.4422 -5.7518 0.1292
v 15.6359 -5.7329 0.3057
v 15.5631 -5.7684 0.2579
v 15.6422 -5.8155 0.2579
v 15.9339 -5.6244 0.1765
v 15.8952 -5.6286 0.2620
v 15.9972 -5.6874 0.2418
v 15.8823 -5.6401 -0.0200
v 15.9384 -5.6210 -0.0200
v 15.9688 -5.6976 -0.0200
v 15.5560 -5.7674 -0.0200
v 15.6461 -5.7401 -0.0200
v 15.6423 -5.8155 -0.0200
v 15.4488 -5.8143 0.1036
v 15.4459 -5.8146 0.0358
v 15.4801 -5.8741 0.0699
v 3.8120 2.7445 0.0643
v 3.9218 2.5217 0.0643
v 3.4412 2.5250 0.0643
v 3.5488 2.2171 0.0643
v 3.5997 2.4607 0.2171
v 3.8127 2.5915 0.2309
v 3.6017 2.4619 -0.0200
v 3.8171 2.5942 -0.0200
v 3.8367 2.3031 -0.0200
v 3.8341 2.3073 0.1869
v 3.5409 2.7850 -0.0200
v 3.5708 2.7363 0.1853
v 3.7014 2.7586 0.1243
v 3.7015 2.6848 0.2388
v 3.8466 2.7130 0.1731
v 3.8790 2.5561 0.1465
v 3.9506 2.6761 0.0643
v 3.9172 2.5631 -0.0200
v 3.8649 2.7369 -0.0200
v 3.7015 2.7129 -0.0200
v 3.7014 2.7978 -0.0057
v 3.5304 2.8022 0.0643
v 3.8346 2.4556 0.2256
v 3.9455 2.3992 0.1341
v 3.5949 2.5775 0.1936
v 3.7016 2.5232 0.2218
v 3.4612 2.6455 -0.0045
v 3.4473 2.6526 0.1371
v 3.7016 2.5232 -0.0200
v 3.5412 2.6048 -0.0200
v 3.9105 2.4170 0.0045
v 3.8582 2.4436 -0.0200
v 3.7018 2.2586 0.1318
v 3.7017 2.3544 0.2467
v 3.5153 2.2795 0.2040
v 3.4785 2.4820 0.1676
v 3.4150 2.3473 0.0643
v 3.4617 2.4789 -0.0200
v 3.5653 2.3449 -0.0200
v 3.7017 2.3427 -0.0200
v 3.7018 2.2711 -0.0000
v 3.8333 2.3087 0.0643
v 3.7602 2.7661 0.0963
v 3.7699 2.7370 0.1473
v 3.8285 2.7298 0.1157
v 3.6436 2.6939 0.2003
v 3.7014 2.7385 0.1870
v 3.6429 2.7437 0.1504
v 3.8416 2.6617 0.2176
v 3.7724 2.6955 0.2034
v 3.7585 2.6334 0.2309
v 3.9200 2.7152 0.1269
v 3.9052 2.7457 0.0643
v 3.8554 2.5744 0.1905
v 3.8943 2.6415 0.1747
v 3.9152 2.5827 0.0643
v 3.9098 2.6064 0.1125
v 3.9123 2.5404 0.1092
v 3.9392 2.7321 -0.0038
v 3.8438 2.7547 0.0066
v 3.9021 2.5395 0.0216
v 3.9412 2.6189 0.0088
v 3.8529 2.6729 -0.0200
v 3.9343 2.6661 -0.0200
v 3.8967 2.5881 -0.0200
v 3.7916 2.8050 -0.0200
v 3.7670 2.7944 0.0286
v 3.7736 2.6625 -0.0200
v 3.7978 2.7574 -0.0200
v 3.6244 2.8130 -0.0200
v 3.7014 2.7910 -0.0200
v 3.6204 2.7624 -0.0200
v 3.7014 2.7758 0.0643
v 3.5318 2.7999 -0.0079
v 3.6172 2.8135 0.0253
v 3.6252 2.7859 0.0996
v 3.5386 2.7888 0.1336
v 3.9237 2.4873 0.1475
v 3.9533 2.4635 0.0974
v 3.8169 2.5241 0.2193
v 3.8579 2.5107 0.1814
v 3.8938 2.3512 0.1616
v 3.8985 2.4231 0.1903
v 3.8498 2.3715 0.2244
v 3.7015 2.5975 0.2437
v 3.7508 2.5535 0.2249
v 3.5675 2.6606 0.2092
v 3.6372 2.6282 0.2204
v 3.6492 2.4911 0.2352
v 3.6435 2.5528 0.2217
v 3.6168 2.5226 0.1782
v 3.4723 2.7380 0.1048
v 3.4809 2.7208 0.1761
v 3.4864 2.7158 -0.0200
v 3.4803 2.7305 0.0252
v 3.4459 2.5840 0.0979
v 3.4489 2.6517 0.0643
v 3.4504 2.5829 0.0312
v 3.6157 2.6632 -0.0200
v 3.5249 2.7041 -0.0200
v 3.7594 2.5587 -0.0200
v 3.7015 2.6030 -0.0200
v 3.5733 2.5223 -0.0200
v 3.6400 2.5546 -0.0200
v 3.6545 2.4943 -0.0200
v 3.9010 2.5073 -0.0200
v 3.8324 2.5242 -0.0200
v 3.9272 2.4697 0.0346
v 3.8994 2.4912 -0.0098
v 3.8612 2.3598 -0.0200
v 3.9006 2.4220 -0.0200
v 3.8836 2.3604 -0.0200
v 3.6270 2.2142 0.1050
v 3.6040 2.2177 0.1829
v 3.5179 2.2243 0.1388
v 3.7757 2.3051 0.2382
v 3.7017 2.2787 0.2038
v 3.7711 2.2621 0.1663
v 3.5505 2.3739 0.2296
v 3.6061 2.2909 0.2520
v 3.6348 2.3939 0.2600
v 3.4673 2.3173 0.1314
v 3.4914 2.2936 0.0643
v 3.5635 2.4773 0.1775
v 3.5023 2.4010 0.1784
v 3.4098 2.4420 0.0643
v 3.4200 2.4108 0.1295
v 3.4403 2.5020 0.1199
v 3.4842 2.3322 0.0020
v 3.5533 2.2819 0.0042
v 3.4429 2.5022 0.0092
v 3.4205 2.4110 -0.0008
v 3.5793 2.4023 -0.0200
v 3.4898 2.3932 -0.0200
v 3.5151 2.4612 -0.0200
v 3.6149 2.2518 -0.0200
v 3.6292 2.2230 0.0248
v 3.6419 2.4078 -0.0200
v 3.6214 2.3283 -0.0200
v 3.7663 2.2800 -0.0200
v 3.7017 2.2880 -0.0200
v 3.7696 2.3230 -0.0200
v 3.7018 2.2637 0.0643
v 3.8375 2.3017 0.0065
v 3.7765 2.2656 0.0297
v 3.7773 2.2630 0.0993
v 3.8351 2.3057 0.1211
v 3.7016 2.4529 0.2344
v 3.7819 2.3923 0.2590
v 3.7648 2.4911 0.2355
v 3.4591 2.5625 0.1551
v 3.5409 2.5361 0.1847
v 3.4887 2.6315 0.2005
v 3.4999 2.5394 -0.0200
v 3.4656 2.5615 -0.0200
v 3.4839 2.6339 -0.0200
v 3.7813 2.3933 -0.0200
v 3.7016 2.4383 -0.0200
v 3.7708 2.4880 -0.0200
v 3.8931 2.3438 0.0982
v 3.8827 2.3536 0.0323
v 3.9408 2.4016 0.0643
v 4.0891 3.7015 0.0548
v 4.2115 3.5376 0.0548
v 3.8717 3.5407 0.0548
v 3.9732 3.3649 0.0548
v 3.9318 3.4676 0.2306
v 4.1077 3.5918 0.1838
v 3.9390 3.4726 -0.0200
v 4.1203 3.6008 -0.0200
v 4.1363 3.3933 -0.0200
v 4.1244 3.4102 0.1281
v 3.9302 3.6852 -0.0200
v 3.9110 3.7124 0.1532
v 4.0084 3.7335 0.1044
v 4.0141 3.6892 0.2171
v 4.1116 3.6709 0.1305
v 4.1618 3.5648 0.1195
v 4.2054 3.6609 0.0548
v 4.2492 3.5822 -0.0200
v 4.1177 3.6810 -0.0200
v 4.0228 3.6209 -0.0200
v 4.0136 3.6932 0.0155
v 3.9002 3.7276 0.0548
v 4.1362 3.4872 0.1786
v 4.2430 3.4332 0.1143
v 3.9102 3.6015 0.2029
v 4.0333 3.5392 0.2512
v 3.8634 3.6251 0.0066
v 3.8712 3.6212 0.1008
v 4.0333 3.5392 -0.0200
v 3.9010 3.6061 -0.0200
v 4.2250 3.4423 0.0003
v 4.1364 3.4871 -0.0200
v 4.0621 3.3134 0.1125
v 4.0499 3.4093 0.1954
v 3.9648 3.4243 0.1209
v 3.8762 3.5080 0.1339
v 3.9074 3.4503 0.0548
v 3.8726 3.5073 -0.0200
v 3.9396 3.3819 -0.0200
v 4.0494 3.4130 -0.0200
v 4.0565 3.3577 0.0084
v 4.1580 3.3626 0.0548
v 4.0515 3.7206 0.0787
v 4.0638 3.7140 0.1228
v 4.1004 3.6872 0.0917
v 3.9545 3.7152 0.1952
v 4.0112 3.7119 0.1535
v 3.9554 3.7448 0.1352
v 4.1096 3.6313 0.1571
v 4.0671 3.6687 0.1596
v 4.0621 3.6191 0.1759
v 4.1379 3.6495 0.0908
v 4.1749 3.7310 0.0548
v 4.1605 3.5859 0.1706
v 4.1250 3.6040 0.1155
v 4.2306 3.5993 0.0548
v 4.2168 3.6209 0.1025
v 4.2258 3.5556 0.0988
v 4.1770 3.6906 0.0053
v 4.1252 3.7420 0.0042
v 4.2695 3.5593 0.0009
v 4.2120 3.6187 0.0084
v 4.1270 3.6522 -0.0200
v 4.1843 3.6459 -0.0200
v 4.1789 3.5926 -0.0200
v 4.0652 3.7222 -0.0164
v 4.0492 3.6976 0.0339
v 4.0604 3.6143 -0.0200
v 4.0600 3.6415 -0.0200
v 3.9783 3.6843 -0.0019
v 4.0130 3.6980 -0.0200
v 3.9711 3.6780 -0.0200
v 4.0052 3.7587 0.0548
v 3.8827 3.7524 -0.0009
v 3.9410 3.7689 0.0239
v 3.9447 3.7597 0.0845
v 3.8978 3.7309 0.1049
v 4.2032 3.5104 0.1209
v 4.2026 3.4977 0.0777
v 4.1277 3.5398 0.1896
v 4.1492 3.5293 0.1459
v 4.1890 3.4073 0.1294
v 4.1627 3.4738 0.1370
v 4.1384 3.4389 0.1607
v 4.0246 3.6070 0.2187
v 4.0708 3.5658 0.1965
v 3.9152 3.6518 0.1736
v 3.9538 3.6517 0.2222
v 3.9767 3.4993 0.2680
v 3.9684 3.5720 0.2292
v 3.9287 3.5386 0.2040
v 3.8869 3.6684 0.0792
v 3.8891 3.6613 0.1239
v 3.8506 3.6939 -0.0200
v 3.8799 3.6745 0.0293
v 3.8610 3.5815 0.0781
v 3.8986 3.6073 0.0548
v 3.9012 3.5717 0.0369
v 3.9704 3.6282 -0.0200
v 3.9128 3.6542 -0.0200
v 4.0721 3.5667 -0.0200
v 4.0276 3.5832 -0.0200
v 3.9022 3.5385 -0.0200
v 3.9787 3.5668 -0.0200
v 3.9920 3.5101 -0.0200
v 4.2016 3.5248 -0.0200
v 4.1246 3.5398 -0.0200
v 4.2271 3.4917 0.0286
v 4.2556 3.5015 -0.0200
v 4.1330 3.4441 -0.0200
v 4.1814 3.4643 -0.0200
v 4.1886 3.4077 -0.0196
v 4.0124 3.3320 0.0821
v 3.9969 3.3312 0.1357
v 3.9585 3.3745 0.0959
v 4.1135 3.3601 0.1977
v 4.0630 3.3065 0.1878
v 4.1035 3.3537 0.1274
v 3.9366 3.4227 0.1843
v 3.9985 3.4062 0.1625
v 3.9928 3.4271 0.2248
v 3.9366 3.4374 0.0881
v 3.9077 3.3692 0.0548
v 3.9087 3.4935 0.1682
v 3.9100 3.4522 0.1364
v 3.8833 3.4936 0.0548
v 3.9090 3.4840 0.0870
v 3.8404 3.5228 0.0988
v 3.9070 3.4062 0.0113
v 3.9596 3.3769 0.0143
v 3.8450 3.5232 0.0118
v 3.8479 3.4568 0.0067
v 3.9400 3.4268 -0.0200
v 3.9245 3.4624 -0.0172
v 3.8977 3.4895 -0.0200
v 3.9998 3.3480 -0.0196
v 4.0138 3.3462 0.0293
v 4.0022 3.4532 -0.0200
v 3.9962 3.3975 -0.0200
v 4.0843 3.4043 0.0020
v 4.0487 3.4187 -0.0140
v 4.0922 3.4076 -0.0200
v 4.0623 3.3121 0.0548
v 4.1473 3.3778 0.0126
v 4.1051 3.3604 0.0307
v 4.1183 3.3275 0.0833
v 4.1625 3.3562 0.1026
v 4.0423 3.4688 0.2252
v 4.0965 3.4497 0.1880
v 4.0773 3.5169 0.1734
v 3.8486 3.5705 0.1266
v 3.8858 3.5519 0.1707
v 3.8861 3.6136 0.1482
v 3.9054 3.5502 -0.0200
v 3.8633 3.5681 -0.0113
v 3.8810 3.6162 -0.0200
v 4.0988 3.4465 -0.0200
v 4.0409 3.4793 -0.0200
v 4.0800 3.5156 -0.0200
v 4.2150 3.3789 0.0851
v 4.2006 3.3916 0.0270
v 4.2097 3.4500 0.0548
v 10.9106 -0.6454 0.0642
v 10.7710 -0.7873 0.0642
v 10.6953 -0.4318 0.0642
v 10.5323 -0.6086 0.0642
v 10.6756 -0.5736 0.2371
v 10.7921 -0.6776 0.2182
v 10.6703 -0.5688 -0.0200
v 10.8000 -0.6846 -0.0200
v 10.6185 -0.7615 -0.0200
v 10.6254 -0.7538 0.1775
v 10.8845 -0.4637 -0.0200
v 10.8450 -0.5078 0.1735
v 10.8947 -0.5691 0.1265
v 10.8219 -0.5966 0.2061
v 10.8640 -0.6683 0.1610
v 10.7817 -0.7288 0.1441
v 10.8308 -0.7121 0.0642
v 10.7941 -0.7570 -0.0200
v 10.8965 -0.6785 -0.0200
v 10.8403 -0.5896 -0.0200
v 10.8920 -0.5701 0.0031
v 10.8736 -0.4758 0.0642
v 10.7166 -0.7100 0.1958
v 10.6977 -0.7847 0.1238
v 10.7640 -0.5229 0.2350
v 10.7372 -0.6286 0.2240
v 10.7835 -0.4460 -0.0054
v 10.7752 -0.4786 0.1215
v 10.7372 -0.6286 -0.0200
v 10.7641 -0.5227 -0.0200
v 10.7069 -0.7484 0.0185
v 10.7078 -0.7448 -0.0200
v 10.6148 -0.6748 0.1126
v 10.6369 -0.6664 0.2322
v 10.5820 -0.5799 0.1827
v 10.6689 -0.4744 0.1871
v 10.6105 -0.5154 0.0642
v 10.6787 -0.4964 -0.0200
v 10.5828 -0.5801 -0.0200
v 10.6501 -0.6615 -0.0200
v 10.5997 -0.6805 0.0099
v 10.6099 -0.7712 0.0642
v 10.8602 -0.6119 0.0881
v 10.8402 -0.6221 0.1222
v 10.8907 -0.6583 0.1166
v 10.8606 -0.5346 0.2285
v 10.8661 -0.5799 0.1782
v 10.9017 -0.5178 0.1698
v 10.8308 -0.6751 0.1962
v 10.8158 -0.6302 0.1546
v 10.7918 -0.6347 0.1795
v 10.8507 -0.6949 0.1103
v 10.8837 -0.6912 0.0642
v 10.7844 -0.7015 0.1739
v 10.8151 -0.6981 0.1477
v 10.8151 -0.7654 0.0642
v 10.8085 -0.7239 0.1060
v 10.7837 -0.7763 0.1161
v 10.8587 -0.6996 0.0149
v 10.9279 -0.6655 -0.0008
v 10.7837 -0.7765 0.0123
v 10.8267 -0.7481 0.0119
v 10.8460 -0.6826 -0.0200
v 10.8314 -0.7127 -0.0200
v 10.7993 -0.7245 -0.0200
v 10.9115 -0.6177 -0.0200
v 10.8839 -0.6086 0.0358
v 10.8361 -0.6397 -0.0200
v 10.8934 -0.6317 -0.0200
v 10.9131 -0.5101 -0.0200
v 10.8684 -0.5790 -0.0200
v 10.8524 -0.5408 -0.0200
v 10.9033 -0.5658 0.0642
v 10.8918 -0.4555 -0.0077
v 10.9361 -0.4888 0.0201
v 10.9222 -0.4985 0.1053
v 10.8568 -0.4946 0.1200
v 10.7450 -0.7808 0.1499
v 10.7338 -0.7849 0.0943
v 10.7524 -0.6949 0.2069
v 10.7503 -0.7263 0.1776
v 10.6541 -0.7882 0.1601
v 10.7005 -0.7735 0.1879
v 10.6726 -0.7369 0.1979
v 10.7763 -0.6138 0.2104
v 10.7621 -0.6508 0.2160
v 10.8044 -0.5161 0.2031
v 10.8108 -0.5462 0.2594
v 10.7081 -0.6025 0.2422
v 10.7510 -0.5744 0.2600
v 10.7172 -0.5411 0.2525
v 10.8151 -0.4860 0.0938
v 10.8029 -0.5024 0.1399
v 10.8325 -0.4456 -0.0200
v 10.8271 -0.4639 0.0302
v 10.7411 -0.4512 0.0983
v 10.7806 -0.4574 0.0642
v 10.7414 -0.4370 0.0274
v 10.8013 -0.5568 -0.0200
v 10.8238 -0.4835 -0.0200
v 10.7695 -0.6573 -0.0200
v 10.7935 -0.6073 -0.0200
v 10.7195 -0.5511 -0.0200
v 10.7510 -0.5743 -0.0200
v 10.7037 -0.5987 -0.0200
v 10.7535 -0.7499 -0.0200
v 10.7575 -0.7173 -0.0200
v 10.7342 -0.7670 0.0376
v 10.7438 -0.7586 -0.0090
v 10.6608 -0.7566 -0.0200
v 10.7063 -0.7505 -0.0200
v 10.6734 -0.7513 -0.0094
v 10.5695 -0.6513 0.0968
v 10.5451 -0.6406 0.1725
v 10.5399 -0.5903 0.1316
v 10.6553 -0.6910 0.1734
v 10.6186 -0.6734 0.1691
v 10.6162 -0.7101 0.1419
v 10.6308 -0.5757 0.2143
v 10.5826 -0.6254 0.2421
v 10.6469 -0.6184 0.2550
v 10.5978 -0.5470 0.1208
v 10.5836 -0.5628 0.0642
v 10.6674 -0.5206 0.2266
v 10.6225 -0.5261 0.1872
v 10.6339 -0.4470 0.0642
v 10.6181 -0.4693 0.1339
v 10.6797 -0.4455 0.1285
v 10.6145 -0.5568 0.0144
v 10.5514 -0.5925 0.0009
v 10.6783 -0.4411 -0.0016
v 10.6385 -0.4966 0.0065
v 10.6234 -0.5720 -0.0200
v 10.6514 -0.5519 -0.0200
v 10.6839 -0.5461 -0.0200
v 10.5973 -0.6373 -0.0146
v 10.5903 -0.6485 0.0357
v 10.6576 -0.6196 -0.0200
v 10.6223 -0.6262 -0.0200
v 10.5777 -0.7360 -0.0200
v 10.6143 -0.6750 -0.0200
v 10.6105 -0.7252 -0.0200
v 10.6053 -0.6784 0.0642
v 10.6156 -0.7648 0.0076
v 10.5714 -0.7451 0.0274
v 10.5828 -0.7371 0.0985
v 10.6045 -0.7773 0.1261
v 10.6872 -0.6475 0.2516
v 10.6866 -0.6853 0.1985
v 10.7257 -0.6739 0.2282
v 10.7293 -0.4727 0.1519
v 10.7204 -0.5027 0.2103
v 10.7687 -0.5044 0.1701
v 10.7207 -0.5054 -0.0200
v 10.7279 -0.4449 -0.0200
v 10.7811 -0.4552 -0.0200
v 10.6601 -0.7150 -0.0200
v 10.6924 -0.6455 -0.0200
v 10.7231 -0.6846 -0.0200
v 10.6585 -0.7728 0.0941
v 10.6694 -0.7528 0.0385
v 10.7034 -0.7621 0.0642
v 4.3491 2.9722 0.0617
v 4.4504 2.8629 0.0617
v 4.1915 2.8632 0.0617
v 4.3020 2.7396 0.0617
v 4.2745 2.8202 0.2054
v 4.3876 2.9125 0.2276
v 4.2654 2.8128 -0.0200
v 4.3825 2.9084 -0.0200
v 4.4294 2.7377 -0.0200
v 4.4167 2.7532 0.1485
v 4.2303 2.9814 -0.0200
v 4.2210 2.9928 0.1642
v 4.2974 2.9798 0.1029
v 4.2975 2.9794 0.2359
v 4.3737 2.9683 0.1449
v 4.4269 2.8850 0.1357
v 4.4410 2.9562 0.0617
v 4.4377 2.8874 -0.0200
v 4.3720 2.9646 -0.0186
v 4.3013 2.9644 -0.0200
v 4.2877 3.0178 0.0070
v 4.2307 2.9810 0.0617
v 4.4104 2.8228 0.1961
v 4.4726 2.7928 0.1171
v 4.2387 2.9056 0.2039
v 4.3270 2.8631 0.2428
v 4.1956 2.9264 0.0118
v 4.1828 2.9326 0.1165
v 4.3270 2.8631 -0.0200
v 4.2252 2.9122 -0.0200
v 4.4588 2.7995 0.0116
v 4.4418 2.8077 -0.0200
v 4.3614 2.7274 0.1096
v 4.3509 2.7688 0.2028
v 4.2682 2.7305 0.1665
v 4.2099 2.8373 0.1483
v 4.2273 2.7817 0.0617
v 4.2448 2.8450 0.0009
v 4.2779 2.7523 -0.0200
v 4.3535 2.7584 -0.0200
v 4.3656 2.7109 0.0079
v 4.3986 2.7754 0.0617
v 4.3228 2.9926 0.0853
v 4.3312 2.9719 0.1201
v 4.3554 2.9555 0.0935
v 4.2697 2.9646 0.1740
v 4.2920 3.0009 0.1706
v 4.2659 2.9859 0.1283
v 4.3877 2.9541 0.2005
v 4.3396 2.9661 0.1767
v 4.3433 2.9375 0.2173
v 4.4067 2.9651 0.1075
v 4.3928 2.9765 0.0617
v 4.4139 2.8985 0.1807
v 4.4102 2.9311 0.1488
v 4.4488 2.9041 0.0617
v 4.4297 2.9142 0.1023
v 4.4508 2.8751 0.1026
v 4.4021 2.9592 0.0186
v 4.3644 2.9850 0.0198
v 4.4558 2.8756 0.0192
v 4.4494 2.9241 0.0134
v 4.3784 2.9401 -0.0200
v 4.3940 2.9178 -0.0084
v 4.4140 2.8985 -0.0200
v 4.3322 2.9966 -0.0100
v 4.3220 3.0144 0.0341
v 4.3408 2.9265 -0.0200
v 4.3368 2.9431 -0.0200
v 4.2497 3.0185 -0.0200
v 4.2917 3.0023 -0.0200
v 4.2719 2.9606 -0.0200
v 4.2971 2.9807 0.0617
v 4.2164 2.9984 0.0126
v 4.2397 3.0311 0.0304
v 4.2497 3.0119 0.0894
v 4.2291 2.9829 0.1052
v 4.4584 2.8416 0.1331
v 4.4619 2.8309 0.0870
v 4.4011 2.8641 0.2131
v 4.4252 2.8552 0.1708
v 4.4681 2.7530 0.1485
v 4.4555 2.8011 0.1710
v 4.4230 2.7797 0.1842
v 4.3120 2.9223 0.2600
v 4.3522 2.8837 0.2119
v 4.2243 2.9522 0.1927
v 4.2736 2.9285 0.1969
v 4.3037 2.8441 0.2003
v 4.2873 2.8822 0.2046
v 4.2548 2.8621 0.2090
v 4.1982 2.9673 0.0891
v 4.2258 2.9420 0.1240
v 4.1863 2.9728 -0.0200
v 4.1697 2.9904 0.0282
v 4.1781 2.8985 0.0896
v 4.1741 2.9368 0.0617
v 4.1978 2.8938 0.0375
v 4.2702 2.9325 -0.0200
v 4.2234 2.9530 -0.0200
v 4.3573 2.8878 -0.0200
v 4.3121 2.9217 -0.0200
v 4.2382 2.8618 -0.0200
v 4.2756 2.8879 -0.0200
v 4.2988 2.8400 -0.0200
v 4.4403 2.8540 -0.0200
v 4.4181 2.8643 -0.0200
v 4.4577 2.8319 0.0372
v 4.4644 2.8406 -0.0130
v 4.4435 2.7619 -0.0200
v 4.4459 2.8057 -0.0200
v 4.4292 2.7833 -0.0012
v 4.3324 2.6962 0.0921
v 4.3205 2.6968 0.1510
v 4.2849 2.7260 0.1088
v 4.3845 2.7611 0.1745
v 4.3637 2.7183 0.1761
v 4.4024 2.7114 0.1439
v 4.2662 2.7719 0.2006
v 4.3138 2.7551 0.1822
v 4.3147 2.8070 0.1789
v 4.2366 2.7474 0.1136
v 4.2590 2.7460 0.0617
v 4.2562 2.8342 0.1587
v 4.2418 2.7935 0.1508
v 4.2090 2.8233 0.0617
v 4.1894 2.7945 0.1160
v 4.1786 2.8486 0.1107
v 4.2553 2.7713 0.0206
v 4.2909 2.7457 0.0213
v 4.2251 2.8531 0.0281
v 4.2457 2.8226 0.0296
v 4.2704 2.7783 -0.0200
v 4.2536 2.8031 -0.0151
v 4.2441 2.8293 -0.0200
v 4.3220 2.7351 -0.0070
v 4.3323 2.7011 0.0322
v 4.3133 2.8007 -0.0200
v 4.3157 2.7710 -0.0200
v 4.3856 2.7451 -0.0022
v 4.3643 2.7160 -0.0200
v 4.3851 2.7601 -0.0200
v 4.3587 2.7379 0.0617
v 4.4184 2.7511 0.0211
v 4.3970 2.7283 0.0366
v 4.4011 2.7204 0.0883
v 4.4096 2.7619 0.0984
v 4.3385 2.8176 0.2139
v 4.3670 2.8140 0.1631
v 4.3604 2.8469 0.1822
v 4.1895 2.8856 0.1364
v 4.2516 2.8691 0.1455
v 4.2356 2.9072 0.1394
v 4.2348 2.8704 -0.0200
v 4.2295 2.8790 0.0087
v 4.2193 2.9150 -0.0200
v 4.3866 2.7900 -0.0200
v 4.3408 2.8085 -0.0200
v 4.3760 2.8394 -0.0200
v 4.4504 2.7632 0.0880
v 4.4238 2.7847 0.0411
v 4.4602 2.7988 0.0617
v 15.6108 5.2051 0.0617
v 15.5040 5.0475 0.0617
v 15.4846 5.4200 0.0617
v 15.3418 5.2751 0.0617
v 15.4336 5.3098 0.2361
v 15.5333 5.1875 0.1743
v 15.4302 5.3139 -0.0200
v 15.5374 5.1824 -0.0200
v 15.3657 5.1306 -0.0200
v 15.3619 5.1275 0.1617
v 15.6133 5.3326 -0.0200
v 15.6059 5.3266 0.1462
v 15.6132 5.2600 0.1007
v 15.5809 5.2533 0.1820
v 15.5919 5.1869 0.1307
v 15.5262 5.1148 0.1406
v 15.5762 5.1349 0.0617
v 15.5352 5.0809 -0.0200
v 15.5777 5.1939 0.0026
v 15.5989 5.2570 -0.0200
v 15.6454 5.2666 0.0121
v 15.6298 5.3460 0.0617
v 15.4565 5.1477 0.1916
v 15.4117 5.0435 0.1288
v 15.5305 5.3198 0.1866
v 15.4942 5.2354 0.2502
v 15.5592 5.3867 0.0088
v 15.5668 5.4044 0.1207
v 15.4942 5.2354 -0.0200
v 15.5465 5.3570 -0.0200
v 15.4252 5.0748 0.0055
v 15.4474 5.1265 -0.0200
v 15.3438 5.2044 0.1110
v 15.3933 5.2146 0.2018
v 15.3431 5.3106 0.1684
v 15.4549 5.3838 0.1588
v 15.3658 5.3929 0.0617
v 15.4479 5.4101 -0.0200
v 15.3661 5.2991 -0.0200
v 15.4058 5.2172 -0.0200
v 15.3287 5.2013 0.0074
v 15.3445 5.1134 0.0617
v 15.6191 5.2326 0.0825
v 15.6165 5.2238 0.1216
v 15.6111 5.1929 0.0978
v 15.5816 5.2825 0.1530
v 15.5967 5.2566 0.1368
v 15.6120 5.2902 0.1217
v 15.5627 5.1867 0.1539
v 15.5992 5.2166 0.1682
v 15.5677 5.2152 0.2005
v 15.5767 5.1678 0.0941
v 15.5942 5.1725 0.0617
v 15.5264 5.1626 0.1490
v 15.5497 5.1674 0.1227
v 15.5506 5.0855 0.0617
v 15.5532 5.1233 0.1002
v 15.5193 5.0660 0.1115
v 15.5901 5.1568 0.0239
v 15.5934 5.1993 0.0309
v 15.5196 5.0633 0.0110
v 15.5673 5.0966 0.0139
v 15.5622 5.1870 -0.0200
v 15.5765 5.1345 -0.0200
v 15.5438 5.1232 -0.0200
v 15.6074 5.2246 0.0061
v 15.6221 5.2326 0.0403
v 15.5555 5.2185 -0.0200
v 15.5814 5.2198 -0.0200
v 15.6407 5.3036 -0.0131
v 15.6351 5.2645 -0.0200
v 15.6234 5.3049 -0.0200
v 15.6341 5.2643 0.0617
v 15.6195 5.3376 0.0181
v 15.6424 5.3080 0.0356
v 15.6367 5.3052 0.0867
v 15.6301 5.3463 0.1089
v 15.4749 5.0564 0.1495
v 15.4577 5.0346 0.0957
v 15.4985 5.1715 0.1783
v 15.4914 5.1225 0.1745
v 15.3753 5.0749 0.1540
v 15.4280 5.0813 0.1821
v 15.4051 5.1288 0.1895
v 15.5474 5.2464 0.2269
v 15.5187 5.2054 0.2151
v 15.5699 5.3261 0.1704
v 15.5558 5.2857 0.1836
v 15.4625 5.2743 0.2600
v 15.5158 5.2857 0.2283
v 15.4888 5.3160 0.2089
v 15.6069 5.3814 0.0907
v 15.5981 5.3757 0.1424
v 15.5866 5.3602 -0.0101
v 15.5975 5.3692 0.0350
v 15.5271 5.4164 0.0924
v 15.5649 5.3998 0.0617
v 15.5254 5.4072 0.0325
v 15.5855 5.3099 -0.0200
v 15.5879 5.3476 -0.0200
v 15.5157 5.2090 -0.0200
v 15.5465 5.2462 -0.0200
v 15.4867 5.3472 -0.0200
v 15.5206 5.2968 -0.0200
v 15.4656 5.2705 -0.0200
v 15.4907 5.0929 -0.0200
v 15.5000 5.1488 -0.0200
v 15.4605 5.0499 0.0302
v 15.4763 5.0690 -0.0200
v 15.4003 5.1230 -0.0200
v 15.4332 5.0934 -0.0200
v 15.3964 5.1033 -0.0143
v 15.3333 5.2391 0.0885
v 15.3335 5.2508 0.1404
v 15.3311 5.2948 0.1121
v 15.3875 5.1780 0.1732
v 15.3659 5.2089 0.1558
v 15.3519 5.1692 0.1342
v 15.3814 5.3158 0.2136
v 15.3524 5.2609 0.2056
v 15.3956 5.2626 0.2480
v 15.3549 5.3497 0.1165
v 15.3395 5.3328 0.0617
v 15.4471 5.3419 0.1894
v 15.3994 5.3516 0.1658
v 15.4250 5.4196 0.0617
v 15.4090 5.3973 0.1173
v 15.4674 5.4168 0.1150
v 15.3452 5.3576 0.0030
v 15.3560 5.2857 0.0189
v 15.4675 5.4164 0.0084
v 15.3997 5.4150 -0.0001
v 15.3883 5.3108 -0.0200
v 15.3781 5.3778 -0.0200
v 15.4308 5.3789 -0.0200
v 15.3686 5.2474 0.0000
v 15.3423 5.2388 0.0363
v 15.4223 5.2553 -0.0200
v 15.3957 5.2531 -0.0200
v 15.3351 5.1615 -0.0195
v 15.3596 5.2077 -0.0200
v 15.3702 5.1687 -0.0200
v 15.3268 5.2009 0.0617
v 15.3565 5.1231 0.0138
v 15.3293 5.1548 0.0327
v 15.3330 5.1566 0.0900
v 15.3410 5.1105 0.1149
v 15.4368 5.2236 0.2400
v 15.4271 5.1807 0.1946
v 15.4755 5.1918 0.2062
v 15.5127 5.4073 0.1461
v 15.4972 5.3558 0.1820
v 15.5538 5.3741 0.1700
v 15.4980 5.3906 -0.0200
v 15.5121 5.4015 -0.0199
v 15.5548 5.3764 -0.0200
v 15.4173 5.1727 -0.0200
v 15.4492 5.2262 -0.0200
v 15.4747 5.1901 -0.0200
v 15.3662 5.0696 0.0947
v 15.3805 5.0881 0.0323
v 15.4141 5.0489 0.0617
v 14.5983 -5.7430 -0.0100
v 14.5895 -5.7122 -0.0100
v 14.5750 -5.6757 -0.0100
v 14.5361 -5.6719 -0.0100
v 14.5096 -5.6971 -0.0100
v 14.4753 -5.7079 -0.0100
v 14.4642 -5.7430 -0.0100
v 14.4734 -5.7792 -0.0100
v 14.5079 -5.7919 -0.0100
v 14.5361 -5.8060 -0.0100
v 14.5767 -5.8132 -0.0100
v 14.5914 -5.7749 -0.0100
v 14.5970 -5.7427 0.0339
v 14.5921 -5.7102 0.0339
v 14.5740 -5.6767 0.0339
v 14.5358 -5.6772 0.0339
v 14.5097 -5.6975 0.0339
v 14.4722 -5.7060 0.0339
v 14.4652 -5.7427 0.0339
v 14.4779 -5.7761 0.0339
v 14.5081 -5.7908 0.0339
v 14.5358 -5.8090 0.0339
v 14.5756 -5.8117 0.0339
v 14.5864 -5.7719 0.0339
v 14.5969 -5.7418 0.0777
v 14.5935 -5.7080 0.0777
v 14.5714 -5.6786 0.0777
v 14.5349 -5.6813 0.0777
v 14.5083 -5.6958 0.0777
v 14.4691 -5.7038 0.0777
v 14.4675 -5.7418 0.0777
v 14.4814 -5.7728 0.0777
v 14.5067 -5.7907 0.0777
v 14.5349 -5.8108 0.0777
v 14.5731 -5.8079 0.0777
v 14.5813 -5.7686 0.0777
v 14.5976 -5.7404 0.1216
v 14.5932 -5.7058 0.1216
v 14.5676 -5.6811 0.1216
v 14.5334 -5.6835 0.1216
v 14.5057 -5.6923 0.1216
v 14.4665 -5.7018 0.1216
v 14.4705 -5.7404 0.1216
v 14.4831 -5.7694 0.1216
v 14.5041 -5.7912 0.1216
v 14.5334 -5.8107 0.1216
v 14.5693 -5.8024 0.1216
v 14.5767 -5.7653 0.1216
v 14.5984 -5.7383 0.1654
v 14.5908 -5.7040 0.1654
v 14.5629 -5.6836 0.1654
v 14.5313 -5.6834 0.1654
v 14.5021 -5.6876 0.1654
v 14.4649 -5.6999 0.1654
v 14.4735 -5.7383 0.1654
v 14.4827 -5.7664 0.1654
v 14.5005 -5.7918 0.1654
v 14.5313 -5.8083 0.1654
v 14.5645 -5.7958 0.1654
v 14.5730 -5.7624 0.1654
v 14.5984 -5.7357 0.2093
v 14.5863 -5.7024 0.2093
v 14.5577 -5.6854 0.2093
v 14.5286 -5.6809 0.2093
v 14.4979 -5.6825 0.2093
v 14.4642 -5.6985 0.2093
v 14.4759 -5.7357 0.2093
v 14.4801 -5.7637 0.2093
v 14.4964 -5.7916 0.2093
v 14.5286 -5.8035 0.2093
v 14.5592 -5.7887 0.2093
v 14.5703 -5.7597 0.2093
v 14.5840 -5.7325 0.2531
v 14.5699 -5.7067 0.2531
v 14.5474 -5.6943 0.2531
v 14.5253 -5.6864 0.2531
v 14.4994 -5.6875 0.2531
v 14.4753 -5.7036 0.2531
v 14.4855 -5.7325 0.2531
v 14.4846 -5.7560 0.2531
v 14.4981 -5.7796 0.2531
v 14.5253 -5.7849 0.2531
v 14.5486 -5.7728 0.2531
v 14.5606 -5.7528 0.2531
v 14.5576 -5.7286 0.2970
v 14.5467 -5.7140 0.2970
v 14.5343 -5.7064 0.2970
v 14.5214 -5.6992 0.2970
v 14.5054 -5.7008 0.2970
v 14.4928 -5.7121 0.2970
v 14.4983 -5.7286 0.2970
v 14.4954 -5.7437 0.2970
v 14.5046 -5.7578 0.2970
v 14.5214 -5.7585 0.2970
v 14.5350 -5.7522 0.2970
v 14.5442 -5.7418 0.2970
v 14.5337 -5.7242 0.3408
v 14.5279 -5.7179 0.3408
v 14.5229 -5.7140 0.3408
v 14.5170 -5.7097 0.3408
v 14.5095 -5.7114 0.3408
v 14.5045 -5.7171 0.3408
v 14.5063 -5.7242 0.3408
v 14.5041 -5.7317 0.3408
v 14.5092 -5.7377 0.3408
v 14.5170 -5.7371 0.3408
v 14.5232 -5.7351 0.3408
v 14.5283 -5.7308 0.3408
v 14.5166 -5.7193 0.3847
v 14.5148 -5.7175 0.3847
v 14.5136 -5.7162 0.3847
v 14.5119 -5.7148 0.3847
v 14.5097 -5.7156 0.3847
v 14.5084 -5.7173 0.3847
v 14.5086 -5.7193 0.3847
v 14.5079 -5.7215 0.3847
v 14.5096 -5.7231 0.3847
v 14.5119 -5.7228 0.3847
v 14.5137 -5.7225 0.3847
v 14.5154 -5.7213 0.3847
v 14.5119 -5.7193 0.3947
v 7.4189 -0.4691 -0.0100
v 7.4195 -0.4440 -0.0100
v 7.4026 -0.4230 -0.0100
v 7.3761 -0.4098 -0.0100
v 7.3545 -0.4317 -0.0100
v 7.3360 -0.4459 -0.0100
v 7.3166 -0.4691 -0.0100
v 7.3309 -0.4951 -0.0100
v 7.3515 -0.5116 -0.0100
v 7.3761 -0.5121 -0.0100
v 7.4056 -0.5203 -0.0100
v 7.4245 -0.4970 -0.0100
v 7.4164 -0.4689 0.0476
v 7.4209 -0.4429 0.0476
v 7.4025 -0.4227 0.0476
v 7.3759 -0.4140 0.0476
v 7.3555 -0.4335 0.0476
v 7.3341 -0.4448 0.0476
v 7.3164 -0.4689 0.0476
v 7.3343 -0.4929 0.0476
v 7.3525 -0.5093 0.0476
v 7.3759 -0.5140 0.0476
v 7.4055 -0.5202 0.0476
v 7.4207 -0.4948 0.0476
v 7.4150 -0.4684 0.1053
v 7.4222 -0.4414 0.1053
v 7.4014 -0.4233 0.1053
v 7.3753 -0.4180 0.1053
v 7.3553 -0.4338 0.1053
v 7.3317 -0.4432 0.1053
v 7.3172 -0.4684 0.1053
v 7.3375 -0.4903 0.1053
v 7.3525 -0.5080 0.1053
v 7.3753 -0.5157 0.1053
v 7.4042 -0.5185 0.1053
v 7.4163 -0.4921 0.1053
v 7.4145 -0.4676 0.1629
v 7.4226 -0.4398 0.1629
v 7.3991 -0.4248 0.1629
v 7.3744 -0.4212 0.1629
v 7.3542 -0.4326 0.1629
v 7.3293 -0.4416 0.1629
v 7.3190 -0.4676 0.1629
v 7.3399 -0.4876 0.1629
v 7.3514 -0.5075 0.1629
v 7.3744 -0.5167 0.1629
v 7.4019 -0.5153 0.1629
v 7.4120 -0.4893 0.1629
v 7.4147 -0.4665 0.2205
v 7.4218 -0.4384 0.2205
v 7.3960 -0.4268 0.2205
v 7.3731 -0.4231 0.2205
v 7.3522 -0.4303 0.2205
v 7.3274 -0.4402 0.2205
v 7.3215 -0.4665 0.2205
v 7.3411 -0.4850 0.2205
v 7.3494 -0.5075 0.2205
v 7.3731 -0.5163 0.2205
v 7.3988 -0.5110 0.2205
v 7.4082 -0.4868 0.2205
v 7.4064 -0.4651 0.2782
v 7.4101 -0.4428 0.2782
v 7.3882 -0.4360 0.2782
v 7.3714 -0.4316 0.2782
v 7.3539 -0.4347 0.2782
v 7.3352 -0.4442 0.2782
v 7.3334 -0.4651 0.2782
v 7.3468 -0.4794 0.2782
v 7.3517 -0.4993 0.2782
v 7.3714 -0.5047 0.2782
v 7.3904 -0.4979 0.2782
v 7.3985 -0.4807 0.2782
v 7.3957 -0.4634 0.3358
v 7.3963 -0.4479 0.3358
v 7.3804 -0.4443 0.3358
v 7.3694 -0.4394 0.3358
v 7.3562 -0.4405 0.3358
v 7.3442 -0.4489 0.3358
v 7.3442 -0.4634 0.3358
v 7.3517 -0.4736 0.3358
v 7.3547 -0.4889 0.3358
v 7.3694 -0.4909 0.3358
v 7.3819 -0.4851 0.3358
v 7.3888 -0.4746 0.3358
v 7.3845 -0.4614 0.3935
v 7.3835 -0.4519 0.3935
v 7.3736 -0.4500 0.3935
v 7.3670 -0.4455 0.3935
v 7.3582 -0.4461 0.3935
v 7.3516 -0.4525 0.3935
v 7.3519 -0.4614 0.3935
v 7.3552 -0.4682 0.3935
v 7.3573 -0.4783 0.3935
v 7.3670 -0.4781 0.3935
v 7.3745 -0.4744 0.3935
v 7.3799 -0.4688 0.3935
v 7.3738 -0.4590 0.4511
v 7.3726 -0.4542 0.4511
v 7.3676 -0.4532 0.4511
v 7.3643 -0.4501 0.4511
v 7.3595 -0.4507 0.4511
v 7.3565 -0.4546 0.4511
v 7.3565 -0.4590 0.4511
v 7.3575 -0.4629 0.4511
v 7.3589 -0.4682 0.4511
v 7.3643 -0.4674 0.4511
v 7.3681 -0.4657 0.4511
v 7.3715 -0.4632 0.4511
v 7.3655 -0.4564 0.5087
v 7.3647 -0.4543 0.5087
v 7.3627 -0.4537 0.5087
v 7.3611 -0.4520 0.5087
v 7.3589 -0.4525 0.5087
v 7.3578 -0.4544 0.5087
v 7.3575 -0.4564 0.5087
v 7.3578 -0.4583 0.5087
v 7.3587 -0.4606 0.5087
v 7.3611 -0.4600 0.5087
v 7.3629 -0.4595 0.5087
v 7.3647 -0.4584 0.5087
v 7.3611 -0.4564 0.5187
v 12.6096 -0.2597 -0.0100
v 12.6109 -0.2171 -0.0100
v 12.5669 -0.2079 -0.0100
v 12.5370 -0.1944 -0.0100
v 12.4979 -0.1921 -0.0100
v 12.4708 -0.2215 -0.0100
v 12.4673 -0.2597 -0.0100
v 12.4876 -0.2882 -0.0100
v 12.4958 -0.3311 -0.0100
v 12.5370 -0.3368 -0.0100
v 12.5691 -0.3154 -0.0100
v 12.5941 -0.2927 -0.0100
v 12.6114 -0.2601 0.0380
v 12.6066 -0.2200 0.0380
v 12.5651 -0.2117 0.0380
v 12.5372 -0.1925 0.0380
v 12.4974 -0.1912 0.0380
v 12.4753 -0.2243 0.0380
v 12.4717 -0.2601 0.0380
v 12.4856 -0.2898 0.0380
v 12.4953 -0.3327 0.0380
v 12.5372 -0.3321 0.0380
v 12.5673 -0.3121 0.0380
v 12.5963 -0.2942 0.0380
v 12.6117 -0.2611 0.0860
v 12.6021 -0.2240 0.0860
v 12.5647 -0.2147 0.0860
v 12.5378 -0.1904 0.0860
v 12.4983 -0.1926 0.0860
v 12.4810 -0.2283 0.0860
v 12.4747 -0.2611 0.0860
v 12.4834 -0.2925 0.0860
v 12.4962 -0.3333 0.0860
v 12.5378 -0.3274 0.0860
v 12.5668 -0.3112 0.0860
v 12.5996 -0.2968 0.0860
v 12.6104 -0.2629 0.1339
v 12.5981 -0.2287 0.1339
v 12.5656 -0.2166 0.1339
v 12.5389 -0.1892 0.1339
v 12.5005 -0.1965 0.1339
v 12.4869 -0.2329 0.1339
v 12.4761 -0.2629 0.1339
v 12.4818 -0.2959 0.1339
v 12.4985 -0.3329 0.1339
v 12.5389 -0.3235 0.1339
v 12.5677 -0.3128 0.1339
v 12.6032 -0.3000 0.1339
v 12.6078 -0.2654 0.1819
v 12.5954 -0.2336 0.1819
v 12.5679 -0.2177 0.1819
v 12.5404 -0.1897 0.1819
v 12.5041 -0.2026 0.1819
v 12.4924 -0.2377 0.1819
v 12.4762 -0.2654 0.1819
v 12.4814 -0.2994 0.1819
v 12.5021 -0.3317 0.1819
v 12.5404 -0.3213 0.1819
v 12.5699 -0.3166 0.1819
v 12.6064 -0.3035 0.1819
v 12.6046 -0.2686 0.2299
v 12.5944 -0.2384 0.2299
v 12.5711 -0.2186 0.2299
v 12.5423 -0.1925 0.2299
v 12.5086 -0.2103 0.2299
v 12.4970 -0.2424 0.2299
v 12.4756 -0.2686 0.2299
v 12.4828 -0.3029 0.2299
v 12.5066 -0.3302 0.2299
v 12.5423 -0.3214 0.2299
v 12.5731 -0.3220 0.2299
v 12.6087 -0.3069 0.2299
v 12.5846 -0.2725 0.2779
v 12.5805 -0.2517 0.2779
v 12.5659 -0.2355 0.2779
v 12.5446 -0.2199 0.2779
v 12.5228 -0.2348 0.2779
v 12.5135 -0.2545 0.2779
v 12.4957 -0.2725 0.2779
v 12.5035 -0.2962 0.2779
v 12.5215 -0.3124 0.2779
v 12.5446 -0.3088 0.2779
v 12.5673 -0.3118 0.2779
v 12.5904 -0.2989 0.2779
v 12.5699 -0.2771 0.3258
v 12.5697 -0.2642 0.3258
v 12.5611 -0.2532 0.3258
v 12.5473 -0.2459 0.3258
v 12.5350 -0.2557 0.3258
v 12.5278 -0.2658 0.3258
v 12.5161 -0.2771 0.3258
v 12.5230 -0.2911 0.3258
v 12.5341 -0.2999 0.3258
v 12.5473 -0.2998 0.3258
v 12.5619 -0.3023 0.3258
v 12.5745 -0.2928 0.3258
v 12.5606 -0.2824 0.3738
v 12.5615 -0.2760 0.3738
v 12.5572 -0.2707 0.3738
v 12.5505 -0.2683 0.3738
v 12.5449 -0.2728 0.3738
v 12.5407 -0.2768 0.3738
v 12.5352 -0.2824 0.3738
v 12.5396 -0.2887 0.3738
v 12.5445 -0.2926 0.3738
v 12.5505 -0.2937 0.3738
v 12.5576 -0.2948 0.3738
v 12.5627 -0.2894 0.3738
v 12.5572 -0.2884 0.4218
v 12.5578 -0.2862 0.4218
v 12.5562 -0.2846 0.4218
v 12.5540 -0.2842 0.4218
v 12.5523 -0.2854 0.4218
v 12.5508 -0.2865 0.4218
v 12.5492 -0.2884 0.4218
v 12.5508 -0.2902 0.4218
v 12.5522 -0.2916 0.4218
v 12.5540 -0.2922 0.4218
v 12.5563 -0.2924 0.4218
v 12.5577 -0.2905 0.4218
v 12.5540 -0.2884 0.4318
v 13.9969 -5.0825 -0.0100
v 13.9824 -5.0541 -0.0100
v 13.9654 -5.0267 -0.0100
v 13.9332 -5.0116 -0.0100
v 13.8970 -5.0198 -0.0100
v 13.8893 -5.0572 -0.0100
v 13.8667 -5.0825 -0.0100
v 13.8696 -5.1192 -0.0100
v 13.9002 -5.1395 -0.0100
v 13.9332 -5.1419 -0.0100
v 13.9621 -5.1326 -0.0100
v 14.0021 -5.1223 -0.0100
v 13.9918 -5.0821 0.0261
v 13.9817 -5.0541 0.0261
v 13.9671 -5.0234 0.0261
v 13.9332 -5.0122 0.0261
v 13.8996 -5.0240 0.0261
v 13.8900 -5.0572 0.0261
v 13.8634 -5.0821 0.0261
v 13.8705 -5.1183 0.0261
v 13.9029 -5.1346 0.0261
v 13.9332 -5.1406 0.0261
v 13.9638 -5.1352 0.0261
v 14.0012 -5.1214 0.0261
v 13.9873 -5.0810 0.0623
v 13.9826 -5.0525 0.0623
v 13.9686 -5.0199 0.0623
v 13.9333 -5.0139 0.0623
v 13.9021 -5.0270 0.0623
v 13.8892 -5.0555 0.0623
v 13.8607 -5.0810 0.0623
v 13.8730 -5.1158 0.0623
v 13.9053 -5.1295 0.0623
v 13.9333 -5.1405 0.0623
v 13.9654 -5.1366 0.0623
v 13.9988 -5.1188 0.0623
v 13.9840 -5.0792 0.0984
v 13.9848 -5.0495 0.0984
v 13.9695 -5.0167 0.0984
v 13.9334 -5.0162 0.0984
v 13.9040 -5.0282 0.0984
v 13.8872 -5.0525 0.0984
v 13.8593 -5.0792 0.0984
v 13.8768 -5.1119 0.0984
v 13.9071 -5.1247 0.0984
v 13.9334 -5.1410 0.0984
v 13.9664 -5.1362 0.0984
v 13.9952 -5.1148 0.0984
v 13.9825 -5.0766 0.1345
v 13.9877 -5.0454 0.1345
v 13.9697 -5.0142 0.1345
v 13.9336 -5.0185 0.1345
v 13.9051 -5.0272 0.1345
v 13.8847 -5.0483 0.1345
v 13.8596 -5.0766 0.1345
v 13.8812 -5.1069 0.1345
v 13.9082 -5.1206 0.1345
v 13.9336 -5.1414 0.1345
v 13.9666 -5.1336 0.1345
v 13.9911 -5.1098 0.1345
v 13.9828 -5.0733 0.1706
v 13.9905 -5.0406 0.1706
v 13.9690 -5.0125 0.1706
v 13.9339 -5.0200 0.1706
v 13.9054 -5.0240 0.1706
v 13.8823 -5.0435 0.1706
v 13.8618 -5.0733 0.1706
v 13.8857 -5.1011 0.1706
v 13.9085 -5.1173 0.1706
v 13.9339 -5.1411 0.1706
v 13.9660 -5.1288 0.1706
v 13.9871 -5.1040 0.1706
v 13.9848 -5.0693 0.2068
v 13.9927 -5.0355 0.2068
v 13.9676 -5.0114 0.2068
v 13.9343 -5.0199 0.2068
v 13.9050 -5.0186 0.2068
v 13.8807 -5.0383 0.2068
v 13.8656 -5.0693 0.2068
v 13.8895 -5.0951 0.2068
v 13.9080 -5.1147 0.2068
v 13.9343 -5.1392 0.2068
v 13.9646 -5.1219 0.2068
v 13.9839 -5.0979 0.2068
v 13.9779 -5.0645 0.2429
v 13.9827 -5.0367 0.2429
v 13.9600 -5.0206 0.2429
v 13.9346 -5.0265 0.2429
v 13.9098 -5.0215 0.2429
v 13.8905 -5.0390 0.2429
v 13.8825 -5.0645 0.2429
v 13.9001 -5.0844 0.2429
v 13.9122 -5.1033 0.2429
v 13.9346 -5.1219 0.2429
v 13.9576 -5.1042 0.2429
v 13.9731 -5.0867 0.2429
v 13.9551 -5.0590 0.2790
v 13.9559 -5.0470 0.2790
v 13.9453 -5.0412 0.2790
v 13.9351 -5.0426 0.2790
v 13.9237 -5.0393 0.2790
v 13.9160 -5.0480 0.2790
v 13.9140 -5.0590 0.2790
v 13.9202 -5.0676 0.2790
v 13.9248 -5.0769 0.2790
v 13.9351 -5.0838 0.2790
v 13.9443 -5.0749 0.2790
v 13.9517 -5.0685 0.2790
v 13.9398 -5.0527 0.3151
v 13.9396 -5.0504 0.3151
v 13.9375 -5.0495 0.3151
v 13.9356 -5.0494 0.3151
v 13.9333 -5.0487 0.3151
v 13.9320 -5.0506 0.3151
v 13.9318 -5.0527 0.3151
v 13.9326 -5.0544 0.3151
v 13.9335 -5.0564 0.3151
v 13.9356 -5.0574 0.3151
v 13.9373 -5.0556 0.3151
v 13.9389 -5.0546 0.3151
v 13.9356 -5.0527 0.3251
v 8.9833 0.5217 -0.0100
v 8.9774 0.5616 -0.0100
v 8.9534 0.5998 -0.0100
v 8.9083 0.5872 -0.0100
v 8.8735 0.5819 -0.0100
v 8.8311 0.5662 -0.0100
v 8.8288 0.5217 -0.0100
v 8.8436 0.4843 -0.0100
v 8.8762 0.4660 -0.0100
v 8.9083 0.4327 -0.0100
v 8.9508 0.4481 -0.0100
v 8.9650 0.4890 -0.0100
v 8.9866 0.5219 0.0328
v 8.9785 0.5623 0.0328
v 8.9506 0.5949 0.0328
v 8.9084 0.5839 0.0328
v 8.8720 0.5850 0.0328
v 8.8305 0.5669 0.0328
v 8.8347 0.5219 0.0328
v 8.8469 0.4864 0.0328
v 8.8746 0.4634 0.0328
v 8.9084 0.4320 0.0328
v 8.9480 0.4534 0.0328
v 8.9621 0.4910 0.0328
v 8.9906 0.5226 0.0756
v 8.9779 0.5625 0.0756
v 8.9478 0.5901 0.0756
v 8.9088 0.5833 0.0756
v 8.8706 0.5889 0.0756
v 8.8320 0.5670 0.0756
v 8.8413 0.5226 0.0756
v 8.8486 0.4878 0.0756
v 8.8731 0.4608 0.0756
v 8.9088 0.4340 0.0756
v 8.9452 0.4596 0.0756
v 8.9613 0.4923 0.0756
v 8.9942 0.5238 0.1184
v 8.9757 0.5620 0.1184
v 8.9455 0.5862 0.1184
v 8.9095 0.5853 0.1184
v 8.8696 0.5928 0.1184
v 8.8356 0.5665 0.1184
v 8.8476 0.5238 0.1184
v 8.8486 0.4887 0.1184
v 8.8721 0.4592 0.1184
v 8.9095 0.4386 0.1184
v 8.9430 0.4658 0.1184
v 8.9626 0.4931 0.1184
v 8.9968 0.5255 0.1612
v 8.9723 0.5612 0.1612
v 8.9441 0.5840 0.1612
v 8.9103 0.5894 0.1612
v 8.8696 0.5960 0.1612
v 8.8408 0.5656 0.1612
v 8.8527 0.5255 0.1612
v 8.8475 0.4892 0.1612
v 8.8721 0.4592 0.1612
v 8.9103 0.4453 0.1612
v 8.9417 0.4712 0.1612
v 8.9656 0.4936 0.1612
v 8.9977 0.5276 0.2040
v 8.9684 0.5605 0.2040
v 8.9440 0.5839 0.2040
v 8.9115 0.5948 0.2040
v 8.8708 0.5980 0.2040
v 8.8471 0.5647 0.2040
v 8.8563 0.5276 0.2040
v 8.8459 0.4898 0.2040
v 8.8733 0.4614 0.2040
v 8.9115 0.4534 0.2040
v 8.9416 0.4755 0.2040
v 8.9696 0.4940 0.2040
v 8.9848 0.5302 0.2468
v 8.9574 0.5559 0.2468
v 8.9405 0.5781 0.2468
v 8.9129 0.5907 0.2468
v 8.8790 0.5889 0.2468
v 8.8621 0.5595 0.2468
v 8.8658 0.5302 0.2468
v 8.8543 0.4964 0.2468
v 8.8810 0.4750 0.2468
v 8.9129 0.4716 0.2468
v 8.9385 0.4858 0.2468
v 8.9652 0.5000 0.2468
v 8.9561 0.5333 0.2896
v 8.9394 0.5476 0.2896
v 8.9316 0.5630 0.2896
v 8.9145 0.5712 0.2896
v 8.8950 0.5671 0.2896
v 8.8859 0.5498 0.2896
v 8.8851 0.5333 0.2896
v 8.8779 0.5122 0.2896
v 8.8962 0.5015 0.2896
v 8.9145 0.5003 0.2896
v 8.9304 0.5057 0.2896
v 8.9473 0.5143 0.2896
v 8.9341 0.5368 0.3324
v 8.9271 0.5430 0.3324
v 8.9245 0.5509 0.3324
v 8.9164 0.5544 0.3324
v 8.9081 0.5512 0.3324
v 8.9040 0.5439 0.3324
v 8.9023 0.5368 0.3324
v 8.8995 0.5271 0.3324
v 8.9086 0.5233 0.3324
v 8.9164 0.5225 0.3324
v 8.9240 0.5236 0.3324
v 8.9316 0.5280 0.3324
v 8.9227 0.5408 0.3752
v 8.9212 0.5424 0.3752
v 8.9207 0.5446 0.3752
v 8.9185 0.5452 0.3752
v 8.9166 0.5442 0.3752
v 8.9154 0.5426 0.3752
v 8.9147 0.5408 0.3752
v 8.9143 0.5384 0.3752
v 8.9167 0.5377 0.3752
v 8.9185 0.5372 0.3752
v 8.9206 0.5373 0.3752
v 8.9224 0.5386 0.3752
v 8.9185 0.5408 0.3852
v 3.9768 -4.9312 -0.0100
v 3.9671 -4.8977 -0.0100
v 3.9329 -4.8897 -0.0100
v 3.9089 -4.8705 -0.0100
v 3.8769 -4.8757 -0.0100
v 3.8512 -4.8979 -0.0100
v 3.8564 -4.9312 -0.0100
v 3.8628 -4.9579 -0.0100
v 3.8727 -4.9940 -0.0100
v 3.9089 -4.9910 -0.0100
v 3.9371 -4.9800 -0.0100
v 3.9554 -4.9581 -0.0100
v 3.9760 -4.9310 0.0496
v 3.9622 -4.9001 0.0496
v 3.9315 -4.8913 0.0496
v 3.9086 -4.8679 0.0496
v 3.8768 -4.8758 0.0496
v 3.8554 -4.9003 0.0496
v 3.8584 -4.9310 0.0496
v 3.8603 -4.9589 0.0496
v 3.8727 -4.9932 0.0496
v 3.9086 -4.9856 0.0496
v 3.9356 -4.9777 0.0496
v 3.9573 -4.9591 0.0496
v 3.9728 -4.9302 0.1092
v 3.9567 -4.9019 0.1092
v 3.9303 -4.8909 0.1092
v 3.9076 -4.8649 0.1092
v 3.8769 -4.8769 0.1092
v 3.8589 -4.9021 0.1092
v 3.8580 -4.9302 0.1092
v 3.8572 -4.9593 0.1092
v 3.8729 -4.9904 0.1092
v 3.9076 -4.9798 0.1092
v 3.9343 -4.9764 0.1092
v 3.9584 -4.9595 0.1092
v 3.9675 -4.9289 0.1688
v 3.9513 -4.9028 0.1688
v 3.9292 -4.8887 0.1688
v 3.9060 -4.8622 0.1688
v 3.8771 -4.8788 0.1688
v 3.8611 -4.9030 0.1688
v 3.8554 -4.9289 0.1688
v 3.8542 -4.9588 0.1688
v 3.8732 -4.9858 0.1688
v 3.9060 -4.9742 0.1688
v 3.9331 -4.9758 0.1688
v 3.9582 -4.9590 0.1688
v 3.9605 -4.9271 0.2284
v 3.9463 -4.9025 0.2284
v 3.9280 -4.8852 0.2284
v 3.9038 -4.8603 0.2284
v 3.8771 -4.8809 0.2284
v 3.8615 -4.9027 0.2284
v 3.8513 -4.9271 0.2284
v 3.8517 -4.9572 0.2284
v 3.8733 -4.9798 0.2284
v 3.9038 -4.9695 0.2284
v 3.9317 -4.9755 0.2284
v 3.9562 -4.9573 0.2284
v 3.9411 -4.9248 0.2880
v 3.9329 -4.9063 0.2880
v 3.9205 -4.8908 0.2880
v 3.9009 -4.8741 0.2880
v 3.8821 -4.8922 0.2880
v 3.8691 -4.9064 0.2880
v 3.8585 -4.9248 0.2880
v 3.8614 -4.9476 0.2880
v 3.8792 -4.9623 0.2880
v 3.9009 -4.9567 0.2880
v 3.9234 -4.9638 0.2880
v 3.9406 -4.9477 0.2880
v 3.9237 -4.9219 0.3476
v 3.9204 -4.9086 0.3476
v 3.9120 -4.8966 0.3476
v 3.8973 -4.8871 0.3476
v 3.8850 -4.9007 0.3476
v 3.8745 -4.9088 0.3476
v 3.8658 -4.9219 0.3476
v 3.8702 -4.9376 0.3476
v 3.8830 -4.9467 0.3476
v 3.8973 -4.9450 0.3476
v 3.9140 -4.9508 0.3476
v 3.9246 -4.9377 0.3476
v 3.9088 -4.9186 0.4072
v 3.9083 -4.9098 0.4072
v 3.9027 -4.9020 0.4072
v 3.8931 -4.8976 0.4072
v 3.8858 -4.9060 0.4072
v 3.8780 -4.9099 0.4072
v 3.8726 -4.9186 0.4072
v 3.8769 -4.9280 0.4072
v 3.8846 -4.9334 0.4072
v 3.8931 -4.9339 0.4072
v 3.9040 -4.9374 0.4072
v 3.9094 -4.9280 0.4072
v 3.8962 -4.9147 0.4668
v 3.8966 -4.9099 0.4668
v 3.8933 -4.9060 0.4668
v 3.8883 -4.9045 0.4668
v 3.8846 -4.9084 0.4668
v 3.8800 -4.9099 0.4668
v 3.8775 -4.9147 0.4668
v 3.8804 -4.9193 0.4668
v 3.8840 -4.9222 0.4668
v 3.8883 -4.9232 0.4668
v 3.8940 -4.9246 0.4668
v 3.8962 -4.9193 0.4668
v 3.8862 -4.9103 0.5264
v 3.8866 -4.9081 0.5264
v 3.8849 -4.9066 0.5264
v 3.8828 -4.9062 0.5264
v 3.8812 -4.9076 0.5264
v 3.8790 -4.9082 0.5264
v 3.8782 -4.9103 0.5264
v 3.8797 -4.9121 0.5264
v 3.8809 -4.9136 0.5264
v 3.8828 -4.9142 0.5264
v 3.8852 -4.9145 0.5264
v 3.8860 -4.9122 0.5264
v 3.8828 -4.9103 0.5364
v 15.8369 3.8862 -0.0100
v 15.8218 3.9064 -0.0100
v 15.8133 3.9323 -0.0100
v 15.7867 3.9441 -0.0100
v 15.7650 3.9237 -0.0100
v 15.7461 3.9096 -0.0100
v 15.7376 3.8862 -0.0100
v 15.7358 3.8568 -0.0100
v 15.7637 3.8463 -0.0100
v 15.7867 3.8449 -0.0100
v 15.8147 3.8377 -0.0100
v 15.8321 3.8599 -0.0100
v 15.8332 3.8863 0.0420
v 15.8227 3.9072 0.0420
v 15.8140 3.9337 0.0420
v 15.7866 3.9412 0.0420
v 15.7667 3.9209 0.0420
v 15.7452 3.9103 0.0420
v 15.7359 3.8863 0.0420
v 15.7385 3.8585 0.0420
v 15.7653 3.8495 0.0420
v 15.7866 3.8439 0.0420
v 15.8153 3.8366 0.0420
v 15.8295 3.8616 0.0420
v 15.8307 3.8869 0.0941
v 15.8242 3.9087 0.0941
v 15.8140 3.9345 0.0941
v 15.7864 3.9378 0.0941
v 15.7676 3.9195 0.0941
v 15.7434 3.9117 0.0941
v 15.7353 3.8869 0.0941
v 15.7417 3.8610 0.0941
v 15.7663 3.8520 0.0941
v 15.7864 3.8425 0.0941
v 15.8153 3.8369 0.0941
v 15.8260 3.8641 0.0941
v 15.8293 3.8878 0.1461
v 15.8258 3.9107 0.1461
v 15.8131 3.9345 0.1461
v 15.7861 3.9346 0.1461
v 15.7677 3.9196 0.1461
v 15.7413 3.9136 0.1461
v 15.7360 3.8878 0.1461
v 15.7450 3.8640 0.1461
v 15.7664 3.8537 0.1461
v 15.7861 3.8412 0.1461
v 15.8144 3.8388 0.1461
v 15.8221 3.8670 0.1461
v 15.8292 3.8890 0.1982
v 15.8269 3.9128 0.1982
v 15.8115 3.9337 0.1982
v 15.7857 3.9321 0.1982
v 15.7670 3.9213 0.1982
v 15.7394 3.9157 0.1982
v 15.7378 3.8890 0.1982
v 15.7478 3.8671 0.1982
v 15.7658 3.8546 0.1982
v 15.7857 3.8407 0.1982
v 15.8127 3.8421 0.1982
v 15.8185 3.8700 0.1982
v 15.8253 3.8906 0.2502
v 15.8228 3.9123 0.2502
v 15.8067 3.9281 0.2502
v 15.7851 3.9266 0.2502
v 15.7678 3.9206 0.2502
v 15.7430 3.9149 0.2502
v 15.7452 3.8906 0.2502
v 15.7533 3.8723 0.2502
v 15.7666 3.8586 0.2502
v 15.7851 3.8465 0.2502
v 15.8078 3.8512 0.2502
v 15.8124 3.8748 0.2502
v 15.8144 3.8926 0.3023
v 15.8112 3.9081 0.3023
v 15.7987 3.9173 0.3023
v 15.7844 3.9174 0.3023
v 15.7713 3.9152 0.3023
v 15.7545 3.9098 0.3023
v 15.7582 3.8926 0.3023
v 15.7625 3.8799 0.3023
v 15.7705 3.8686 0.3023
v 15.7844 3.8611 0.3023
v 15.7994 3.8665 0.3023
v 15.8032 3.8817 0.3023
v 15.8036 3.8949 0.3543
v 15.8002 3.9045 0.3543
v 15.7920 3.9094 0.3543
v 15.7836 3.9107 0.3543
v 15.7748 3.9101 0.3543
v 15.7649 3.9056 0.3543
v 15.7682 3.8949 0.3543
v 15.7696 3.8868 0.3543
v 15.7743 3.8788 0.3543
v 15.7836 3.8753 0.3543
v 15.7924 3.8795 0.3543
v 15.7955 3.8880 0.3543
v 15.7935 3.8975 0.4064
v 15.7910 3.9024 0.4064
v 15.7867 3.9047 0.4064
v 15.7826 3.9061 0.4064
v 15.7778 3.9059 0.4064
v 15.7732 3.9029 0.4064
v 15.7751 3.8975 0.4064
v 15.7751 3.8932 0.4064
v 15.7775 3.8888 0.4064
v 15.7826 3.8877 0.4064
v 15.7870 3.8900 0.4064
v 15.7891 3.8938 0.4064
v 15.7864 3.9005 0.4584
v 15.7850 3.9025 0.4584
v 15.7832 3.9035 0.4584
v 15.7815 3.9045 0.4584
v 15.7793 3.9043 0.4584
v 15.7776 3.9028 0.4584
v 15.7784 3.9005 0.4584
v 15.7780 3.8985 0.4584
v 15.7792 3.8966 0.4584
v 15.7815 3.8965 0.4584
v 15.7833 3.8974 0.4584
v 15.7846 3.8988 0.4584
v 15.7815 3.9005 0.4684
v 5.4180 -3.3495 -0.0100
v 5.3928 -3.3187 -0.0100
v 5.3794 -3.2804 -0.0100
v 5.3395 -3.2598 -0.0100
v 5.3054 -3.2905 -0.0100
v 5.2778 -3.3139 -0.0100
v 5.2658 -3.3495 -0.0100
v 5.2610 -3.3948 -0.0100
v 5.3032 -3.4122 -0.0100
v 5.3395 -3.4121 -0.0100
v 5.3816 -3.4224 -0.0100
v 5.4097 -3.3900 -0.0100
v 5.4126 -3.3494 0.0264
v 5.3942 -3.3178 0.0264
v 5.3810 -3.2775 0.0264
v 5.3395 -3.2633 0.0264
v 5.3082 -3.2950 0.0264
v 5.2767 -3.3131 0.0264
v 5.2625 -3.3494 0.0264
v 5.2642 -3.3929 0.0264
v 5.3060 -3.4074 0.0264
v 5.3395 -3.4134 0.0264
v 5.3832 -3.4250 0.0264
v 5.4067 -3.3881 0.0264
v 5.4088 -3.3491 0.0628
v 5.3970 -3.3160 0.0628
v 5.3820 -3.2757 0.0628
v 5.3397 -3.2682 0.0628
v 5.3102 -3.2980 0.0628
v 5.2743 -3.3113 0.0628
v 5.2609 -3.3491 0.0628
v 5.2689 -3.3899 0.0628
v 5.3081 -3.4038 0.0628
v 5.3397 -3.4162 0.0628
v 5.3842 -3.4261 0.0628
v 5.4024 -3.3853 0.0628
v 5.4072 -3.3486 0.0991
v 5.4005 -3.3136 0.0991
v 5.3821 -3.2755 0.0991
v 5.3400 -3.2737 0.0991
v 5.3114 -3.2990 0.0991
v 5.2715 -3.3090 0.0991
v 5.2615 -3.3486 0.0991
v 5.2743 -3.3865 0.0991
v 5.3093 -3.4017 0.0991
v 5.3400 -3.4194 0.0991
v 5.3842 -3.4252 0.0991
v 5.3977 -3.3819 0.0991
v 5.4078 -3.3478 0.1355
v 5.4039 -3.3111 0.1355
v 5.3812 -3.2770 0.1355
v 5.3403 -3.2787 0.1355
v 5.3115 -3.2980 0.1355
v 5.2689 -3.3066 0.1355
v 5.2642 -3.3478 0.1355
v 5.2796 -3.3829 0.1355
v 5.3095 -3.4013 0.1355
v 5.3403 -3.4222 0.1355
v 5.3833 -3.4223 0.1355
v 5.3932 -3.3784 0.1355
v 5.4102 -3.3469 0.1719
v 5.4065 -3.3090 0.1719
v 5.3796 -3.2798 0.1719
v 5.3408 -3.2824 0.1719
v 5.3109 -3.2952 0.1719
v 5.2674 -3.3045 0.1719
v 5.2689 -3.3469 0.1719
v 5.2841 -3.3797 0.1719
v 5.3089 -3.4022 0.1719
v 5.3408 -3.4237 0.1719
v 5.3816 -3.4176 0.1719
v 5.3898 -3.3752 0.1719
v 5.4139 -3.3458 0.2083
v 5.4077 -3.3075 0.2083
v 5.3775 -3.2833 0.2083
v 5.3414 -3.2841 0.2083
v 5.3099 -3.2913 0.2083
v 5.2675 -3.3031 0.2083
v 5.2748 -3.3458 0.2083
v 5.2872 -3.3771 0.2083
v 5.3079 -3.4038 0.2083
v 5.3414 -3.4233 0.2083
v 5.3795 -3.4118 0.2083
v 5.3880 -3.3727 0.2083
v 5.4022 -3.3445 0.2447
v 5.3937 -3.3147 0.2447
v 5.3684 -3.2989 0.2447
v 5.3421 -3.2964 0.2447
v 5.3157 -3.2989 0.2447
v 5.2845 -3.3113 0.2447
v 5.2938 -3.3445 0.2447
v 5.2998 -3.3689 0.2447
v 5.3142 -3.3928 0.2447
v 5.3421 -3.4048 0.2447
v 5.3699 -3.3928 0.2447
v 5.3784 -3.3655 0.2447
v 5.3697 -3.3430 0.2811
v 5.3642 -3.3307 0.2811
v 5.3533 -3.3248 0.2811
v 5.3428 -3.3218 0.2811
v 5.3310 -3.3224 0.2811
v 5.3190 -3.3292 0.2811
v 5.3237 -3.3430 0.2811
v 5.3243 -3.3537 0.2811
v 5.3303 -3.3647 0.2811
v 5.3428 -3.3679 0.2811
v 5.3540 -3.3623 0.2811
v 5.3589 -3.3522 0.2811
v 5.3486 -3.3412 0.3174
v 5.3473 -3.3392 0.3174
v 5.3455 -3.3382 0.3174
v 5.3437 -3.3374 0.3174
v 5.3416 -3.3375 0.3174
v 5.3398 -3.3390 0.3174
v 5.3406 -3.3412 0.3174
v 5.3403 -3.3432 0.3174
v 5.3415 -3.3452 0.3174
v 5.3437 -3.3454 0.3174
v 5.3456 -3.3445 0.3174
v 5.3467 -3.3430 0.3174
v 5.3437 -3.3412 0.3274
v 8.8887 -2.7726 -0.0100
v 8.8722 -2.7414 -0.0100
v 8.8482 -2.7207 -0.0100
v 8.8182 -2.7029 -0.0100
v 8.7784 -2.7036 -0.0100
v 8.7704 -2.7450 -0.0100
v 8.7551 -2.7726 -0.0100
v 8.7565 -2.8082 -0.0100
v 8.7813 -2.8364 -0.0100
v 8.8182 -2.8365 -0.0100
v 8.8452 -2.8194 -0.0100
v 8.8861 -2.8118 -0.0100
v 8.8834 -2.7731 0.0511
v 8.8684 -2.7440 0.0511
v 8.8490 -2.7195 0.0511
v 8.8180 -2.7024 0.0511
v 8.7809 -2.7087 0.0511
v 8.7736 -2.7475 0.0511
v 8.7530 -2.7731 0.0511
v 8.7555 -2.8092 0.0511
v 8.7837 -2.8325 0.0511
v 8.8180 -2.8328 0.0511
v 8.8461 -2.8217 0.0511
v 8.8866 -2.8127 0.0511
v 8.8772 -2.7746 0.1121
v 8.8659 -2.7467 0.1121
v 8.8497 -2.7188 0.1121
v 8.8175 -2.7047 0.1121
v 8.7833 -2.7154 0.1121
v 8.7750 -2.7501 0.1121
v 8.7500 -2.7746 0.1121
v 8.7557 -2.8103 0.1121
v 8.7861 -2.8290 0.1121
v 8.8175 -2.8319 0.1121
v 8.8469 -2.8255 0.1121
v 8.8852 -2.8137 0.1121
v 8.8708 -2.7771 0.1732
v 8.8645 -2.7494 0.1732
v 8.8500 -2.7192 0.1732
v 8.8166 -2.7099 0.1732
v 8.7853 -2.7228 0.1732
v 8.7744 -2.7527 0.1732
v 8.7468 -2.7771 0.1732
v 8.7571 -2.8115 0.1732
v 8.7880 -2.8266 0.1732
v 8.8166 -2.8339 0.1732
v 8.8473 -2.8302 0.1732
v 8.8818 -2.8148 0.1732
v 8.8642 -2.7806 0.2343
v 8.8634 -2.7529 0.2343
v 8.8490 -2.7225 0.2343
v 8.8154 -2.7186 0.2343
v 8.7869 -2.7313 0.2343
v 8.7728 -2.7561 0.2343
v 8.7454 -2.7806 0.2343
v 8.7605 -2.8123 0.2343
v 8.7895 -2.8254 0.2343
v 8.8154 -2.8375 0.2343
v 8.8463 -2.8342 0.2343
v 8.8758 -2.8155 0.2343
v 8.8491 -2.7852 0.2954
v 8.8521 -2.7630 0.2954
v 8.8396 -2.7404 0.2954
v 8.8138 -2.7413 0.2954
v 8.7931 -2.7493 0.2954
v 8.7796 -2.7654 0.2954
v 8.7600 -2.7852 0.2954
v 8.7749 -2.8076 0.2954
v 8.7951 -2.8176 0.2954
v 8.8138 -2.8304 0.2954
v 8.8377 -2.8265 0.2954
v 8.8568 -2.8100 0.2954
v 8.8365 -2.7907 0.3564
v 8.8404 -2.7742 0.3564
v 8.8299 -2.7594 0.3564
v 8.8119 -2.7621 0.3564
v 8.7974 -2.7657 0.3564
v 8.7862 -2.7759 0.3564
v 8.7743 -2.7907 0.3564
v 8.7865 -2.8053 0.3564
v 8.7988 -2.8133 0.3564
v 8.8119 -2.8243 0.3564
v 8.8286 -2.8196 0.3564
v 8.8401 -2.8070 0.3564
v 8.8255 -2.7972 0.4175
v 8.8284 -2.7864 0.4175
v 8.8206 -2.7782 0.4175
v 8.8096 -2.7806 0.4175
v 8.8004 -2.7812 0.4175
v 8.7926 -2.7874 0.4175
v 8.7867 -2.7972 0.4175
v 8.7948 -2.8058 0.4175
v 8.8012 -2.8118 0.4175
v 8.8096 -2.8193 0.4175
v 8.8197 -2.8147 0.4175
v 8.8262 -2.8068 0.4175
v 8.8155 -2.8048 0.4786
v 8.8169 -2.7991 0.4786
v 8.8123 -2.7956 0.4786
v 8.8070 -2.7968 0.4786
v 8.8020 -2.7962 0.4786
v 8.7980 -2.7996 0.4786
v 8.7959 -2.8048 0.4786
v 8.7998 -2.8089 0.4786
v 8.8025 -2.8126 0.4786
v 8.8070 -2.8164 0.4786
v 8.8119 -2.8132 0.4786
v 8.8150 -2.8094 0.4786
v 8.8077 -2.8133 0.5397
v 8.8081 -2.8110 0.5397
v 8.8060 -2.8098 0.5397
v 8.8040 -2.8101 0.5397
v 8.8019 -2.8096 0.5397
v 8.8003 -2.8112 0.5397
v 8.7997 -2.8133 0.5397
v 8.8011 -2.8150 0.5397
v 8.8020 -2.8167 0.5397
v 8.8040 -2.8181 0.5397
v 8.8059 -2.8165 0.5397
v 8.8072 -2.8152 0.5397
v 8.8040 -2.8133 0.5497
v 14.2215 -5.5985 -0.0100
v 14.2013 -5.5771 -0.0100
v 14.1848 -5.5629 -0.0100
v 14.1642 -5.5506 -0.0100
v 14.1386 -5.5541 -0.0100
v 14.1216 -5.5739 -0.0100
v 14.1282 -5.5985 -0.0100
v 14.1206 -5.6237 -0.0100
v 14.1381 -5.6437 -0.0100
v 14.1642 -5.6439 -0.0100
v 14.1852 -5.6349 -0.0100
v 14.2023 -5.6205 -0.0100
v 14.2193 -5.5987 0.0288
v 14.1980 -5.5790 0.0288
v 14.1847 -5.5628 0.0288
v 14.1639 -5.5486 0.0288
v 14.1392 -5.5558 0.0288
v 14.1244 -5.5759 0.0288
v 14.1275 -5.5987 0.0288
v 14.1185 -5.6250 0.0288
v 14.1387 -5.6423 0.0288
v 14.1639 -5.6405 0.0288
v 14.1851 -5.6354 0.0288
v 14.2039 -5.6218 0.0288
v 14.2155 -5.5992 0.0677
v 14.1948 -5.5809 0.0677
v 14.1846 -5.5620 0.0677
v 14.1631 -5.5478 0.0677
v 14.1397 -5.5588 0.0677
v 14.1259 -5.5778 0.0677
v 14.1251 -5.5992 0.0677
v 14.1164 -5.6261 0.0677
v 14.1393 -5.6403 0.0677
v 14.1631 -5.6382 0.0677
v 14.1850 -5.6371 0.0677
v 14.2043 -5.6230 0.0677
v 14.2105 -5.6000 0.1065
v 14.1920 -5.5825 0.1065
v 14.1842 -5.5610 0.1065
v 14.1616 -5.5484 0.1065
v 14.1400 -5.5626 0.1065
v 14.1259 -5.5794 0.1065
v 14.1214 -5.6000 0.1065
v 14.1149 -5.6271 0.1065
v 14.1396 -5.6382 0.1065
v 14.1616 -5.6375 0.1065
v 14.1846 -5.6398 0.1065
v 14.2031 -5.6240 0.1065
v 14.2049 -5.6012 0.1453
v 14.1898 -5.5838 0.1453
v 14.1833 -5.5603 0.1453
v 14.1596 -5.5507 0.1453
v 14.1398 -5.5669 0.1453
v 14.1242 -5.5808 0.1453
v 14.1172 -5.6012 0.1453
v 14.1138 -5.6277 0.1453
v 14.1394 -5.6362 0.1453
v 14.1596 -5.6384 0.1453
v 14.1837 -5.6429 0.1453
v 14.2002 -5.6247 0.1453
v 14.1992 -5.6027 0.1842
v 14.1880 -5.5848 0.1842
v 14.1816 -5.5603 0.1842
v 14.1571 -5.5544 0.1842
v 14.1388 -5.5711 0.1842
v 14.1209 -5.5819 0.1842
v 14.1128 -5.6027 0.1842
v 14.1133 -5.6280 0.1842
v 14.1384 -5.6351 0.1842
v 14.1571 -5.6408 0.1842
v 14.1820 -5.6458 0.1842
v 14.1957 -5.6251 0.1842
v 14.1938 -5.6046 0.2230
v 14.1864 -5.5858 0.2230
v 14.1788 -5.5615 0.2230
v 14.1539 -5.5594 0.2230
v 14.1367 -5.5748 0.2230
v 14.1163 -5.5829 0.2230
v 14.1088 -5.6046 0.2230
v 14.1129 -5.6283 0.2230
v 14.1363 -5.6351 0.2230
v 14.1539 -5.6444 0.2230
v 14.1792 -5.6483 0.2230
v 14.1899 -5.6254 0.2230
v 14.1760 -5.6068 0.2618
v 14.1730 -5.5936 0.2618
v 14.1666 -5.5784 0.2618
v 14.1502 -5.5791 0.2618
v 14.1391 -5.5875 0.2618
v 14.1241 -5.5917 0.2618
v 14.1205 -5.6068 0.2618
v 14.1250 -5.6213 0.2618
v 14.1388 -5.6265 0.2618
v 14.1502 -5.6346 0.2618
v 14.1668 -5.6355 0.2618
v 14.1721 -5.6194 0.2618
v 14.1583 -5.6093 0.3007
v 14.1573 -5.6027 0.3007
v 14.1535 -5.5962 0.3007
v 14.1459 -5.5972 0.3007
v 14.1406 -5.6000 0.3007
v 14.1330 -5.6018 0.3007
v 14.1323 -5.6093 0.3007
v 14.1348 -5.6157 0.3007
v 14.1405 -5.6187 0.3007
v 14.1459 -5.6231 0.3007
v 14.1536 -5.6225 0.3007
v 14.1555 -5.6148 0.3007
v 14.1450 -5.6122 0.3395
v 14.1447 -5.6100 0.3395
v 14.1433 -5.6083 0.3395
v 14.1411 -5.6086 0.3395
v 14.1393 -5.6091 0.3395
v 14.1369 -5.6098 0.3395
v 14.1370 -5.6122 0.3395
v 14.1378 -5.6140 0.3395
v 14.1393 -5.6152 0.3395
v 14.1411 -5.6166 0.3395
v 14.1433 -5.6161 0.3395
v 14.1438 -5.6138 0.3395
v 14.1411 -5.6122 0.3495
v 5.0105 -5.5679 -0.0100
v 4.9945 -5.5269 -0.0100
v 4.9622 -5.5007 -0.0100
v 4.9234 -5.5054 -0.0100
v 4.8800 -5.4926 -0.0100
v 4.8477 -5.5241 -0.0100
v 4.8553 -5.5679 -0.0100
v 4.8600 -5.6045 -0.0100
v 4.8846 -5.6352 -0.0100
v 4.9234 -5.6606 -0.0100
v 4.9576 -5.6270 -0.0100
v 4.9821 -5.6018 -0.0100
v 5.0129 -5.5679 0.0262
v 4.9904 -5.5293 0.0262
v 4.9600 -5.5048 0.0262
v 4.9235 -5.5027 0.0262
v 4.8789 -5.4906 0.0262
v 4.8520 -5.5266 0.0262
v 4.8599 -5.5679 0.0262
v 4.8579 -5.6058 0.0262
v 4.8835 -5.6373 0.0262
v 4.9235 -5.6557 0.0262
v 4.9554 -5.6231 0.0262
v 4.9845 -5.6031 0.0262
v 5.0135 -5.5680 0.0624
v 4.9857 -5.5323 0.0624
v 4.9589 -5.5072 0.0624
v 4.9238 -5.4990 0.0624
v 4.8790 -5.4904 0.0624
v 4.8574 -5.5296 0.0624
v 4.8627 -5.5680 0.0624
v 4.8551 -5.6077 0.0624
v 4.8835 -5.6378 0.0624
v 4.9238 -5.6498 0.0624
v 4.9544 -5.6210 0.0624
v 4.9880 -5.6050 0.0624
v 5.0121 -5.5681 0.0985
v 4.9810 -5.5354 0.0985
v 4.9591 -5.5078 0.0985
v 4.9243 -5.4953 0.0985
v 4.8804 -5.4921 0.0985
v 4.8630 -5.5328 0.0985
v 4.8636 -5.5681 0.0985
v 4.8523 -5.6097 0.0985
v 4.8848 -5.6364 0.0985
v 4.9243 -5.6439 0.0985
v 4.9547 -5.6208 0.0985
v 4.9917 -5.6071 0.0985
v 5.0089 -5.5683 0.1347
v 4.9772 -5.5381 0.1347
v 4.9605 -5.5067 0.1347
v 4.9249 -5.4925 0.1347
v 4.8830 -5.4957 0.1347
v 4.8682 -5.5355 0.1347
v 4.8626 -5.5683 0.1347
v 4.8505 -5.6113 0.1347
v 4.8874 -5.6334 0.1347
v 4.9249 -5.6388 0.1347
v 4.9562 -5.6224 0.1347
v 4.9949 -5.6087 0.1347
v 5.0045 -5.5686 0.1709
v 4.9750 -5.5401 0.1709
v 4.9628 -5.5044 0.1709
v 4.9258 -5.4913 0.1709
v 4.8865 -5.5005 0.1709
v 4.8721 -5.5376 0.1709
v 4.8603 -5.5686 0.1709
v 4.8502 -5.6122 0.1709
v 4.8908 -5.6292 0.1709
v 4.9258 -5.6354 0.1709
v 4.9585 -5.6253 0.1709
v 4.9969 -5.6097 0.1709
v 4.9996 -5.5689 0.2071
v 4.9748 -5.5412 0.2071
v 4.9656 -5.5016 0.2071
v 4.9268 -5.4922 0.2071
v 4.8904 -5.5059 0.2071
v 4.8745 -5.5387 0.2071
v 4.8577 -5.5689 0.2071
v 4.8519 -5.6121 0.2071
v 4.8947 -5.6245 0.2071
v 4.9268 -5.6341 0.2071
v 4.9614 -5.6288 0.2071
v 4.9974 -5.6096 0.2071
v 4.9823 -5.5692 0.2433
v 4.9671 -5.5467 0.2433
v 4.9606 -5.5128 0.2433
v 4.9280 -5.5095 0.2433
v 4.9009 -5.5223 0.2433
v 4.8854 -5.5447 0.2433
v 4.8696 -5.5692 0.2433
v 4.8695 -5.6030 0.2433
v 4.9042 -5.6104 0.2433
v 4.9280 -5.6222 0.2433
v 4.9572 -5.6199 0.2433
v 4.9830 -5.6010 0.2433
v 4.9512 -5.5697 0.2795
v 4.9469 -5.5596 0.2795
v 4.9437 -5.5448 0.2795
v 4.9294 -5.5455 0.2795
v 4.9185 -5.5508 0.2795
v 4.9104 -5.5587 0.2795
v 4.9036 -5.5697 0.2795
v 4.9056 -5.5834 0.2795
v 4.9199 -5.5861 0.2795
v 4.9294 -5.5931 0.2795
v 4.9423 -5.5921 0.2795
v 4.9517 -5.5825 0.2795
v 4.9345 -5.5701 0.3156
v 4.9341 -5.5683 0.3156
v 4.9334 -5.5659 0.3156
v 4.9310 -5.5663 0.3156
v 4.9292 -5.5670 0.3156
v 4.9276 -5.5682 0.3156
v 4.9265 -5.5701 0.3156
v 4.9272 -5.5723 0.3156
v 4.9294 -5.5728 0.3156
v 4.9310 -5.5743 0.3156
v 4.9332 -5.5740 0.3156
v 4.9345 -5.5722 0.3156
v 4.9310 -5.5701 0.3256
v 11.9202 0.1498 -0.0100
v 11.9073 0.1790 -0.0100
v 11.8811 0.1920 -0.0100
v 11.8568 0.2196 -0.0100
v 11.8244 0.2060 -0.0100
v 11.8109 0.1763 -0.0100
v 11.8004 0.1498 -0.0100
v 11.8035 0.1190 -0.0100
v 11.8212 0.0881 -0.0100
v 11.8568 0.0997 -0.0100
v 11.8843 0.1022 -0.0100
v 11.9148 0.1164 -0.0100
v 11.9162 0.1496 0.0424
v 11.9049 0.1771 0.0424
v 11.8827 0.1937 0.0424
v 11.8573 0.2201 0.0424
v 11.8271 0.2018 0.0424
v 11.8142 0.1745 0.0424
v 11.7988 0.1496 0.0424
v 11.8032 0.1184 0.0424
v 11.8240 0.0920 0.0424
v 11.8573 0.1027 0.0424
v 11.8859 0.1001 0.0424
v 11.9160 0.1157 0.0424
v 11.9127 0.1490 0.0947
v 11.9048 0.1756 0.0947
v 11.8855 0.1954 0.0947
v 11.8587 0.2186 0.0947
v 11.8311 0.1969 0.0947
v 11.8171 0.1730 0.0947
v 11.7977 0.1490 0.0947
v 11.8052 0.1181 0.0947
v 11.8280 0.0958 0.0947
v 11.8587 0.1036 0.0947
v 11.8886 0.0973 0.0947
v 11.9167 0.1155 0.0947
v 11.9104 0.1479 0.1471
v 11.9072 0.1745 0.1471
v 11.8892 0.1964 0.1471
v 11.8612 0.2150 0.1471
v 11.8359 0.1917 0.1471
v 11.8194 0.1720 0.1471
v 11.7978 0.1479 0.1471
v 11.8097 0.1182 0.1471
v 11.8329 0.0990 0.1471
v 11.8612 0.1025 0.1471
v 11.8922 0.0942 0.1471
v 11.9169 0.1157 0.1471
v 11.9100 0.1465 0.1994
v 11.9117 0.1737 0.1994
v 11.8933 0.1962 0.1994
v 11.8645 0.2096 0.1994
v 11.8411 0.1870 0.1994
v 11.8216 0.1712 0.1994
v 11.7999 0.1465 0.1994
v 11.8163 0.1186 0.1994
v 11.8382 0.1009 0.1994
v 11.8645 0.0995 0.1994
v 11.8962 0.0916 0.1994
v 11.9170 0.1162 0.1994
v 11.9072 0.1446 0.2518
v 11.9124 0.1697 0.2518
v 11.8944 0.1889 0.2518
v 11.8689 0.1965 0.2518
v 11.8491 0.1787 0.2518
v 11.8290 0.1676 0.2518
v 11.8115 0.1446 0.2518
v 11.8295 0.1219 0.2518
v 11.8466 0.1060 0.2518
v 11.8689 0.1009 0.2518
v 11.8970 0.0959 0.2518
v 11.9119 0.1197 0.2518
v 11.9010 0.1423 0.3041
v 11.9064 0.1609 0.3041
v 11.8919 0.1730 0.3041
v 11.8742 0.1763 0.3041
v 11.8604 0.1662 0.3041
v 11.8445 0.1594 0.3041
v 11.8344 0.1423 0.3041
v 11.8487 0.1276 0.3041
v 11.8586 0.1153 0.3041
v 11.8742 0.1096 0.3041
v 11.8937 0.1085 0.3041
v 11.9022 0.1261 0.3041
v 11.8977 0.1395 0.3565
v 11.9014 0.1516 0.3565
v 11.8911 0.1580 0.3565
v 11.8804 0.1594 0.3565
v 11.8716 0.1549 0.3565
v 11.8611 0.1507 0.3565
v 11.8565 0.1395 0.3565
v 11.8657 0.1310 0.3565
v 11.8705 0.1223 0.3565
v 11.8804 0.1182 0.3565
v 11.8922 0.1192 0.3565
v 11.8968 0.1301 0.3565
v 11.8968 0.1364 0.4088
v 11.8985 0.1426 0.4088
v 11.8927 0.1451 0.4088
v 11.8877 0.1459 0.4088
v 11.8830 0.1445 0.4088
v 11.8777 0.1422 0.4088
v 11.8762 0.1364 0.4088
v 11.8807 0.1323 0.4088
v 11.8824 0.1273 0.4088
v 11.8877 0.1253 0.4088
v 11.8933 0.1267 0.4088
v 11.8955 0.1319 0.4088
v 11.8997 0.1328 0.4612
v 11.9001 0.1353 0.4612
v 11.8977 0.1360 0.4612
v 11.8959 0.1365 0.4612
v 11.8939 0.1362 0.4612
v 11.8919 0.1351 0.4612
v 11.8917 0.1328 0.4612
v 11.8932 0.1313 0.4612
v 11.8937 0.1291 0.4612
v 11.8959 0.1285 0.4612
v 11.8979 0.1293 0.4612
v 11.8989 0.1311 0.4612
v 11.8959 0.1328 0.4712
v 15.5157 -6.0977 -0.0100
v 15.5215 -6.0545 -0.0100
v 15.4963 -6.0118 -0.0100
v 15.4468 -6.0247 -0.0100
v 15.4078 -6.0302 -0.0100
v 15.3758 -6.0567 -0.0100
v 15.3493 -6.0977 -0.0100
v 15.3774 -6.1377 -0.0100
v 15.4132 -6.1559 -0.0100
v 15.4468 -6.1911 -0.0100
v 15.4910 -6.1742 -0.0100
v 15.5198 -6.1399 -0.0100
v 15.5176 -6.0974 0.0262
v 15.5244 -6.0526 0.0262
v 15.4942 -6.0153 0.0262
v 15.4468 -6.0302 0.0262
v 15.4070 -6.0284 0.0262
v 15.3728 -6.0547 0.0262
v 15.3536 -6.0974 0.0262
v 15.3824 -6.1346 0.0262
v 15.4122 -6.1573 0.0262
v 15.4468 -6.1941 0.0262
v 15.4890 -6.1705 0.0262
v 15.5148 -6.1367 0.0262
v 15.5211 -6.0968 0.0625
v 15.5259 -6.0512 0.0625
v 15.4914 -6.0197 0.0625
v 15.4469 -6.0334 0.0625
v 15.4054 -6.0249 0.0625
v 15.3715 -6.0532 0.0625
v 15.3595 -6.0968 0.0625
v 15.3859 -6.1320 0.0625
v 15.4106 -6.1596 0.0625
v 15.4469 -6.1949 0.0625
v 15.4862 -6.1648 0.0625
v 15.5114 -6.1340 0.0625
v 15.5254 -6.0956 0.0987
v 15.5255 -6.0504 0.0987
v 15.4883 -6.0242 0.0987
v 15.4470 -6.0338 0.0987
v 15.4035 -6.0203 0.0987
v 15.3721 -6.0524 0.0987
v 15.3662 -6.0956 0.0987
v 15.3876 -6.1300 0.0987
v 15.4087 -6.1621 0.0987
v 15.4470 -6.1930 0.0987
v 15.4831 -6.1582 0.0987
v 15.5100 -6.1320 0.0987
v 15.5293 -6.0941 0.1349
v 15.5231 -6.0503 0.1349
v 15.4854 -6.0280 0.1349
v 15.4472 -6.0316 0.1349
v 15.4019 -6.0156 0.1349
v 15.3748 -6.0522 0.1349
v 15.3725 -6.0941 0.1349
v 15.3873 -6.1287 0.1349
v 15.4070 -6.1638 0.1349
v 15.4472 -6.1884 0.1349
v 15.4803 -6.1514 0.1349
v 15.5106 -6.1307 0.1349
v 15.5320 -6.0920 0.1711
v 15.5191 -6.0506 0.1711
v 15.4832 -6.0302 0.1711
v 15.4475 -6.0270 0.1711
v 15.4010 -6.0115 0.1711
v 15.3792 -6.0526 0.1711
v 15.3776 -6.0920 0.1711
v 15.3854 -6.1278 0.1711
v 15.4060 -6.1639 0.1711
v 15.4475 -6.1814 0.1711
v 15.4782 -6.1453 0.1711
v 15.5130 -6.1298 0.1711
v 15.5328 -6.0895 0.2074
v 15.5143 -6.0511 0.2074
v 15.4820 -6.0302 0.2074
v 15.4478 -6.0208 0.2074
v 15.4011 -6.0087 0.2074
v 15.3846 -6.0531 0.2074
v 15.3808 -6.0895 0.2074
v 15.3826 -6.1271 0.2074
v 15.4060 -6.1618 0.2074
v 15.4478 -6.1728 0.2074
v 15.4771 -6.1404 0.2074
v 15.5163 -6.1291 0.2074
v 15.5150 -6.0866 0.2436
v 15.4972 -6.0582 0.2436
v 15.4753 -6.0395 0.2436
v 15.4481 -6.0284 0.2436
v 15.4115 -6.0230 0.2436
v 15.4017 -6.0598 0.2436
v 15.3950 -6.0866 0.2436
v 15.3933 -6.1183 0.2436
v 15.4153 -6.1434 0.2436
v 15.4481 -6.1484 0.2436
v 15.4715 -6.1270 0.2436
v 15.5057 -6.1198 0.2436
v 15.4758 -6.0832 0.2798
v 15.4679 -6.0720 0.2798
v 15.4604 -6.0627 0.2798
v 15.4486 -6.0573 0.2798
v 15.4336 -6.0572 0.2798
v 15.4303 -6.0726 0.2798
v 15.4254 -6.0832 0.2798
v 15.4242 -6.0972 0.2798
v 15.4352 -6.1064 0.2798
v 15.4486 -6.1077 0.2798
v 15.4588 -6.1009 0.2798
v 15.4740 -6.0979 0.2798
v 15.4531 -6.0793 0.3160
v 15.4520 -6.0776 0.3160
v 15.4510 -6.0759 0.3160
v 15.4490 -6.0751 0.3160
v 15.4468 -6.0754 0.3160
v 15.4463 -6.0777 0.3160
v 15.4451 -6.0793 0.3160
v 15.4451 -6.0816 0.3160
v 15.4470 -6.0828 0.3160
v 15.4490 -6.0831 0.3160
v 15.4508 -6.0823 0.3160
v 15.4532 -6.0817 0.3160
v 15.4490 -6.0793 0.3260
v 5.7119 -5.1431 -0.0100
v 5.7061 -5.1107 -0.0100
v 5.6888 -5.0757 -0.0100
v 5.6499 -5.0803 -0.0100
v 5.6230 -5.0964 -0.0100
v 5.5858 -5.1061 -0.0100
v 5.5799 -5.1431 -0.0100
v 5.5918 -5.1767 -0.0100
v 5.6228 -5.1900 -0.0100
v 5.6499 -5.2123 -0.0100
v 5.6889 -5.2107 -0.0100
v 5.7001 -5.1721 -0.0100
v 5.7137 -5.1431 0.0278
v 5.7088 -5.1093 0.0278
v 5.6875 -5.0787 0.0278
v 5.6503 -5.0849 0.0278
v 5.6226 -5.0951 0.0278
v 5.5841 -5.1048 0.0278
v 5.5837 -5.1431 0.0278
v 5.5962 -5.1743 0.0278
v 5.6225 -5.1913 0.0278
v 5.6503 -5.2149 0.0278
v 5.6876 -5.2077 0.0278
v 5.6966 -5.1698 0.0278
v 5.7175 -5.1430 0.0655
v 5.7110 -5.1087 0.0655
v 5.6863 -5.0827 0.0655
v 5.6515 -5.0879 0.0655
v 5.6224 -5.0926 0.0655
v 5.5843 -5.1042 0.0655
v 5.5894 -5.1430 0.0655
v 5.6001 -5.1727 0.0655
v 5.6223 -5.1936 0.0655
v 5.6515 -5.2160 0.0655
v 5.6864 -5.2035 0.0655
v 5.6952 -5.1683 0.0655
v 5.7226 -5.1429 0.1033
v 5.7125 -5.1089 0.1033
v 5.6857 -5.0872 0.1033
v 5.6535 -5.0892 0.1033
v 5.6228 -5.0897 0.1033
v 5.5869 -5.1045 0.1033
v 5.5965 -5.1429 0.1033
v 5.6033 -5.1719 0.1033
v 5.6227 -5.1964 0.1033
v 5.6535 -5.2153 0.1033
v 5.6858 -5.1989 0.1033
v 5.6961 -5.1676 0.1033
v 5.7282 -5.1428 0.1411
v 5.7133 -5.1099 0.1411
v 5.6861 -5.0913 0.1411
v 5.6563 -5.0885 0.1411
v 5.6241 -5.0871 0.1411
v 5.5919 -5.1056 0.1411
v 5.6041 -5.1428 0.1411
v 5.6057 -5.1720 0.1411
v 5.6240 -5.1988 0.1411
v 5.6563 -5.2127 0.1411
v 5.6862 -5.1946 0.1411
v 5.6994 -5.1677 0.1411
v 5.7336 -5.1427 0.1789
v 5.7135 -5.1117 0.1789
v 5.6878 -5.0944 0.1789
v 5.6599 -5.0864 0.1789
v 5.6268 -5.0853 0.1789
v 5.5990 -5.1075 0.1789
v 5.6114 -5.1427 0.1789
v 5.6077 -5.1728 0.1789
v 5.6267 -5.2002 0.1789
v 5.6599 -5.2086 0.1789
v 5.6879 -5.1911 0.1789
v 5.7048 -5.1686 0.1789
v 5.7382 -5.1425 0.2166
v 5.7138 -5.1139 0.2166
v 5.6910 -5.0962 0.2166
v 5.6643 -5.0834 0.2166
v 5.6310 -5.0848 0.2166
v 5.6076 -5.1097 0.2166
v 5.6179 -5.1425 0.2166
v 5.6097 -5.1740 0.2166
v 5.6309 -5.2003 0.2166
v 5.6643 -5.2036 0.2166
v 5.6912 -5.1890 0.2166
v 5.7117 -5.1699 0.2166
v 5.7205 -5.1423 0.2544
v 5.7015 -5.1238 0.2544
v 5.6882 -5.1099 0.2544
v 5.6695 -5.0985 0.2544
v 5.6466 -5.1025 0.2544
v 5.6325 -5.1209 0.2544
v 5.6371 -5.1423 0.2544
v 5.6293 -5.1655 0.2544
v 5.6465 -5.1821 0.2544
v 5.6695 -5.1819 0.2544
v 5.6883 -5.1747 0.2544
v 5.7048 -5.1626 0.2544
v 5.6972 -5.1420 0.2922
v 5.6886 -5.1344 0.2922
v 5.6840 -5.1273 0.2922
v 5.6755 -5.1218 0.2922
v 5.6657 -5.1251 0.2922
v 5.6602 -5.1332 0.2922
v 5.6607 -5.1420 0.2922
v 5.6570 -5.1527 0.2922
v 5.6657 -5.1590 0.2922
v 5.6755 -5.1584 0.2922
v 5.6840 -5.1568 0.2922
v 5.6919 -5.1514 0.2922
v 5.6868 -5.1417 0.3300
v 5.6850 -5.1401 0.3300
v 5.6843 -5.1383 0.3300
v 5.6823 -5.1371 0.3300
v 5.6803 -5.1382 0.3300
v 5.6791 -5.1399 0.3300
v 5.6788 -5.1417 0.3300
v 5.6781 -5.1441 0.3300
v 5.6803 -5.1452 0.3300
v 5.6823 -5.1451 0.3300
v 5.6843 -5.1451 0.3300
v 5.6860 -5.1439 0.3300
v 5.6823 -5.1417 0.3400
v 15.9190 5.2463 -0.0100
v 15.8989 5.2670 -0.0100
v 15.8847 5.2838 -0.0100
v 15.8630 5.2916 -0.0100
v 15.8358 5.2933 -0.0100
v 15.8231 5.2693 -0.0100
v 15.8259 5.2463 -0.0100
v 15.8183 5.2205 -0.0100
v 15.8381 5.2032 -0.0100
v 15.8630 5.1985 -0.0100
v 15.8824 5.2127 -0.0100
v 15.9037 5.2228 -0.0100
v 15.9166 5.2456 0.0403
v 15.8959 5.2646 0.0403
v 15.8849 5.2835 0.0403
v 15.8630 5.2929 0.0403
v 15.8370 5.2907 0.0403
v 15.8262 5.2669 0.0403
v 15.8254 5.2456 0.0403
v 15.8168 5.2190 0.0403
v 15.8392 5.2045 0.0403
v 15.8630 5.2016 0.0403
v 15.8826 5.2116 0.0403
v 15.9053 5.2212 0.0403
v 15.9133 5.2438 0.0907
v 15.8935 5.2614 0.0907
v 15.8855 5.2829 0.0907
v 15.8629 5.2920 0.0907
v 15.8386 5.2860 0.0907
v 15.8286 5.2636 0.0907
v 15.8238 5.2438 0.0907
v 15.8160 5.2167 0.0907
v 15.8408 5.2054 0.0907
v 15.8629 5.2025 0.0907
v 15.8833 5.2085 0.0907
v 15.9061 5.2189 0.0907
v 15.9094 5.2407 0.1410
v 15.8922 5.2576 0.1410
v 15.8864 5.2814 0.1410
v 15.8629 5.2886 0.1410
v 15.8404 5.2796 0.1410
v 15.8298 5.2598 0.1410
v 15.8217 5.2407 0.1410
v 15.8163 5.2138 0.1410
v 15.8426 5.2055 0.1410
v 15.8629 5.2009 0.1410
v 15.8843 5.2036 0.1410
v 15.9058 5.2159 0.1410
v 15.9056 5.2363 0.1914
v 15.8920 5.2532 0.1914
v 15.8872 5.2787 0.1914
v 15.8628 5.2828 0.1914
v 15.8422 5.2721 0.1914
v 15.8299 5.2553 0.1914
v 15.8196 5.2363 0.1914
v 15.8176 5.2102 0.1914
v 15.8443 5.2043 0.1914
v 15.8628 5.1968 0.1914
v 15.8851 5.1976 0.1914
v 15.9043 5.2124 0.1914
v 15.8998 5.2308 0.2417
v 15.8908 5.2470 0.2417
v 15.8861 5.2714 0.2417
v 15.8627 5.2717 0.2417
v 15.8448 5.2617 0.2417
v 15.8312 5.2489 0.2417
v 15.8210 5.2308 0.2417
v 15.8226 5.2076 0.2417
v 15.8467 5.2032 0.2417
v 15.8627 5.1930 0.2417
v 15.8842 5.1935 0.2417
v 15.8994 5.2096 0.2417
v 15.8877 5.2239 0.2921
v 15.8837 5.2361 0.2921
v 15.8794 5.2532 0.2921
v 15.8625 5.2511 0.2921
v 15.8504 5.2449 0.2921
v 15.8390 5.2375 0.2921
v 15.8324 5.2239 0.2921
v 15.8358 5.2085 0.2921
v 15.8518 5.2053 0.2921
v 15.8625 5.1958 0.2921
v 15.8781 5.1970 0.2921
v 15.8869 5.2099 0.2921
v 15.8782 5.2159 0.3424
v 15.8767 5.2241 0.3424
v 15.8730 5.2343 0.3424
v 15.8623 5.2318 0.3424
v 15.8547 5.2290 0.3424
v 15.8466 5.2250 0.3424
v 15.8434 5.2159 0.3424
v 15.8465 5.2067 0.3424
v 15.8556 5.2042 0.3424
v 15.8623 5.1970 0.3424
v 15.8721 5.1989 0.3424
v 15.8767 5.2076 0.3424
v 15.8706 5.2066 0.3927
v 15.8701 5.2112 0.3927
v 15.8676 5.2160 0.3927
v 15.8621 5.2143 0.3927
v 15.8581 5.2136 0.3927
v 15.8534 5.2116 0.3927
v 15.8525 5.2066 0.3927
v 15.8544 5.2021 0.3927
v 15.8585 5.2003 0.3927
v 15.8621 5.1962 0.3927
v 15.8671 5.1979 0.3927
v 15.8692 5.2025 0.3927
v 15.8658 5.1960 0.4431
v 15.8656 5.1981 0.4431
v 15.8642 5.2000 0.4431
v 15.8619 5.1993 0.4431
v 15.8600 5.1993 0.4431
v 15.8579 5.1983 0.4431
v 15.8578 5.1960 0.4431
v 15.8586 5.1941 0.4431
v 15.8602 5.1931 0.4431
v 15.8619 5.1913 0.4431
v 15.8640 5.1924 0.4431
v 15.8648 5.1943 0.4431
v 15.8619 5.1960 0.4531
v 5.3366 1.6337 -0.0100
v 5.3204 1.6541 -0.0100
v 5.3040 1.6664 -0.0100
v 5.2850 1.6863 -0.0100
v 5.2618 1.6739 -0.0100
v 5.2474 1.6554 -0.0100
v 5.2467 1.6337 -0.0100
v 5.2425 1.6091 -0.0100
v 5.2590 1.5885 -0.0100
v 5.2850 1.5964 -0.0100
v 5.3068 1.5960 -0.0100
v 5.3253 1.6104 -0.0100
v 5.3335 1.6338 0.0291
v 5.3184 1.6531 0.0291
v 5.3049 1.6681 0.0291
v 5.2851 1.6874 0.0291
v 5.2634 1.6714 0.0291
v 5.2495 1.6544 0.0291
v 5.2449 1.6338 0.0291
v 5.2417 1.6088 0.0291
v 5.2606 1.5914 0.0291
v 5.2851 1.5988 0.0291
v 5.3077 1.5947 0.0291
v 5.3262 1.6101 0.0291
v 5.3300 1.6342 0.0682
v 5.3175 1.6529 0.0682
v 5.3061 1.6705 0.0682
v 5.2852 1.6876 0.0682
v 5.2652 1.6688 0.0682
v 5.2506 1.6542 0.0682
v 5.2428 1.6342 0.0682
v 5.2420 1.6093 0.0682
v 5.2625 1.5949 0.0682
v 5.2852 1.6003 0.0682
v 5.3088 1.5932 0.0682
v 5.3261 1.6106 0.0682
v 5.3268 1.6349 0.1073
v 5.3178 1.6537 0.1073
v 5.3073 1.6730 0.1073
v 5.2853 1.6867 0.1073
v 5.2670 1.6666 0.1073
v 5.2506 1.6550 0.1073
v 5.2408 1.6349 0.1073
v 5.2434 1.6107 0.1073
v 5.2644 1.5986 0.1073
v 5.2853 1.6008 0.1073
v 5.3100 1.5922 0.1073
v 5.3250 1.6120 0.1073
v 5.3242 1.6359 0.1464
v 5.3191 1.6553 0.1464
v 5.3083 1.6753 0.1464
v 5.2856 1.6851 0.1464
v 5.2686 1.6652 0.1464
v 5.2498 1.6565 0.1464
v 5.2396 1.6359 0.1464
v 5.2459 1.6130 0.1464
v 5.2660 1.6020 0.1464
v 5.2856 1.6005 0.1464
v 5.3109 1.5920 0.1464
v 5.3231 1.6143 0.1464
v 5.3228 1.6372 0.1855
v 5.3211 1.6575 0.1855
v 5.3088 1.6769 0.1855
v 5.2858 1.6831 0.1855
v 5.2698 1.6651 0.1855
v 5.2485 1.6587 0.1855
v 5.2395 1.6372 0.1855
v 5.2490 1.6159 0.1855
v 5.2671 1.6048 0.1855
v 5.2858 1.5998 0.1855
v 5.3114 1.5930 0.1855
v 5.3206 1.6171 0.1855
v 5.3226 1.6387 0.2247
v 5.3232 1.6601 0.2247
v 5.3087 1.6778 0.2247
v 5.2862 1.6812 0.2247
v 5.2703 1.6662 0.2247
v 5.2471 1.6613 0.2247
v 5.2407 1.6387 0.2247
v 5.2522 1.6191 0.2247
v 5.2678 1.6068 0.2247
v 5.2862 1.5993 0.2247
v 5.3113 1.5953 0.2247
v 5.3181 1.6203 0.2247
v 5.3108 1.6406 0.2638
v 5.3117 1.6551 0.2638
v 5.3007 1.6650 0.2638
v 5.2866 1.6663 0.2638
v 5.2760 1.6589 0.2638
v 5.2602 1.6558 0.2638
v 5.2582 1.6406 0.2638
v 5.2662 1.6288 0.2638
v 5.2744 1.6194 0.2638
v 5.2866 1.6137 0.2638
v 5.3024 1.6133 0.2638
v 5.3057 1.6295 0.2638
v 5.2992 1.6427 0.3029
v 5.2994 1.6498 0.3029
v 5.2935 1.6537 0.3029
v 5.2871 1.6544 0.3029
v 5.2818 1.6519 0.3029
v 5.2742 1.6502 0.3029
v 5.2743 1.6427 0.3029
v 5.2779 1.6374 0.3029
v 5.2810 1.6321 0.3029
v 5.2871 1.6294 0.3029
v 5.2942 1.6304 0.3029
v 5.2957 1.6377 0.3029
v 5.2918 1.6451 0.3420
v 5.2917 1.6474 0.3420
v 5.2896 1.6484 0.3420
v 5.2877 1.6488 0.3420
v 5.2858 1.6483 0.3420
v 5.2835 1.6475 0.3420
v 5.2838 1.6451 0.3420
v 5.2847 1.6434 0.3420
v 5.2856 1.6415 0.3420
v 5.2877 1.6408 0.3420
v 5.2898 1.6414 0.3420
v 5.2904 1.6435 0.3420
v 5.2877 1.6451 0.3520
v 9.6384 0.9138 -0.0100
v 9.6326 0.9479 -0.0100
v 9.6141 0.9840 -0.0100
v 9.5736 0.9795 -0.0100
v 9.5454 0.9625 -0.0100
v 9.5062 0.9527 -0.0100
v 9.5004 0.9138 -0.0100
v 9.5131 0.8789 -0.0100
v 9.5451 0.8645 -0.0100
v 9.5736 0.8415 -0.0100
v 9.6144 0.8430 -0.0100
v 9.6258 0.8837 -0.0100
v 9.6398 0.9137 0.0309
v 9.6348 0.9492 0.0309
v 9.6121 0.9806 0.0309
v 9.5735 0.9746 0.0309
v 9.5446 0.9638 0.0309
v 9.5040 0.9538 0.0309
v 9.5040 0.9137 0.0309
v 9.5172 0.8813 0.0309
v 9.5442 0.8630 0.0309
v 9.5735 0.8388 0.0309
v 9.6125 0.8462 0.0309
v 9.6216 0.8859 0.0309
v 9.6423 0.9136 0.0717
v 9.6356 0.9495 0.0717
v 9.6094 0.9761 0.0717
v 9.5733 0.9712 0.0717
v 9.5429 0.9661 0.0717
v 9.5030 0.9541 0.0717
v 9.5088 0.9136 0.0717
v 9.5199 0.8827 0.0717
v 9.5426 0.8604 0.0717
v 9.5733 0.8376 0.0717
v 9.6097 0.8505 0.0717
v 9.6187 0.8873 0.0717
v 9.6452 0.9133 0.1126
v 9.6345 0.9488 0.1126
v 9.6063 0.9710 0.1126
v 9.5730 0.9696 0.1126
v 9.5409 0.9687 0.1126
v 9.5035 0.9533 0.1126
v 9.5138 0.9133 0.1126
v 9.5208 0.8831 0.1126
v 9.5406 0.8572 0.1126
v 9.5730 0.8382 0.1126
v 9.6066 0.8549 0.1126
v 9.6173 0.8877 0.1126
v 9.6475 0.9128 0.1534
v 9.6318 0.9470 0.1534
v 9.6033 0.9661 0.1534
v 9.5725 0.9697 0.1534
v 9.5390 0.9708 0.1534
v 9.5055 0.9515 0.1534
v 9.5184 0.9128 0.1534
v 9.5199 0.8825 0.1534
v 9.5387 0.8543 0.1534
v 9.5725 0.8405 0.1534
v 9.6036 0.8590 0.1534
v 9.6174 0.8869 0.1534
v 9.6486 0.9123 0.1943
v 9.6275 0.9444 0.1943
v 9.6007 0.9621 0.1943
v 9.5719 0.9711 0.1943
v 9.5375 0.9718 0.1943
v 9.5087 0.9488 0.1943
v 9.5216 0.9123 0.1943
v 9.5176 0.8809 0.1943
v 9.5372 0.8522 0.1943
v 9.5719 0.8442 0.1943
v 9.6010 0.8619 0.1943
v 9.6186 0.8853 0.1943
v 9.6440 0.9116 0.2351
v 9.6199 0.9397 0.2351
v 9.5974 0.9570 0.2351
v 9.5712 0.9703 0.2351
v 9.5385 0.9683 0.2351
v 9.5154 0.9438 0.2351
v 9.5255 0.9116 0.2351
v 9.5173 0.8805 0.2351
v 9.5382 0.8544 0.2351
v 9.5712 0.8518 0.2351
v 9.5977 0.8656 0.2351
v 9.6180 0.8846 0.2351
v 9.6135 0.9108 0.2760
v 9.5974 0.9264 0.2760
v 9.5861 0.9381 0.2760
v 9.5703 0.9481 0.2760
v 9.5510 0.9443 0.2760
v 9.5391 0.9288 0.2760
v 9.5428 0.9108 0.2760
v 9.5362 0.8911 0.2760
v 9.5508 0.8769 0.2760
v 9.5703 0.8774 0.2760
v 9.5863 0.8831 0.2760
v 9.6002 0.8935 0.2760
v 9.5881 0.9099 0.3168
v 9.5807 0.9164 0.3168
v 9.5767 0.9226 0.3168
v 9.5693 0.9275 0.3168
v 9.5609 0.9245 0.3168
v 9.5560 0.9175 0.3168
v 9.5564 0.9099 0.3168
v 9.5532 0.9006 0.3168
v 9.5608 0.8951 0.3168
v 9.5693 0.8958 0.3168
v 9.5768 0.8970 0.3168
v 9.5835 0.9017 0.3168
v 9.5727 0.9088 0.3577
v 9.5709 0.9104 0.3577
v 9.5702 0.9122 0.3577
v 9.5682 0.9134 0.3577
v 9.5662 0.9123 0.3577
v 9.5650 0.9107 0.3577
v 9.5647 0.9088 0.3577
v 9.5640 0.9064 0.3577
v 9.5662 0.9053 0.3577
v 9.5682 0.9054 0.3577
v 9.5702 0.9054 0.3577
v 9.5719 0.9067 0.3577
v 9.5682 0.9088 0.3677
v 15.8542 4.9314 -0.0100
v 15.8620 4.9698 -0.0100
v 15.8279 4.9878 -0.0100
v 15.7953 4.9932 -0.0100
v 15.7672 4.9800 -0.0100
v 15.7304 4.9688 -0.0100
v 15.7240 4.9314 -0.0100
v 15.7493 4.9048 -0.0100
v 15.7628 4.8751 -0.0100
v 15.7953 4.8630 -0.0100
v 15.8323 4.8673 -0.0100
v 15.8431 4.9038 -0.0100
v 15.8571 4.9310 0.0268
v 15.8620 4.9696 0.0268
v 15.8252 4.9832 0.0268
v 15.7951 4.9906 0.0268
v 15.7654 4.9825 0.0268
v 15.7300 4.9686 0.0268
v 15.7289 4.9310 0.0268
v 15.7509 4.9055 0.0268
v 15.7611 4.8721 0.0268
v 15.7951 4.8623 0.0268
v 15.8295 4.8714 0.0268
v 15.8411 4.9045 0.0268
v 15.8598 4.9301 0.0636
v 15.8599 4.9679 0.0636
v 15.8221 4.9779 0.0636
v 15.7945 4.9893 0.0636
v 15.7631 4.9844 0.0636
v 15.7307 4.9669 0.0636
v 15.7334 4.9301 0.0636
v 15.7505 4.9047 0.0636
v 15.7589 4.8684 0.0636
v 15.7945 4.8629 0.0636
v 15.8263 4.8749 0.0636
v 15.8402 4.9037 0.0636
v 15.8612 4.9285 0.1004
v 15.8560 4.9646 0.1004
v 15.8189 4.9726 0.1004
v 15.7934 4.9890 0.1004
v 15.7608 4.9850 0.1004
v 15.7325 4.9637 0.1004
v 15.7367 4.9285 0.1004
v 15.7482 4.9024 0.1004
v 15.7566 4.8647 0.1004
v 15.7934 4.8645 0.1004
v 15.8231 4.8772 0.1004
v 15.8404 4.9014 0.1004
v 15.8609 4.9263 0.1372
v 15.8506 4.9602 0.1372
v 15.8160 4.9678 0.1372
v 15.7920 4.9894 0.1372
v 15.7588 4.9838 0.1372
v 15.7350 4.9592 0.1372
v 15.7382 4.9263 0.1372
v 15.7444 4.8988 0.1372
v 15.7546 4.8616 0.1372
v 15.7920 4.8667 0.1372
v 15.8201 4.8776 0.1372
v 15.8412 4.8979 0.1372
v 15.8584 4.9235 0.1740
v 15.8444 4.9548 0.1740
v 15.8135 4.9640 0.1740
v 15.7901 4.9895 0.1740
v 15.7572 4.9805 0.1740
v 15.7374 4.9539 0.1740
v 15.7377 4.9235 0.1740
v 15.7398 4.8944 0.1740
v 15.7531 4.8594 0.1740
v 15.7901 4.8687 0.1740
v 15.8176 4.8759 0.1740
v 15.8420 4.8935 0.1740
v 15.8538 4.9200 0.2108
v 15.8381 4.9490 0.2108
v 15.8115 4.9609 0.2108
v 15.7878 4.9887 0.2108
v 15.7560 4.9750 0.2108
v 15.7391 4.9481 0.2108
v 15.7349 4.9200 0.2108
v 15.7351 4.8895 0.2108
v 15.7520 4.8580 0.2108
v 15.7878 4.8698 0.2108
v 15.8155 4.8720 0.2108
v 15.8421 4.8886 0.2108
v 15.8327 4.9159 0.2476
v 15.8210 4.9366 0.2476
v 15.8039 4.9485 0.2476
v 15.7851 4.9697 0.2476
v 15.7622 4.9555 0.2476
v 15.7503 4.9359 0.2476
v 15.7432 4.9159 0.2476
v 15.7436 4.8919 0.2476
v 15.7592 4.8710 0.2476
v 15.7851 4.8803 0.2476
v 15.8069 4.8780 0.2476
v 15.8278 4.8912 0.2476
v 15.8014 4.9111 0.2844
v 15.7972 4.9199 0.2844
v 15.7907 4.9263 0.2844
v 15.7820 4.9349 0.2844
v 15.7726 4.9273 0.2844
v 15.7672 4.9196 0.2844
v 15.7626 4.9111 0.2844
v 15.7636 4.9005 0.2844
v 15.7713 4.8927 0.2844
v 15.7820 4.8961 0.2844
v 15.7921 4.8936 0.2844
v 15.8009 4.9002 0.2844
v 15.7822 4.9057 0.3212
v 15.7816 4.9076 0.3212
v 15.7804 4.9091 0.3212
v 15.7784 4.9106 0.3212
v 15.7766 4.9089 0.3212
v 15.7754 4.9075 0.3212
v 15.7742 4.9057 0.3212
v 15.7746 4.9036 0.3212
v 15.7764 4.9022 0.3212
v 15.7784 4.9026 0.3212
v 15.7806 4.9019 0.3212
v 15.7823 4.9035 0.3212
v 15.7784 4.9057 0.3312
v 3.8108 2.1026 -0.0100
v 3.7904 2.1288 -0.0100
v 3.7831 2.1684 -0.0100
v 3.7451 2.1745 -0.0100
v 3.7142 2.1561 -0.0100
v 3.6932 2.1325 -0.0100
v 3.6783 2.1026 -0.0100
v 3.6756 2.0625 -0.0100
v 3.7168 2.0536 -0.0100
v 3.7451 2.0420 -0.0100
v 3.7805 2.0414 -0.0100
v 3.8080 2.0663 -0.0100
v 3.8060 2.1028 0.0364
v 3.7917 2.1299 0.0364
v 3.7836 2.1701 0.0364
v 3.7447 2.1705 0.0364
v 3.7159 2.1526 0.0364
v 3.6913 2.1336 0.0364
v 3.6759 2.1028 0.0364
v 3.6790 2.0648 0.0364
v 3.7185 2.0574 0.0364
v 3.7447 2.0403 0.0364
v 3.7810 2.0399 0.0364
v 3.8040 2.0685 0.0364
v 3.8020 2.1032 0.0829
v 3.7929 2.1318 0.0829
v 3.7824 2.1707 0.0829
v 3.7434 2.1658 0.0829
v 3.7160 2.1507 0.0829
v 3.6876 2.1354 0.0829
v 3.6743 2.1032 0.0829
v 3.6823 2.0679 0.0829
v 3.7185 2.0601 0.0829
v 3.7434 2.0380 0.0829
v 3.7799 2.0401 0.0829
v 3.7982 2.0716 0.0829
v 3.7991 2.1040 0.1293
v 3.7935 2.1341 0.1293
v 3.7794 2.1700 0.1293
v 3.7413 2.1612 0.1293
v 3.7143 2.1508 0.1293
v 3.6830 2.1377 0.1293
v 3.6737 2.1040 0.1293
v 3.6850 2.0714 0.1293
v 3.7168 2.0615 0.1293
v 3.7413 2.0359 0.1293
v 3.7770 2.0423 0.1293
v 3.7915 2.0750 0.1293
v 3.7970 2.1051 0.1758
v 3.7926 2.1364 0.1758
v 3.7748 2.1681 0.1758
v 3.7384 2.1576 0.1758
v 3.7109 2.1526 0.1758
v 3.6781 2.1399 0.1758
v 3.6741 2.1051 0.1758
v 3.6862 2.0749 0.1758
v 3.7134 2.0617 0.1758
v 3.7384 2.0347 0.1758
v 3.7724 2.0462 0.1758
v 3.7845 2.0784 0.1758
v 3.7953 2.1065 0.2222
v 3.7898 2.1383 0.2222
v 3.7687 2.1655 0.2222
v 3.7346 2.1556 0.2222
v 3.7061 2.1559 0.2222
v 3.6735 2.1418 0.2222
v 3.6748 2.1065 0.2222
v 3.6855 2.0781 0.2222
v 3.7085 2.0611 0.2222
v 3.7346 2.0352 0.2222
v 3.7663 2.0515 0.2222
v 3.7778 2.0815 0.2222
v 3.7769 2.1081 0.2687
v 3.7706 2.1316 0.2687
v 3.7534 2.1486 0.2687
v 3.7300 2.1434 0.2687
v 3.7079 2.1465 0.2687
v 3.6851 2.1341 0.2687
v 3.6894 2.1081 0.2687
v 3.6948 2.0878 0.2687
v 3.7096 2.0728 0.2687
v 3.7300 2.0558 0.2687
v 3.7516 2.0707 0.2687
v 3.7609 2.0903 0.2687
v 3.7547 2.1101 0.3151
v 3.7488 2.1241 0.3151
v 3.7379 2.1332 0.3151
v 3.7246 2.1320 0.3151
v 3.7103 2.1349 0.3151
v 3.6977 2.1256 0.3151
v 3.7016 2.1101 0.3151
v 3.7028 2.0976 0.3151
v 3.7113 2.0872 0.3151
v 3.7246 2.0789 0.3151
v 3.7368 2.0889 0.3151
v 3.7437 2.0991 0.3151
v 3.7332 2.1125 0.3616
v 3.7293 2.1188 0.3616
v 3.7243 2.1228 0.3616
v 3.7183 2.1233 0.3616
v 3.7112 2.1247 0.3616
v 3.7061 2.1195 0.3616
v 3.7081 2.1125 0.3616
v 3.7075 2.1063 0.3616
v 3.7117 2.1011 0.3616
v 3.7183 2.0982 0.3616
v 3.7238 2.1030 0.3616
v 3.7278 2.1070 0.3616
v 3.7160 2.1151 0.4080
v 3.7144 2.1170 0.4080
v 3.7130 2.1183 0.4080
v 3.7112 2.1188 0.4080
v 3.7088 2.1191 0.4080
v 3.7075 2.1172 0.4080
v 3.7080 2.1151 0.4080
v 3.7075 2.1130 0.4080
v 3.7090 2.1114 0.4080
v 3.7112 2.1108 0.4080
v 3.7128 2.1121 0.4080
v 3.7144 2.1132 0.4080
v 3.7112 2.1151 0.4180
v 11.9282 0.4396 -0.0100
v 11.9291 0.4773 -0.0100
v 11.9086 0.5171 -0.0100
v 11.8639 0.5031 -0.0100
v 11.8295 0.4992 -0.0100
v 11.7980 0.4776 -0.0100
v 11.7802 0.4396 -0.0100
v 11.8009 0.4032 -0.0100
v 11.8346 0.3889 -0.0100
v 11.8639 0.3551 -0.0100
v 11.9035 0.3710 -0.0100
v 11.9262 0.4036 -0.0100
v 11.9298 0.4394 0.0434
v 11.9310 0.4782 0.0434
v 11.9062 0.5128 0.0434
v 11.8639 0.4978 0.0434
v 11.8287 0.5003 0.0434
v 11.7961 0.4786 0.0434
v 11.7848 0.4394 0.0434
v 11.8055 0.4057 0.0434
v 11.8337 0.3872 0.0434
v 11.8639 0.3528 0.0434
v 11.9012 0.3748 0.0434
v 11.9216 0.4061 0.0434
v 11.9325 0.4388 0.0967
v 11.9314 0.4778 0.0967
v 11.9032 0.5070 0.0967
v 11.8638 0.4938 0.0967
v 11.8273 0.5020 0.0967
v 11.7956 0.4782 0.0967
v 11.7906 0.4388 0.0967
v 11.8085 0.4069 0.0967
v 11.8322 0.3842 0.0967
v 11.8638 0.3520 0.0967
v 11.8983 0.3792 0.0967
v 11.9184 0.4073 0.0967
v 11.9354 0.4379 0.1501
v 11.9299 0.4761 0.1501
v 11.8999 0.5006 0.1501
v 11.8637 0.4915 0.1501
v 11.8257 0.5036 0.1501
v 11.7969 0.4765 0.1501
v 11.7967 0.4379 0.1501
v 11.8098 0.4067 0.1501
v 11.8305 0.3804 0.1501
v 11.8637 0.3528 0.1501
v 11.8951 0.3835 0.1501
v 11.9170 0.4071 0.1501
v 11.9378 0.4365 0.2034
v 11.9267 0.4730 0.2034
v 11.8969 0.4942 0.2034
v 11.8636 0.4907 0.2034
v 11.8244 0.5043 0.2034
v 11.7998 0.4733 0.2034
v 11.8022 0.4365 0.2034
v 11.8093 0.4052 0.2034
v 11.8291 0.3768 0.2034
v 11.8636 0.3551 0.2034
v 11.8922 0.3869 0.2034
v 11.9172 0.4055 0.2034
v 11.9287 0.4348 0.2568
v 11.9144 0.4642 0.2568
v 11.8903 0.4815 0.2568
v 11.8634 0.4835 0.2568
v 11.8290 0.4944 0.2568
v 11.8118 0.4645 0.2568
v 11.8139 0.4348 0.2568
v 11.8149 0.4068 0.2568
v 11.8329 0.3821 0.2568
v 11.8634 0.3687 0.2568
v 11.8864 0.3949 0.2568
v 11.9113 0.4071 0.2568
v 11.9090 0.4326 0.3101
v 11.8962 0.4517 0.3101
v 11.8814 0.4644 0.3101
v 11.8631 0.4689 0.3101
v 11.8390 0.4745 0.3101
v 11.8297 0.4520 0.3101
v 11.8296 0.4326 0.3101
v 11.8274 0.4120 0.3101
v 11.8417 0.3956 0.3101
v 11.8631 0.3895 0.3101
v 11.8787 0.4057 0.3101
v 11.8985 0.4122 0.3101
v 11.8906 0.4301 0.3635
v 11.8817 0.4410 0.3635
v 11.8742 0.4497 0.3635
v 11.8629 0.4538 0.3635
v 11.8483 0.4554 0.3635
v 11.8438 0.4411 0.3635
v 11.8421 0.4301 0.3635
v 11.8397 0.4168 0.3635
v 11.8499 0.4077 0.3635
v 11.8629 0.4054 0.3635
v 11.8725 0.4134 0.3635
v 11.8858 0.4169 0.3635
v 11.8755 0.4272 0.4168
v 11.8711 0.4321 0.4168
v 11.8682 0.4370 0.4168
v 11.8626 0.4393 0.4168
v 11.8558 0.4390 0.4168
v 11.8539 0.4322 0.4168
v 11.8521 0.4272 0.4168
v 11.8509 0.4205 0.4168
v 11.8566 0.4168 0.4168
v 11.8626 0.4159 0.4168
v 11.8674 0.4188 0.4168
v 11.8741 0.4205 0.4168
v 11.8664 0.4239 0.4702
v 11.8650 0.4256 0.4702
v 11.8643 0.4275 0.4702
v 11.8622 0.4282 0.4702
v 11.8600 0.4278 0.4702
v 11.8594 0.4256 0.4702
v 11.8584 0.4239 0.4702
v 11.8581 0.4216 0.4702
v 11.8603 0.4206 0.4702
v 11.8622 0.4202 0.4702
v 11.8640 0.4208 0.4702
v 11.8663 0.4216 0.4702
v 11.8622 0.4239 0.4802
v 15.0716 -4.7480 -0.0100
v 15.0516 -4.7179 -0.0100
v 15.0393 -4.6789 -0.0100
v 14.9994 -4.6638 -0.0100
v 14.9683 -4.6941 -0.0100
v 14.9392 -4.7132 -0.0100
v 14.9259 -4.7480 -0.0100
v 14.9253 -4.7908 -0.0100
v 14.9664 -4.8052 -0.0100
v 14.9994 -4.8096 -0.0100
v 15.0412 -4.8203 -0.0100
v 15.0654 -4.7861 -0.0100
v 15.0672 -4.7480 0.0377
v 15.0537 -4.7168 0.0377
v 15.0403 -4.6775 0.0377
v 14.9996 -4.6689 0.0377
v 14.9707 -4.6980 0.0377
v 14.9375 -4.7122 0.0377
v 14.9241 -4.7480 0.0377
v 14.9298 -4.7883 0.0377
v 14.9688 -4.8013 0.0377
v 14.9996 -4.8119 0.0377
v 15.0422 -4.8219 0.0377
v 15.0613 -4.7837 0.0377
v 15.0648 -4.7483 0.0855
v 15.0569 -4.7154 0.0855
v 15.0406 -4.6778 0.0855
v 15.0000 -4.6750 0.0855
v 14.9723 -4.7004 0.0855
v 14.9353 -4.7109 0.0855
v 14.9245 -4.7483 0.0855
v 14.9354 -4.7855 0.0855
v 14.9705 -4.7993 0.0855
v 15.0000 -4.8153 0.0855
v 15.0425 -4.8219 0.0855
v 15.0567 -4.7811 0.0855
v 15.0648 -4.7486 0.1332
v 15.0603 -4.7142 0.1332
v 15.0402 -4.6800 0.1332
v 15.0006 -4.6813 0.1332
v 14.9732 -4.7012 0.1332
v 14.9333 -4.7097 0.1332
v 14.9273 -4.7486 0.1332
v 14.9412 -4.7829 0.1332
v 14.9714 -4.7992 0.1332
v 15.0006 -4.8189 0.1332
v 15.0420 -4.8203 0.1332
v 15.0524 -4.7785 0.1332
v 15.0669 -4.7491 0.1809
v 15.0633 -4.7135 0.1809
v 15.0391 -4.6840 0.1809
v 15.0015 -4.6869 0.1809
v 14.9735 -4.7006 0.1809
v 14.9323 -4.7092 0.1809
v 14.9321 -4.7491 0.1809
v 14.9466 -4.7809 0.1809
v 14.9717 -4.8007 0.1809
v 15.0015 -4.8217 0.1809
v 15.0409 -4.8173 0.1809
v 15.0490 -4.7766 0.1809
v 15.0704 -4.7498 0.2287
v 15.0652 -4.7137 0.2287
v 15.0377 -4.6892 0.2287
v 15.0027 -4.6911 0.2287
v 14.9734 -4.6990 0.2287
v 14.9329 -4.7095 0.2287
v 14.9384 -4.7498 0.2287
v 14.9509 -4.7797 0.2287
v 14.9717 -4.8036 0.2287
v 15.0027 -4.8232 0.2287
v 15.0394 -4.8134 0.2287
v 15.0473 -4.7755 0.2287
v 15.0542 -4.7506 0.2764
v 15.0479 -4.7254 0.2764
v 15.0270 -4.7111 0.2764
v 15.0042 -4.7102 0.2764
v 14.9823 -4.7127 0.2764
v 14.9554 -4.7224 0.2764
v 14.9625 -4.7506 0.2764
v 14.9684 -4.7712 0.2764
v 14.9811 -4.7905 0.2764
v 15.0042 -4.8019 0.2764
v 15.0282 -4.7921 0.2764
v 15.0348 -4.7683 0.2764
v 15.0379 -4.7515 0.3241
v 15.0318 -4.7366 0.3241
v 15.0188 -4.7292 0.3241
v 15.0059 -4.7265 0.3241
v 14.9918 -4.7271 0.3241
v 14.9769 -4.7348 0.3241
v 14.9824 -4.7515 0.3241
v 14.9838 -4.7643 0.3241
v 14.9911 -4.7772 0.3241
v 15.0059 -4.7819 0.3241
v 15.0195 -4.7752 0.3241
v 15.0250 -4.7625 0.3241
v 15.0235 -4.7526 0.3719
v 15.0195 -4.7459 0.3719
v 15.0136 -4.7427 0.3719
v 15.0079 -4.7403 0.3719
v 15.0010 -4.7407 0.3719
v 14.9948 -4.7451 0.3719
v 14.9975 -4.7526 0.3719
v 14.9970 -4.7589 0.3719
v 15.0006 -4.7652 0.3719
v 15.0079 -4.7663 0.3719
v 15.0140 -4.7632 0.3719
v 15.0173 -4.7581 0.3719
v 15.0150 -4.7539 0.4196
v 15.0135 -4.7519 0.4196
v 15.0119 -4.7509 0.4196
v 15.0101 -4.7498 0.4196
v 15.0080 -4.7501 0.4196
v 15.0063 -4.7517 0.4196
v 15.0070 -4.7539 0.4196
v 15.0066 -4.7559 0.4196
v 15.0079 -4.7578 0.4196
v 15.0101 -4.7578 0.4196
v 15.0120 -4.7570 0.4196
v 15.0133 -4.7557 0.4196
v 15.0101 -4.7539 0.4296
v 10.8485 0.8176 -0.0100
v 10.8470 0.8522 -0.0100
v 10.8253 0.8840 -0.0100
v 10.7870 0.8905 -0.0100
v 10.7605 0.8636 -0.0100
v 10.7227 0.8548 -0.0100
v 10.7108 0.8176 -0.0100
v 10.7277 0.7834 -0.0100
v 10.7565 0.7647 -0.0100
v 10.7870 0.7528 -0.0100
v 10.8294 0.7443 -0.0100
v 10.8419 0.7859 -0.0100
v 10.8488 0.8176 0.0377
v 10.8497 0.8537 0.0377
v 10.8241 0.8816 0.0377
v 10.7872 0.8848 0.0377
v 10.7605 0.8637 0.0377
v 10.7203 0.8562 0.0377
v 10.7136 0.8176 0.0377
v 10.7327 0.7861 0.0377
v 10.7566 0.7646 0.0377
v 10.7872 0.7497 0.0377
v 10.8281 0.7467 0.0377
v 10.8373 0.7886 0.0377
v 10.8509 0.8175 0.0853
v 10.8518 0.8546 0.0853
v 10.8224 0.8778 0.0853
v 10.7876 0.8802 0.0853
v 10.7600 0.8653 0.0853
v 10.7192 0.8570 0.0853
v 10.7184 0.8175 0.0853
v 10.7370 0.7883 0.0853
v 10.7561 0.7630 0.0853
v 10.7876 0.7476 0.0853
v 10.8263 0.7505 0.0853
v 10.8339 0.7907 0.0853
v 10.8544 0.8173 0.1330
v 10.8527 0.8545 0.1330
v 10.8205 0.8730 0.1330
v 10.7883 0.8771 0.1330
v 10.7593 0.8676 0.1330
v 10.7198 0.8569 0.1330
v 10.7244 0.8173 0.1330
v 10.7402 0.7895 0.1330
v 10.7555 0.7605 0.1330
v 10.7883 0.7472 0.1330
v 10.8243 0.7551 0.1330
v 10.8323 0.7919 0.1330
v 10.8583 0.8171 0.1806
v 10.8523 0.8535 0.1806
v 10.8188 0.8681 0.1806
v 10.7893 0.8759 0.1806
v 10.7588 0.8701 0.1806
v 10.7223 0.8558 0.1806
v 10.7309 0.8171 0.1806
v 10.7420 0.7898 0.1806
v 10.7551 0.7577 0.1806
v 10.7893 0.7485 0.1806
v 10.8225 0.7597 0.1806
v 10.8326 0.7921 0.1806
v 10.8618 0.8168 0.2283
v 10.8507 0.8515 0.2283
v 10.8176 0.8636 0.2283
v 10.7906 0.8764 0.2283
v 10.7589 0.8719 0.2283
v 10.7266 0.8538 0.2283
v 10.7370 0.8168 0.2283
v 10.7426 0.7891 0.2283
v 10.7552 0.7555 0.2283
v 10.7906 0.7515 0.2283
v 10.8213 0.7638 0.2283
v 10.8347 0.7914 0.2283
v 10.8436 0.8165 0.2759
v 10.8321 0.8395 0.2759
v 10.8102 0.8476 0.2759
v 10.7922 0.8603 0.2759
v 10.7692 0.8563 0.2759
v 10.7496 0.8411 0.2759
v 10.7566 0.8165 0.2759
v 10.7567 0.7960 0.2759
v 10.7667 0.7722 0.2759
v 10.7922 0.7733 0.2759
v 10.8127 0.7810 0.2759
v 10.8250 0.7976 0.2759
v 10.8256 0.8161 0.3236
v 10.8168 0.8292 0.3236
v 10.8048 0.8347 0.3236
v 10.7941 0.8444 0.3236
v 10.7800 0.8406 0.3236
v 10.7697 0.8302 0.3236
v 10.7728 0.8161 0.3236
v 10.7711 0.8028 0.3236
v 10.7784 0.7890 0.3236
v 10.7941 0.7916 0.3236
v 10.8064 0.7948 0.3236
v 10.8154 0.8038 0.3236
v 10.8110 0.8156 0.3713
v 10.8063 0.8214 0.3713
v 10.8015 0.8246 0.3713
v 10.7963 0.8298 0.3713
v 10.7897 0.8270 0.3713
v 10.7854 0.8219 0.3713
v 10.7860 0.8156 0.3713
v 10.7847 0.8089 0.3713
v 10.7890 0.8030 0.3713
v 10.7963 0.8048 0.3713
v 10.8022 0.8054 0.3713
v 10.8071 0.8094 0.3713
v 10.8033 0.8151 0.4189
v 10.8018 0.8169 0.4189
v 10.8005 0.8181 0.4189
v 10.7987 0.8198 0.4189
v 10.7967 0.8186 0.4189
v 10.7954 0.8170 0.4189
v 10.7953 0.8151 0.4189
v 10.7948 0.8129 0.4189
v 10.7965 0.8112 0.4189
v 10.7987 0.8118 0.4189
v 10.8007 0.8117 0.4189
v 10.8024 0.8130 0.4189
v 10.7987 0.8151 0.4289
v 5.4846 -5.3445 -0.0100
v 5.4702 -5.3259 -0.0100
v 5.4610 -5.3047 -0.0100
v 5.4380 -5.2965 -0.0100
v 5.4128 -5.3009 -0.0100
v 5.4064 -5.3263 -0.0100
v 5.3944 -5.3445 -0.0100
v 5.3921 -5.3710 -0.0100
v 5.4159 -5.3828 -0.0100
v 5.4380 -5.3867 -0.0100
v 5.4579 -5.3790 -0.0100
v 5.4846 -5.3714 -0.0100
v 5.4809 -5.3441 0.0347
v 5.4695 -5.3259 0.0347
v 5.4620 -5.3024 0.0347
v 5.4380 -5.2967 0.0347
v 5.4146 -5.3038 0.0347
v 5.4071 -5.3263 0.0347
v 5.3922 -5.3441 0.0347
v 5.3927 -5.3703 0.0347
v 5.4177 -5.3792 0.0347
v 5.4380 -5.3854 0.0347
v 5.4590 -5.3806 0.0347
v 5.4839 -5.3707 0.0347
v 5.4773 -5.3430 0.0793
v 5.4697 -5.3246 0.0793
v 5.4628 -5.2997 0.0793
v 5.4378 -5.2975 0.0793
v 5.4162 -5.3057 0.0793
v 5.4066 -5.3250 0.0793
v 5.3901 -5.3430 0.0793
v 5.3942 -5.3682 0.0793
v 5.4192 -5.3752 0.0793
v 5.4378 -5.3846 0.0793
v 5.4598 -5.3811 0.0793
v 5.4821 -5.3686 0.0793
v 5.4744 -5.3411 0.1240
v 5.4707 -5.3220 0.1240
v 5.4631 -5.2969 0.1240
v 5.4376 -5.2985 0.1240
v 5.4174 -5.3061 0.1240
v 5.4051 -5.3224 0.1240
v 5.3888 -5.3411 0.1240
v 5.3965 -5.3648 0.1240
v 5.4203 -5.3711 0.1240
v 5.4376 -5.3841 0.1240
v 5.4602 -5.3803 0.1240
v 5.4793 -5.3652 0.1240
v 5.4726 -5.3385 0.1686
v 5.4721 -5.3184 0.1686
v 5.4628 -5.2944 0.1686
v 5.4372 -5.2993 0.1686
v 5.4178 -5.3049 0.1686
v 5.4031 -5.3188 0.1686
v 5.3885 -5.3385 0.1686
v 5.3992 -5.3605 0.1686
v 5.4207 -5.3672 0.1686
v 5.4372 -5.3834 0.1686
v 5.4599 -5.3777 0.1686
v 5.4759 -5.3608 0.1686
v 5.4719 -5.3352 0.2133
v 5.4733 -5.3141 0.2133
v 5.4617 -5.2921 0.2133
v 5.4368 -5.2993 0.2133
v 5.4176 -5.3018 0.2133
v 5.4009 -5.3144 0.2133
v 5.3893 -5.3352 0.2133
v 5.4018 -5.3554 0.2133
v 5.4204 -5.3636 0.2133
v 5.4368 -5.3819 0.2133
v 5.4588 -5.3733 0.2133
v 5.4724 -5.3557 0.2133
v 5.4650 -5.3311 0.2579
v 5.4665 -5.3136 0.2579
v 5.4552 -5.2983 0.2579
v 5.4363 -5.3047 0.2579
v 5.4206 -5.3039 0.2579
v 5.4066 -5.3139 0.2579
v 5.4002 -5.3311 0.2579
v 5.4104 -5.3460 0.2579
v 5.4228 -5.3544 0.2579
v 5.4363 -5.3695 0.2579
v 5.4530 -5.3600 0.2579
v 5.4627 -5.3463 0.2579
v 5.4546 -5.3262 0.3026
v 5.4550 -5.3150 0.3026
v 5.4469 -5.3069 0.3026
v 5.4357 -5.3106 0.3026
v 5.4254 -5.3083 0.3026
v 5.4167 -5.3152 0.3026
v 5.4144 -5.3262 0.3026
v 5.4202 -5.3351 0.3026
v 5.4268 -5.3417 0.3026
v 5.4357 -5.3507 0.3026
v 5.4455 -5.3431 0.3026
v 5.4515 -5.3353 0.3026
v 5.4452 -5.3206 0.3472
v 5.4448 -5.3149 0.3472
v 5.4403 -5.3114 0.3472
v 5.4350 -5.3128 0.3472
v 5.4295 -5.3110 0.3472
v 5.4254 -5.3150 0.3472
v 5.4250 -5.3206 0.3472
v 5.4273 -5.3250 0.3472
v 5.4302 -5.3289 0.3472
v 5.4350 -5.3330 0.3472
v 5.4396 -5.3285 0.3472
v 5.4428 -5.3251 0.3472
v 5.4385 -5.3142 0.3919
v 5.4380 -5.3120 0.3919
v 5.4362 -5.3108 0.3919
v 5.4342 -5.3111 0.3919
v 5.4319 -5.3102 0.3919
v 5.4304 -5.3121 0.3919
v 5.4305 -5.3142 0.3919
v 5.4311 -5.3160 0.3919
v 5.4322 -5.3178 0.3919
v 5.4342 -5.3191 0.3919
v 5.4359 -5.3172 0.3919
v 5.4374 -5.3161 0.3919
v 5.4342 -5.3142 0.4019
v 13.5333 3.7711 -0.0100
v 13.5322 3.8077 -0.0100
v 13.5057 3.8350 -0.0100
v 13.4688 3.8226 -0.0100
v 13.4346 3.8304 -0.0100
v 13.4049 3.8081 -0.0100
v 13.4004 3.7711 -0.0100
v 13.4170 3.7412 -0.0100
v 13.4392 3.7199 -0.0100
v 13.4688 3.6897 -0.0100
v 13.5011 3.7153 -0.0100
v 13.5200 3.7416 -0.0100
v 13.5362 3.7716 0.0502
v 13.5308 3.8073 0.0502
v 13.5028 3.8302 0.0502
v 13.4689 3.8218 0.0502
v 13.4334 3.8331 0.0502
v 13.4064 3.8077 0.0502
v 13.4064 3.7716 0.0502
v 13.4184 3.7424 0.0502
v 13.4379 3.7178 0.0502
v 13.4689 3.6920 0.0502
v 13.4983 3.7207 0.0502
v 13.5188 3.7428 0.0502
v 13.5386 3.7729 0.1105
v 13.5281 3.8069 0.1105
v 13.5003 3.8268 0.1105
v 13.4691 3.8236 0.1105
v 13.4325 3.8363 0.1105
v 13.4096 3.8073 0.1105
v 13.4119 3.7729 0.1105
v 13.4184 3.7436 0.1105
v 13.4369 3.7171 0.1105
v 13.4691 3.6969 0.1105
v 13.4959 3.7266 0.1105
v 13.5193 3.7440 0.1105
v 13.5399 3.7751 0.1707
v 13.5243 3.8067 0.1707
v 13.4985 3.8253 0.1707
v 13.4695 3.8276 0.1707
v 13.4325 3.8392 0.1707
v 13.4141 3.8071 0.1707
v 13.4164 3.7751 0.1707
v 13.4173 3.7449 0.1707
v 13.4368 3.7184 0.1707
v 13.4695 3.7041 0.1707
v 13.4943 3.7322 0.1707
v 13.5211 3.7453 0.1707
v 13.5394 3.7781 0.2309
v 13.5199 3.8069 0.2309
v 13.4977 3.8261 0.2309
v 13.4700 3.8330 0.2309
v 13.4336 3.8413 0.2309
v 13.4196 3.8073 0.2309
v 13.4194 3.7781 0.2309
v 13.4160 3.7470 0.2309
v 13.4377 3.7222 0.2309
v 13.4700 3.7130 0.2309
v 13.4936 3.7374 0.2309
v 13.5234 3.7473 0.2309
v 13.5222 3.7821 0.2912
v 13.5056 3.8022 0.2912
v 13.4917 3.8185 0.2912
v 13.4707 3.8261 0.2912
v 13.4437 3.8289 0.2912
v 13.4354 3.8025 0.2912
v 13.4322 3.7821 0.2912
v 13.4277 3.7573 0.2912
v 13.4468 3.7406 0.2912
v 13.4707 3.7362 0.2912
v 13.4886 3.7511 0.2912
v 13.5133 3.7575 0.2912
v 13.5062 3.7869 0.3514
v 13.4944 3.8001 0.3514
v 13.4868 3.8133 0.3514
v 13.4715 3.8193 0.3514
v 13.4533 3.8185 0.3514
v 13.4483 3.8003 0.3514
v 13.4435 3.7869 0.3514
v 13.4401 3.7687 0.3514
v 13.4554 3.7590 0.3514
v 13.4715 3.7566 0.3514
v 13.4846 3.7642 0.3514
v 13.5027 3.7689 0.3514
v 13.4929 3.7926 0.4116
v 13.4862 3.8005 0.4116
v 13.4826 3.8100 0.4116
v 13.4725 3.8134 0.4116
v 13.4617 3.8113 0.4116
v 13.4586 3.8006 0.4116
v 13.4539 3.7926 0.4116
v 13.4524 3.7810 0.4116
v 13.4630 3.7762 0.4116
v 13.4725 3.7743 0.4116
v 13.4812 3.7775 0.4116
v 13.4924 3.7811 0.4116
v 13.4833 3.7991 0.4719
v 13.4805 3.8031 0.4719
v 13.4790 3.8085 0.4719
v 13.4736 3.8097 0.4719
v 13.4685 3.8081 0.4719
v 13.4666 3.8032 0.4719
v 13.4635 3.7991 0.4719
v 13.4634 3.7932 0.4719
v 13.4691 3.7914 0.4719
v 13.4736 3.7899 0.4719
v 13.4783 3.7909 0.4719
v 13.4837 3.7933 0.4719
v 13.4786 3.8066 0.5321
v 13.4778 3.8082 0.5321
v 13.4772 3.8106 0.5321
v 13.4749 3.8108 0.5321
v 13.4729 3.8100 0.5321
v 13.4720 3.8083 0.5321
v 13.4706 3.8066 0.5321
v 13.4708 3.8042 0.5321
v 13.4732 3.8037 0.5321
v 13.4749 3.8028 0.5321
v 13.4769 3.8030 0.5321
v 13.4789 3.8043 0.5321
v 13.4749 3.8066 0.5421
v 14.7916 3.6328 -0.0100
v 14.7844 3.6593 -0.0100
v 14.7711 3.6894 -0.0100
v 14.7385 3.6958 -0.0100
v 14.7159 3.6719 -0.0100
v 14.6870 3.6625 -0.0100
v 14.6764 3.6328 -0.0100
v 14.6846 3.6017 -0.0100
v 14.7135 3.5896 -0.0100
v 14.7385 3.5806 -0.0100
v 14.7735 3.5722 -0.0100
v 14.7867 3.6050 -0.0100
v 14.7900 3.6327 0.0388
v 14.7865 3.6605 0.0388
v 14.7704 3.6885 0.0388
v 14.7382 3.6908 0.0388
v 14.7163 3.6707 0.0388
v 14.6845 3.6637 0.0388
v 14.6770 3.6327 0.0388
v 14.6886 3.6040 0.0388
v 14.7140 3.5906 0.0388
v 14.7382 3.5778 0.0388
v 14.7728 3.5729 0.0388
v 14.7823 3.6072 0.0388
v 14.7896 3.6322 0.0876
v 14.7879 3.6613 0.0876
v 14.7686 3.6859 0.0876
v 14.7376 3.6858 0.0876
v 14.7154 3.6707 0.0876
v 14.6819 3.6644 0.0876
v 14.6788 3.6322 0.0876
v 14.6919 3.6059 0.0876
v 14.7132 3.5899 0.0876
v 14.7376 3.5750 0.0876
v 14.7708 3.5747 0.0876
v 14.7779 3.6090 0.0876
v 14.7901 3.6315 0.1363
v 14.7880 3.6613 0.1363
v 14.7656 3.6819 0.1363
v 14.7365 3.6815 0.1363
v 14.7135 3.6714 0.1363
v 14.6797 3.6643 0.1363
v 14.6814 3.6315 0.1363
v 14.6940 3.6070 0.1363
v 14.7113 3.5878 0.1363
v 14.7365 3.5729 0.1363
v 14.7678 3.5773 0.1363
v 14.7738 3.6100 0.1363
v 14.7908 3.6306 0.1851
v 14.7865 3.6603 0.1851
v 14.7619 3.6770 0.1851
v 14.7350 3.6784 0.1851
v 14.7108 3.6725 0.1851
v 14.6784 3.6633 0.1851
v 14.6844 3.6306 0.1851
v 14.6943 3.6071 0.1851
v 14.7086 3.5849 0.1851
v 14.7350 3.5719 0.1851
v 14.7640 3.5803 0.1851
v 14.7706 3.6100 0.1851
v 14.7898 3.6293 0.2339
v 14.7820 3.6576 0.2339
v 14.7571 3.6709 0.2339
v 14.7331 3.6754 0.2339
v 14.7083 3.6723 0.2339
v 14.6792 3.6604 0.2339
v 14.6880 3.6293 0.2339
v 14.6938 3.6067 0.2339
v 14.7062 3.5827 0.2339
v 14.7331 3.5736 0.2339
v 14.7592 3.5842 0.2339
v 14.7674 3.6095 0.2339
v 14.7721 3.6278 0.2827
v 14.7636 3.6468 0.2827
v 14.7464 3.6549 0.2827
v 14.7307 3.6610 0.2827
v 14.7125 3.6594 0.2827
v 14.6944 3.6488 0.2827
v 14.7014 3.6278 0.2827
v 14.7024 3.6114 0.2827
v 14.7110 3.5937 0.2827
v 14.7307 3.5903 0.2827
v 14.7478 3.5982 0.2827
v 14.7556 3.6134 0.2827
v 14.7542 3.6260 0.3315
v 14.7472 3.6371 0.3315
v 14.7372 3.6420 0.3315
v 14.7279 3.6477 0.3315
v 14.7163 3.6461 0.3315
v 14.7066 3.6383 0.3315
v 14.7107 3.6260 0.3315
v 14.7094 3.6153 0.3315
v 14.7154 3.6043 0.3315
v 14.7279 3.6041 0.3315
v 14.7381 3.6084 0.3315
v 14.7443 3.6165 0.3315
v 14.7378 3.6239 0.3802
v 14.7336 3.6290 0.3802
v 14.7293 3.6317 0.3802
v 14.7247 3.6353 0.3802
v 14.7190 3.6339 0.3802
v 14.7148 3.6296 0.3802
v 14.7163 3.6239 0.3802
v 14.7150 3.6183 0.3802
v 14.7185 3.6131 0.3802
v 14.7247 3.6138 0.3802
v 14.7297 3.6153 0.3802
v 14.7334 3.6189 0.3802
v 14.7259 3.6215 0.4290
v 14.7242 3.6233 0.4290
v 14.7228 3.6245 0.4290
v 14.7211 3.6260 0.4290
v 14.7190 3.6252 0.4290
v 14.7176 3.6235 0.4290
v 14.7179 3.6215 0.4290
v 14.7172 3.6193 0.4290
v 14.7188 3.6176 0.4290
v 14.7211 3.6180 0.4290
v 14.7230 3.6183 0.4290
v 14.7245 3.6195 0.4290
v 14.7211 3.6215 0.4390
v 4.1001 4.2845 -0.0100
v 4.0904 4.3175 -0.0100
v 4.0661 4.3415 -0.0100
v 4.0332 4.3703 -0.0100
v 3.9984 4.3448 -0.0100
v 3.9821 4.3140 -0.0100
v 3.9578 4.2845 -0.0100
v 3.9671 4.2463 -0.0100
v 3.9949 4.2182 -0.0100
v 4.0332 4.2280 -0.0100
v 4.0696 4.2215 -0.0100
v 4.1054 4.2428 -0.0100
v 4.0951 4.2846 0.0267
v 4.0909 4.3177 0.0267
v 4.0683 4.3447 0.0267
v 4.0336 4.3681 0.0267
v 4.0016 4.3401 0.0267
v 3.9824 4.3142 0.0267
v 3.9548 4.2846 0.0267
v 3.9694 4.2475 0.0267
v 3.9982 4.2232 0.0267
v 4.0336 4.2278 0.0267
v 4.0717 4.2186 0.0267
v 4.1039 4.2440 0.0267
v 4.0920 4.2848 0.0634
v 4.0939 4.3189 0.0634
v 4.0709 4.3471 0.0634
v 4.0350 4.3642 0.0634
v 4.0052 4.3365 0.0634
v 3.9820 4.3154 0.0634
v 3.9537 4.2848 0.0634
v 3.9742 4.2497 0.0634
v 4.0018 4.2274 0.0634
v 4.0350 4.2260 0.0634
v 4.0743 4.2167 0.0634
v 4.1017 4.2463 0.0634
v 4.0914 4.2852 0.1001
v 4.0988 4.3208 0.1001
v 4.0736 4.3483 0.1001
v 4.0372 4.3594 0.1001
v 4.0088 4.3344 0.1001
v 3.9814 4.3174 0.1001
v 3.9552 4.2852 0.1001
v 3.9808 4.2527 0.1001
v 4.0055 4.2304 0.1001
v 4.0372 4.2232 0.1001
v 4.0769 4.2165 0.1001
v 4.0994 4.2493 0.1001
v 4.0937 4.2858 0.1368
v 4.1048 4.3231 0.1368
v 4.0761 4.3479 0.1368
v 4.0403 4.3544 0.1368
v 4.0123 4.3343 0.1368
v 3.9815 4.3197 0.1368
v 3.9596 4.2858 0.1368
v 3.9886 4.2560 0.1368
v 4.0091 4.2318 0.1368
v 4.0403 4.2203 0.1368
v 4.0794 4.2181 0.1368
v 4.0977 4.2527 0.1368
v 4.0987 4.2866 0.1734
v 4.1112 4.3252 0.1734
v 4.0786 4.3461 0.1734
v 4.0443 4.3502 0.1734
v 4.0158 4.3359 0.1734
v 3.9830 4.3219 0.1734
v 3.9667 4.2866 0.1734
v 3.9968 4.2592 0.1734
v 4.0126 4.2317 0.1734
v 4.0443 4.2181 0.1734
v 4.0818 4.2215 0.1734
v 4.0974 4.2559 0.1734
v 4.1061 4.2875 0.2101
v 4.1174 4.3269 0.2101
v 4.0813 4.3432 0.2101
v 4.0491 4.3474 0.2101
v 4.0194 4.3389 0.2101
v 3.9865 4.3236 0.2101
v 3.9761 4.2875 0.2101
v 4.0048 4.2618 0.2101
v 4.0163 4.2306 0.2101
v 4.0491 4.2173 0.2101
v 4.0845 4.2263 0.2101
v 4.0991 4.2586 0.2101
v 4.1012 4.2885 0.2468
v 4.1073 4.3188 0.2468
v 4.0777 4.3280 0.2468
v 4.0549 4.3332 0.2468
v 4.0308 4.3303 0.2468
v 4.0067 4.3163 0.2468
v 4.0027 4.2885 0.2468
v 4.0219 4.2695 0.2468
v 4.0284 4.2427 0.2468
v 4.0549 4.2346 0.2468
v 4.0801 4.2449 0.2468
v 4.0921 4.2670 0.2468
v 4.0828 4.2898 0.2835
v 4.0838 4.3026 0.2835
v 4.0707 4.3055 0.2835
v 4.0615 4.3092 0.2835
v 4.0505 4.3089 0.2835
v 4.0411 4.3016 0.2835
v 4.0405 4.2898 0.2835
v 4.0471 4.2815 0.2835
v 4.0495 4.2689 0.2835
v 4.0615 4.2669 0.2835
v 4.0717 4.2722 0.2835
v 4.0778 4.2804 0.2835
v 4.0733 4.2912 0.3202
v 4.0731 4.2935 0.3202
v 4.0707 4.2940 0.3202
v 4.0691 4.2950 0.3202
v 4.0669 4.2950 0.3202
v 4.0654 4.2933 0.3202
v 4.0653 4.2912 0.3202
v 4.0662 4.2895 0.3202
v 4.0667 4.2870 0.3202
v 4.0691 4.2870 0.3202
v 4.0709 4.2880 0.3202
v 4.0723 4.2893 0.3202
v 4.0691 4.2912 0.3302
vt -0.1983 0.0688
vt -0.4329 0.0688
vt 12.0258 0.0688
vt -0.0328 0.0688
vt 11.8689 0.0688
vt -0.2089 0.0688
vt -0.1518 0.2610
vt 11.8556 0.2610
vt 11.8556 -0.1518
vt -0.2756 0.3250
vt 12.0441 -0.2756
vt 11.8635 -0.1570
vt 11.9980 -0.2453
vt -0.3755 -0.0250
vt 11.8244 -0.3755
vt -0.3462 0.1808
vt 11.8436 0.1808
vt 12.0436 -0.0416
vt -0.0512 0.1907
vt 12.0374 -0.0512
vt -0.0935 0.1533
vt 12.1427 -0.0935
vt -0.1580 0.2194
vt 12.0232 0.2194
vt 12.0232 -0.1580
vt -0.2305 0.1751
vt 12.0871 -0.2305
vt -0.3859 0.2190
vt 12.0543 0.2190
vt -0.3133 0.0688
vt 12.0210 -0.3348
vt -0.2304 -0.0250
vt 12.0864 -0.2304
vt 12.0593 -0.1385
vt -0.0912 -0.0175
vt 12.1470 -0.0912
vt 12.0817 0.0688
vt 11.9243 0.2827
vt 11.9243 -0.3444
vt 11.9176 0.1472
vt -0.0566 0.2961
vt 11.9493 0.2961
vt 11.9493 -0.0566
vt -0.2049 0.2425
vt 11.9364 -0.2049
vt 11.9518 0.0043
vt 11.9544 0.1441
vt 11.9364 -0.2049
vt 11.9473 -0.0794
vt -0.3745 0.0074
vt 11.9217 0.0074
vt 11.9264 -0.3201
vt -0.2954 0.1375
vt -0.2691 0.2750
vt 11.8175 0.2750
vt 11.8175 -0.2691
vt -0.1852 0.1505
vt -0.0872 0.1665
vt 11.8597 0.1665
vt 11.8597 -0.0872
vt -0.0895 0.0688
vt 11.7606 0.0688
vt -0.0822 -0.0250
vt 11.8565 -0.0250
vt 11.8565 -0.0822
vt -0.1797 -0.0250
vt 11.7883 -0.1797
vt 11.8423 -0.2557
vt -0.2829 0.0096
vt -0.3738 0.0688
vt 11.8255 0.0688
vt -0.1536 0.1051
vt -0.1697 0.1681
vt 12.1160 -0.1697
vt -0.2161 0.1305
vt -0.1191 0.1939
vt 12.0209 -0.1191
vt -0.1234 0.2071
vt 12.0874 -0.1234
vt -0.0619 0.1803
vt 12.0953 -0.0619
vt -0.2461 0.2252
vt -0.1906 0.2118
vt 12.0648 0.2118
vt 12.0648 -0.1906
vt -0.2027 0.2838
vt 12.0431 0.2838
vt 12.0431 -0.2027
vt -0.2780 0.1332
vt -0.2601 0.0688
vt -0.3329 0.2752
vt 12.0510 0.2752
vt 12.0510 -0.3329
vt -0.2960 0.1948
vt -0.3806 0.0688
vt -0.3537 0.1397
vt -0.4262 0.1483
vt 12.0480 0.1483
vt -0.2745 0.0074
vt 12.1068 -0.2745
vt -0.2154 0.0111
vt -0.4022 -0.0021
vt 12.0359 -0.0021
vt 12.0359 -0.4022
vt -0.3255 0.0113
vt 12.0597 -0.3255
vt 12.0325 -0.2369
vt 12.0381 -0.2717
vt 12.0014 -0.2775
vt -0.1709 -0.0250
vt 12.1100 -0.1709
vt -0.1558 0.0341
vt 12.0269 -0.2030
vt 12.0834 -0.1885
vt -0.0393 -0.0250
vt 12.1204 -0.0250
vt 12.1204 -0.0393
vt 12.1279 -0.1015
vt 12.0587 -0.0808
vt -0.0898 0.0688
vt 12.0694 -0.0050
vt 12.0694 -0.0024
vt -0.0201 0.0207
vt 12.1335 0.0207
vt -0.0239 0.1159
vt 12.1295 0.1159
vt 12.1295 -0.0239
vt 12.0714 0.1437
vt 12.0714 0.0006
vt 11.9753 0.1678
vt 11.9628 0.1034
vt 11.9797 0.2993
vt 11.9797 -0.3108
vt 11.9828 0.2442
vt 11.9828 -0.3563
vt -0.4302 0.1928
vt 11.8607 0.1928
vt 11.9190 0.2317
vt 11.9190 -0.4063
vt -0.3733 0.2575
vt 11.8684 0.2575
vt 11.8684 -0.3733
vt -0.1752 0.2822
vt 11.9914 0.2822
vt 11.9914 -0.1752
vt -0.2346 0.3026
vt 11.9816 -0.2346
vt -0.0408 0.2527
vt 12.0027 0.2527
vt 12.0027 -0.0408
vt -0.1119 0.2617
vt 11.9975 -0.1119
vt 11.8958 -0.1782
vt -0.1426 0.2822
vt 11.9418 -0.1426
vt -0.1262 0.2401
vt 11.9042 0.2401
vt 11.9042 -0.1262
vt 12.0142 0.1098
vt -0.0009 0.1810
vt 12.0049 0.1810
vt 12.0049 -0.0009
vt 11.9968 -0.0250
vt 11.9968 -0.0250
vt 12.0119 0.0290
vt 0.0023 0.1077
vt 11.9067 0.1077
vt 11.9529 0.0688
vt 0.0031 0.0297
vt 11.9066 0.0297
vt 11.9854 -0.1302
vt 11.9872 -0.0792
vt 11.9795 -0.2332
vt 11.9850 -0.1787
vt 11.8923 -0.0971
vt 11.9417 -0.1440
vt 11.8970 -0.1790
vt 11.9768 -0.3368
vt 11.9750 -0.2993
vt 11.9616 0.0357
vt 11.9729 -0.0240
vt 11.9729 -0.3720
vt 11.8779 -0.3498
vt -0.3463 -0.0250
vt 11.9242 -0.0250
vt 11.9242 -0.3463
vt -0.4204 -0.0250
vt 11.8640 -0.0250
vt 11.8640 -0.4204
vt -0.2411 0.0944
vt -0.2292 0.1375
vt -0.1982 0.1059
vt -0.3115 0.2243
vt 11.8313 0.2243
vt -0.2824 0.2002
vt -0.3260 0.1633
vt 11.8017 0.1633
vt -0.1661 0.2160
vt 11.8201 -0.1661
vt -0.2183 0.2023
vt -0.2071 0.2911
vt 11.8260 -0.2071
vt -0.1456 0.1211
vt -0.1647 0.0688
vt -0.1166 0.2112
vt 11.8573 0.2112
vt 11.8573 -0.1166
vt -0.1192 0.1874
vt 11.8059 0.1874
vt 11.8059 -0.1192
vt 11.8158 0.0688
vt -0.0699 0.1331
vt 11.7984 0.1331
vt -0.0620 0.1201
vt 11.8644 0.1201
vt -0.1336 0.0059
vt 11.7618 -0.1336
vt -0.1975 0.0283
vt -0.0487 0.0127
vt 11.8577 0.0127
vt -0.0686 0.0038
vt 11.7971 0.0038
vt 11.7971 -0.0686
vt 11.8173 -0.1652
vt 11.8036 -0.1177
vt 11.8603 -0.1200
vt -0.2286 0.0019
vt -0.2376 0.0457
vt 11.8522 -0.2066
vt -0.2206 -0.0250
vt 11.7961 -0.2206
vt -0.3213 -0.0220
vt 11.8070 -0.3213
vt -0.2798 -0.0250
vt 11.7976 -0.2798
vt 11.8341 -0.3087
vt -0.2944 0.0688
vt -0.3855 0.0030
vt -0.3347 0.0350
vt -0.3402 0.1040
vt 11.7920 0.1040
vt -0.3591 0.1250
vt 11.8352 0.1250
vt 11.8758 -0.2376
vt -0.3063 0.2793
vt 11.8698 0.2793
vt 11.8698 -0.3063
vt -0.2611 0.2615
vt 11.9315 -0.2611
vt -0.0357 0.1628
vt 11.8994 0.1628
vt 11.8994 -0.0357
vt -0.0893 0.2027
vt 11.9010 0.2027
vt 11.9010 -0.0893
vt -0.0000 0.2345
vt 11.9542 0.2345
vt 11.8889 -0.0501
vt -0.0152 -0.0250
vt 11.8950 -0.0250
vt 11.8950 -0.0152
vt 11.9507 -0.0250
vt 11.9507 -0.0396
vt 11.8905 -0.2748
vt 11.9007 -0.2242
vt 11.9308 -0.2697
vt -0.4438 0.1140
vt 11.8507 0.1140
vt -0.4481 0.0228
vt 11.8492 0.0228
vt 11.9190 0.0688
vt -0.5801 0.0598
vt 9.6439 0.0598
vt -0.3753 0.0598
vt 9.4497 0.0598
vt -0.5875 0.0598
vt -0.5174 0.3001
vt 9.4424 -0.5174
vt -0.6383 0.2571
vt 9.6375 0.2571
vt 9.6375 -0.6383
vt 9.4743 -0.5371
vt 9.6292 -0.6331
vt 9.4570 -0.7332
vt 9.4428 0.2023
vt 9.6250 -0.4620
vt 9.6704 0.2212
vt 9.6704 -0.3887
vt -0.4725 0.1501
vt -0.5286 0.2496
vt 9.6561 -0.5286
vt -0.6162 0.1840
vt 9.7300 0.1840
vt 9.7300 -0.6162
vt 9.6402 -0.7058
vt -0.7153 0.0598
vt 9.7617 0.0598
vt 9.6789 -0.0250
vt 9.6789 -0.7578
vt 9.7477 -0.6194
vt 9.6487 -0.5324
vt -0.4641 -0.0250
vt 9.7805 -0.0250
vt 9.7805 -0.4641
vt 9.6711 0.0598
vt 9.5477 0.2363
vt 9.5462 0.1349
vt 9.5522 0.3129
vt 9.5522 -0.4237
vt 9.5496 -0.5838
vt 9.5532 -0.0214
vt 9.5532 -0.3662
vt 9.5527 0.1311
vt 9.5527 -0.3929
vt 9.5496 -0.5838
vt 9.5510 -0.4955
vt 9.5462 -0.0140
vt 9.5476 -0.7019
vt -0.6948 0.1499
vt 9.4260 -0.6478
vt -0.5450 0.2083
vt 9.3338 -0.5450
vt 9.4533 0.1690
vt -0.4766 0.0598
vt 9.3765 0.0598
vt 9.4446 -0.4426
vt 9.3857 -0.5543
vt 9.4618 -0.6293
vt -0.6597 -0.0018
vt 9.4030 -0.0018
vt 9.4030 -0.6597
vt 9.4218 0.0598
vt -0.5280 0.1036
vt -0.5528 0.1601
vt 9.7308 -0.5528
vt -0.6008 0.1319
vt 9.7779 -0.6008
vt -0.4491 0.2661
vt 9.6807 -0.4491
vt -0.5033 0.2058
vt 9.7049 -0.5033
vt -0.4161 0.1975
vt 9.7358 0.1975
vt 9.7358 -0.4161
vt -0.6275 0.2211
vt 9.6816 0.2211
vt 9.6816 -0.6275
vt -0.5713 0.2155
vt 9.6900 -0.5713
vt -0.5837 0.2659
vt 9.6530 -0.5837
vt -0.6669 0.1317
vt 9.7579 0.1317
vt 9.7579 -0.6669
vt -0.6560 0.0598
vt 9.6335 0.1981
vt 9.6335 -0.6685
vt 9.6823 0.1735
vt 9.6823 -0.6660
vt 9.6988 0.0598
vt 9.6955 0.1226
vt 9.6955 -0.7144
vt 9.6508 0.1222
vt 9.6508 -0.7543
vt -0.6834 -0.0250
vt 9.7992 -0.0250
vt 9.7992 -0.6834
vt -0.6021 -0.0177
vt 9.7951 -0.6021
vt 9.6603 -0.0085
vt 9.7307 -0.0182
vt 9.7307 -0.7459
vt 9.6868 -0.6292
vt 9.7379 -0.7005
vt 9.6690 -0.7044
vt -0.5476 -0.0250
vt 9.7610 -0.5476
vt -0.5225 0.0117
vt 9.7973 -0.5225
vt 9.6410 -0.5837
vt 9.6944 -0.5709
vt 9.6957 -0.4522
vt 9.7112 -0.5000
vt 9.6333 -0.4978
vt -0.4515 0.0598
vt 9.8048 0.0598
vt 9.6538 -0.0042
vt 9.6538 -0.4155
vt 9.7360 0.0117
vt 9.7360 -0.4082
vt -0.3916 0.1124
vt 9.7536 0.1124
vt 9.6744 0.1364
vt 9.6008 0.1570
vt 9.6008 -0.7544
vt 9.5963 0.1003
vt 9.5917 0.2486
vt 9.5939 0.1941
vt 9.5939 -0.6971
vt 9.4987 0.1639
vt 9.5470 0.1866
vt 9.5470 -0.7357
vt 9.5003 0.2233
vt -0.5534 0.2931
vt 9.6082 -0.5534
vt -0.6154 0.3090
vt 9.6006 0.3090
vt 9.6006 -0.6154
vt 9.6143 0.2746
vt 9.6143 -0.3992
vt -0.4681 0.3103
vt 9.6212 -0.4681
vt 9.4984 -0.5521
vt 9.5508 -0.5088
vt -0.4655 0.3227
vt 9.4908 0.3227
vt 9.4908 -0.4655
vt 9.6114 0.0999
vt 9.6023 0.1678
vt 9.5966 -0.4148
vt 9.6126 0.0189
vt 9.6126 -0.3755
vt 9.5028 0.1003
vt 9.5028 -0.3739
vt 9.5534 0.0598
vt 9.4976 0.0148
vt 9.5904 -0.5179
vt 9.5852 -0.4822
vt 9.5881 -0.6077
vt 9.5995 -0.5579
vt 9.5144 -0.5130
vt 9.5504 -0.5347
vt 9.5084 -0.5583
vt 9.6138 -0.7481
vt 9.5920 -0.6693
vt 9.5949 0.0205
vt 9.6076 -0.0250
vt 9.6076 -0.7770
vt 9.5006 -0.7233
vt 9.5464 -0.0250
vt 9.5464 -0.7715
vt 9.4960 -0.0250
vt 9.4960 -0.7760
vt -0.6394 0.1034
vt -0.6201 0.1771
vt 9.3376 -0.6201
vt -0.5650 0.1396
vt 9.4224 0.2599
vt 9.4224 -0.7144
vt -0.6769 0.2286
vt 9.3700 -0.6769
vt -0.7492 0.1956
vt 9.3659 0.1956
vt 9.3659 -0.7492
vt -0.5300 0.2588
vt 9.3867 -0.5300
vt -0.5979 0.2363
vt 9.3903 -0.5979
vt 9.4411 -0.5839
vt -0.5001 0.1323
vt 9.3396 0.1323
vt -0.5228 0.0598
vt 9.3277 0.0598
vt -0.4658 0.2524
vt 9.4327 0.2524
vt 9.4327 -0.4658
vt -0.4827 0.1996
vt 9.3864 0.1996
vt -0.4241 0.0598
vt 9.4067 0.0598
vt -0.4581 0.1203
vt 9.4090 0.1203
vt -0.4210 0.1194
vt 9.4529 0.1194
vt 9.4529 -0.4210
vt -0.5147 -0.0000
vt 9.3763 -0.0000
vt 9.3763 -0.5147
vt -0.5679 -0.0074
vt 9.3366 -0.5679
vt -0.3928 -0.0101
vt 9.4361 -0.0101
vt 9.4361 -0.3928
vt -0.4520 -0.0036
vt 9.4023 -0.4520
vt 9.4297 -0.5442
vt 9.4213 -0.5044
vt 9.4627 -0.4962
vt -0.6143 -0.0250
vt 9.3714 -0.0250
vt 9.3714 -0.6143
vt -0.6333 0.0210
vt 9.3494 0.0210
vt 9.3494 -0.6333
vt 9.4524 -0.5839
vt 9.4080 -0.5964
vt 9.4294 -0.6920
vt 9.4370 -0.6421
vt 9.4723 -0.6631
vt -0.6851 0.0598
vt 9.3540 -0.6851
vt 9.4333 -0.0115
vt 9.4333 -0.7714
vt -0.7397 0.0171
vt 9.3840 0.0171
vt 9.3840 -0.7397
vt -0.7674 0.1101
vt 9.3546 0.1101
vt 9.4244 0.1366
vt 9.4859 -0.6168
vt 9.4842 0.2882
vt 9.4842 -0.6893
vt 9.5484 0.3101
vt 9.5484 -0.6546
vt 9.5018 0.1504
vt 9.5018 -0.4248
vt 9.4913 0.2363
vt 9.5524 0.2039
vt 9.5012 -0.4602
vt 9.4913 -0.0250
vt 9.4913 -0.3899
vt 9.5521 -0.4312
vt 9.5069 -0.6526
vt 9.4997 -0.6096
vt 9.5487 -0.6327
vt 9.4872 0.1002
vt 9.4886 0.0203
vt 9.5460 0.0598
vt 5.3590 0.0827
vt 6.1116 0.0827
vt 5.0898 0.0827
vt 5.3276 0.0827
vt 5.7416 0.0827
vt 5.0788 0.0827
vt 5.6994 0.0827
vt 5.7832 5.2161
vt 5.9939 0.2548
vt 5.9939 5.2135
vt 5.7862 5.2160
vt 6.0274 5.2131
vt 5.8968 5.0150
vt 5.8966 0.2180
vt 5.8966 4.9947
vt 5.9019 5.4258
vt 5.9022 0.2279
vt 5.4139 0.1590
vt 6.0116 0.1590
vt 5.9715 5.3429
vt 5.2990 0.2226
vt 6.1018 5.2990
vt 6.0504 5.1473
vt 5.2123 0.0827
vt 5.1278 -0.0250
vt 6.0941 5.1278
vt 5.2935 -0.0250
vt 6.0884 5.2935
vt 5.9665 5.3338
vt 5.4209 0.0037
vt 6.0155 0.0037
vt 6.0155 5.4209
vt 5.4729 0.0827
vt 5.9025 0.0827
vt 5.1222 0.2306
vt 5.9484 5.1222
vt 5.0269 0.1536
vt 5.9991 0.1536
vt 5.3536 0.3051
vt 5.8254 0.3051
vt 5.8254 5.3536
vt 5.8993 5.2146
vt 5.4363 -0.0010
vt 5.7815 -0.0010
vt 5.7815 5.4363
vt 5.8171 0.1411
vt 5.8993 5.2146
vt 5.8381 5.3297
vt 4.9978 0.0008
vt 6.0145 0.0008
vt 6.0145 4.9978
vt 5.9760 5.0704
vt 5.0463 0.1471
vt 5.8045 0.1471
vt 5.8213 0.3072
vt 5.8213 5.0762
vt 5.1417 0.2037
vt 5.3079 0.2287
vt 5.6902 0.2287
vt 5.6902 5.3079
vt 5.2170 0.0827
vt 5.7114 5.2170
vt 5.2943 -0.0250
vt 5.7206 5.2943
vt 5.1619 -0.0047
vt 5.7728 -0.0047
vt 5.7728 5.1619
vt 5.8482 5.1239
vt 5.0205 0.0084
vt 5.7899 0.0084
vt 5.7899 5.0205
vt 5.8960 0.0827
vt 5.3851 0.1224
vt 6.0559 0.1224
vt 5.3683 0.1948
vt 6.0626 0.1948
vt 5.3277 0.1516
vt 6.1043 0.1516
vt 5.9484 0.3074
vt 5.9484 5.4425
vt 5.4136 0.2530
vt 6.0114 0.2530
vt 6.0114 5.4136
vt 5.4572 0.2045
vt 5.9672 0.2045
vt 5.2519 0.2530
vt 6.0495 0.2530
vt 6.0495 5.2519
vt 5.3258 0.2645
vt 6.0388 5.3258
vt 5.9813 5.2686
vt 5.2490 0.1418
vt 5.2720 0.0827
vt 6.0053 0.2037
vt 6.0053 5.1855
vt 5.2126 0.1975
vt 6.0646 0.1975
vt 6.0646 5.2126
vt 5.1499 0.0827
vt 5.1720 0.1473
vt 6.1069 5.1720
vt 5.1094 0.1441
vt 6.0795 5.1094
vt 5.2516 0.0192
vt 5.3343 0.0098
vt 5.1181 0.0264
vt 5.1746 0.0221
vt 6.0599 5.2545
vt 5.2119 -0.0250
vt 6.1218 5.2119
vt 6.1004 5.1594
vt 5.3838 -0.0250
vt 6.0791 -0.0250
vt 6.0791 5.3838
vt 5.4145 0.0361
vt 6.0829 0.0361
vt 5.9875 5.2727
vt 6.0274 5.3167
vt 5.9570 5.4207
vt 5.9876 5.3713
vt 5.9305 5.3594
vt 5.4332 0.0827
vt 6.0224 0.0827
vt 5.9026 0.0070
vt 5.9026 5.4825
vt 5.4874 0.0362
vt 5.9696 0.0362
vt 5.9696 5.4874
vt 5.4684 0.1260
vt 5.9647 0.1260
vt 5.4339 0.1447
vt 5.9020 0.1447
vt 5.0897 0.1715
vt 6.0257 5.0897
vt 5.0483 0.1206
vt 6.0447 5.0483
vt 5.1688 0.2315
vt 5.9653 0.2315
vt 5.9653 5.1688
vt 5.9897 5.1389
vt 4.9960 0.1918
vt 5.9548 0.1918
vt 5.9548 4.9960
vt 5.0616 0.2119
vt 5.9806 5.0616
vt 5.9303 5.0516
vt 5.9269 5.2636
vt 5.2141 0.2729
vt 5.9474 5.2141
vt 5.4243 0.2884
vt 5.8595 0.2884
vt 5.8595 5.4243
vt 5.9011 5.3651
vt 5.8512 5.2152
vt 5.8685 5.2727
vt 5.8011 5.2828
vt 5.4014 0.1144
vt 5.8560 0.1144
vt 5.8513 0.1770
vt 5.8388 -0.0250
vt 5.8388 5.4530
vt 5.8440 0.0423
vt 5.3523 0.1141
vt 5.7790 0.1141
vt 5.8052 0.0827
vt 5.3829 0.0443
vt 5.7522 0.0443
vt 5.9008 5.3332
vt 5.8673 5.3834
vt 5.9545 5.2140
vt 5.9348 5.2777
vt 5.8133 5.2743
vt 5.8651 5.2789
vt 5.8431 5.2153
vt 5.0820 -0.0250
vt 6.0577 5.0820
vt 6.0188 5.1317
vt 5.0351 0.0418
vt 5.0690 -0.0209
vt 6.0467 5.0690
vt 5.9307 5.0493
vt 5.9908 5.0425
vt 5.9534 -0.0237
vt 5.9534 5.0015
vt 5.0447 0.1223
vt 5.7432 0.1223
vt 5.0641 0.1926
vt 5.7393 0.1926
vt 5.1107 0.1460
vt 5.8626 0.2508
vt 5.8626 5.0442
vt 5.8022 0.2302
vt 5.0181 0.1814
vt 5.8443 0.1814
vt 5.1748 0.2648
vt 5.7387 5.1748
vt 5.1005 0.2694
vt 5.7560 0.2694
vt 5.7560 5.1005
vt 5.8043 5.1521
vt 5.1772 0.1471
vt 5.1605 0.0827
vt 5.7232 5.1605
vt 5.2638 0.2870
vt 5.7203 5.2638
vt 5.2174 0.2363
vt 5.6782 5.2174
vt 5.2775 0.0827
vt 5.2632 0.1562
vt 5.3240 0.1465
vt 5.7121 0.1465
vt 5.1922 0.0441
vt 5.7749 5.1922
vt 5.1255 0.0284
vt 5.7378 5.1255
vt 5.3213 0.0205
vt 5.2479 0.0323
vt 5.7375 5.2479
vt 5.1813 -0.0250
vt 5.7649 -0.0250
vt 5.7649 5.1813
vt 5.2163 -0.0086
vt 5.7678 5.2163
vt 5.2520 -0.0250
vt 5.7632 5.2520
vt 5.7870 5.1090
vt 5.0471 0.0437
vt 5.7454 0.0437
vt 5.7454 5.0471
vt 5.8178 5.1610
vt 5.8087 -0.0250
vt 5.8087 5.1424
vt 4.9946 -0.0250
vt 5.8377 -0.0250
vt 5.8377 4.9946
vt 5.8309 5.0932
vt 5.8672 5.0655
vt 5.0135 0.0827
vt 5.7859 0.0827
vt 5.8961 0.0083
vt 5.8961 4.9515
vt 4.9440 0.0365
vt 5.8295 0.0365
vt 4.9849 0.1219
vt 5.8401 0.1219
vt 5.8963 0.1523
vt 5.8652 5.1541
vt 5.0952 0.2752
vt 5.8978 5.0952
vt 5.1587 0.2829
vt 5.9290 5.1587
vt 5.7541 0.1848
vt 5.7578 0.2707
vt 5.7578 5.3331
vt 5.3912 0.2318
vt 5.8054 0.2318
vt 5.7660 5.3263
vt 5.3876 -0.0250
vt 5.7243 5.3876
vt 5.7939 5.4129
vt 5.8977 5.0879
vt 5.8701 5.1628
vt 5.9345 5.1484
vt 5.9554 0.1237
vt 5.9603 0.0381
vt 4.9828 0.0827
vt 6.0225 0.0827
vt 4.7557 0.0868
vt 7.5777 0.0868
vt 4.5771 0.0868
vt 4.6579 0.0868
vt 4.4745 0.0868
vt 4.5977 0.2313
vt 7.4342 4.5977
vt 4.6342 0.2283
vt 7.5368 4.6342
vt 7.4388 4.5993
vt 7.5504 4.6391
vt 4.4813 -0.0250
vt 7.5341 4.4813
vt 4.4448 0.2360
vt 7.5471 0.2360
vt 7.5471 4.4448
vt 4.8033 -0.0250
vt 7.4193 -0.0250
vt 7.4193 4.8033
vt 4.7700 0.2209
vt 7.4311 4.7700
vt 4.7861 0.1644
vt 7.5075 0.1644
vt 4.7286 0.3041
vt 7.5002 4.7286
vt 4.7362 0.2421
vt 7.6075 0.2421
vt 7.6075 4.7362
vt 4.6057 0.1872
vt 7.5960 4.6057
vt 4.6785 0.0868
vt 7.6609 4.6785
vt 4.6045 -0.0250
vt 7.6094 4.6045
vt 4.7350 -0.0250
vt 7.6063 -0.0250
vt 7.6063 4.7350
vt 7.5025 4.7467
vt 7.5118 -0.0063
vt 7.5118 4.8205
vt 7.4120 0.0868
vt 4.5496 0.2718
vt 7.5559 4.5496
vt 4.4954 0.1661
vt 7.6130 4.4954
vt 4.6723 0.2429
vt 7.4270 4.6723
vt 4.6161 0.3191
vt 7.4860 4.6161
vt 4.7386 0.0065
vt 7.3573 4.7386
vt 4.7086 0.1476
vt 7.4860 4.6161
vt 7.4169 4.6818
vt 4.5322 0.0317
vt 7.5508 4.5546
vt 4.4074 0.1821
vt 7.4597 0.1821
vt 7.4597 4.4074
vt 7.4730 0.2855
vt 7.4730 4.5133
vt 4.5091 0.2253
vt 7.3776 0.2253
vt 4.6253 0.1748
vt 7.3896 4.6253
vt 4.5605 0.0868
vt 7.3299 0.0868
vt 7.3299 4.5605
vt 4.6259 -0.0070
vt 4.5158 -0.0250
vt 7.3844 -0.0250
vt 7.3844 4.5158
vt 7.4733 4.5156
vt 4.4627 0.0169
vt 7.4666 0.0169
vt 4.4148 0.0868
vt 7.5578 0.0868
vt 4.8043 0.1343
vt 7.5545 0.1343
vt 4.7727 0.2058
vt 7.5562 0.2058
vt 7.5562 4.7727
vt 4.7476 0.1571
vt 7.5916 0.1571
vt 4.7566 0.2702
vt 7.4637 4.7566
vt 4.7831 0.2571
vt 7.5071 0.2571
vt 7.5071 4.7831
vt 4.8282 0.2250
vt 7.4645 0.2250
vt 7.4645 4.8282
vt 4.6819 0.2660
vt 7.5784 4.6819
vt 4.7159 0.2489
vt 7.5410 4.7159
vt 4.6748 0.2714
vt 7.5258 4.6748
vt 4.6841 0.1441
vt 7.5972 4.6841
vt 4.7257 0.0868
vt 7.6225 0.0868
vt 7.6225 4.7257
vt 4.6235 0.2611
vt 7.5960 4.6235
vt 4.6617 0.2228
vt 4.6174 0.0868
vt 4.6351 0.1478
vt 7.6236 4.6351
vt 4.5849 0.1496
vt 7.6335 4.5849
vt 4.7150 0.0036
vt 7.6478 4.7150
vt 4.7660 0.0068
vt 7.6065 0.0068
vt 4.5897 0.0337
vt 4.6362 0.0222
vt 7.5740 4.6788
vt 4.6575 -0.0250
vt 7.6020 4.6575
vt 7.5834 4.6226
vt 7.5580 -0.0250
vt 7.5580 4.7768
vt 4.7922 0.0425
vt 7.5501 0.0425
vt 7.5366 4.6906
vt 7.5598 4.7500
vt 7.4644 -0.0250
vt 7.4644 4.8294
vt 7.5058 4.7726
vt 7.4629 4.7620
vt 7.5114 0.0868
vt 4.7782 0.0220
vt 7.4282 0.0220
vt 7.4635 0.0454
vt 7.4624 0.1305
vt 4.8339 0.1740
vt 7.4084 0.1740
vt 7.4084 4.8339
vt 4.5573 0.1780
vt 7.6035 0.1780
vt 7.6035 4.5573
vt 4.5305 0.1265
vt 4.5995 0.2386
vt 7.5419 4.5995
vt 4.5786 0.2304
vt 7.5796 0.2304
vt 7.5796 4.5786
vt 4.5062 0.1722
vt 7.5587 4.5062
vt 4.5408 0.1975
vt 7.5653 0.1975
vt 7.5653 4.5408
vt 4.4865 0.2803
vt 7.5616 0.2803
vt 7.5616 4.4865
vt 4.6713 0.3250
vt 7.4930 4.6713
vt 4.6283 0.2942
vt 7.5202 4.6283
vt 4.7156 0.2353
vt 7.4281 4.7156
vt 4.6988 0.2753
vt 7.4565 4.6988
vt 4.6059 0.2617
vt 7.4572 4.6059
vt 4.6433 0.2559
vt 7.4574 4.6433
vt 4.6312 0.2237
vt 7.4356 4.6312
vt 4.7935 0.1333
vt 7.3736 0.1333
vt 4.7364 0.1803
vt 4.7470 -0.0148
vt 7.3995 -0.0148
vt 7.3995 4.7470
vt 4.7988 0.0390
vt 7.3702 0.0390
vt 7.3702 4.7988
vt 4.6817 0.1172
vt 4.7446 0.0868
vt 4.7013 0.0474
vt 7.4516 4.7125
vt 4.7514 -0.0250
vt 7.4072 4.7514
vt 7.5193 4.6280
vt 7.4942 4.6809
vt 7.4337 4.6317
vt 7.4466 4.6536
vt 7.4498 4.6032
vt 4.5751 -0.0250
vt 7.5882 4.5751
vt 7.5518 4.5966
vt 4.5571 0.0595
vt 4.5586 -0.0023
vt 7.6009 4.5586
vt 4.5275 -0.0250
vt 7.5377 -0.0250
vt 7.5377 4.5275
vt 4.5319 -0.0250
vt 7.5746 -0.0250
vt 7.5746 4.5319
vt 4.5090 0.0036
vt 7.5568 0.0036
vt 4.4341 0.1327
vt 7.4198 0.1327
vt 4.4822 0.1887
vt 7.4260 0.1887
vt 7.4260 4.4822
vt 4.4915 0.1534
vt 7.3859 0.1534
vt 7.5079 0.2665
vt 7.5079 4.4785
vt 7.4686 0.2273
vt 7.4686 4.4784
vt 4.4074 0.2229
vt 7.5071 0.2229
vt 7.5071 4.4074
vt 4.5598 0.2405
vt 7.4068 4.5598
vt 4.5002 0.2753
vt 7.4221 0.2753
vt 7.4221 4.5002
vt 4.5495 0.2963
vt 7.4408 4.5495
vt 4.5271 0.1618
vt 7.3403 0.1618
vt 4.5221 0.0868
vt 7.3689 0.0868
vt 4.6113 0.2024
vt 7.4130 4.6113
vt 4.5806 0.1931
vt 7.3862 4.5806
vt 4.6149 0.0868
vt 7.3307 4.6149
vt 4.5975 0.1468
vt 4.6411 0.1369
vt 4.5550 0.0354
vt 7.3859 0.0354
vt 7.3859 4.5550
vt 4.4878 0.0183
vt 7.3828 0.0183
vt 4.6422 0.0346
vt 4.6014 0.0394
vt 7.3789 4.6014
vt 7.4082 4.5608
vt 4.5740 -0.0250
vt 7.3677 4.5740
vt 4.6090 -0.0250
vt 7.3786 4.6090
vt 4.4909 -0.0084
vt 7.4299 -0.0084
vt 7.4299 4.4909
vt 4.4453 0.0438
vt 7.4239 0.0438
vt 7.4461 4.5573
vt 4.5200 -0.0250
vt 7.4330 4.5200
vt 4.4100 -0.0250
vt 7.5069 -0.0250
vt 7.5069 4.4100
vt 4.4476 -0.0250
vt 7.4647 -0.0250
vt 7.4647 4.4476
vt 7.5050 4.4966
vt 7.4632 0.0868
vt 4.4142 0.0060
vt 7.5580 0.0060
vt 7.5580 4.4142
vt 4.4253 0.0443
vt 7.5091 0.0443
vt 7.5061 0.1239
vt 4.4705 0.1451
vt 7.5379 0.1451
vt 7.5379 4.4705
vt 4.5618 0.3215
vt 7.4792 4.5618
vt 4.5361 0.2693
vt 7.5145 4.5361
vt 4.5856 0.2766
vt 7.5181 4.5856
vt 4.6688 0.1683
vt 4.6487 0.2111
vt 7.4050 4.6487
vt 4.6997 0.2095
vt 7.3981 4.6997
vt 4.6596 -0.0250
vt 7.3777 4.6596
vt 4.6720 0.0004
vt 4.7125 -0.0250
vt 7.3847 4.7125
vt 7.5107 4.5470
vt 7.4800 4.5683
vt 7.5166 4.5870
vt 4.4407 0.1328
vt 7.5972 0.1328
vt 7.5972 4.4407
vt 4.4556 0.0448
vt 7.5878 0.0448
vt 4.4987 0.0868
vt -2.6992 0.0913
vt 12.8532 0.0913
vt -2.7012 0.0913
vt 13.0243 0.0913
vt -2.9196 0.0913
vt 12.8163 0.0913
vt -2.9495 0.0913
vt 12.9617 0.0913
vt -2.8959 0.2847
vt 12.8945 0.2847
vt -2.7626 0.2565
vt 12.9182 0.2565
vt 12.9182 -2.7626
vt 12.8983 -2.8742
vt 12.9253 -2.7225
vt -2.8433 -0.0124
vt 13.0155 -2.8433
vt -2.8436 0.1968
vt -2.8027 -0.0236
vt 12.7874 -2.8027
vt -2.8007 0.2169
vt 12.7763 -2.8007
vt -2.7299 0.1651
vt 12.7954 0.1651
vt -2.7678 0.2780
vt 12.8405 0.2780
vt 12.8405 -2.7678
vt 12.8868 0.1823
vt -2.7161 0.2108
vt 12.9756 0.2108
vt 12.9756 -2.7161
vt 12.9305 0.0913
vt 12.9880 -0.0250
vt 12.9880 -2.6965
vt -2.6924 -0.0250
vt 12.8789 -0.0250
vt 12.8789 -2.6924
vt 12.8421 -2.7692
vt 12.8188 0.0329
vt -2.7989 0.0913
vt -2.7917 0.2944
vt 12.9965 0.2944
vt 12.9965 -2.7917
vt -2.7659 0.1777
vt -2.8541 0.2807
vt 12.8241 -2.8541
vt -2.8240 0.3075
vt 12.9073 -2.8240
vt -2.8755 0.0148
vt -2.8682 0.1570
vt 12.7850 0.1570
vt 12.9073 -2.8240
vt 12.8268 -2.8531
vt -2.7753 0.0190
vt 13.0048 -2.7887
vt -2.8947 0.1468
vt 12.9913 0.1468
vt -2.8658 0.2303
vt 12.9570 0.2303
vt -2.9326 0.1953
vt 12.9307 0.1953
vt 12.8477 0.1955
vt 12.8477 -2.9181
vt 12.8879 0.0913
vt -2.9024 0.0045
vt 12.8576 0.0045
vt 12.9261 0.0078
vt -2.8747 -0.0250
vt 12.9676 -2.8747
vt -2.9122 0.0221
vt 13.0121 0.0221
vt 13.0121 -2.9122
vt -2.8437 0.0913
vt -2.7162 0.1258
vt 12.8274 0.1258
vt 12.8455 0.1773
vt 12.8701 0.1428
vt -2.7888 0.2289
vt 12.8209 -2.7888
vt -2.7564 0.2100
vt 12.8269 0.2100
vt 12.8269 -2.7564
vt -2.7571 0.2050
vt 12.7688 0.2050
vt 12.7688 -2.7571
vt -2.7187 0.2609
vt 12.9002 0.2609
vt 12.9002 -2.7187
vt -2.7434 0.2290
vt 12.8650 0.2290
vt -2.7584 0.2858
vt 12.8800 0.2858
vt 12.8800 -2.7584
vt 12.9067 0.1411
vt 12.8911 0.0913
vt 12.9457 0.2430
vt 12.9457 -2.7378
vt 12.9307 0.2266
vt 12.9307 -2.6923
vt -2.6566 0.0913
vt 12.9926 0.0913
vt -2.6663 0.1662
vt 12.9661 0.1662
vt -2.7034 0.1581
vt 13.0029 0.1581
vt 12.9065 0.0236
vt -2.6984 0.0340
vt 12.8659 0.0340
vt -2.6721 0.0072
vt 13.0277 0.0072
vt 13.0277 -2.6721
vt 12.9594 0.0250
vt 12.8985 -2.6929
vt 12.9335 -0.0250
vt 12.9335 -2.6767
vt 12.9573 -2.7118
vt -2.7351 0.0128
vt 12.8509 0.0128
vt -2.7371 0.0635
vt 12.8429 0.0635
vt 12.8741 -2.7442
vt -2.7337 -0.0250
vt 12.8598 -0.0250
vt 12.8598 -2.7337
vt -2.7686 -0.0028
vt 12.7926 -0.0028
vt 12.7926 -2.7686
vt 12.8236 -0.0250
vt 12.8236 -2.7537
vt 12.8112 -2.7849
vt -2.7481 0.0913
vt 12.8171 0.0913
vt -2.8004 0.0328
vt -2.7696 0.0582
vt 12.7881 0.0582
vt -2.7647 0.1274
vt 12.7774 0.1274
vt -2.7948 0.1636
vt -2.7164 0.2233
vt 13.0478 0.2233
vt -2.7218 0.1392
vt 13.0631 0.1392
vt -2.7624 0.3209
vt 12.9642 0.3209
vt 12.9642 -2.7624
vt -2.7338 0.2950
vt 13.0071 0.2950
vt 13.0071 -2.7338
vt -2.8118 0.1832
vt -2.7774 0.2459
vt -2.8206 0.2372
vt 13.0061 0.2372
vt 13.0061 -2.8206
vt -2.7998 0.2710
vt 12.8785 -2.7998
vt -2.7908 0.2853
vt 12.9132 -2.7908
vt -2.8274 0.2369
vt 12.8086 -2.8274
vt -2.8092 0.3003
vt 12.8240 -2.8092
vt -2.8604 0.3040
vt 12.9008 0.3040
vt 12.9008 -2.8604
vt -2.8355 0.2535
vt 12.8754 -2.8355
vt -2.8642 0.2411
vt 12.8701 -2.8642
vt -2.8370 0.1345
vt 12.7369 0.1345
vt -2.8373 0.1917
vt 12.7721 0.1917
vt -2.8361 0.0002
vt 12.7846 -2.8361
vt -2.8349 0.0551
vt -2.8929 0.1236
vt 12.8023 0.1236
vt -2.8814 0.0913
vt 12.7485 0.0913
vt -2.9061 0.0529
vt 12.7822 0.0529
vt 12.8336 -2.8109
vt -2.8273 -0.0250
vt 12.8098 -2.8273
vt 12.9161 -2.7743
vt 12.8664 -2.7896
vt 12.8590 -2.8762
vt 12.8596 -2.8413
vt 12.9016 -2.8560
vt 13.0056 -2.7351
vt 12.9617 -2.7652
vt -2.7372 0.0506
vt -2.7210 -0.0250
vt 13.0418 -2.7210
vt -2.8208 -0.0250
vt 12.9998 -2.8208
vt -2.7820 -0.0250
vt 13.0233 -2.7820
vt -2.8118 -0.0008
vt 13.0312 -2.8118
vt -2.9113 0.1192
vt 12.9720 0.1192
vt -2.9047 0.1626
vt 12.9584 0.1626
vt -2.9404 0.1445
vt 12.9456 0.1445
vt -2.8582 0.2253
vt 12.9914 0.2253
vt 12.9914 -2.8582
vt 12.9801 0.1988
vt -2.8736 0.1756
vt 13.0099 0.1756
vt -2.9219 0.2490
vt 12.9139 0.2490
vt 12.9139 -2.9219
vt -2.8922 0.2080
vt 12.9431 0.2080
vt -2.8795 0.2558
vt 12.9304 0.2558
vt 12.9079 0.1507
vt 12.9225 0.0913
vt -2.9026 0.2296
vt 12.8722 0.2296
vt 12.8722 -2.9026
vt 12.8867 0.2101
vt 12.8867 -2.9396
vt -2.9624 0.0913
vt 12.8367 0.0913
vt 12.8663 0.1435
vt -2.9464 0.1591
vt 12.8102 0.1591
vt 12.8102 -2.9464
vt 12.9078 0.0476
vt 12.9447 0.0394
vt -2.9146 0.0412
vt 12.8354 0.0412
vt -2.9550 0.0291
vt 12.8584 0.0291
vt 12.9135 -0.0250
vt 12.9135 -2.9165
vt -2.9347 -0.0224
vt 12.8876 -0.0224
vt 12.8876 -2.9347
vt -2.8876 -0.0206
vt 12.8789 -0.0206
vt 12.8789 -2.8876
vt 12.9695 0.0047
vt 12.9695 -2.9221
vt -2.9338 0.0562
vt 12.9887 0.0562
vt 12.9324 -2.8843
vt 12.9458 -0.0250
vt 12.9458 -2.8975
vt -2.8808 -0.0051
vt 13.0248 -2.8808
vt 12.9795 -2.8847
vt -2.8532 -0.0230
vt 12.9790 -2.8532
vt -2.8965 0.0913
vt 12.9935 0.0913
vt -2.8474 0.0333
vt -2.8725 0.0619
vt -2.8707 0.1197
vt -2.8441 0.1412
vt -2.8500 0.2845
vt 12.9382 0.2845
vt 12.9382 -2.8500
vt 12.9726 0.2552
vt 12.9726 -2.8356
vt 12.9532 0.3250
vt 12.9532 -2.8074
vt -2.9071 0.1933
vt 12.7987 0.1933
vt 12.7987 -2.9071
vt -2.8901 0.2406
vt 12.8341 0.2406
vt 12.8341 -2.8901
vt -2.8619 0.2171
vt 12.8291 -0.0250
vt 12.8291 -2.8947
vt -2.9082 -0.0120
vt 12.7973 -0.0120
vt 12.7973 -2.9082
vt -2.8639 -0.0250
vt 12.7970 -2.8639
vt -2.8386 -0.0250
vt 12.9892 -2.8386
vt 12.9369 -2.8489
vt 12.9487 -2.8090
vt -2.8139 0.1247
vt -2.8124 0.0528
vt -2.7613 0.0913
vt 5.1469 0.0599
vt 5.2579 0.0599
vt 18.8159 0.0599
vt 18.8159 5.2579
vt 18.8125 0.0599
vt 4.9188 0.0599
vt 18.9341 4.8859
vt 5.1356 0.1721
vt 18.8751 4.9719
vt 18.7291 5.1844
vt 18.9988 -0.0250
vt 18.9988 5.1868
vt 5.1947 0.1585
vt 19.0104 5.1947
vt 18.6527 -0.0215
vt 18.6527 4.9490
vt 4.9190 0.1633
vt 5.0363 0.1132
vt 18.6488 0.2186
vt 18.6488 5.0434
vt 18.6679 0.1344
vt 18.6679 5.1524
vt 5.2262 0.1327
vt 18.7197 0.0599
vt 18.7932 0.0128
vt 18.7932 5.1677
vt 5.1882 -0.0250
vt 18.6112 -0.0250
vt 18.6112 5.1882
vt 18.6559 5.0441
vt 5.0339 0.0012
vt 18.5549 5.0339
vt 4.9284 0.0599
vt 18.6227 0.0599
vt 18.8941 5.2178
vt 18.9312 0.1181
vt 18.7298 0.2387
vt 18.7298 4.8926
vt 18.8145 5.0601
vt 4.8806 0.0147
vt 18.7237 4.8806
vt 4.8073 0.1236
vt 18.6867 0.1236
vt 18.8145 5.0601
vt 18.7568 4.9460
vt 5.2582 0.0100
vt 18.9145 0.0100
vt 18.9145 5.2582
vt 18.8638 -0.0250
vt 18.8638 5.1578
vt 5.0886 0.1236
vt 19.0964 5.0886
vt 18.9895 5.0778
vt 4.8734 0.2105
vt 19.1109 4.8734
vt 18.8651 0.1723
vt 19.0040 0.0599
vt 18.8534 4.8629
vt 19.0801 4.8928
vt 19.0112 5.0800
vt 5.0920 -0.0114
vt 19.1298 -0.0114
vt 5.1993 0.0599
vt 19.0171 0.0599
vt 5.0914 0.0880
vt 5.1066 0.1380
vt 18.5875 0.1380
vt 18.5875 5.1066
vt 5.1607 0.1055
vt 18.6077 0.1055
vt 18.6077 5.1607
vt 4.9680 0.2131
vt 18.5976 4.9680
vt 5.0366 0.1778
vt 18.5812 5.0366
vt 4.9813 0.1368
vt 5.1267 0.1353
vt 18.7376 0.1353
vt 18.7376 5.1267
vt 18.6512 0.1767
vt 18.6512 5.1078
vt 5.0947 0.1776
vt 18.7267 0.1776
vt 18.7267 5.0947
vt 18.6895 0.0960
vt 18.6895 5.1834
vt 5.2033 0.0599
vt 18.6295 0.0599
vt 5.1809 0.1551
vt 5.1457 0.1085
vt 18.7557 0.1085
vt 18.7557 5.1457
vt 5.1775 0.0599
vt 18.7792 0.0599
vt 5.1676 0.0840
vt 18.7676 0.0840
vt 18.7676 5.1676
vt 5.2558 0.0989
vt 18.7976 0.0989
vt 18.6483 0.0119
vt 5.1695 0.0103
vt 18.5897 0.0103
vt 5.1864 0.0347
vt 18.8036 0.0347
vt 18.8036 5.1864
vt 18.7580 0.0309
vt 18.6561 5.1972
vt 18.7007 -0.0250
vt 18.7007 5.2257
vt 18.7652 -0.0250
vt 18.7652 5.1966
vt 5.1098 -0.0235
vt 18.5721 5.1098
vt 5.0933 0.0301
vt 18.6700 5.1169
vt 18.6139 5.1187
vt 4.9804 -0.0179
vt 18.5897 -0.0179
vt 18.5897 4.9804
vt 18.5946 5.0379
vt 18.6523 4.9912
vt 5.0344 0.0599
vt 18.6260 0.0163
vt 4.9695 0.0314
vt 18.5749 0.0314
vt 4.9756 0.0865
vt 4.9300 0.1037
vt 5.3097 0.1452
vt 18.8560 0.1452
vt 18.8766 0.0904
vt 5.1987 0.2328
vt 18.8134 5.1987
vt 5.2634 0.2000
vt 18.8313 0.2000
vt 18.8313 5.2634
vt 5.2496 0.1413
vt 18.9767 0.1413
vt 18.9767 5.2496
vt 18.9196 0.1771
vt 18.9196 5.2682
vt 18.9559 5.2063
vt 5.0525 0.2222
vt 18.7387 0.2222
vt 18.7387 5.0525
vt 5.1138 0.2334
vt 18.7776 5.1138
vt 4.8822 0.2209
vt 18.6423 4.8822
vt 18.6754 4.9647
vt 18.8707 4.9782
vt 18.7703 4.9728
vt 18.8157 0.2735
vt 18.8157 4.8890
vt 4.8878 0.0856
vt 18.6607 0.0856
vt 4.8605 0.1456
vt 18.6962 0.0006
vt 18.6962 4.9220
vt 4.9041 0.0366
vt 18.6752 0.0366
vt 18.6752 4.9041
vt 4.7720 0.0942
vt 18.7446 0.0942
vt 4.8409 0.0599
vt 18.7037 4.8409
vt 4.8040 0.0294
vt 18.7524 0.0294
vt 18.7121 4.9898
vt 18.7125 4.9548
vt 18.7694 5.1257
vt 18.7210 5.0507
vt 18.8153 4.9421
vt 18.7771 4.9862
vt 18.8499 5.0085
vt 18.8224 -0.0065
vt 18.8224 5.1564
vt 18.8137 -0.0250
vt 18.8137 5.1614
vt 5.2828 0.0334
vt 18.8684 0.0334
vt 18.8684 5.2828
vt 5.2080 0.0093
vt 18.8391 0.0093
vt 18.8391 5.2080
vt 18.9434 5.1934
vt 18.8898 -0.0242
vt 18.8898 5.2093
vt 5.2187 -0.0082
vt 18.9502 -0.0082
vt 18.9502 5.2187
vt 5.0163 0.0993
vt 4.9985 0.1634
vt 19.1153 4.9985
vt 4.8920 0.1362
vt 18.9965 5.1375
vt 5.0835 0.1768
vt 19.0458 5.0835
vt 5.1442 0.1419
vt 19.0513 5.1442
vt 4.8667 0.2791
vt 19.0380 4.8667
vt 4.9898 0.2322
vt 19.0552 4.9898
vt 18.9878 4.9920
vt 4.7788 0.1422
vt 19.0997 0.1422
vt 19.0997 4.7788
vt 4.8064 0.0599
vt 19.1423 0.0599
vt 18.9039 0.2553
vt 18.9039 4.8123
vt 4.7761 0.2212
vt 19.0095 0.2212
vt 19.0095 4.7761
vt 18.8881 0.0599
vt 18.9361 0.1224
vt 18.8370 0.1122
vt 19.0561 -0.0099
vt 19.0561 4.8218
vt 4.8831 -0.0204
vt 19.1783 -0.0204
vt 19.1783 4.8831
vt 18.8358 0.0104
vt 18.8358 4.8115
vt 18.9072 0.0122
vt 18.9072 4.8475
vt 18.9474 4.9451
vt 18.9261 4.8975
vt 18.8650 4.9200
vt 4.9853 -0.0250
vt 19.1798 4.9853
vt 5.0127 0.0173
vt 18.9314 5.0142
vt 19.0662 4.9866
vt 19.0615 -0.0250
vt 19.0615 5.1478
vt 5.0910 -0.0250
vt 19.1204 -0.0250
vt 19.1204 5.0910
vt 19.0363 5.1544
vt 5.0911 0.0599
vt 19.1213 0.0599
vt 5.1848 0.0179
vt 18.9959 0.0179
vt 5.1511 0.0312
vt 19.0550 0.0312
vt 5.1555 0.0899
vt 5.2083 0.1098
vt 19.0302 0.1098
vt 18.9228 5.0711
vt 18.9415 5.1474
vt 18.8593 5.1489
vt 18.7693 0.1524
vt 18.7962 0.2115
vt 18.7962 4.8402
vt 4.8204 0.1950
vt 18.6933 0.1950
vt 18.6933 4.8204
vt 18.8005 4.8916
vt 4.8387 -0.0158
vt 18.7776 -0.0158
vt 18.7776 4.8387
vt 18.7416 4.9160
vt 18.9323 5.1411
vt 18.8895 5.0677
vt 18.8471 5.1247
vt 5.2487 0.0880
vt 18.9828 0.0880
vt 5.2269 0.0350
vt 18.9634 0.0350
vt 5.2848 0.0599
vt 18.9280 0.0599
vt 7.7919 0.0817
vt 7.7919 3.6968
vt 3.6611 0.0817
vt 8.1758 0.0817
vt 7.8003 0.0817
vt 7.8003 3.1249
vt 3.1704 0.0817
vt 8.0897 0.0817
vt 7.9689 0.2126
vt 7.9689 3.2546
vt 3.5467 0.2716
vt 7.9829 0.2716
vt 7.9829 3.5467
vt 7.9668 3.2113
vt 7.9840 3.5682
vt 8.3084 3.3577
vt 3.3624 0.1792
vt 8.2120 0.1792
vt 8.2120 3.3624
vt 3.3890 -0.0250
vt 7.6574 3.3890
vt 3.3845 0.1733
vt 7.7516 3.3845
vt 3.5532 0.1514
vt 7.7079 0.1514
vt 3.4687 0.2379
vt 7.8336 3.4687
vt 7.8984 0.1752
vt 7.8984 3.6009
vt 8.0791 0.1816
vt 8.0791 3.6077
vt 3.5785 0.0817
vt 7.9845 0.0817
vt 8.1086 -0.0250
vt 8.1086 3.6739
vt 3.5654 0.0028
vt 7.9103 0.0028
vt 7.9103 3.5654
vt 7.8107 3.4841
vt 3.5318 0.0202
vt 3.3836 0.0817
vt 7.7705 0.0817
vt 7.7705 3.3836
vt 3.4626 0.2531
vt 8.1387 0.2531
vt 8.1387 3.4626
vt 3.5052 0.1416
vt 8.2174 0.1416
vt 8.2174 3.5052
vt 3.2966 0.2306
vt 7.8321 0.2306
vt 7.8321 3.2966
vt 7.9746 3.3738
vt 3.2156 0.0096
vt 7.6825 3.2156
vt 3.2382 0.1434
vt 7.7242 3.2382
vt 7.9746 3.3738
vt 7.8135 3.2865
vt 3.5177 0.0161
vt 8.1403 3.4635
vt 3.1517 0.1680
vt 8.3047 0.1680
vt 8.3047 3.1517
vt 3.2497 0.2859
vt 8.1590 0.2859
vt 8.1590 3.2497
vt 3.0855 0.2004
vt 8.0714 3.0855
vt 7.8889 0.1637
vt 7.8889 3.1818
vt 2.9715 0.0817
vt 7.9553 2.9715
vt 3.1207 -0.0250
vt 7.8617 3.1207
vt 8.0602 -0.0233
vt 8.0602 3.1188
vt 8.1910 3.2282
vt 3.1556 -0.0031
vt 8.2988 3.1556
vt 3.3536 0.0817
vt 8.3946 0.0817
vt 8.3946 3.3536
vt 3.5653 0.1100
vt 7.7991 0.1100
vt 7.7991 3.5653
vt 3.5722 0.1615
vt 7.8177 0.1615
vt 7.8177 3.5722
vt 3.6600 0.1388
vt 7.8446 0.1388
vt 7.8446 3.6600
vt 3.4213 0.1964
vt 7.8019 3.4213
vt 3.5157 0.2050
vt 7.7637 0.2050
vt 7.7637 3.5157
vt 3.4437 0.1498
vt 7.7738 3.4437
vt 7.9381 0.2150
vt 7.9381 3.5702
vt 3.5916 0.2489
vt 7.8293 0.2489
vt 7.8293 3.5916
vt 3.5495 0.3121
vt 7.8784 0.3121
vt 7.8784 3.5495
vt 7.9378 0.1364
vt 7.9378 3.6679
vt 7.9102 0.0817
vt 8.0123 0.1725
vt 8.0123 3.5046
vt 7.9860 0.1811
vt 7.9860 3.6108
vt 3.6805 0.0817
vt 8.0798 0.0817
vt 8.0798 3.6805
vt 3.5885 0.1223
vt 8.0228 0.1223
vt 8.0228 3.5885
vt 3.6401 0.1375
vt 8.1280 0.1375
vt 8.1280 3.6401
vt 3.5758 0.0441
vt 7.9493 0.0441
vt 7.9493 3.5758
vt 7.8477 0.0259
vt 7.8477 3.6531
vt 3.6950 0.0143
vt 8.1596 0.0143
vt 8.1596 3.6950
vt 3.7057 0.0189
vt 8.0491 0.0189
vt 3.5862 -0.0250
vt 7.9351 -0.0250
vt 7.9351 3.5862
vt 3.6585 -0.0250
vt 7.9883 -0.0250
vt 7.9883 3.6585
vt 8.0494 3.6336
vt 3.6596 -0.0250
vt 7.7486 -0.0250
vt 7.7486 3.6596
vt 3.6332 0.0432
vt 7.7369 0.0432
vt 7.7369 3.6332
vt 7.8929 3.5231
vt 7.8565 -0.0250
vt 7.8565 3.5508
vt 3.4627 -0.0050
vt 7.7190 3.4627
vt 3.5419 -0.0250
vt 7.7248 3.5419
vt 7.7846 3.4261
vt 3.5273 0.0817
vt 7.7464 0.0817
vt 7.7464 3.5273
vt 3.3874 0.0282
vt 7.6917 3.3874
vt 3.4655 0.0490
vt 7.6905 3.4655
vt 3.4529 0.1098
vt 7.7297 3.4529
vt 3.3843 0.1231
vt 7.7550 3.3843
vt 3.6118 0.1859
vt 8.2032 0.1859
vt 8.2032 3.6118
vt 3.5536 0.1110
vt 8.1744 3.5536
vt 3.4791 0.2281
vt 8.0462 0.2281
vt 8.0462 3.4791
vt 8.0909 0.1991
vt 8.0909 3.5163
vt 3.4317 0.1601
vt 8.2127 3.4317
vt 3.4921 0.2022
vt 8.1932 0.2022
vt 8.1932 3.4921
vt 3.4128 0.2272
vt 8.1986 3.4128
vt 3.4343 0.3046
vt 7.8846 3.4343
vt 3.4712 0.3145
vt 7.9793 0.3145
vt 7.9793 3.4712
vt 3.3405 0.2060
vt 7.7833 3.3405
vt 3.3817 0.2580
vt 7.8107 3.3817
vt 7.9704 0.2920
vt 7.9704 3.2857
vt 3.3185 0.3204
vt 7.8725 0.3204
vt 7.8725 3.3185
vt 7.8954 0.2437
vt 7.8954 3.2572
vt 3.3102 0.1141
vt 7.6856 0.1141
vt 7.6856 3.3102
vt 3.3139 0.1628
vt 7.7286 3.3139
vt 3.3037 -0.0132
vt 7.6868 3.3037
vt 3.3153 0.0518
vt 7.7084 0.0518
vt 7.7084 3.3153
vt 7.7233 0.1186
vt 7.7233 3.1476
vt 3.1937 0.0817
vt 7.6421 0.0817
vt 7.6421 3.1937
vt 3.1214 0.0405
vt 7.6942 0.0405
vt 7.6942 3.1214
vt 7.8474 3.3799
vt 7.7428 3.3334
vt 7.9793 3.4707
vt 7.8673 3.4460
vt 7.8677 3.2164
vt 7.8790 3.3220
vt 7.9704 3.2865
vt 8.1206 3.5527
vt 8.0643 3.5057
vt 3.5755 0.0487
vt 3.5862 -0.0113
vt 8.1786 3.5862
vt 8.2204 3.4166
vt 3.5038 -0.0250
vt 8.2148 3.5038
vt 3.4421 -0.0108
vt 8.2551 -0.0108
vt 8.2551 3.4421
vt 8.1795 0.1148
vt 8.1795 3.1502
vt 3.1872 0.1568
vt 8.1222 0.1568
vt 8.1222 3.1872
vt 3.1223 0.1318
vt 8.0889 0.1318
vt 8.0889 3.1223
vt 3.2937 0.2749
vt 8.2656 0.2749
vt 8.2656 3.2937
vt 3.2216 0.2139
vt 8.2008 0.2139
vt 8.2008 3.2216
vt 3.2529 0.1994
vt 8.3218 0.1994
vt 8.3218 3.2529
vt 8.0103 3.1822
vt 3.1497 0.2536
vt 8.1241 0.2536
vt 8.1241 3.1497
vt 8.0559 0.2763
vt 8.0559 3.2253
vt 3.0227 0.1470
vt 8.0186 3.0227
vt 3.0662 0.0817
vt 8.0480 3.0662
vt 7.9348 0.1778
vt 7.9348 3.2354
vt 7.9649 3.1712
vt 3.0813 0.0817
vt 7.8743 0.0817
vt 7.8743 3.0813
vt 7.9190 3.1259
vt 7.8453 0.1288
vt 7.8453 3.1491
vt 8.0096 0.0297
vt 8.0096 3.0947
vt 3.1457 0.0361
vt 8.0783 0.0361
vt 8.0783 3.1457
vt 3.0985 0.0239
vt 7.8161 0.0239
vt 7.8161 3.0985
vt 2.9954 0.0101
vt 7.8897 2.9954
vt 8.0180 3.1408
vt 7.9621 -0.0250
vt 7.9621 3.1131
vt 7.8973 3.1049
vt 8.2012 -0.0250
vt 8.2012 3.0873
vt 8.2533 0.0366
vt 8.2533 3.0697
vt 8.0441 3.2468
vt 8.1048 3.1786
vt 3.2337 -0.0250
vt 8.3770 3.2337
vt 8.2565 3.1841
vt 8.3019 3.2837
vt 3.1112 0.0817
vt 8.3648 0.0817
vt 8.3648 3.1112
vt 3.3546 0.0065
vt 8.3726 0.0065
vt 8.3726 3.3546
vt 3.2435 0.0353
vt 8.3780 3.2435
vt 3.2532 0.1246
vt 8.3478 3.2532
vt 3.3588 0.1406
vt 8.2865 3.3588
vt 8.0523 3.3215
vt 3.3629 0.3250
vt 8.2009 3.3629
vt 8.0607 0.2827
vt 8.0607 3.4204
vt 7.7797 0.1705
vt 7.7797 3.1709
vt 7.8476 0.2099
vt 7.8476 3.2181
vt 7.7930 3.2754
vt 3.1875 -0.0250
vt 7.8226 3.1875
vt 3.1931 0.0025
vt 7.8011 3.1931
vt 3.2613 -0.0250
vt 7.7669 3.2613
vt 8.1764 3.3641
vt 8.0735 3.3073
vt 8.0567 3.4182
vt 8.3049 0.1187
vt 8.3049 3.4463
vt 3.4412 0.0473
vt 8.2815 0.0473
vt 3.4964 0.0817
vt 8.2012 0.0817
vt -5.6845 0.0627
vt 17.6315 0.0627
vt -5.8163 0.0627
vt 17.7472 0.0627
vt 17.7472 -5.8163
vt -5.9185 0.0627
vt 17.4555 0.0627
vt 17.4555 -5.9185
vt -5.9923 0.0627
vt 17.6024 0.0627
vt 17.5640 0.2504
vt -5.8056 0.2289
vt 17.5875 -5.8974
vt 17.6560 -5.8099
vt -5.9369 -0.0250
vt 17.7093 -5.9369
vt -5.9321 0.1575
vt 17.7032 -5.9321
vt -5.7729 -0.0250
vt 17.4998 -5.7729
vt -5.7913 0.1604
vt -5.6955 0.1429
vt 17.5499 0.1429
vt 17.5499 -5.6955
vt 17.5773 0.2589
vt -5.7138 0.1889
vt 17.6586 0.1889
vt 17.6586 -5.7138
vt -5.8136 0.1418
vt -5.7670 0.0627
vt 17.6896 0.0627
vt 17.7239 -5.7988
vt 17.6527 -0.0250
vt 17.6527 -5.7338
vt 17.5888 -5.7960
vt 17.5583 -0.0071
vt 17.5583 -5.7172
vt -5.7527 0.0627
vt 17.4739 0.0627
vt -5.8726 0.2096
vt 17.6915 -5.8726
vt -5.8754 0.1075
vt 17.7140 -5.8754
vt -5.8495 0.2634
vt -5.8628 0.3174
vt 17.6146 0.3174
vt 17.6146 -5.8628
vt -5.8456 0.0017
vt -5.8435 0.1311
vt 17.4628 0.1311
vt 17.4628 -5.8435
vt 17.6146 -5.8628
vt 17.5425 -5.8536
vt -5.8795 0.0036
vt 17.7172 -5.8758
vt 17.6620 0.1215
vt 17.6452 0.2232
vt 17.6452 -5.9418
vt 17.5803 0.1612
vt -5.9361 0.1804
vt 17.4895 0.1804
vt 17.4895 -5.9361
vt 17.5498 0.0627
vt -5.9181 -0.0250
vt 17.5202 -0.0250
vt 17.5202 -5.9181
vt 17.5875 -0.0149
vt 17.5875 -5.9545
vt 17.6443 -5.9395
vt 17.6687 -0.0044
vt 17.6687 -6.0027
vt -5.9698 0.0627
vt 17.7513 0.0627
vt 17.5863 0.1108
vt 17.6040 0.1773
vt 17.6040 -5.6879
vt -5.6710 0.1363
vt 17.6502 0.1363
vt -5.7744 0.2135
vt 17.5417 0.2135
vt -5.7429 0.1913
vt 17.5682 0.1913
vt 17.5682 -5.7429
vt -5.7548 0.1503
vt 17.5369 0.1503
vt -5.7674 0.2085
vt 17.6582 0.2085
vt 17.6582 -5.7674
vt 17.6170 0.2185
vt 17.6170 -5.7451
vt -5.7787 0.2646
vt 17.6238 0.2646
vt -5.7278 0.1215
vt -5.7296 0.0627
vt 17.6675 0.0627
vt -5.8068 0.1878
vt -5.7639 0.1724
vt -5.7894 0.0627
vt 17.7174 0.0627
vt 17.7174 -5.7894
vt -5.7930 0.1029
vt 17.6924 0.1029
vt -5.8261 0.0962
vt 17.6955 -5.8261
vt -5.7351 0.0071
vt 17.6825 0.0071
vt -5.7171 0.0068
vt 17.6417 0.0068
vt -5.7989 0.0044
vt 17.7553 0.0044
vt 17.7553 -5.7989
vt -5.7619 0.0046
vt 17.7271 0.0046
vt 17.7271 -5.7619
vt 17.6513 -5.7825
vt 17.6904 -0.0250
vt 17.6904 -5.7660
vt 17.6909 -5.8022
vt 17.6057 -0.0250
vt 17.6057 -5.7152
vt 17.5920 0.0243
vt 17.6204 -5.8094
vt 17.6167 -5.7641
vt -5.7420 -0.0250
vt 17.5277 -0.0250
vt 17.5277 -5.7420
vt 17.5656 -5.7360
vt 17.5383 -5.7702
vt -5.6735 0.0627
vt 17.5414 0.0627
vt -5.7666 0.0023
vt -5.7221 0.0231
vt 17.5085 0.0231
vt -5.7200 0.1029
vt 17.5070 0.1029
vt -5.7756 0.1175
vt -5.8481 0.1159
vt 17.6946 -5.8481
vt -5.8501 0.0889
vt 17.7301 -5.8501
vt -5.8409 0.2147
vt -5.8400 0.1787
vt -5.9011 0.1306
vt 17.7103 -5.9011
vt -5.8747 0.1571
vt -5.9069 0.1969
vt 17.7066 -5.9069
vt -5.8062 0.3198
vt 17.5927 0.3198
vt 17.5927 -5.8062
vt -5.8275 0.2855
vt 17.6422 -5.8275
vt -5.8130 0.2144
vt -5.8015 0.2822
vt 17.5362 0.2822
vt 17.5362 -5.8015
vt 17.5852 0.2998
vt 17.5852 -5.9004
vt -5.8550 0.3250
vt 17.5532 -5.8550
vt -5.8936 0.2766
vt 17.5305 0.2766
vt 17.5305 -5.8936
vt -5.8002 0.0986
vt 17.4680 -5.8002
vt -5.8168 0.1442
vt 17.4997 0.1442
vt 17.4997 -5.8168
vt -5.8107 -0.0250
vt 17.4846 -5.8107
vt -5.7991 0.0262
vt -5.8831 0.1047
vt -5.8405 0.0627
vt -5.8792 0.0288
vt 17.4655 -5.8792
vt 17.5639 -5.8231
vt 17.5052 -5.8104
vt 17.6372 -5.8339
vt 17.6029 -5.8325
vt 17.5726 -5.8782
vt 17.5841 -5.8589
vt 17.5959 -5.8867
vt 17.7237 -5.8334
vt 17.6911 -5.8348
vt -5.8461 0.0281
vt -5.8387 -0.0241
vt 17.7453 -5.8387
vt -5.9139 -0.0250
vt 17.7212 -5.9139
vt -5.8785 -0.0250
vt 17.7379 -5.8785
vt -5.9083 -0.0178
vt 17.6325 0.0931
vt 17.6214 0.1361
vt -5.9608 0.1003
vt 17.5964 0.1003
vt -5.9464 0.2052
vt 17.6835 0.2052
vt 17.6835 -5.9464
vt 17.6569 0.1799
vt -5.9624 0.1435
vt 17.6863 0.1435
vt 17.6863 -5.9624
vt 17.5712 0.2079
vt 17.5712 -5.9578
vt 17.6124 0.2039
vt 17.6124 -5.9695
vt 17.6067 0.2362
vt 17.6067 -5.9351
vt 17.5610 0.1066
vt -5.9561 0.0627
vt 17.5776 0.0627
vt -5.9311 0.2153
vt 17.5287 0.2153
vt 17.5287 -5.9311
vt 17.5324 0.1792
vt 17.5025 0.0627
vt 17.4979 0.1230
vt -5.9377 0.1310
vt 17.4498 0.1310
vt 17.5596 0.0176
vt 17.5596 -5.9663
vt -5.9962 0.0115
vt 17.5898 0.0115
vt 17.5898 -5.9962
vt -5.9139 0.0161
vt 17.5021 0.0161
vt 17.5021 -5.9139
vt 17.5300 0.0190
vt 17.5897 -5.9173
vt 17.5579 -0.0177
vt 17.5579 -5.9353
vt 17.5642 -5.9029
vt 17.6219 -0.0158
vt 17.6219 -5.9828
vt 17.6369 0.0249
vt 17.6369 -6.0289
vt 17.6084 -5.9195
vt 17.6130 -5.9392
vt -5.9653 -0.0204
vt 17.6884 -5.9653
vt 17.6526 -5.9611
vt 17.6833 -5.9461
vt 17.6816 0.0627
vt -5.9474 0.0096
vt -5.9990 0.0243
vt 17.7173 0.0243
vt 17.7173 -5.9990
vt -6.0012 0.1017
vt 17.7190 0.1017
vt 17.7190 -6.0012
vt -5.9513 0.1183
vt 17.7277 -5.9513
vt -5.9058 0.2579
vt 17.6312 0.2579
vt 17.6312 -5.9058
vt -5.9081 0.2248
vt 17.6725 -5.9081
vt -5.8683 0.2490
vt 17.6582 -5.8683
vt -5.8905 0.1625
vt -5.8932 0.2172
vt 17.5019 -5.8932
vt -5.8473 0.1860
vt 17.4923 0.1860
vt 17.5283 -5.8861
vt -5.8853 -0.0186
vt 17.4923 -5.8853
vt -5.8465 -0.0250
vt 17.4863 -5.8465
vt 17.6850 -5.9179
vt 17.6312 -5.9056
vt 17.6660 -5.8693
vt -5.9203 0.0957
vt 17.7494 -5.9203
vt -5.9189 0.0306
vt -5.8816 0.0627
vt 17.7629 -5.8816
vt 19.7853 0.0874
vt -7.4727 0.0874
vt 19.4166 0.0874
vt 19.8653 0.0874
vt 19.4784 0.0874
vt 19.6651 0.3135
vt 19.6651 -7.0816
vt 19.6280 -7.3519
vt 19.6693 -7.0507
vt 19.6198 -7.4116
vt -7.1974 -0.0250
vt 19.3580 -7.1974
vt -7.1962 0.2265
vt 19.3494 -7.1962
vt -7.2781 -0.0250
vt 19.9469 -7.2781
vt 19.9339 0.2244
vt 19.9339 -7.2763
vt -7.4016 0.1603
vt 19.8755 -7.4016
vt -7.3290 0.2604
vt 19.7736 -7.3290
vt 19.7216 0.2258
vt 19.7216 -7.5003
vt 19.5223 -7.4306
vt 19.5983 0.0874
vt 19.4884 -7.4847
vt 19.7234 -0.0250
vt 19.7234 -7.5062
vt 19.8037 -7.3504
vt -7.4467 -0.0055
vt 19.9387 -0.0055
vt 19.9387 -7.4467
vt -7.2830 0.0874
vt 19.4855 0.2701
vt 19.4855 -7.2937
vt -7.3292 0.1573
vt 19.3872 0.1573
vt 19.8647 -7.1568
vt 19.6438 0.3765
vt 19.6438 -7.2365
vt -7.0985 -0.0169
vt 20.0262 -0.0169
vt 20.0262 -7.0985
vt -7.1015 0.1893
vt 20.0180 0.1893
vt 19.6438 -7.2365
vt 19.8630 -7.1574
vt -7.3394 0.0097
vt 19.3590 -7.3394
vt 19.4768 -7.2968
vt -7.0860 0.1539
vt 19.4325 0.1539
vt 19.4325 -7.0860
vt 19.4774 0.3092
vt 19.4774 -7.1180
vt 19.5727 0.2139
vt 19.5727 -6.9954
vt 19.7904 0.2264
vt 19.6804 0.0874
vt 19.8001 -0.0250
vt 19.8001 -6.9869
vt 19.5688 -0.0250
vt 19.5688 -6.9822
vt 19.4622 -7.1072
vt -7.0325 -0.0028
vt 19.3574 -0.0028
vt 19.3574 -7.0325
vt -7.1884 0.0874
vt -7.4573 0.1266
vt 19.8395 0.1266
vt 19.8395 -7.4573
vt -7.4639 0.1987
vt 19.8176 0.1987
vt 19.8176 -7.4639
vt -7.5297 0.1610
vt 19.7674 0.1610
vt -7.2963 0.2238
vt 19.8196 0.2238
vt 19.8196 -7.2963
vt 19.8233 -7.3644
vt 19.8960 0.1879
vt 19.8960 -7.3391
vt 19.6684 -7.4245
vt 19.7620 -7.4209
vt 19.7037 -7.3519
vt 19.6632 0.1623
vt 19.6632 -7.5456
vt 19.7041 0.0874
vt 19.5774 -7.3925
vt 19.6120 -7.4684
vt 19.4956 0.0874
vt 19.5496 0.1567
vt 19.5496 -7.5070
vt -7.4561 0.1523
vt 19.4693 0.1523
vt 19.4693 -7.4561
vt 19.6628 0.0139
vt 19.6628 -7.5395
vt 19.7552 0.0210
vt -7.5141 0.0053
vt 19.4232 0.0053
vt 19.4232 -7.5141
vt 19.5310 0.0043
vt 19.5310 -7.5606
vt 19.6767 -7.4873
vt 19.6070 -0.0250
vt 19.6070 -7.5047
vt 19.5551 -7.4448
vt 19.8433 -0.0250
vt 19.8433 -7.4975
vt 19.8599 0.0440
vt 19.7223 -7.3878
vt 19.7925 -7.4685
vt -7.3544 -0.0250
vt 19.9336 -7.3544
vt 19.8843 -7.4079
vt 19.8784 -7.3163
vt -7.4424 0.0874
vt 19.9327 0.0874
vt 19.9327 -7.4424
vt -7.2813 0.0164
vt -7.3635 0.0427
vt -7.3643 0.1323
vt 19.9765 -7.3643
vt -7.2842 0.1628
vt 19.9910 0.1628
vt 19.9910 -7.2842
vt -7.3834 0.1823
vt 19.4489 -7.3834
vt -7.3927 0.1257
vt 19.5635 0.2581
vt 19.5635 -7.3225
vt 19.5103 -7.3555
vt -7.2693 0.1937
vt 19.3575 0.1937
vt -7.3143 0.2185
vt 19.4285 0.2185
vt 19.4285 -7.3143
vt -7.2497 0.2619
vt 19.4066 0.2619
vt 19.4066 -7.2497
vt 19.7194 0.3127
vt 19.7194 -7.2904
vt 19.6348 0.2966
vt 19.6348 -7.3025
vt 19.9128 0.2854
vt 19.9128 -7.2216
vt -7.2578 0.2788
vt 19.7985 0.2788
vt 19.7985 -7.2578
vt 19.6567 0.3866
vt 19.6567 -7.1423
vt 19.7505 -7.1980
vt 19.7689 0.3532
vt 19.7689 -7.1027
vt -7.2014 0.1346
vt -7.1934 0.2276
vt 20.0212 0.2276
vt 20.0212 -7.1934
vt -7.1952 -0.0250
vt 20.0058 -7.1952
vt -7.2009 0.0395
vt 19.9503 0.1359
vt -7.0957 0.0874
vt 20.0340 0.0874
vt -7.0269 0.0359
vt 19.9688 0.0359
vt 19.8269 -7.2617
vt 19.9240 -7.2210
vt 19.6337 -7.3101
vt 19.7186 -7.2899
vt 19.7750 -7.0961
vt 19.7466 -7.1994
vt 19.6559 -7.1481
vt 19.4903 -7.3734
vt 19.5373 -7.3506
vt -7.4163 0.0432
vt -7.4179 -0.0250
vt 19.4030 -7.4179
vt 19.4130 -7.2493
vt 19.4428 -7.3091
vt -7.2669 -0.0113
vt 19.3785 -7.2669
vt -7.0012 0.1292
vt 19.4352 0.1292
vt 19.4352 -7.0012
vt 19.4952 0.1826
vt 19.4952 -7.0421
vt 19.5189 0.1618
vt 19.5189 -6.9402
vt -7.1543 0.2750
vt 19.4021 0.2750
vt 19.4021 -7.1543
vt 19.4503 0.2235
vt 19.4503 -7.0987
vt -7.1253 0.1964
vt 19.3703 0.1964
vt 19.6194 0.2511
vt 19.6194 -7.0504
vt 19.5443 0.2341
vt 19.5443 -7.0813
vt 19.5715 0.3153
vt 19.6258 0.1574
vt 19.5879 0.0874
vt 19.7357 0.2918
vt 19.7357 -7.0209
vt 19.6784 0.2280
vt 19.6784 -6.9842
vt 19.7650 0.0874
vt 19.7261 0.1479
vt 19.8152 0.1511
vt 19.6263 0.0193
vt 19.5262 0.0173
vt 19.8417 0.0137
vt 19.7389 0.0173
vt 19.6130 -7.0016
vt 19.6809 -0.0250
vt 19.6809 -6.9662
vt 19.7427 -7.0045
vt 19.4553 -0.0250
vt 19.4553 -6.9899
vt -6.9676 0.0395
vt 19.4054 0.0395
vt 19.5630 -7.0807
vt 19.5137 -7.0336
vt -7.1112 -0.0250
vt 19.3357 -7.1112
vt 19.3845 -7.0518
vt 19.3631 -7.1411
vt -7.0586 0.0874
vt 19.3940 0.0874
vt -7.1938 0.0196
vt 19.3318 -7.1938
vt -7.1260 0.0485
vt -7.1255 0.1264
vt 19.3544 0.1264
vt -7.1898 0.1615
vt 19.5449 0.3822
vt 19.5449 -7.1661
vt -7.2105 0.3224
vt 19.4538 -7.2105
vt 19.5528 0.3224
vt 19.5528 -7.2694
vt 19.9174 0.2206
vt 19.8691 0.3275
vt 19.8691 -7.0357
vt -7.1092 0.3023
vt 19.9965 0.3023
vt 19.9965 -7.1092
vt 19.8529 -7.0502
vt 19.9230 -0.0250
vt 19.9230 -7.0263
vt 19.9610 -7.1220
vt 19.4450 -7.2093
vt 19.5576 -7.1752
vt 19.5529 -7.2694
vt -7.2679 0.1295
vt -7.2683 0.0448
vt 19.3073 -7.2683
vt -7.3426 0.0874
vt 4.7650 0.0804
vt 3.1522 0.0804
vt 3.1563 0.0804
vt 2.7714 0.0804
vt 4.4360 0.0804
vt 4.4360 2.7714
vt 4.4996 3.0759
vt 4.7659 3.2393
vt 4.5021 3.0774
vt 4.7714 3.2427
vt 2.8788 -0.0250
vt 4.7959 -0.0250
vt 4.7959 2.8788
vt 2.8841 0.2337
vt 4.7927 0.2337
vt 4.7927 2.8841
vt 4.4261 3.4813
vt 4.4636 0.2316
vt 4.4636 3.4203
vt 4.6268 0.1554
vt 4.6269 3.3560
vt 3.3912 0.2164
vt 4.8083 0.2164
vt 4.8083 3.3912
vt 3.1951 0.1831
vt 4.8488 3.1951
vt 3.3451 0.0804
vt 3.2039 -0.0250
vt 4.8965 3.2039
vt 4.8311 -0.0250
vt 4.8311 3.4211
vt 4.6268 3.3911
vt 4.6268 -0.0072
vt 3.5028 0.0804
vt 4.4130 0.0804
vt 3.0695 0.2820
vt 4.7933 3.0695
vt 2.9990 0.1676
vt 4.9319 0.1676
vt 4.9319 2.9990
vt 4.4937 3.2219
vt 4.6270 3.1541
vt 3.3069 -0.0056
vt 4.3265 3.3069
vt 3.3157 0.1713
vt 4.6270 3.1541
vt 4.4264 3.2560
vt 3.0213 0.0057
vt 4.8227 3.0545
vt 4.6272 0.1648
vt 4.6271 2.9430
vt 2.8494 0.2550
vt 4.3941 0.2550
vt 4.3941 2.8494
vt 3.1025 0.2095
vt 4.3481 3.1025
vt 2.9342 0.0804
vt 4.2688 0.0804
vt 3.0986 -0.0250
vt 4.3271 3.0986
vt 4.4566 2.9312
vt 4.6271 2.9284
vt 4.6272 -0.0000
vt 2.8858 0.0804
vt 4.7916 0.0804
vt 4.7002 0.1203
vt 4.7124 0.1841
vt 4.7856 0.1447
vt 4.5545 0.2504
vt 4.5545 3.3674
vt 4.6268 0.2338
vt 4.6268 3.4231
vt 4.5536 0.1880
vt 4.5536 3.4296
vt 3.3272 0.2720
vt 4.8020 3.3272
vt 4.7155 0.2543
vt 4.7155 3.3694
vt 4.6981 3.2917
vt 3.3940 0.1586
vt 4.9000 0.1586
vt 4.9000 3.3940
vt 3.4321 0.0804
vt 4.8815 0.0804
vt 3.2180 0.2381
vt 4.8193 3.2180
vt 3.3019 0.2183
vt 4.8678 3.3019
vt 3.2284 0.0804
vt 3.2580 0.1407
vt 3.1755 0.1364
vt 3.4151 -0.0047
vt 4.9239 -0.0047
vt 4.9239 3.4151
vt 4.8047 0.0083
vt 3.1744 0.0270
vt 3.2737 0.0110
vt 4.8162 3.3412
vt 3.3326 -0.0250
vt 4.9179 3.3326
vt 4.8709 3.2352
vt 4.7395 -0.0250
vt 4.7395 3.5063
vt 4.7087 0.0357
vt 4.7169 3.3282
vt 4.7473 3.4467
vt 4.5306 -0.0250
vt 4.5306 3.5163
vt 4.6268 -0.0250
vt 4.6268 3.4887
vt 4.5255 3.4530
vt 4.6268 0.0804
vt 3.4999 -0.0099
vt 4.4147 -0.0099
vt 4.4147 3.4999
vt 4.5215 0.0316
vt 4.5315 0.1245
vt 4.4232 0.1670
vt 4.4232 3.4860
vt 3.1091 0.1844
vt 4.9046 3.1091
vt 3.0793 0.1218
vt 3.1551 0.2741
vt 4.7711 3.1551
vt 3.1384 0.2268
vt 4.8223 3.1384
vt 2.9391 0.2021
vt 4.8672 0.2021
vt 4.8672 2.9391
vt 3.0289 0.2379
vt 4.8731 3.0289
vt 2.9643 0.2805
vt 4.8123 2.9643
vt 4.6269 3.2469
vt 4.6885 3.1918
vt 4.4593 3.3257
vt 4.5464 3.2853
vt 3.1139 0.2939
vt 4.5615 3.1139
vt 3.1910 0.2771
vt 4.5544 3.1910
vt 3.1533 0.2228
vt 4.5210 3.1533
vt 3.4225 0.1310
vt 4.3404 0.1310
vt 3.4010 0.2201
vt 4.3511 0.2201
vt 4.3511 3.4010
vt 3.3947 -0.0250
vt 4.3581 3.3947
vt 3.4132 0.0315
vt 3.2300 0.1224
vt 3.3147 0.0804
vt 3.2286 0.0391
vt 4.5196 3.3291
vt 4.4061 3.3802
vt 4.6992 3.1984
vt 4.6269 3.2537
vt 4.4666 3.1529
vt 4.5499 3.1932
vt 4.5681 3.1179
vt 3.1341 -0.0250
vt 4.8762 3.1341
vt 4.7906 3.1552
vt 3.0871 0.0433
vt 3.1140 -0.0123
vt 4.8265 2.9498
vt 3.0275 -0.0250
vt 4.8758 3.0275
vt 2.9505 -0.0250
vt 4.8545 2.9505
vt 4.5338 0.1312
vt 4.5049 0.2287
vt 4.5049 2.7722
vt 2.7803 0.1735
vt 4.3974 0.1735
vt 4.7196 0.2977
vt 4.7196 2.8814
vt 4.6272 0.2547
vt 4.6272 2.8484
vt 4.7139 0.2079
vt 2.9673 0.2870
vt 4.4382 2.9673
vt 4.5076 2.8636
vt 4.5434 2.9924
vt 2.8966 0.1643
vt 4.3341 0.1643
vt 4.3341 2.8966
vt 2.8670 0.0804
vt 4.3642 0.0804
vt 4.4544 3.0967
vt 3.0012 0.2230
vt 4.3779 3.0012
vt 3.0525 0.0804
vt 3.0135 0.1619
vt 4.2750 3.0135
vt 3.1275 0.1499
vt 2.9152 0.0025
vt 4.3553 0.0025
vt 4.3553 2.9152
vt 2.8524 0.0052
vt 4.4417 0.0052
vt 4.4417 2.8524
vt 3.1278 0.0115
vt 3.0138 -0.0010
vt 4.2756 3.0138
vt 4.4742 3.0029
vt 4.3622 2.9915
vt 4.3939 3.0765
vt 4.5186 -0.0250
vt 4.5186 2.8148
vt 4.5365 0.0309
vt 4.5365 2.7787
vt 4.5524 3.0097
vt 4.5268 2.9103
vt 4.7079 -0.0250
vt 4.7079 2.8500
vt 4.6272 -0.0250
vt 4.6272 2.8600
vt 4.7120 2.9037
vt 4.6272 0.0804
vt 2.8772 0.0081
vt 4.7969 0.0081
vt 4.7206 0.0371
vt 4.7216 0.1241
vt 4.7939 0.1514
vt 4.6270 3.0661
vt 4.7274 2.9904
vt 4.7059 3.1139
vt 3.2031 0.1939
vt 4.3239 3.2031
vt 4.4261 3.1701
vt 3.2894 0.2507
vt 4.3609 3.2894
vt 4.3749 3.1742
vt 3.2018 -0.0250
vt 4.3320 3.2018
vt 4.3549 3.2924
vt 4.7267 2.9916
vt 4.6271 3.0479
vt 4.7135 3.1100
vt 2.9298 0.1227
vt 4.8664 0.1227
vt 2.9420 0.0403
vt 4.8533 0.0403
vt 3.0020 0.0804
vt 4.9260 0.0804
vt 5.1114 0.0685
vt 4.4220 0.0685
vt 4.4259 0.0685
vt 4.8397 0.0685
vt 4.8397 4.4259
vt 4.9665 0.0685
vt 4.3345 0.2882
vt 4.9148 0.2882
vt 4.9148 4.3345
vt 5.1346 4.4898
vt 4.9237 4.3408
vt 5.1504 4.5009
vt 5.1704 -0.0250
vt 5.1704 4.2416
vt 4.2628 0.1601
vt 5.1555 0.1601
vt 5.1555 4.2628
vt 4.9127 -0.0250
vt 4.9127 4.6065
vt 4.6404 0.1915
vt 4.8887 0.1915
vt 4.8887 4.6404
vt 5.0105 0.1305
vt 4.6116 0.2714
vt 5.0176 0.2714
vt 5.0176 4.6116
vt 4.5886 0.1631
vt 5.1396 0.1631
vt 5.1396 4.5886
vt 4.4560 0.1494
vt 5.2023 4.4560
vt 4.5761 0.0685
vt 5.2568 0.0685
vt 5.2568 4.5761
vt 4.4777 -0.0250
vt 5.3115 -0.0250
vt 5.3115 4.4777
vt 5.1471 4.6012
vt 5.0285 4.5261
vt 5.0170 0.0193
vt 5.0170 4.6165
vt 4.6595 0.0685
vt 4.8752 0.0685
vt 4.3590 0.2232
vt 5.1702 4.3590
vt 4.2915 0.1429
vt 5.3037 4.2915
vt 4.5018 0.2536
vt 4.8877 4.5018
vt 4.4240 0.3140
vt 5.0416 4.4240
vt 4.5314 0.0082
vt 4.5264 0.1260
vt 5.0416 4.4240
vt 4.8762 4.5076
vt 4.3028 0.0004
vt 5.2813 4.3028
vt 5.1705 4.3588
vt 4.1418 0.1406
vt 5.0777 0.1406
vt 5.0623 0.2443
vt 5.0623 4.2616
vt 4.2804 0.1511
vt 4.9560 0.1511
vt 4.3850 0.1674
vt 4.8452 0.1674
vt 4.3129 0.0685
vt 4.8842 4.3129
vt 4.3841 -0.0250
vt 4.8408 4.3841
vt 4.2274 -0.0250
vt 4.9245 -0.0250
vt 4.9245 4.2274
vt 5.0617 -0.0250
vt 5.0617 4.2663
vt 5.0706 0.0105
vt 5.0706 4.1972
vt 5.1975 0.0685
vt 4.6507 0.0984
vt 5.0644 0.0984
vt 5.0797 0.1535
vt 5.0797 4.6425
vt 4.6090 0.1147
vt 5.1255 0.1147
vt 5.1255 4.6090
vt 4.6440 0.2440
vt 4.9431 0.2440
vt 4.9431 4.6440
vt 5.0140 0.1918
vt 5.0140 4.6399
vt 4.9443 0.1689
vt 4.5391 0.1963
vt 5.1370 0.1963
vt 5.1370 4.5391
vt 4.5859 0.1995
vt 5.0838 0.1995
vt 5.0838 4.5859
vt 4.5238 0.2198
vt 5.0776 4.5238
vt 4.5618 0.1136
vt 5.1724 0.1136
vt 5.1724 4.5618
vt 4.6637 0.0685
vt 5.2186 0.0685
vt 5.2186 4.6637
vt 4.4824 0.2133
vt 5.2006 0.2133
vt 5.2006 4.4824
vt 4.5050 0.1444
vt 5.1562 0.1444
vt 5.1562 4.5050
vt 4.4991 0.0685
vt 4.5261 0.1281
vt 5.2710 0.1281
vt 5.2710 4.5261
vt 4.4445 0.1234
vt 5.2823 4.4445
vt 4.6133 0.0066
vt 5.2212 4.6133
vt 4.6776 0.0052
vt 5.1566 0.0052
vt 5.1566 4.6776
vt 4.4492 0.0011
vt 4.5234 0.0105
vt 5.2649 0.0105
vt 5.1587 4.5653
vt 4.5574 -0.0250
vt 5.2303 -0.0250
vt 5.2303 4.5574
vt 5.2236 4.4908
vt 5.0815 -0.0205
vt 5.0815 4.6528
vt 4.6219 0.0424
vt 5.0615 0.0424
vt 5.0615 4.6219
vt 5.0754 4.5179
vt 5.0749 4.5519
vt 4.9729 -0.0024
vt 4.9729 4.6054
vt 5.0162 -0.0250
vt 5.0162 4.6224
vt 4.9639 -0.0250
vt 4.9639 4.5975
vt 4.6984 0.0685
vt 5.0065 0.0685
vt 5.0065 4.6984
vt 4.6905 -0.0011
vt 4.8534 -0.0011
vt 4.8534 4.6905
vt 4.9262 0.0299
vt 4.9262 4.7111
vt 4.9309 0.1056
vt 4.6637 0.1311
vt 4.8723 0.1311
vt 4.3880 0.1511
vt 5.2539 4.3880
vt 4.3721 0.0971
vt 4.4247 0.2370
vt 5.1597 4.4247
vt 4.4116 0.1824
vt 5.1865 4.4116
vt 5.2363 0.1618
vt 5.2363 4.2591
vt 4.3423 0.1712
vt 5.2033 4.3423
vt 4.2986 0.2008
vt 5.1730 0.2008
vt 5.1730 4.2986
vt 4.5087 0.2734
vt 5.0307 4.5087
vt 4.4572 0.2457
vt 5.0886 4.4572
vt 4.5648 0.2170
vt 4.8940 4.5648
vt 4.5647 0.2777
vt 4.9422 4.5647
vt 4.3741 0.3350
vt 4.9709 4.3741
vt 4.9605 4.4650
vt 4.4233 0.2550
vt 4.9109 4.4233
vt 4.5854 0.0990
vt 4.5766 0.1548
vt 4.6174 -0.0250
vt 4.8133 4.6174
vt 4.5932 0.0366
vt 4.4769 0.0976
vt 4.8263 4.4769
vt 4.5091 0.0685
vt 4.8733 4.5091
vt 4.4646 0.0462
vt 4.8764 0.0462
vt 4.8764 4.4646
vt 4.9631 4.5352
vt 4.8910 4.5677
vt 5.0901 4.4584
vt 5.0345 4.4790
vt 4.8777 4.4231
vt 4.9734 4.4585
vt 4.9900 4.3876
vt 5.2520 4.4060
vt 5.1557 4.4247
vt 4.3646 0.0357
vt 4.3769 -0.0250
vt 5.3194 4.3769
vt 5.1662 4.3051
vt 5.2268 4.3304
vt 4.2596 -0.0245
vt 5.2357 -0.0245
vt 5.2357 4.2596
vt 5.0155 0.1027
vt 4.1640 0.1697
vt 4.9961 0.1697
vt 4.9961 4.1640
vt 4.2182 0.1199
vt 4.9482 0.1199
vt 4.9482 4.2182
vt 4.2002 0.2471
vt 5.1418 4.2002
vt 4.1331 0.2347
vt 5.0788 0.2347
vt 5.0788 4.1331
vt 4.1921 0.1592
vt 5.1294 0.1592
vt 5.1294 4.1921
vt 4.2783 0.2303
vt 4.9207 0.2303
vt 4.2577 0.2031
vt 4.9981 0.2031
vt 4.9981 4.2577
vt 4.9910 0.2810
vt 4.9910 4.2839
vt 4.2967 0.1101
vt 4.9207 0.1101
vt 4.9207 4.2967
vt 4.2115 0.0685
vt 4.8846 0.0685
vt 4.8846 4.2115
vt 4.3669 0.2103
vt 4.8858 4.3669
vt 4.3153 0.1705
vt 4.8876 0.1705
vt 4.3670 0.0685
vt 4.8541 0.0685
vt 4.8541 4.3670
vt 4.3550 0.1088
vt 4.8863 0.1088
vt 4.4035 0.1235
vt 4.8005 0.1235
vt 4.2578 0.0141
vt 4.8837 0.0141
vt 4.8837 4.2578
vt 4.9495 0.0178
vt 4.4040 0.0148
vt 4.8063 0.0148
vt 4.3210 0.0084
vt 4.8099 4.3210
vt 4.9250 4.2835
vt 4.3280 -0.0215
vt 4.9056 4.3280
vt 4.8721 4.3619
vt 4.9998 -0.0245
vt 4.9998 4.1850
vt 5.0173 0.0367
vt 5.0027 4.3164
vt 4.9953 -0.0250
vt 4.9953 4.2469
vt 5.1054 0.0026
vt 5.1054 4.2554
vt 5.0608 -0.0176
vt 5.0608 4.2734
vt 5.1153 -0.0250
vt 5.1153 4.2595
vt 5.0779 0.0685
vt 5.0779 4.1401
vt 5.1841 0.0158
vt 5.1841 4.2222
vt 5.1314 0.0384
vt 5.1314 4.2005
vt 5.1479 0.1041
vt 5.2031 0.1283
vt 5.2031 4.1953
vt 4.3360 0.2815
vt 5.0528 4.3360
vt 5.1206 4.3121
vt 4.3962 0.2167
vt 5.0967 4.3962
vt 4.4632 0.1582
vt 4.4398 0.2134
vt 4.8572 4.4398
vt 4.5170 0.1853
vt 4.8817 4.4377
vt 4.4601 -0.0141
vt 4.8291 4.4601
vt 4.5203 -0.0250
vt 4.8512 4.5203
vt 5.1235 4.3081
vt 5.0511 4.3491
vt 5.1000 4.3945
vt 4.2236 0.1063
vt 5.2688 0.1063
vt 5.2688 4.2236
vt 4.2395 0.0337
vt 5.2507 0.0337
vt 4.3125 0.0685
vt -0.8068 0.0803
vt 13.6382 0.0803
vt 13.4638 0.0803
vt 13.3691 0.0803
vt -0.7608 0.0803
vt 13.1654 0.0803
vt 13.3445 -0.7170
vt 13.4901 0.2728
vt 13.4901 -0.8470
vt 13.3379 -0.7110
vt 13.5000 -0.8558
vt 13.2732 -0.0250
vt 13.2732 -0.9519
vt -0.9422 0.2219
vt 13.2818 0.2219
vt 13.2818 -0.9422
vt 13.6056 -0.0250
vt 13.6056 -0.5796
vt 13.5563 0.2168
vt -0.7114 0.1581
vt 13.6183 0.1581
vt -0.7457 0.2576
vt 13.5274 0.2576
vt 13.5274 -0.7457
vt 13.5800 0.2012
vt -0.9111 0.1802
vt 13.4771 0.1802
vt 13.4771 -0.9111
vt -0.8901 0.0803
vt 13.5385 0.0803
vt -0.9463 -0.0250
vt 13.4927 -0.0250
vt 13.4927 -0.9463
vt 13.6206 -0.0250
vt 13.6206 -0.8482
vt 13.5504 -0.7371
vt -0.7127 0.0038
vt 13.6150 -0.7127
vt 13.5920 0.0803
vt 13.3958 -0.8875
vt 13.3721 0.1547
vt 13.4550 0.2937
vt 13.4550 -0.6536
vt 13.4215 -0.7857
vt 13.4793 -0.0067
vt 13.4690 0.1518
vt 13.4215 -0.7857
vt 13.4551 -0.6533
vt 13.3836 0.0231
vt 13.3847 -0.9310
vt -0.8435 0.1408
vt 13.2685 0.1408
vt 13.2962 0.2903
vt 13.2962 -0.8331
vt -0.7249 0.2284
vt 13.2275 0.2284
vt 13.2275 -0.7249
vt 13.3362 0.2338
vt 13.3362 -0.5930
vt -0.6443 0.0803
vt 13.3484 -0.6205
vt 13.2286 -0.0250
vt 13.2286 -0.7252
vt 13.3127 -0.8268
vt -0.8506 0.0124
vt -0.9640 0.0803
vt 13.2624 0.0803
vt -0.7648 0.1101
vt 13.5752 0.1101
vt 13.5502 0.1527
vt -0.8229 0.1457
vt 13.6133 0.1457
vt -0.6682 0.2857
vt 13.5757 0.2857
vt 13.5757 -0.6682
vt -0.7249 0.2227
vt 13.5826 0.2227
vt -0.6472 0.2122
vt 13.6271 0.2122
vt 13.5385 0.2452
vt 13.5385 -0.8439
vt 13.5197 0.1933
vt -0.7934 0.2243
vt 13.4898 0.2243
vt 13.4898 -0.7934
vt 13.5633 0.1379
vt -0.8640 0.0803
vt 13.6046 0.0803
vt 13.4805 0.2173
vt 13.4805 -0.8769
vt 13.5189 0.1846
vt -0.9568 0.0803
vt 13.5189 0.0803
vt -0.9049 0.1324
vt 13.5107 0.1324
vt -0.9704 0.1451
vt 13.4796 0.1451
vt 13.4796 -0.9704
vt -0.8745 0.0186
vt 13.5734 0.0186
vt -0.8319 -0.0010
vt 13.6599 -0.0010
vt 13.6599 -0.8319
vt 13.4797 0.0154
vt -0.9352 0.0149
vt 13.5333 0.0149
vt 13.5576 -0.8533
vt -0.8908 -0.0250
vt 13.5393 -0.0250
vt 13.5393 -0.8908
vt 13.4992 -0.9057
vt -0.7721 -0.0250
vt 13.6394 -0.7721
vt -0.7608 0.0447
vt 13.6049 0.0447
vt 13.5451 -0.7996
vt 13.6167 -0.7897
vt -0.6376 -0.0250
vt 13.6414 -0.6376
vt -0.7238 -0.0250
vt 13.5855 -0.7238
vt 13.5655 -0.6760
vt -0.7073 0.0803
vt -0.5694 -0.0097
vt 13.6147 -0.0097
vt 13.6147 -0.5694
vt -0.6109 0.0251
vt 13.6702 0.0251
vt -0.6232 0.1316
vt 13.6528 0.1316
vt 13.5711 0.1499
vt -0.9761 0.1874
vt 13.4312 0.1874
vt 13.4312 -0.9761
vt 13.4172 0.1179
vt 13.4405 0.2586
vt 13.4405 -0.8686
vt -0.9078 0.2220
vt 13.4379 0.2220
vt 13.4379 -0.9078
vt 13.3177 0.2001
vt 13.3177 -0.9853
vt 13.3757 0.2349
vt 13.3757 -0.9669
vt 13.3407 -0.9211
vt -0.7673 0.2630
vt 13.4703 0.2630
vt 13.4703 -0.7673
vt -0.8135 0.2700
vt 13.4526 -0.8135
vt 13.5055 0.2538
vt 13.5135 0.3243
vt 13.5135 -0.6827
vt 13.3851 -0.7532
vt 13.4387 -0.7180
vt 13.3965 0.3157
vt 13.3965 -0.6763
vt 13.5189 0.1172
vt 13.5036 0.1749
vt 13.5406 -0.0250
vt 13.5406 -0.5570
vt 13.5339 0.0377
vt 13.4264 0.1229
vt 13.4757 0.0803
vt 13.4268 0.0343
vt 13.5016 -0.6960
vt 13.5298 -0.6043
vt 13.4618 -0.8217
vt 13.4918 -0.7592
vt 13.3994 -0.6889
vt 13.4387 -0.7178
vt 13.3797 -0.7483
vt 13.4419 -0.0250
vt 13.4419 -0.9374
vt 13.4469 -0.8967
vt 13.4177 0.0470
vt 13.4298 -0.0112
vt 13.3260 -0.0250
vt 13.3260 -0.9458
vt 13.3829 -0.0250
vt 13.3829 -0.9382
vt 13.3417 -0.0118
vt -0.8142 0.1210
vt 13.2119 0.1210
vt -0.8007 0.2156
vt 13.1813 0.2156
vt -0.7379 0.1644
vt 13.1748 0.1644
vt -0.8638 0.2168
vt 13.3191 0.2168
vt 13.3191 -0.8638
vt -0.8417 0.2114
vt 13.2733 0.2114
vt 13.2733 -0.8417
vt -0.8877 0.1774
vt 13.2702 -0.8877
vt 13.2885 0.2679
vt 13.2885 -0.7196
vt -0.7818 0.3026
vt 13.2282 0.3026
vt 13.2282 -0.7818
vt 13.3086 -0.7730
vt -0.6838 0.1510
vt 13.2473 0.1510
vt -0.7035 0.0803
vt 13.2295 0.0803
vt 13.3342 0.2832
vt 13.3342 -0.6508
vt -0.6577 0.2340
vt 13.2781 -0.6577
vt -0.5588 0.0803
vt 13.2924 0.0803
vt -0.5867 0.1674
vt 13.2726 0.1674
vt 13.2726 -0.5867
vt 13.3496 0.1606
vt -0.6960 0.0180
vt 13.2681 0.0180
vt 13.2681 -0.6960
vt -0.7407 0.0011
vt 13.1892 0.0011
vt 13.1892 -0.7407
vt -0.5513 -0.0020
vt 13.3479 -0.0020
vt 13.3479 -0.5513
vt -0.6207 0.0081
vt 13.2981 -0.6207
vt 13.2792 -0.7150
vt 13.3142 -0.0250
vt 13.3142 -0.6899
vt 13.3549 -0.6827
vt -0.7966 -0.0182
vt 13.2466 -0.7966
vt -0.8107 0.0447
vt 13.2379 0.0447
vt 13.3221 -0.7745
vt 13.2779 -0.7828
vt -0.9200 -0.0250
vt 13.2222 -0.0250
vt 13.2222 -0.9200
vt -0.8437 -0.0250
vt 13.2679 -0.8437
vt 13.2631 -0.9065
vt -0.8480 0.0803
vt 13.2566 0.0803
vt 13.2695 0.0095
vt -0.9314 0.0343
vt 13.2142 0.0343
vt -0.9214 0.1232
vt 13.2285 0.1232
vt -0.9716 0.1576
vt 13.2556 0.1576
vt 13.3590 0.3145
vt 13.3590 -0.8093
vt 13.3583 0.2482
vt 13.3583 -0.8566
vt 13.4072 0.2853
vt 13.4072 -0.8424
vt 13.4117 0.1899
vt 13.4005 0.2628
vt 13.4005 -0.6284
vt 13.4608 0.2127
vt 13.4009 -0.6318
vt 13.4099 -0.0250
vt 13.4099 -0.5561
vt 13.4764 -0.0250
vt 13.4764 -0.5690
vt 13.3251 -0.8938
vt 13.3655 -0.8069
vt 13.4038 -0.8557
vt 13.3231 0.1176
vt 13.3368 0.0482
vt 13.3793 0.0803
vt 3.7152 0.0771
vt 5.4363 0.0771
vt 3.5786 0.0771
vt 3.5790 0.0771
vt 3.4245 0.0771
vt 5.3775 0.0771
vt 3.5253 0.2567
vt 5.3432 3.5253
vt 3.6407 0.2845
vt 5.4845 3.6407
vt 5.3318 3.5160
vt 5.4782 3.6355
vt 3.4221 -0.0250
vt 5.5367 -0.0250
vt 5.5367 3.4221
vt 3.4415 0.1856
vt 5.5209 0.1856
vt 5.5209 3.4415
vt 3.7268 -0.0250
vt 5.2879 -0.0250
vt 5.2879 3.7268
vt 3.7410 0.2052
vt 5.2762 0.2052
vt 5.2762 3.7410
vt 5.3717 0.1287
vt 3.7243 0.2949
vt 5.3718 0.2949
vt 3.7104 0.1812
vt 5.4671 0.1812
vt 3.6063 0.1696
vt 3.6953 0.0771
vt 5.5513 0.0771
vt 3.6092 -0.0250
vt 5.5471 -0.0250
vt 5.5471 3.6092
vt 3.7057 -0.0232
vt 5.4650 -0.0232
vt 5.4650 3.7057
vt 5.3766 3.7055
vt 5.3597 0.0088
vt 3.7262 0.0771
vt 5.2884 0.0771
vt 3.5285 0.2451
vt 5.5130 3.5285
vt 3.4910 0.1464
vt 3.6321 0.2548
vt 5.2984 3.6321
vt 3.5788 0.3035
vt 3.6580 0.0147
vt 3.6657 0.1456
vt 5.2286 3.6657
vt 5.4087 3.5788
vt 5.2815 3.6402
vt 3.4993 0.0145
vt 5.5735 0.0145
vt 5.5523 3.5096
vt 3.4093 0.1370
vt 5.4517 0.1370
vt 3.4610 0.2535
vt 5.4386 3.4610
vt 3.4131 0.2082
vt 5.3352 0.2082
vt 5.3352 3.4131
vt 3.5467 0.1854
vt 5.2624 3.5467
vt 3.4771 0.0771
vt 5.2842 3.4771
vt 3.5563 0.0011
vt 3.4404 -0.0250
vt 5.3473 -0.0250
vt 5.3473 3.4404
vt 5.4419 3.4480
vt 3.3886 0.0099
vt 5.4570 0.0099
vt 3.4692 0.0771
vt 5.4982 0.0771
vt 3.7408 0.1066
vt 5.4034 0.1066
vt 3.7149 0.1502
vt 5.4140 0.1502
vt 3.6943 0.1168
vt 5.4442 0.1168
vt 3.7057 0.2175
vt 5.3371 0.2175
vt 5.3371 3.7057
vt 3.7511 0.2132
vt 5.3650 0.2132
vt 3.7324 0.1604
vt 5.3324 0.1604
vt 3.6927 0.2507
vt 5.4847 0.2507
vt 5.4847 3.6927
vt 3.7077 0.2209
vt 5.4245 0.2209
vt 3.6719 0.2717
vt 5.4291 0.2717
vt 5.4291 3.6719
vt 3.7064 0.1343
vt 5.5084 0.1343
vt 5.4910 0.0771
vt 3.6231 0.2259
vt 3.6638 0.1860
vt 5.5128 0.1860
vt 3.6301 0.0771
vt 3.6428 0.1278
vt 3.5939 0.1282
vt 3.6990 0.0232
vt 5.5027 0.0232
vt 5.5027 3.6990
vt 5.4555 0.0247
vt 3.5945 0.0240
vt 3.6551 0.0167
vt 5.5618 0.0167
vt 5.5618 3.6551
vt 3.6751 -0.0250
vt 5.4730 3.6751
vt 3.6472 -0.0105
vt 5.4925 -0.0105
vt 5.4925 3.6472
vt 3.6232 -0.0250
vt 5.5175 -0.0250
vt 5.5175 3.6232
vt 5.4152 -0.0125
vt 5.4152 3.7457
vt 3.7680 0.0427
vt 5.4026 0.0427
vt 5.4261 3.6581
vt 5.4210 3.6789
vt 3.7731 -0.0250
vt 5.3122 -0.0250
vt 5.3122 3.7731
vt 5.3646 -0.0250
vt 5.3646 3.7529
vt 5.3399 3.7008
vt 5.3714 0.0771
vt 3.7480 0.0157
vt 5.2705 0.0157
vt 3.7889 0.0380
vt 5.2996 0.0380
vt 3.7648 0.1118
vt 5.3121 0.1118
vt 3.7286 0.1315
vt 5.2864 0.1315
vt 5.2864 3.7286
vt 3.5519 0.1664
vt 3.5387 0.1087
vt 3.5801 0.2664
vt 5.5014 3.5801
vt 3.5690 0.2135
vt 5.5315 3.5690
vt 3.4412 0.1857
vt 5.5851 0.1857
vt 5.5851 3.4412
vt 3.5013 0.2137
vt 5.5694 3.5013
vt 5.5287 0.2302
vt 5.5287 3.4747
vt 3.6529 0.3250
vt 3.6046 0.2649
vt 5.4402 3.6046
vt 3.6902 0.2409
vt 5.2804 3.6902
vt 3.6606 0.2461
vt 5.3420 3.6606
vt 3.5551 0.2503
vt 5.3797 3.5551
vt 3.6027 0.2557
vt 5.3591 3.6027
vt 3.5776 0.2613
vt 5.3185 3.5776
vt 3.7091 0.1114
vt 5.2477 0.1114
vt 5.2477 3.7091
vt 3.6775 0.1550
vt 5.2822 3.6775
vt 3.7160 -0.0250
vt 5.2329 -0.0250
vt 5.2329 3.7160
vt 3.7380 0.0353
vt 5.2121 0.0353
vt 3.6231 0.1120
vt 3.6710 0.0771
vt 3.6173 0.0469
vt 5.3378 3.6657
vt 5.2793 3.6912
vt 5.4466 3.6098
vt 5.3901 3.6522
vt 5.2978 3.5773
vt 5.3445 3.6098
vt 5.3734 3.5500
vt 5.5504 3.5675
vt 5.5227 3.5804
vt 3.5399 0.0466
vt 3.5507 -0.0163
vt 5.5805 3.5507
vt 3.4524 -0.0250
vt 5.5543 3.4524
vt 3.5071 -0.0250
vt 5.5574 -0.0250
vt 5.5574 3.5071
vt 3.4792 -0.0015
vt 5.5365 -0.0015
vt 5.5365 3.4792
vt 3.3703 0.1151
vt 5.4155 0.1151
vt 5.4006 0.1887
vt 5.4006 3.3710
vt 5.3561 0.1360
vt 5.4807 0.2182
vt 5.4807 3.4513
vt 5.4546 0.2201
vt 5.4546 3.3978
vt 3.3893 0.1798
vt 5.5029 0.1798
vt 5.5029 3.3893
vt 3.4649 0.2508
vt 5.3327 3.4649
vt 5.3922 3.4439
vt 3.5088 0.2236
vt 5.3934 3.5088
vt 3.4343 0.1420
vt 5.2957 0.1420
vt 5.2957 3.4343
vt 3.4325 0.0771
vt 5.3238 0.0771
vt 3.5427 0.1984
vt 5.3202 3.5427
vt 3.4919 0.1885
vt 5.3023 3.4919
vt 3.5292 0.0771
vt 5.2613 3.5292
vt 3.4931 0.1451
vt 5.2367 3.4931
vt 3.5608 0.1384
vt 3.4642 0.0257
vt 5.3191 0.0257
vt 3.4321 0.0267
vt 5.3636 0.0267
vt 3.5664 0.0351
vt 5.2814 3.5664
vt 3.5282 0.0370
vt 5.3071 3.5282
vt 3.4729 -0.0250
vt 5.3380 3.4729
vt 3.5039 -0.0188
vt 5.3170 3.5039
vt 3.5366 -0.0250
vt 5.3051 3.5366
vt 5.4025 -0.0088
vt 5.4025 3.4188
vt 3.3763 0.0402
vt 5.4153 0.0402
vt 5.3917 3.5008
vt 5.3947 3.4637
vt 3.4313 -0.0028
vt 5.4820 -0.0028
vt 3.3951 -0.0250
vt 5.4553 -0.0250
vt 5.4553 3.3951
vt 3.4501 -0.0250
vt 5.4814 -0.0250
vt 5.4814 3.4501
vt 3.4224 0.0771
vt 5.4484 0.0771
vt 3.4389 0.0263
vt 5.5230 0.0263
vt 3.4103 0.0457
vt 5.4963 0.0457
vt 3.4005 0.1104
vt 5.5014 0.1104
vt 3.4524 0.1230
vt 5.5120 0.1230
vt 3.5220 0.2674
vt 3.5175 0.2038
vt 5.4588 3.5175
vt 3.5586 0.2278
vt 5.4506 3.5586
vt 3.6070 0.1705
vt 5.2369 3.6070
vt 3.5863 0.1819
vt 5.3145 3.5863
vt 3.6340 0.1743
vt 5.2944 3.6340
vt 3.5880 -0.0250
vt 5.2936 3.5880
vt 3.5988 0.0109
vt 3.6438 -0.0250
vt 5.2741 3.6438
vt 5.4833 3.4875
vt 5.4260 3.5107
vt 5.4700 3.5493
vt 3.4540 0.1100
vt 5.5630 0.1100
vt 5.5630 3.4540
vt 3.4809 0.0514
vt 5.5298 0.0514
vt 5.5298 3.4809
vt 3.4985 0.0771
vt 5.5753 0.0771
vt 5.5753 3.4985
vt 6.5064 0.0771
vt 19.3800 0.0771
vt 19.3557 0.0771
vt 6.5938 0.0771
vt 19.2920 0.2951
vt 19.2920 6.6372
vt 19.4167 0.2178
vt 19.2877 6.6424
vt 19.4218 6.4781
vt 6.4133 -0.0250
vt 19.2072 -0.0250
vt 19.2072 6.4133
vt 6.4094 0.2022
vt 19.2024 6.4094
vt 6.6657 -0.0250
vt 19.5167 -0.0250
vt 19.5167 6.6657
vt 6.6582 0.1827
vt 19.5074 6.6582
vt 6.5750 0.1258
vt 6.5666 0.2275
vt 6.4836 0.1633
vt 19.4898 0.1633
vt 6.3935 0.1758
vt 19.4077 6.3935
vt 6.4186 0.0771
vt 6.3511 -0.0250
vt 19.4190 -0.0250
vt 19.4190 6.3511
vt 6.4924 0.0033
vt 19.4987 6.5713
vt 6.5833 0.0151
vt 6.6825 0.0771
vt 19.3206 6.4346
vt 19.2646 0.1610
vt 6.6498 0.2333
vt 19.4131 0.2333
vt 19.4131 6.6498
vt 19.3678 0.3127
vt 19.3678 6.5443
vt 19.4490 0.0110
vt 19.4585 0.1509
vt 19.3678 6.5443
vt 19.4331 6.6963
vt 19.2815 0.0069
vt 19.3092 6.4081
vt 6.5055 0.1387
vt 6.5183 0.2523
vt 19.2417 6.5183
vt 6.6382 0.2106
vt 19.1789 0.2106
vt 19.3186 0.1985
vt 19.3186 6.7297
vt 6.7411 0.0771
vt 19.2072 0.0771
vt 19.3099 -0.0250
vt 19.3099 6.7627
vt 6.6239 -0.0250
vt 19.2077 6.6239
vt 19.2572 6.5215
vt 6.5016 0.0092
vt 19.1608 6.5016
vt 6.3917 0.0771
vt 6.5408 0.1031
vt 6.5297 0.1521
vt 6.4911 0.1223
vt 19.5138 0.1223
vt 6.6031 0.1913
vt 19.4770 6.6031
vt 6.5707 0.1710
vt 6.6128 0.1521
vt 19.4534 0.1923
vt 6.5207 0.2102
vt 19.4990 0.2102
vt 6.5190 0.2506
vt 19.4596 0.2506
vt 19.4596 6.5190
vt 6.4597 0.1177
vt 19.4709 0.1177
vt 6.4656 0.0771
vt 19.4927 0.0771
vt 6.4533 0.1862
vt 19.4080 0.1862
vt 19.4080 6.4533
vt 6.4592 0.1533
vt 19.4372 0.1533
vt 6.3569 0.0771
vt 19.4382 0.0771
vt 6.4041 0.1253
vt 6.3324 0.1394
vt 19.3991 0.1394
vt 6.4460 0.0299
vt 6.4992 0.0387
vt 19.3996 0.0138
vt 6.3708 0.0174
vt 19.4591 0.0174
vt 6.4838 -0.0250
vt 19.4528 6.4838
vt 6.4182 -0.0250
vt 19.4706 6.4182
vt 19.4298 6.4040
vt 6.5308 0.0077
vt 19.5093 0.0077
vt 6.5407 0.0504
vt 19.4444 6.5231
vt 6.5247 -0.0250
vt 19.4767 -0.0250
vt 19.4767 6.5247
vt 6.6295 -0.0163
vt 19.5509 6.6295
vt 6.5806 -0.0250
vt 19.5439 -0.0250
vt 19.5439 6.5806
vt 19.5293 6.6312
vt 6.5804 0.0771
vt 6.6720 0.0226
vt 19.5243 0.0226
vt 6.6349 0.0445
vt 6.6315 0.1084
vt 6.6829 0.1361
vt 6.3206 0.1869
vt 19.3437 0.1869
vt 19.3437 6.3206
vt 19.3221 0.1197
vt 19.3731 0.2229
vt 19.3731 6.4644
vt 19.3643 6.4031
vt 6.3436 0.1925
vt 19.2191 0.1925
vt 19.2191 6.3436
vt 19.2850 0.2277
vt 19.2850 6.3516
vt 19.2564 6.4110
vt 6.5580 0.2836
vt 19.4342 6.5580
vt 19.3984 0.2689
vt 19.3984 6.5067
vt 6.6576 0.2129
vt 19.4624 6.6576
vt 6.6071 0.2295
vt 19.4448 6.6071
vt 19.3282 6.5928
vt 6.6072 0.2853
vt 19.3948 0.2853
vt 19.3948 6.6072
vt 19.3610 0.2611
vt 19.3610 6.6451
vt 6.7267 0.1134
vt 19.5086 0.1134
vt 6.7196 0.1780
vt 19.4977 0.1780
vt 19.4977 6.7196
vt 6.7002 -0.0126
vt 19.4833 -0.0126
vt 19.4833 6.7002
vt 6.7115 0.0437
vt 19.4969 0.0437
vt 19.4089 0.1155
vt 19.4561 0.0771
vt 19.4068 0.0406
vt 19.4818 6.6373
vt 19.4849 6.6846
vt 19.3947 6.5113
vt 19.4332 6.5578
vt 19.3584 6.6840
vt 19.4007 6.6209
vt 19.3320 6.5882
vt 19.3634 6.3662
vt 19.3750 6.4360
vt 19.3256 0.0377
vt 19.3454 -0.0250
vt 19.3454 6.3363
vt 19.2504 6.4038
vt 19.2915 -0.0250
vt 19.2915 6.3668
vt 19.2454 -0.0179
vt 19.2454 6.3792
vt 6.5488 0.1107
vt 6.5634 0.1756
vt 6.6185 0.1402
vt 6.4725 0.2165
vt 19.2344 6.4725
vt 6.5112 0.1947
vt 6.4615 0.1678
vt 6.6447 0.2670
vt 19.2267 0.2670
vt 19.2267 6.6447
vt 6.5761 0.2569
vt 19.1905 6.5761
vt 19.2446 6.5783
vt 6.6871 0.1456
vt 19.1936 0.1456
vt 6.6660 0.0771
vt 19.3089 0.2367
vt 19.3089 6.6774
vt 19.2493 0.2073
vt 19.2493 6.6895
vt 19.2813 0.0771
vt 19.2613 0.1467
vt 19.3343 0.1437
vt 6.6970 0.0037
vt 19.1815 6.6970
vt 6.6072 0.0236
vt 19.3343 0.0105
vt 6.7687 -0.0002
vt 19.2496 -0.0002
vt 19.2496 6.7687
vt 19.2354 6.6386
vt 6.7222 -0.0250
vt 19.2226 6.7222
vt 19.2884 6.7236
vt 6.5593 0.0000
vt 19.2107 6.5593
vt 6.5486 0.0454
vt 19.2779 6.5691
vt 19.2447 6.5664
vt 6.4518 -0.0243
vt 19.1689 6.4518
vt 6.5096 -0.0250
vt 19.1996 6.5096
vt 19.2127 6.4609
vt 6.5011 0.0771
vt 6.4039 0.0172
vt 19.1957 0.0172
vt 6.4434 0.0409
vt 6.4457 0.1125
vt 6.3881 0.1437
vt 19.2960 0.3000
vt 19.2960 6.5295
vt 19.2839 0.2432
vt 19.2839 6.4759
vt 19.3443 0.2578
vt 19.3443 6.4897
vt 19.3909 0.1826
vt 19.3909 6.7592
vt 19.3715 6.6948
vt 19.4422 0.2125
vt 19.4422 6.7176
vt 19.3725 6.7382
vt 19.3901 -0.0249
vt 19.3901 6.7518
vt 19.4435 -0.0250
vt 19.4435 6.7205
vt 19.2717 6.4659
vt 19.3116 6.5327
vt 19.3434 6.4877
vt 6.3370 0.1184
vt 19.2077 0.1184
vt 6.3602 0.0404
vt 19.2256 0.0404
vt 19.2676 0.0771
vt -7.1788 -0.0125
vt -7.1402 -0.0125
vt -7.0947 -0.0125
vt 18.2187 -0.0125
vt 18.1701 -0.0125
vt 18.1370 -0.0125
vt -7.1348 -0.0125
vt 18.0941 -0.0125
vt -7.1788 -0.0125
vt -7.2240 -0.0125
vt 18.0917 -0.0125
vt 18.1349 -0.0125
vt 18.1701 -0.0125
vt -7.2665 -0.0125
vt 18.2208 -0.0125
vt -7.2186 -0.0125
vt -7.1784 0.0423
vt -7.1378 0.0423
vt -7.0958 0.0423
vt 18.2174 0.0423
vt 18.1698 0.0423
vt 18.1372 0.0423
vt -7.1325 0.0423
vt 18.0903 0.0423
vt -7.1784 0.0423
vt -7.2202 0.0423
vt 18.0974 0.0423
vt 18.1351 0.0423
vt 18.1698 0.0423
vt -7.2646 0.0423
vt 18.2195 0.0423
vt -7.2149 0.0423
vt -7.1773 0.0971
vt -7.1350 0.0971
vt 18.2419 0.0971
vt -7.0982 0.0971
vt 18.2143 0.0971
vt 18.1687 0.0971
vt 18.1354 0.0971
vt -7.1298 0.0971
vt 18.0864 0.0971
vt -7.1773 0.0971
vt -7.2159 0.0971
vt 18.1017 0.0971
vt 18.1334 0.0971
vt 18.1687 0.0971
vt -7.2599 0.0971
vt 18.2164 0.0971
vt -7.2107 0.0971
vt -7.1755 0.1520
vt -7.1323 0.1520
vt 18.2415 0.1520
vt -7.1014 0.1520
vt 18.2096 0.1520
vt 18.1668 0.1520
vt 18.1321 0.1520
vt -7.1272 0.1520
vt 18.0832 0.1520
vt -7.1755 0.1520
vt -7.2118 0.1520
vt -7.2391 0.1520
vt 18.1301 0.1520
vt 18.1668 0.1520
vt -7.2531 0.1520
vt 18.2116 0.1520
vt -7.2067 0.1520
vt 18.2208 0.1520
vt -7.1729 0.2068
vt 18.2480 0.2068
vt -7.1300 0.2068
vt 18.2385 0.2068
vt 18.2036 0.2068
vt 18.1642 0.2068
vt 18.1276 0.2068
vt -7.1249 0.2068
vt 18.0811 0.2068
vt -7.1729 0.2068
vt -7.2080 0.2068
vt -7.2397 0.2068
vt 18.1256 0.2068
vt 18.1642 0.2068
vt -7.2447 0.2068
vt 18.2056 0.2068
vt -7.2030 0.2068
vt 18.2163 0.2068
vt -7.1696 0.2616
vt 18.2480 0.2616
vt -7.1280 0.2616
vt 18.2328 0.2616
vt 18.1971 0.2616
vt 18.1608 0.2616
vt 18.1224 0.2616
vt -7.1231 0.2616
vt 18.0802 0.2616
vt -7.1696 0.2616
vt -7.2046 0.2616
vt -7.2394 0.2616
vt 18.1205 0.2616
vt 18.1608 0.2616
vt -7.2358 0.2616
vt 18.1990 0.2616
vt -7.1997 0.2616
vt 18.2129 0.2616
vt -7.1656 0.3164
vt 18.2300 0.3164
vt -7.1334 0.3164
vt 18.2124 0.3164
vt 18.1842 0.3164
vt 18.1567 0.3164
vt 18.1242 0.3164
vt -7.1295 0.3164
vt 18.0941 0.3164
vt -7.1656 0.3164
vt -7.1950 0.3164
vt -7.2244 0.3164
vt 18.1227 0.3164
vt 18.1567 0.3164
vt -7.2160 0.3164
vt 18.1858 0.3164
vt -7.1910 0.3164
vt 18.2007 0.3164
vt -7.1608 0.3712
vt 18.1970 0.3712
vt -7.1425 0.3712
vt 18.1834 0.3712
vt 18.1678 0.3712
vt 18.1518 0.3712
vt -7.1261 0.3712
vt 18.1317 0.3712
vt -7.1402 0.3712
vt 18.1160 0.3712
vt -7.1608 0.3712
vt -7.1796 0.3712
vt -7.1972 0.3712
vt 18.1308 0.3712
vt 18.1518 0.3712
vt -7.1902 0.3712
vt 18.1688 0.3712
vt -7.1772 0.3712
vt 18.1802 0.3712
vt -7.1553 0.4260
vt 18.1671 0.4260
vt -7.1474 0.4260
vt 18.1598 0.4260
vt 18.1536 0.4260
vt 18.1462 0.4260
vt -7.1392 0.4260
vt 18.1369 0.4260
vt -7.1463 0.4260
vt 18.1306 0.4260
vt -7.1553 0.4260
vt -7.1646 0.4260
vt 18.1301 0.4260
vt -7.1722 0.4260
vt 18.1365 0.4260
vt 18.1462 0.4260
vt 18.1540 0.4260
vt -7.1635 0.4260
vt 18.1603 0.4260
vt -7.1491 0.4809
vt 18.1458 0.4809
vt -7.1469 0.4809
vt 18.1435 0.4809
vt -7.1452 0.4809
vt 18.1421 0.4809
vt 18.1398 0.4809
vt -7.1445 0.4809
vt 18.1372 0.4809
vt -7.1466 0.4809
vt -7.1491 0.4809
vt -7.1519 0.4809
vt 18.1349 0.4809
vt -7.1539 0.4809
vt 18.1371 0.4809
vt 18.1398 0.4809
vt 18.1422 0.4809
vt -7.1516 0.4809
vt 18.1442 0.4809
vt -7.1491 0.4934
vt 18.1398 0.4934
vt -0.5863 -0.0125
vt -0.5550 -0.0125
vt -0.5288 -0.0125
vt 9.2533 -0.0125
vt -0.5123 -0.0125
vt 9.2201 -0.0125
vt -0.5396 -0.0125
vt 9.1931 -0.0125
vt -0.5574 -0.0125
vt 9.1699 -0.0125
vt -0.5863 -0.0125
vt -0.6189 -0.0125
vt 9.1636 -0.0125
vt 9.1894 -0.0125
vt 9.2201 -0.0125
vt -0.6503 -0.0125
vt 9.2570 -0.0125
vt -0.6213 -0.0125
vt -0.5861 0.0595
vt -0.5536 0.0595
vt 9.2762 0.0595
vt -0.5284 0.0595
vt 9.2532 0.0595
vt 9.2198 0.0595
vt -0.5419 0.0595
vt 9.1943 0.0595
vt -0.5559 0.0595
vt 9.1676 0.0595
vt -0.5861 0.0595
vt -0.6161 0.0595
vt 9.1679 0.0595
vt 9.1907 0.0595
vt 9.2198 0.0595
vt -0.6502 0.0595
vt 9.2568 0.0595
vt -0.6184 0.0595
vt -0.5855 0.1316
vt -0.5517 0.1316
vt 9.2777 0.1316
vt -0.5291 0.1316
vt 9.2517 0.1316
vt 9.2191 0.1316
vt 9.1942 0.1316
vt -0.5540 0.1316
vt 9.1646 0.1316
vt -0.5855 0.1316
vt 9.1465 0.1316
vt -0.6128 0.1316
vt -0.6350 0.1316
vt 9.1906 0.1316
vt 9.2191 0.1316
vt -0.6481 0.1316
vt 9.2553 0.1316
vt -0.6151 0.1316
vt -0.5846 0.2036
vt -0.5498 0.2036
vt 9.2782 0.2036
vt 9.2489 0.2036
vt 9.2180 0.2036
vt 9.1927 0.2036
vt -0.5520 0.2036
vt 9.1616 0.2036
vt -0.5846 0.2036
vt 9.1488 0.2036
vt -0.6094 0.2036
vt 9.1749 0.2036
vt -0.6344 0.2036
vt 9.1892 0.2036
vt 9.2180 0.2036
vt -0.6441 0.2036
vt 9.2524 0.2036
vt -0.6117 0.2036
vt -0.5832 0.2757
vt -0.5480 0.2757
vt 9.2773 0.2757
vt 9.2451 0.2757
vt 9.2164 0.2757
vt 9.1902 0.2757
vt -0.5502 0.2757
vt 9.1593 0.2757
vt -0.5832 0.2757
vt 9.1519 0.2757
vt -0.6063 0.2757
vt 9.1764 0.2757
vt -0.6344 0.2757
vt 9.1868 0.2757
vt 9.2164 0.2757
vt -0.6387 0.2757
vt 9.2485 0.2757
vt -0.6085 0.2757
vt -0.5814 0.3477
vt -0.5536 0.3477
vt 9.2626 0.3477
vt 9.2353 0.3477
vt 9.2143 0.3477
vt 9.1923 0.3477
vt -0.5553 0.3477
vt 9.1690 0.3477
vt -0.5814 0.3477
vt -0.5992 0.3477
vt 9.1835 0.3477
vt -0.6241 0.3477
vt 9.1897 0.3477
vt 9.2143 0.3477
vt -0.6224 0.3477
vt 9.2380 0.3477
vt -0.6009 0.3477
vt -0.5793 0.4198
vt -0.5599 0.4198
vt 9.2454 0.4198
vt 9.2255 0.4198
vt 9.2118 0.4198
vt 9.1952 0.4198
vt -0.5611 0.4198
vt 9.1802 0.4198
vt -0.5793 0.4198
vt -0.5920 0.4198
vt -0.6112 0.4198
vt 9.1934 0.4198
vt 9.2118 0.4198
vt -0.6064 0.4198
vt 9.2274 0.4198
vt -0.5932 0.4198
vt -0.5767 0.4918
vt -0.5648 0.4918
vt 9.2294 0.4918
vt 9.2170 0.4918
vt 9.2088 0.4918
vt -0.5576 0.4918
vt 9.1978 0.4918
vt -0.5656 0.4918
vt 9.1895 0.4918
vt -0.5767 0.4918
vt -0.5852 0.4918
vt -0.5979 0.4918
vt 9.1966 0.4918
vt 9.2088 0.4918
vt -0.5930 0.4918
vt 9.2182 0.4918
vt -0.5860 0.4918
vt -0.5738 0.5639
vt -0.5678 0.5639
vt 9.2157 0.5639
vt -0.5665 0.5639
vt 9.2095 0.5639
vt 9.2053 0.5639
vt -0.5634 0.5639
vt 9.1993 0.5639
vt -0.5682 0.5639
vt 9.1956 0.5639
vt -0.5738 0.5639
vt -0.5786 0.5639
vt -0.5853 0.5639
vt 9.1987 0.5639
vt 9.2053 0.5639
vt 9.2102 0.5639
vt -0.5790 0.5639
vt 9.2144 0.5639
vt -0.5705 0.6359
vt -0.5679 0.6359
vt 9.2059 0.6359
vt -0.5671 0.6359
vt 9.2033 0.6359
vt -0.5650 0.6359
vt 9.2014 0.6359
vt -0.5657 0.6359
vt 9.1986 0.6359
vt -0.5681 0.6359
vt -0.5705 0.6359
vt -0.5729 0.6359
vt -0.5758 0.6359
vt 9.1983 0.6359
vt 9.2014 0.6359
vt 9.2036 0.6359
vt -0.5731 0.6359
vt 9.2059 0.6359
vt -0.5705 0.6484
vt 9.2014 0.6484
vt -0.3246 -0.0125
vt -0.2713 -0.0125
vt 15.7636 -0.0125
vt 15.7087 -0.0125
vt 15.6712 -0.0125
vt -0.2401 -0.0125
vt 15.6224 -0.0125
vt -0.2769 -0.0125
vt -0.3246 -0.0125
vt -0.3603 -0.0125
vt -0.4139 -0.0125
vt 15.6197 -0.0125
vt 15.6712 -0.0125
vt 15.7114 -0.0125
vt -0.3658 -0.0125
vt 15.7426 -0.0125
vt -0.3251 0.0475
vt -0.2750 0.0475
vt 15.7582 0.0475
vt 15.7064 0.0475
vt 15.6715 0.0475
vt -0.2390 0.0475
vt 15.6218 0.0475
vt -0.2804 0.0475
vt -0.3251 0.0475
vt -0.3623 0.0475
vt -0.4159 0.0475
vt 15.6191 0.0475
vt 15.6715 0.0475
vt 15.7091 0.0475
vt -0.3677 0.0475
vt 15.7454 0.0475
vt -0.3264 0.1074
vt -0.2801 0.1074
vt 15.7526 0.1074
vt -0.2683 0.1074
vt 15.7058 0.1074
vt 15.6723 0.1074
vt -0.2408 0.1074
vt 15.6228 0.1074
vt -0.2854 0.1074
vt -0.3264 0.1074
vt -0.3657 0.1074
vt -0.4166 0.1074
vt 15.6202 0.1074
vt 15.6723 0.1074
vt 15.7085 0.1074
vt -0.3710 0.1074
vt 15.7495 0.1074
vt -0.3286 0.1674
vt -0.2859 0.1674
vt 15.7476 0.1674
vt -0.2707 0.1674
vt 15.7070 0.1674
vt -0.2365 0.1674
vt 15.6736 0.1674
vt -0.2456 0.1674
vt 15.6257 0.1674
vt -0.2911 0.1674
vt -0.3286 0.1674
vt -0.3698 0.1674
vt -0.4161 0.1674
vt 15.6231 0.1674
vt 15.6736 0.1674
vt 15.7096 0.1674
vt -0.3750 0.1674
vt 15.7540 0.1674
vt -0.3317 0.2274
vt -0.2920 0.2274
vt 15.7442 0.2274
vt -0.2721 0.2274
vt 15.7099 0.2274
vt -0.2371 0.2274
vt 15.6754 0.2274
vt -0.2532 0.2274
vt 15.6301 0.2274
vt -0.2971 0.2274
vt -0.3317 0.2274
vt -0.3743 0.2274
vt -0.4146 0.2274
vt 15.6276 0.2274
vt 15.6754 0.2274
vt 15.7124 0.2274
vt -0.3794 0.2274
vt 15.7580 0.2274
vt -0.3357 0.2874
vt -0.2980 0.2874
vt 15.7431 0.2874
vt 15.7139 0.2874
vt -0.2406 0.2874
vt 15.6778 0.2874
vt -0.2629 0.2874
vt 15.6358 0.2874
vt -0.3030 0.2874
vt -0.3357 0.2874
vt -0.3786 0.2874
vt 15.6035 0.2874
vt -0.4128 0.2874
vt 15.6333 0.2874
vt 15.6778 0.2874
vt 15.7164 0.2874
vt -0.3836 0.2874
vt 15.7608 0.2874
vt -0.3406 0.3473
vt -0.3147 0.3473
vt -0.2943 0.3473
vt 15.7074 0.3473
vt 15.6807 0.3473
vt -0.2935 0.3473
vt 15.6536 0.3473
vt -0.3181 0.3473
vt 15.6418 0.3473
vt -0.3406 0.3473
vt -0.3702 0.3473
vt 15.6293 0.3473
vt -0.3906 0.3473
vt 15.6518 0.3473
vt 15.6807 0.3473
vt 15.7091 0.3473
vt -0.3737 0.3473
vt 15.7381 0.3473
vt -0.3463 0.4073
vt -0.3302 0.4073
vt -0.3165 0.4073
vt 15.7013 0.4073
vt 15.6841 0.4073
vt -0.3196 0.4073
vt 15.6687 0.4073
vt -0.3323 0.4073
vt 15.6598 0.4073
vt -0.3463 0.4073
vt 15.6451 0.4073
vt -0.3639 0.4073
vt 15.6538 0.4073
vt 15.6677 0.4073
vt 15.6841 0.4073
vt -0.3779 0.4073
vt 15.7024 0.4073
vt -0.3659 0.4073
vt 15.7181 0.4073
vt -0.3530 0.4673
vt -0.3450 0.4673
vt -0.3383 0.4673
vt 15.6965 0.4673
vt 15.6881 0.4673
vt 15.6812 0.4673
vt -0.3459 0.4673
vt 15.6759 0.4673
vt -0.3530 0.4673
vt 15.6690 0.4673
vt -0.3608 0.4673
vt 15.6745 0.4673
vt 15.6807 0.4673
vt 15.6881 0.4673
vt -0.3684 0.4673
vt 15.6970 0.4673
vt -0.3618 0.4673
vt 15.7034 0.4673
vt -0.3605 0.5272
vt -0.3578 0.5272
vt -0.3558 0.5272
vt 15.6953 0.5272
vt 15.6926 0.5272
vt 15.6904 0.5272
vt -0.3581 0.5272
vt 15.6884 0.5272
vt -0.3605 0.5272
vt -0.3628 0.5272
vt 15.6885 0.5272
vt 15.6903 0.5272
vt 15.6926 0.5272
vt -0.3654 0.5272
vt 15.6954 0.5272
vt -0.3631 0.5272
vt -0.3605 0.5397
vt 15.6926 0.5397
vt -6.3531 -0.0125
vt -6.3176 -0.0125
vt -6.2834 -0.0125
vt 17.4567 -0.0125
vt 17.4164 -0.0125
vt -6.2747 -0.0125
vt 17.3712 -0.0125
vt -6.3215 -0.0125
vt 17.3617 -0.0125
vt -6.3531 -0.0125
vt -6.3990 -0.0125
vt 17.3369 -0.0125
vt 17.3753 -0.0125
vt 17.4164 -0.0125
vt 17.4526 -0.0125
vt -6.4029 -0.0125
vt 17.5026 -0.0125
vt -6.3526 0.0327
vt -6.3177 0.0327
vt -6.2793 0.0327
vt 17.4588 0.0327
vt 17.4165 0.0327
vt -6.2800 0.0327
vt 17.3745 0.0327
vt -6.3215 0.0327
vt 17.3625 0.0327
vt -6.3526 0.0327
vt 17.3292 0.0327
vt -6.3979 0.0327
vt 17.3381 0.0327
vt 17.3786 0.0327
vt 17.4165 0.0327
vt 17.4548 0.0327
vt -6.4017 0.0327
vt 17.5015 0.0327
vt -6.3513 0.0778
vt -6.3157 0.0778
vt -6.2749 0.0778
vt 17.4607 0.0778
vt 17.4166 0.0778
vt -6.2837 0.0778
vt 17.3776 0.0778
vt -6.3194 0.0778
vt 17.3615 0.0778
vt -6.3513 0.0778
vt 17.3259 0.0778
vt -6.3948 0.0778
vt 17.3412 0.0778
vt 17.3816 0.0778
vt 17.4166 0.0778
vt 17.4567 0.0778
vt -6.3985 0.0778
vt 17.4985 0.0778
vt -6.3490 0.1230
vt -6.3119 0.1230
vt -6.2708 0.1230
vt 17.4619 0.1230
vt 17.4168 0.1230
vt -6.2852 0.1230
vt 17.3800 0.1230
vt -6.3156 0.1230
vt 17.3590 0.1230
vt -6.3490 0.1230
vt 17.3241 0.1230
vt -6.3899 0.1230
vt 17.3460 0.1230
vt 17.3839 0.1230
vt 17.4168 0.1230
vt 17.4580 0.1230
vt -6.3936 0.1230
vt 17.4940 0.1230
vt -6.3458 0.1681
vt -6.3068 0.1681
vt -6.2677 0.1681
vt 17.4621 0.1681
vt 17.4171 0.1681
vt -6.2840 0.1681
vt 17.3814 0.1681
vt -6.3104 0.1681
vt -6.3458 0.1681
vt 17.3245 0.1681
vt -6.3836 0.1681
vt 17.3516 0.1681
vt 17.3853 0.1681
vt 17.4171 0.1681
vt -6.4171 0.1681
vt 17.4582 0.1681
vt -6.3872 0.1681
vt 17.4889 0.1681
vt -6.3416 0.2133
vt -6.3008 0.2133
vt 17.4882 0.2133
vt -6.2656 0.2133
vt 17.4613 0.2133
vt 17.4174 0.2133
vt 17.3818 0.2133
vt -6.3044 0.2133
vt 17.3529 0.2133
vt -6.3416 0.2133
vt -6.3764 0.2133
vt 17.3571 0.2133
vt 17.3856 0.2133
vt 17.4174 0.2133
vt -6.4110 0.2133
vt 17.4575 0.2133
vt -6.3800 0.2133
vt 17.4839 0.2133
vt -6.3366 0.2584
vt -6.2944 0.2584
vt 17.4909 0.2584
vt -6.2643 0.2584
vt 17.4595 0.2584
vt 17.4178 0.2584
vt 17.3813 0.2584
vt -6.2979 0.2584
vt 17.3508 0.2584
vt -6.3366 0.2584
vt -6.3689 0.2584
vt -6.3934 0.2584
vt 17.3850 0.2584
vt 17.4178 0.2584
vt -6.4023 0.2584
vt 17.4558 0.2584
vt -6.3724 0.2584
vt -6.3306 0.3036
vt -6.2959 0.3036
vt 17.4784 0.3036
vt 17.4500 0.3036
vt 17.4183 0.3036
vt -6.2769 0.3036
vt 17.3873 0.3036
vt -6.2987 0.3036
vt 17.3631 0.3036
vt -6.3306 0.3036
vt -6.3556 0.3036
vt -6.3791 0.3036
vt 17.3903 0.3036
vt 17.3903 -6.3791
vt 17.4183 0.3036
vt 17.4183 -6.4024
vt -6.3802 0.3036
vt 17.4470 0.3036
vt 17.4470 -6.3802
vt -6.3584 0.3036
vt 17.4664 -6.3584
vt -6.3237 0.3488
vt -6.3087 0.3488
vt 17.4448 0.3488
vt 17.4317 0.3488
vt 17.4189 0.3488
vt -6.2991 0.3488
vt 17.4047 0.3488
vt -6.3099 0.3488
vt 17.3950 0.3488
vt -6.3237 0.3488
vt -6.3344 0.3488
vt -6.3461 0.3488
vt 17.4060 0.3488
vt -6.3547 0.3488
vt 17.4189 0.3488
vt 17.4189 -6.3547
vt 17.4304 0.3488
vt 17.4304 -6.3436
vt -6.3357 0.3488
vt 17.4396 0.3488
vt 17.4396 -6.3357
vt -6.3159 0.3939
vt -6.3131 0.3939
vt 17.4245 0.3939
vt 17.4219 0.3939
vt 17.4195 0.3939
vt -6.3109 0.3939
vt 17.4166 0.3939
vt -6.3133 0.3939
vt -6.3159 0.3939
vt -6.3181 0.3939
vt -6.3205 0.3939
vt 17.4169 0.3939
vt -6.3218 0.3939
vt 17.4195 0.3939
vt -6.3195 0.3939
vt 17.4216 0.3939
vt -6.3183 0.3939
vt 17.4237 0.3939
vt -6.3159 0.4064
vt 17.4195 0.4064
vt 0.6521 -0.0125
vt 0.7020 -0.0125
vt 0.7498 -0.0125
vt 11.1918 -0.0125
vt 11.1354 -0.0125
vt 11.0919 -0.0125
vt 0.7078 -0.0125
vt 11.0389 -0.0125
vt 0.6521 -0.0125
vt 0.6054 -0.0125
vt 11.0545 -0.0125
vt 0.5825 -0.0125
vt 11.0952 -0.0125
vt 0.5408 -0.0125
vt 11.1354 -0.0125
vt 0.5602 -0.0125
vt 11.1885 -0.0125
vt 0.6112 -0.0125
vt 0.6524 0.0410
vt 0.7029 0.0410
vt 11.2231 0.0410
vt 0.7436 0.0410
vt 11.1882 0.0410
vt 11.1356 0.0410
vt 11.0901 0.0410
vt 0.7087 0.0410
vt 11.0381 0.0410
vt 0.6524 0.0410
vt 0.6080 0.0410
vt 11.0586 0.0410
vt 11.0933 0.0410
vt 0.5400 0.0410
vt 11.1356 0.0410
vt 0.5668 0.0410
vt 11.1850 0.0410
vt 0.6137 0.0410
vt 0.6533 0.0945
vt 0.7031 0.0945
vt 11.2223 0.0945
vt 0.7376 0.0945
vt 11.1847 0.0945
vt 11.1360 0.0945
vt 11.0882 0.0945
vt 0.7087 0.0945
vt 11.0400 0.0945
vt 0.6533 0.0945
vt 0.6098 0.0945
vt 0.5760 0.0945
vt 11.0914 0.0945
vt 11.1360 0.0945
vt 0.5745 0.0945
vt 11.1815 0.0945
vt 0.6154 0.0945
vt 11.2016 0.0945
vt 0.6548 0.1480
vt 11.2428 0.1480
vt 0.7026 0.1480
vt 11.2196 0.1480
vt 11.1819 0.1480
vt 11.1368 0.1480
vt 0.7410 0.1480
vt 11.0870 0.1480
vt 0.7081 0.1480
vt 11.0445 0.1480
vt 0.6548 0.1480
vt 0.6109 0.1480
vt 0.5740 0.1480
vt 11.0902 0.1480
vt 11.1368 0.1480
vt 0.5822 0.1480
vt 11.1787 0.1480
vt 0.6164 0.1480
vt 11.2033 0.1480
vt 0.6568 0.2015
vt 11.2460 0.2015
vt 0.7016 0.2015
vt 11.2154 0.2015
vt 11.1802 0.2015
vt 11.1379 0.2015
vt 0.7450 0.2015
vt 11.0870 0.2015
vt 0.7070 0.2015
vt 11.0511 0.2015
vt 0.6568 0.2015
vt 0.6115 0.2015
vt 0.5740 0.2015
vt 11.0901 0.2015
vt 11.1379 0.2015
vt 11.1771 0.2015
vt 0.6169 0.2015
vt 11.2070 0.2015
vt 0.6595 0.2550
vt 11.2471 0.2550
vt 0.7006 0.2550
vt 11.2106 0.2550
vt 11.1800 0.2550
vt 11.1393 0.2550
vt 0.7475 0.2550
vt 11.0885 0.2550
vt 0.7059 0.2550
vt 0.6595 0.2550
vt 0.6122 0.2550
vt 11.0574 0.2550
vt 0.5767 0.2550
vt 11.0916 0.2550
vt 11.1393 0.2550
vt 11.1770 0.2550
vt 0.6175 0.2550
vt 11.2120 0.2550
vt 0.6627 0.3085
vt 11.2310 0.3085
vt 0.6949 0.3085
vt 11.1968 0.3085
vt 0.7226 0.3085
vt 11.1756 0.3085
vt 11.1411 0.3085
vt 0.7361 0.3085
vt 11.0987 0.3085
vt 0.6994 0.3085
vt 0.6627 0.3085
vt 0.6205 0.3085
vt 11.0679 0.3085
vt 0.5938 0.3085
vt 11.1012 0.3085
vt 11.1411 0.3085
vt 11.1731 0.3085
vt 0.6250 0.3085
vt 11.2064 0.3085
vt 0.6666 0.3620
vt 11.1951 0.3620
vt 0.6845 0.3620
vt 11.1742 0.3620
vt 0.7037 0.3620
vt 11.1645 0.3620
vt 11.1431 0.3620
vt 0.7089 0.3620
vt 11.1187 0.3620
vt 0.6872 0.3620
vt 0.6666 0.3620
vt 0.6402 0.3620
vt 11.0974 0.3620
vt 11.1202 0.3620
vt 11.1431 0.3620
vt 11.1630 0.3620
vt 0.6429 0.3620
vt 11.1842 0.3620
vt 0.6710 0.4155
vt 11.1677 0.4155
vt 0.6787 0.4155
vt 11.1589 0.4155
vt 0.6886 0.4155
vt 11.1557 0.4155
vt 11.1455 0.4155
vt 0.6890 0.4155
vt 11.1351 0.4155
vt 0.6799 0.4155
vt 0.6710 0.4155
vt 0.6588 0.4155
vt 11.1244 0.4155
vt 11.1358 0.4155
vt 11.1455 0.4155
vt 11.1550 0.4155
vt 0.6600 0.4155
vt 11.1645 0.4155
vt 0.6760 0.4689
vt 0.6779 0.4689
vt 11.1515 0.4689
vt 0.6807 0.4689
vt 11.1509 0.4689
vt 11.1481 0.4689
vt 0.6802 0.4689
vt 11.1457 0.4689
vt 0.6782 0.4689
vt 0.6760 0.4689
vt 0.6729 0.4689
vt 11.1428 0.4689
vt 11.1459 0.4689
vt 11.1481 0.4689
vt 11.1507 0.4689
vt 0.6732 0.4689
vt 11.1529 0.4689
vt 0.6760 0.4814
vt 11.1481 0.4814
vt -6.1640 -0.0125
vt -6.1221 -0.0125
vt 4.9589 -0.0125
vt -6.1121 -0.0125
vt 4.9162 -0.0125
vt 4.8862 -0.0125
vt -6.0947 -0.0125
vt 4.8461 -0.0125
vt -6.1223 -0.0125
vt 4.8139 -0.0125
vt -6.1640 -0.0125
vt -6.1973 -0.0125
vt -6.2424 -0.0125
vt 4.8409 -0.0125
vt 4.8862 -0.0125
vt -6.2250 -0.0125
vt 4.9214 -0.0125
vt -6.1976 -0.0125
vt -6.1637 0.0620
vt -6.1251 0.0620
vt 4.9527 0.0620
vt -6.1141 0.0620
vt 4.9144 0.0620
vt -6.0849 0.0620
vt 4.8858 0.0620
vt -6.0948 0.0620
vt 4.8460 0.0620
vt -6.1253 0.0620
vt 4.8193 0.0620
vt -6.1637 0.0620
vt -6.1986 0.0620
vt -6.2415 0.0620
vt 4.8409 0.0620
vt 4.8858 0.0620
vt 4.9195 0.0620
vt -6.1988 0.0620
vt 4.9466 0.0620
vt -6.1628 0.1365
vt -6.1274 0.1365
vt 4.9459 0.1365
vt -6.1136 0.1365
vt 4.9129 0.1365
vt -6.0812 0.1365
vt 4.8846 0.1365
vt -6.0962 0.1365
vt 4.8461 0.1365
vt -6.1276 0.1365
vt -6.1628 0.1365
vt -6.1991 0.1365
vt -6.2380 0.1365
vt 4.8411 0.1365
vt 4.8846 0.1365
vt 4.9179 0.1365
vt -6.1994 0.1365
vt 4.9480 0.1365
vt -6.1611 0.2110
vt -6.1285 0.2110
vt 4.9391 0.2110
vt -6.1109 0.2110
vt 4.9115 0.2110
vt -6.0777 0.2110
vt 4.8825 0.2110
vt -6.0985 0.2110
vt 4.8464 0.2110
vt -6.1287 0.2110
vt -6.1611 0.2110
vt -6.1985 0.2110
vt -6.2322 0.2110
vt 4.8415 0.2110
vt 4.8825 0.2110
vt 4.9164 0.2110
vt -6.1988 0.2110
vt 4.9477 0.2110
vt -6.1589 0.2855
vt -6.1282 0.2855
vt 4.9329 0.2855
vt -6.1065 0.2855
vt 4.9100 0.2855
vt -6.0753 0.2855
vt 4.8797 0.2855
vt -6.1012 0.2855
vt 4.8464 0.2855
vt -6.1284 0.2855
vt -6.1589 0.2855
vt -6.1964 0.2855
vt 4.8147 0.2855
vt -6.2248 0.2855
vt 4.8417 0.2855
vt 4.8797 0.2855
vt 4.9147 0.2855
vt -6.1967 0.2855
vt 4.9452 0.2855
vt -6.1560 0.3600
vt -6.1329 0.3600
vt -6.1134 0.3600
vt 4.9006 0.3600
vt -6.0926 0.3600
vt 4.8761 0.3600
vt -6.1153 0.3600
vt 4.8526 0.3600
vt -6.1331 0.3600
vt -6.1560 0.3600
vt -6.1845 0.3600
vt 4.8267 0.3600
vt -6.2028 0.3600
vt 4.8490 0.3600
vt 4.8761 0.3600
vt -6.2047 0.3600
vt 4.9042 0.3600
vt -6.1847 0.3600
vt 4.9258 0.3600
vt -6.1524 0.4345
vt -6.1358 0.4345
vt -6.1207 0.4345
vt 4.8900 0.4345
vt -6.1089 0.4345
vt 4.8717 0.4345
vt -6.1259 0.4345
vt 4.8563 0.4345
vt -6.1359 0.4345
vt 4.8431 0.4345
vt -6.1524 0.4345
vt -6.1720 0.4345
vt 4.8378 0.4345
vt 4.8538 0.4345
vt 4.8717 0.4345
vt -6.1885 0.4345
vt 4.8925 0.4345
vt -6.1721 0.4345
vt 4.9057 0.4345
vt -6.1482 0.5090
vt -6.1373 0.5090
vt -6.1275 0.5090
vt 4.8784 0.5090
vt -6.1220 0.5090
vt 4.8664 0.5090
vt -6.1325 0.5090
vt 4.8573 0.5090
vt -6.1374 0.5090
vt 4.8476 0.5090
vt -6.1482 0.5090
vt -6.1599 0.5090
vt 4.8461 0.5090
vt 4.8557 0.5090
vt 4.8664 0.5090
vt -6.1717 0.5090
vt 4.8800 0.5090
vt -6.1600 0.5090
vt -6.1434 0.5835
vt -6.1374 0.5835
vt 4.8708 0.5835
vt -6.1325 0.5835
vt 4.8667 0.5835
vt -6.1306 0.5835
vt 4.8604 0.5835
vt -6.1355 0.5835
vt 4.8558 0.5835
vt -6.1374 0.5835
vt 4.8500 0.5835
vt -6.1434 0.5835
vt -6.1491 0.5835
vt 4.8505 0.5835
vt 4.8550 0.5835
vt 4.8604 0.5835
vt -6.1557 0.5835
vt 4.8675 0.5835
vt -6.1491 0.5835
vt -6.1379 0.6580
vt -6.1352 0.6580
vt 4.8582 0.6580
vt -6.1333 0.6580
vt 4.8562 0.6580
vt 4.8535 0.6580
vt -6.1345 0.6580
vt 4.8515 0.6580
vt -6.1352 0.6580
vt 4.8488 0.6580
vt -6.1379 0.6580
vt -6.1402 0.6580
vt -6.1420 0.6580
vt 4.8512 0.6580
vt 4.8535 0.6580
vt -6.1431 0.6580
vt 4.8565 0.6580
vt -6.1402 0.6580
vt -6.1379 0.6705
vt 4.8535 0.6705
vt 4.8577 -0.0125
vt 4.8830 -0.0125
vt 4.9153 -0.0125
vt 19.7666 -0.0125
vt 4.9302 -0.0125
vt 19.7334 -0.0125
vt 19.7063 -0.0125
vt 4.8870 -0.0125
vt 19.6827 -0.0125
vt 4.8577 -0.0125
vt 4.8210 -0.0125
vt 19.6698 -0.0125
vt 19.7046 -0.0125
vt 19.7334 -0.0125
vt 4.7971 -0.0125
vt 19.7683 -0.0125
vt 4.8249 -0.0125
vt 4.8579 0.0526
vt 4.8840 0.0526
vt 4.9172 0.0526
vt 19.7675 0.0526
vt 4.9265 0.0526
vt 19.7333 0.0526
vt 4.9011 0.0526
vt 19.7083 0.0526
vt 4.8878 0.0526
vt 19.6815 0.0526
vt 4.8579 0.0526
vt 4.8232 0.0526
vt 19.6731 0.0526
vt 19.7067 0.0526
vt 19.7333 0.0526
vt 4.7958 0.0526
vt 19.7692 0.0526
vt 4.8270 0.0526
vt 4.8586 0.1176
vt 4.8859 0.1176
vt 4.9182 0.1176
vt 19.7674 0.1176
vt 19.7331 0.1176
vt 4.8994 0.1176
vt 19.7095 0.1176
vt 4.8897 0.1176
vt 19.6793 0.1176
vt 4.8586 0.1176
vt 4.8263 0.1176
vt 19.6771 0.1176
vt 19.7079 0.1176
vt 19.7331 0.1176
vt 4.7962 0.1176
vt 19.7691 0.1176
vt 4.8301 0.1176
vt 4.8597 0.1827
vt 4.8883 0.1827
vt 4.9181 0.1827
vt 19.7664 0.1827
vt 19.7327 0.1827
vt 19.7096 0.1827
vt 4.8920 0.1827
vt 19.6766 0.1827
vt 4.8597 0.1827
vt 4.8300 0.1827
vt 19.6812 0.1827
vt 19.7080 0.1827
vt 19.7327 0.1827
vt 4.7985 0.1827
vt 19.7680 0.1827
vt 4.8337 0.1827
vt 4.8613 0.2477
vt 4.8910 0.2477
vt 19.7836 0.2477
vt 4.9171 0.2477
vt 19.7643 0.2477
vt 19.7321 0.2477
vt 19.7088 0.2477
vt 4.8946 0.2477
vt 19.6743 0.2477
vt 4.8613 0.2477
vt 4.8339 0.2477
vt 19.6847 0.2477
vt 19.7072 0.2477
vt 19.7321 0.2477
vt 4.8027 0.2477
vt 19.7659 0.2477
vt 4.8375 0.2477
vt 4.8633 0.3128
vt 4.8904 0.3128
vt 19.7784 0.3128
vt 4.9101 0.3128
vt 19.7584 0.3128
vt 19.7314 0.3128
vt 19.7097 0.3128
vt 4.8936 0.3128
vt 19.6788 0.3128
vt 4.8633 0.3128
vt 4.8403 0.3128
vt 4.8233 0.3128
vt 19.7083 0.3128
vt 19.7314 0.3128
vt 4.8140 0.3128
vt 19.7598 0.3128
vt 4.8435 0.3128
vt 19.7656 0.3128
vt 4.8657 0.3778
vt 19.7680 0.3778
vt 4.8851 0.3778
vt 19.7640 0.3778
vt 19.7483 0.3778
vt 19.7305 0.3778
vt 19.7142 0.3778
vt 4.8873 0.3778
vt 19.6931 0.3778
vt 4.8657 0.3778
vt 4.8499 0.3778
vt 4.8357 0.3778
vt 19.7132 0.3778
vt 19.7305 0.3778
vt 4.8331 0.3778
vt 19.7493 0.3778
vt 4.8522 0.3778
vt 19.7539 0.3778
vt 4.8686 0.4429
vt 19.7545 0.4429
vt 4.8806 0.4429
vt 19.7503 0.4429
vt 19.7399 0.4429
vt 19.7294 0.4429
vt 19.7185 0.4429
vt 4.8820 0.4429
vt 19.7062 0.4429
vt 4.8686 0.4429
vt 4.8585 0.4429
vt 4.8485 0.4429
vt 19.7179 0.4429
vt 19.7294 0.4429
vt 4.8493 0.4429
vt 19.7406 0.4429
vt 4.8599 0.4429
vt 19.7444 0.4429
vt 4.8719 0.5080
vt 19.7419 0.5080
vt 4.8779 0.5080
vt 19.7387 0.5080
vt 19.7334 0.5080
vt 19.7282 0.5080
vt 19.7222 0.5080
vt 4.8787 0.5080
vt 19.7165 0.5080
vt 4.8719 0.5080
vt 4.8665 0.5080
vt 4.8609 0.5080
vt 19.7219 0.5080
vt 19.7282 0.5080
vt 4.8624 0.5080
vt 19.7337 0.5080
vt 4.8672 0.5080
vt 19.7364 0.5080
vt 4.8757 0.5730
vt 19.7330 0.5730
vt 4.8782 0.5730
vt 19.7312 0.5730
vt 19.7290 0.5730
vt 19.7269 0.5730
vt 19.7242 0.5730
vt 4.8785 0.5730
vt 19.7220 0.5730
vt 4.8757 0.5730
vt 4.8732 0.5730
vt 4.8708 0.5730
vt 19.7240 0.5730
vt 19.7269 0.5730
vt 4.8717 0.5730
vt 19.7292 0.5730
vt 4.8735 0.5730
vt 19.7307 0.5730
vt 4.8757 0.5855
vt 19.7269 0.5855
vt -4.1868 -0.0125
vt -4.1483 -0.0125
vt -4.1004 -0.0125
vt 6.7242 -0.0125
vt -4.0747 -0.0125
vt 6.6743 -0.0125
vt 6.6318 -0.0125
vt -4.1423 -0.0125
vt 6.5973 -0.0125
vt -4.1868 -0.0125
vt -4.2435 -0.0125
vt 6.5762 -0.0125
vt 6.6291 -0.0125
vt 6.6743 -0.0125
vt -4.2780 -0.0125
vt 6.7270 -0.0125
vt -4.2375 -0.0125
vt -4.1867 0.0330
vt -4.1473 0.0330
vt -4.0968 0.0330
vt 6.7263 0.0330
vt -4.0792 0.0330
vt 6.6744 0.0330
vt -4.1188 0.0330
vt 6.6352 0.0330
vt -4.1414 0.0330
vt 6.5959 0.0330
vt -4.1867 0.0330
vt -4.2411 0.0330
vt 6.5803 0.0330
vt 6.6325 0.0330
vt 6.6744 0.0330
vt -4.2813 0.0330
vt 6.7290 0.0330
vt -4.2352 0.0330
vt -4.1863 0.0785
vt -4.1450 0.0785
vt -4.0946 0.0785
vt 6.7275 0.0785
vt -4.0853 0.0785
vt 6.6746 0.0785
vt -4.1225 0.0785
vt 6.6378 0.0785
vt -4.1392 0.0785
vt 6.5929 0.0785
vt -4.1863 0.0785
vt -4.2374 0.0785
vt 6.5861 0.0785
vt 6.6351 0.0785
vt 6.6746 0.0785
vt -4.2826 0.0785
vt 6.7302 0.0785
vt -4.2316 0.0785
vt -4.1857 0.1239
vt -4.1420 0.1239
vt -4.0944 0.1239
vt 6.7276 0.1239
vt 6.6749 0.1239
vt -4.1238 0.1239
vt 6.6392 0.1239
vt -4.1363 0.1239
vt 6.5893 0.1239
vt -4.1857 0.1239
vt -4.2331 0.1239
vt 6.5929 0.1239
vt 6.6366 0.1239
vt 6.6749 0.1239
vt -4.2815 0.1239
vt 6.7303 0.1239
vt -4.2273 0.1239
vt -4.1848 0.1694
vt -4.1389 0.1694
vt -4.0962 0.1694
vt 6.7265 0.1694
vt 6.6754 0.1694
vt 6.6394 0.1694
vt -4.1333 0.1694
vt 6.5861 0.1694
vt -4.1848 0.1694
vt -4.2286 0.1694
vt 6.5995 0.1694
vt 6.6368 0.1694
vt 6.6754 0.1694
vt -4.2779 0.1694
vt 6.7291 0.1694
vt -4.2230 0.1694
vt -4.1837 0.2149
vt -4.1362 0.2149
vt 6.7581 0.2149
vt -4.0997 0.2149
vt 6.7245 0.2149
vt 6.6760 0.2149
vt 6.6387 0.2149
vt -4.1307 0.2149
vt 6.5842 0.2149
vt -4.1837 0.2149
vt -4.2246 0.2149
vt 6.6051 0.2149
vt 6.6361 0.2149
vt 6.6760 0.2149
vt -4.2720 0.2149
vt 6.7270 0.2149
vt -4.2190 0.2149
vt -4.1823 0.2604
vt -4.1344 0.2604
vt 6.7596 0.2604
vt -4.1041 0.2604
vt 6.7218 0.2604
vt 6.6767 0.2604
vt 6.6374 0.2604
vt -4.1289 0.2604
vt 6.5843 0.2604
vt -4.1823 0.2604
vt -4.2214 0.2604
vt -4.2548 0.2604
vt 6.6348 0.2604
vt 6.6767 0.2604
vt -4.2647 0.2604
vt 6.7243 0.2604
vt -4.2159 0.2604
vt 6.7350 0.2604
vt -4.1806 0.3058
vt 6.7527 0.3058
vt -4.1434 0.3058
vt 6.7421 0.3058
vt 6.7105 0.3058
vt 6.6776 0.3058
vt 6.6447 0.3058
vt -4.1391 0.3058
vt 6.6057 0.3058
vt -4.1806 0.3058
vt -4.2111 0.3058
vt -4.2410 0.3058
vt 6.6427 0.3058
vt 6.6427 -4.2410
vt 6.6776 0.3058
vt 6.6776 -4.2560
vt -4.2410 0.3058
vt 6.7124 0.3058
vt 6.7124 -4.2410
vt -4.2069 0.3058
vt 6.7230 0.3058
vt -4.1787 0.3513
vt 6.7122 0.3513
vt -4.1633 0.3513
vt 6.7052 0.3513
vt 6.6917 0.3513
vt 6.6786 0.3513
vt 6.6637 0.3513
vt -4.1615 0.3513
vt 6.6488 0.3513
vt -4.1787 0.3513
vt -4.1921 0.3513
vt -4.2058 0.3513
vt 6.6629 0.3513
vt 6.6786 0.3513
vt 6.6786 -4.2099
vt -4.2029 0.3513
vt 6.6925 0.3513
vt 6.6925 -4.2029
vt -4.1903 0.3513
vt 6.6986 0.3513
vt -4.1766 0.3968
vt 6.6857 0.3968
vt -4.1740 0.3968
vt 6.6841 0.3968
vt 6.6818 0.3968
vt 6.6797 0.3968
vt 6.6770 0.3968
vt -4.1737 0.3968
vt 6.6747 0.3968
vt -4.1766 0.3968
vt -4.1790 0.3968
vt -4.1814 0.3968
vt 6.6768 0.3968
vt 6.6797 0.3968
vt -4.1806 0.3968
vt 6.6820 0.3968
vt -4.1787 0.3968
vt 6.6834 0.3968
vt -4.1766 0.4093
vt 6.6797 0.4093
vt -3.4657 -0.0125
vt -3.4268 -0.0125
vt 11.0903 -0.0125
vt 11.0602 -0.0125
vt 11.0227 -0.0125
vt -3.3796 -0.0125
vt 10.9730 -0.0125
vt -3.4312 -0.0125
vt -3.4657 -0.0125
vt -3.5103 -0.0125
vt 10.9456 -0.0125
vt -3.5455 -0.0125
vt 10.9767 -0.0125
vt 11.0227 -0.0125
vt 11.0565 -0.0125
vt -3.5147 -0.0125
vt 11.1076 -0.0125
vt -3.4664 0.0638
vt -3.4300 0.0638
vt -3.3994 0.0638
vt 11.0612 0.0638
vt 11.0225 0.0638
vt -3.3859 0.0638
vt 10.9761 0.0638
vt -3.4343 0.0638
vt 10.9671 0.0638
vt -3.4664 0.0638
vt -3.5115 0.0638
vt 10.9443 0.0638
vt -3.5406 0.0638
vt 10.9797 0.0638
vt 11.0225 0.0638
vt 11.0576 0.0638
vt -3.5158 0.0638
vt 11.1082 0.0638
vt -3.4682 0.1402
vt -3.4333 0.1402
vt -3.3985 0.1402
vt 11.0622 0.1402
vt 11.0219 0.1402
vt -3.3942 0.1402
vt 10.9791 0.1402
vt -3.4376 0.1402
vt 10.9688 0.1402
vt -3.4682 0.1402
vt 10.9375 0.1402
vt -3.5129 0.1402
vt 10.9446 0.1402
vt 10.9826 0.1402
vt 11.0219 0.1402
vt 11.0586 0.1402
vt -3.5171 0.1402
vt 11.1065 0.1402
vt -3.4714 0.2165
vt -3.4368 0.2165
vt -3.3990 0.2165
vt 11.0625 0.2165
vt 11.0208 0.2165
vt -3.4035 0.2165
vt 10.9816 0.2165
vt -3.4409 0.2165
vt 10.9680 0.2165
vt -3.4714 0.2165
vt 10.9335 0.2165
vt -3.5143 0.2165
vt 10.9464 0.2165
vt 10.9850 0.2165
vt 11.0208 0.2165
vt 11.0591 0.2165
vt -3.5185 0.2165
vt 11.1023 0.2165
vt -3.4758 0.2929
vt -3.4411 0.2929
vt -3.4031 0.2929
vt 11.0612 0.2929
vt 11.0192 0.2929
vt -3.4141 0.2929
vt 10.9836 0.2929
vt -3.4451 0.2929
vt 10.9661 0.2929
vt -3.4758 0.2929
vt 10.9317 0.2929
vt -3.5154 0.2929
vt 10.9506 0.2929
vt 10.9869 0.2929
vt 11.0192 0.2929
vt 11.0579 0.2929
vt -3.5194 0.2929
vt 11.0947 0.2929
vt -3.4814 0.3692
vt -3.4538 0.3692
vt -3.4255 0.3692
vt 11.0496 0.3692
vt 11.0173 0.3692
vt -3.4366 0.3692
vt 10.9914 0.3692
vt -3.4568 0.3692
vt -3.4814 0.3692
vt 10.9500 0.3692
vt -3.5095 0.3692
vt 10.9687 0.3692
vt 10.9938 0.3692
vt 11.0173 0.3692
vt -3.5331 0.3692
vt 11.0471 0.3692
vt -3.5125 0.3692
vt 11.0710 0.3692
vt -3.4884 0.4455
vt -3.4678 0.4455
vt -3.4493 0.4455
vt 11.0374 0.4455
vt 11.0149 0.4455
vt 10.9968 0.4455
vt -3.4698 0.4455
vt 10.9828 0.4455
vt -3.4884 0.4455
vt -3.5067 0.4455
vt 10.9831 0.4455
vt 10.9985 0.4455
vt 11.0149 0.4455
vt -3.5245 0.4455
vt 11.0357 0.4455
vt -3.5087 0.4455
vt 11.0502 0.4455
vt -3.4965 0.5219
vt -3.4830 0.5219
vt 11.0355 0.5219
vt -3.4728 0.5219
vt 11.0257 0.5219
vt 11.0120 0.5219
vt 11.0004 0.5219
vt -3.4843 0.5219
vt 10.9908 0.5219
vt -3.4965 0.5219
vt -3.5072 0.5219
vt 10.9935 0.5219
vt 11.0015 0.5219
vt 11.0120 0.5219
vt -3.5184 0.5219
vt 11.0247 0.5219
vt -3.5085 0.5219
vt -3.5060 0.5982
vt -3.4988 0.5982
vt 11.0211 0.5982
vt -3.4945 0.5982
vt 11.0154 0.5982
vt 11.0087 0.5982
vt 11.0025 0.5982
vt -3.4995 0.5982
vt 10.9975 0.5982
vt -3.5060 0.5982
vt -3.5111 0.5982
vt -3.5157 0.5982
vt 11.0031 0.5982
vt 11.0087 0.5982
vt -3.5165 0.5982
vt 11.0148 0.5982
vt -3.5118 0.5982
vt -3.5166 0.6746
vt -3.5137 0.6746
vt 11.0101 0.6746
vt 11.0075 0.6746
vt 11.0050 0.6746
vt 11.0023 0.6746
vt -3.5140 0.6746
vt 11.0004 0.6746
vt -3.5166 0.6746
vt -3.5187 0.6746
vt -3.5209 0.6746
vt 11.0025 0.6746
vt 11.0050 0.6746
vt -3.5207 0.6746
vt 11.0073 0.6746
vt -3.5190 0.6746
vt -3.5166 0.6871
vt 11.0050 0.6871
vt -6.9982 -0.0125
vt 17.7768 -0.0125
vt -6.9714 -0.0125
vt 17.7517 -0.0125
vt 17.7310 -0.0125
vt 17.7053 -0.0125
vt -6.9426 -0.0125
vt 17.6732 -0.0125
vt -6.9674 -0.0125
vt -6.9982 -0.0125
vt -7.0297 -0.0125
vt 17.6507 -0.0125
vt -7.0546 -0.0125
vt 17.6727 -0.0125
vt 17.7053 -0.0125
vt 17.7315 -0.0125
vt -7.0257 -0.0125
vt 17.7529 -0.0125
vt -6.9984 0.0360
vt 17.7742 0.0360
vt -6.9738 0.0360
vt 17.7475 0.0360
vt -6.9534 0.0360
vt 17.7308 0.0360
vt 17.7049 0.0360
vt -6.9448 0.0360
vt 17.6740 0.0360
vt -6.9698 0.0360
vt -6.9984 0.0360
vt -7.0312 0.0360
vt 17.6481 0.0360
vt -7.0529 0.0360
vt 17.6734 0.0360
vt 17.7049 0.0360
vt 17.7314 0.0360
vt -7.0272 0.0360
vt 17.7549 0.0360
vt -6.9990 0.0846
vt 17.7694 0.0846
vt -6.9761 0.0846
vt 17.7435 0.0846
vt -6.9525 0.0846
vt 17.7307 0.0846
vt 17.7038 0.0846
vt -6.9485 0.0846
vt 17.6747 0.0846
vt -6.9722 0.0846
vt -6.9990 0.0846
vt -7.0327 0.0846
vt 17.6456 0.0846
vt 17.6741 0.0846
vt 17.7038 0.0846
vt 17.7312 0.0846
vt -7.0288 0.0846
vt 17.7554 0.0846
vt -7.0001 0.1331
vt 17.7632 0.1331
vt -6.9781 0.1331
vt 17.7400 0.1331
vt -6.9512 0.1331
vt 17.7302 0.1331
vt 17.7020 0.1331
vt -6.9533 0.1331
vt 17.6751 0.1331
vt -6.9743 0.1331
vt -7.0001 0.1331
vt -7.0338 0.1331
vt 17.6436 0.1331
vt 17.6745 0.1331
vt 17.7020 0.1331
vt -7.0498 0.1331
vt 17.7307 0.1331
vt -7.0300 0.1331
vt 17.7539 0.1331
vt -7.0015 0.1817
vt -6.9797 0.1817
vt 17.7373 0.1817
vt -6.9503 0.1817
vt 17.7291 0.1817
vt 17.6995 0.1817
vt 17.6748 0.1817
vt -6.9760 0.1817
vt 17.6553 0.1817
vt -7.0015 0.1817
vt -7.0346 0.1817
vt 17.6423 0.1817
vt 17.6743 0.1817
vt 17.6995 0.1817
vt -7.0536 0.1817
vt 17.7296 0.1817
vt -7.0308 0.1817
vt 17.7503 0.1817
vt -7.0034 0.2302
vt -6.9811 0.2302
vt -6.9504 0.2302
vt 17.7270 0.2302
vt 17.6963 0.2302
vt 17.6735 0.2302
vt -6.9774 0.2302
vt 17.6512 0.2302
vt -7.0034 0.2302
vt -7.0350 0.2302
vt 17.6416 0.2302
vt 17.6730 0.2302
vt 17.6963 0.2302
vt -7.0573 0.2302
vt 17.7274 0.2302
vt -7.0313 0.2302
vt -7.0057 0.2787
vt -6.9823 0.2787
vt -6.9519 0.2787
vt 17.7235 0.2787
vt 17.6924 0.2787
vt 17.6709 0.2787
vt -6.9786 0.2787
vt 17.6454 0.2787
vt -7.0057 0.2787
vt -7.0354 0.2787
vt 17.6411 0.2787
vt 17.6704 0.2787
vt 17.6924 0.2787
vt -7.0604 0.2787
vt 17.7240 0.2787
vt -7.0317 0.2787
vt -7.0085 0.3273
vt -6.9920 0.3273
vt -6.9731 0.3273
vt 17.7082 0.3273
vt 17.6878 0.3273
vt 17.6739 0.3273
vt -6.9896 0.3273
vt 17.6552 0.3273
vt -7.0085 0.3273
vt -7.0267 0.3273
vt 17.6562 0.3273
vt 17.6736 0.3273
vt 17.6878 0.3273
vt -7.0444 0.3273
vt 17.7085 0.3273
vt -7.0243 0.3273
vt -7.0116 0.3758
vt -7.0034 0.3758
vt -6.9953 0.3758
vt 17.6918 0.3758
vt 17.6824 0.3758
vt 17.6757 0.3758
vt -7.0023 0.3758
vt 17.6662 0.3758
vt -7.0116 0.3758
vt -7.0196 0.3758
vt 17.6685 0.3758
vt 17.6756 0.3758
vt 17.6824 0.3758
vt -7.0282 0.3758
vt 17.6920 0.3758
vt -7.0185 0.3758
vt -7.0152 0.4244
vt -7.0125 0.4244
vt -7.0104 0.4244
vt 17.6791 0.4244
vt 17.6763 0.4244
vt 17.6742 0.4244
vt -7.0122 0.4244
vt 17.6711 0.4244
vt -7.0152 0.4244
vt -7.0175 0.4244
vt 17.6723 0.4244
vt 17.6741 0.4244
vt 17.6763 0.4244
vt -7.0201 0.4244
vt 17.6792 0.4244
vt -7.0172 0.4244
vt -7.0152 0.4369
vt 17.6763 0.4369
vt -6.9598 -0.0125
vt -6.9086 -0.0125
vt 6.2431 -0.0125
vt 6.2028 -0.0125
vt 6.1543 -0.0125
vt -6.8657 -0.0125
vt 6.1000 -0.0125
vt -6.9052 -0.0125
vt 6.0596 -0.0125
vt -6.9598 -0.0125
vt -7.0056 -0.0125
vt -7.0440 -0.0125
vt 6.1058 -0.0125
vt -7.0758 -0.0125
vt 6.1543 -0.0125
vt -7.0338 -0.0125
vt 6.1970 -0.0125
vt -7.0022 -0.0125
vt -6.9599 0.0327
vt -6.9116 0.0327
vt 6.2380 0.0327
vt 6.2000 0.0327
vt 6.1544 0.0327
vt -6.8633 0.0327
vt 6.0986 0.0327
vt -6.9082 0.0327
vt 6.0650 0.0327
vt -6.9599 0.0327
vt -7.0073 0.0327
vt -7.0466 0.0327
vt 6.1043 0.0327
vt -7.0697 0.0327
vt 6.1544 0.0327
vt -7.0289 0.0327
vt 6.1943 0.0327
vt -7.0039 0.0327
vt 6.2306 0.0327
vt -6.9600 0.0780
vt -6.9154 0.0780
vt 6.2321 0.0780
vt 6.1986 0.0780
vt 6.1548 0.0780
vt -6.8630 0.0780
vt 6.0988 0.0780
vt -6.9120 0.0780
vt -6.9600 0.0780
vt -7.0096 0.0780
vt 6.0688 0.0780
vt -7.0472 0.0780
vt 6.1044 0.0780
vt 6.1548 0.0780
vt -7.0262 0.0780
vt 6.1930 0.0780
vt -7.0063 0.0780
vt 6.2349 0.0780
vt -6.9602 0.1232
vt 6.2652 0.1232
vt -6.9192 0.1232
vt -6.8847 0.1232
vt 6.1989 0.1232
vt 6.1554 0.1232
vt -6.8652 0.1232
vt 6.1005 0.1232
vt -6.9160 0.1232
vt -6.9602 0.1232
vt -7.0121 0.1232
vt 6.0654 0.1232
vt -7.0456 0.1232
vt 6.1061 0.1232
vt 6.1554 0.1232
vt 6.1934 0.1232
vt -7.0088 0.1232
vt 6.2396 0.1232
vt -6.9604 0.1684
vt 6.2612 0.1684
vt -6.9227 0.1684
vt 6.2215 0.1684
vt -6.8833 0.1684
vt 6.2007 0.1684
vt 6.1562 0.1684
vt -6.8696 0.1684
vt 6.1037 0.1684
vt -6.9194 0.1684
vt -6.9604 0.1684
vt -7.0141 0.1684
vt 6.0631 0.1684
vt 6.1092 0.1684
vt 6.1562 0.1684
vt 6.1952 0.1684
vt -7.0109 0.1684
vt 6.2436 0.1684
vt -6.9607 0.2136
vt 6.2556 0.2136
vt -6.9252 0.2136
vt 6.2188 0.2136
vt -6.8805 0.2136
vt 6.2035 0.2136
vt 6.1572 0.2136
vt -6.8756 0.2136
vt 6.1081 0.2136
vt -6.9220 0.2136
vt -6.9607 0.2136
vt -7.0152 0.2136
vt 6.0628 0.2136
vt 6.1135 0.2136
vt 6.1572 0.2136
vt 6.1982 0.2136
vt -7.0121 0.2136
vt 6.2461 0.2136
vt -6.9611 0.2589
vt -6.9265 0.2589
vt 6.2185 0.2589
vt -6.8770 0.2589
vt 6.2070 0.2589
vt 6.1585 0.2589
vt -6.8824 0.2589
vt 6.1130 0.2589
vt -6.9233 0.2589
vt -6.9611 0.2589
vt -7.0152 0.2589
vt 6.0648 0.2589
vt 6.1183 0.2589
vt 6.1585 0.2589
vt 6.2017 0.2589
vt -7.0120 0.2589
vt 6.2467 0.2589
vt -6.9615 0.3041
vt -6.9333 0.3041
vt -6.8910 0.3041
vt 6.2007 0.3041
vt 6.1600 0.3041
vt 6.1600 -6.8869
vt -6.9029 0.3041
vt 6.1261 0.3041
vt 6.1261 -6.9029
vt -6.9308 0.3041
vt -6.9615 0.3041
vt -7.0037 0.3041
vt 6.0869 0.3041
vt 6.1303 0.3041
vt 6.1600 0.3041
vt 6.1965 0.3041
vt 6.1965 -7.0248
vt -7.0013 0.3041
vt 6.2288 0.3041
vt 6.2288 -7.0013
vt -6.9621 0.3493
vt -6.9494 0.3493
vt -6.9310 0.3493
vt 6.1797 0.3493
vt 6.1617 0.3493
vt 6.1617 -6.9318
vt 6.1481 0.3493
vt 6.1481 -6.9385
vt -6.9484 0.3493
vt 6.1381 0.3493
vt 6.1381 -6.9484
vt -6.9621 0.3493
vt -6.9792 0.3493
vt 6.1320 0.3493
vt 6.1499 0.3493
vt 6.1617 0.3493
vt -6.9901 0.3493
vt 6.1779 0.3493
vt 6.1779 -6.9901
vt -6.9782 0.3493
vt 6.1897 -6.9782
vt -6.9627 0.3946
vt -6.9604 0.3946
vt -6.9573 0.3946
vt 6.1668 0.3946
vt 6.1637 0.3946
vt 6.1615 0.3946
vt -6.9602 0.3946
vt 6.1595 0.3946
vt -6.9627 0.3946
vt -6.9654 0.3946
vt 6.1590 0.3946
vt 6.1618 0.3946
vt 6.1637 0.3946
vt -6.9675 0.3946
vt 6.1665 0.3946
vt -6.9652 0.3946
vt -6.9627 0.4071
vt 6.1637 0.4071
vt 0.1873 -0.0125
vt 0.2237 -0.0125
vt 14.8841 -0.0125
vt 0.2399 -0.0125
vt 14.8514 -0.0125
vt 0.2745 -0.0125
vt 14.8210 -0.0125
vt 0.2575 -0.0125
vt 14.7805 -0.0125
vt 0.2204 -0.0125
vt 0.1873 -0.0125
vt 0.1488 -0.0125
vt 0.1102 -0.0125
vt 14.7765 -0.0125
vt 14.8210 -0.0125
vt 14.8554 -0.0125
vt 0.1455 -0.0125
vt 14.8935 -0.0125
vt 0.1870 0.0529
vt 0.2213 0.0529
vt 14.8811 0.0529
vt 0.2421 0.0529
vt 14.8534 0.0529
vt 0.2752 0.0529
vt 14.8216 0.0529
vt 0.2523 0.0529
vt 14.7839 0.0529
vt 0.2181 0.0529
vt 0.1870 0.0529
vt 0.1479 0.0529
vt 14.7540 0.0529
vt 0.1150 0.0529
vt 14.7800 0.0529
vt 14.8216 0.0529
vt 14.8573 0.0529
vt 0.1447 0.0529
vt 14.8949 0.0529
vt 0.1862 0.1184
vt 0.2195 0.1184
vt 0.2442 0.1184
vt 14.8569 0.1184
vt 0.2733 0.1184
vt 14.8234 0.1184
vt 0.2461 0.1184
vt 14.7889 0.1184
vt 0.2163 0.1184
vt 0.1862 0.1184
vt 0.1476 0.1184
vt 14.7565 0.1184
vt 0.1197 0.1184
vt 14.7850 0.1184
vt 14.8234 0.1184
vt 14.8607 0.1184
vt 0.1444 0.1184
vt 14.8959 0.1184
vt 0.1849 0.1838
vt 0.2181 0.1838
vt 0.2455 0.1838
vt 14.8615 0.1838
vt 14.8264 0.1838
vt 0.2397 0.1838
vt 14.7948 0.1838
vt 0.2150 0.1838
vt 0.1849 0.1838
vt 0.1478 0.1838
vt 14.7621 0.1838
vt 14.7911 0.1838
vt 14.8264 0.1838
vt 0.1178 0.1838
vt 14.8652 0.1838
vt 0.1447 0.1838
vt 14.8962 0.1838
vt 0.1831 0.2493
vt 0.2171 0.2493
vt 0.2453 0.2493
vt 14.8666 0.2493
vt 14.8307 0.2493
vt 14.8014 0.2493
vt 0.2141 0.2493
vt 14.7770 0.2493
vt 0.1831 0.2493
vt 0.1483 0.2493
vt 14.7704 0.2493
vt 14.7978 0.2493
vt 14.8307 0.2493
vt 0.1145 0.2493
vt 14.8703 0.2493
vt 0.1452 0.2493
vt 14.8962 0.2493
vt 0.1807 0.3147
vt 0.2121 0.3147
vt 14.8905 0.3147
vt 0.2361 0.3147
vt 14.8681 0.3147
vt 14.8361 0.3147
vt 14.8114 0.3147
vt 0.2095 0.3147
vt 14.7863 0.3147
vt 0.1807 0.3147
vt 0.1523 0.3147
vt 14.7869 0.3147
vt 14.8083 0.3147
vt 14.8361 0.3147
vt 0.1198 0.3147
vt 14.8712 0.3147
vt 0.1497 0.3147
vt 0.1778 0.3801
vt 0.2011 0.3801
vt 14.8830 0.3801
vt 0.2163 0.3801
vt 14.8649 0.3801
vt 14.8427 0.3801
vt 14.8255 0.3801
vt 0.1992 0.3801
vt 14.8057 0.3801
vt 0.1778 0.3801
vt 14.7929 0.3801
vt 0.1594 0.3801
vt 0.1441 0.3801
vt 14.8233 0.3801
vt 14.8427 0.3801
vt 0.1356 0.3801
vt 14.8671 0.3801
vt 0.1576 0.3801
vt 0.1744 0.4456
vt 0.1896 0.4456
vt 14.8768 0.4456
vt 14.8639 0.4456
vt 14.8506 0.4456
vt 14.8395 0.4456
vt 0.1884 0.4456
vt 14.8263 0.4456
vt 0.1744 0.4456
vt 14.8206 0.4456
vt 0.1638 0.4456
vt 14.8321 0.4456
vt 0.1529 0.4456
vt 14.8381 0.4456
vt 14.8506 0.4456
vt 0.1490 0.4456
vt 14.8652 0.4456
vt 0.1626 0.4456
vt 0.1705 0.5110
vt 0.1783 0.5110
vt 14.8731 0.5110
vt 14.8659 0.5110
vt 14.8596 0.5110
vt 14.8537 0.5110
vt 0.1777 0.5110
vt 14.8471 0.5110
vt 0.1705 0.5110
vt 14.8453 0.5110
vt 0.1654 0.5110
vt 14.8508 0.5110
vt 0.1591 0.5110
vt 14.8530 0.5110
vt 14.8596 0.5110
vt 0.1584 0.5110
vt 14.8666 0.5110
vt 0.1649 0.5110
vt 0.1660 0.5764
vt 0.1691 0.5764
vt 14.8751 0.5764
vt 14.8721 0.5764
vt 14.8698 0.5764
vt 14.8674 0.5764
vt 0.1689 0.5764
vt 14.8649 0.5764
vt 0.1660 0.5764
vt 0.1641 0.5764
vt 14.8665 0.5764
vt 0.1613 0.5764
vt 14.8671 0.5764
vt 14.8698 0.5764
vt 0.1616 0.5764
vt 14.8724 0.5764
vt 0.1639 0.5764
vt 0.1660 0.5889
vt 14.8698 0.5889
vt -7.6221 -0.0125
vt -7.5682 -0.0125
vt -7.5148 -0.0125
vt 19.3704 -0.0125
vt 19.3085 -0.0125
vt 19.2597 -0.0125
vt -7.5708 -0.0125
vt 19.2197 -0.0125
vt -7.6221 -0.0125
vt -7.6722 -0.0125
vt 19.2217 -0.0125
vt -7.6949 -0.0125
vt 19.2664 -0.0125
vt -7.7389 -0.0125
vt 19.3085 -0.0125
vt -7.7178 -0.0125
vt 19.3637 -0.0125
vt -7.6748 -0.0125
vt -7.6218 0.0328
vt -7.5658 0.0328
vt 19.4055 0.0328
vt -7.5191 0.0328
vt 19.3678 0.0328
vt 19.3085 0.0328
vt 19.2587 0.0328
vt -7.5684 0.0328
vt 19.2160 0.0328
vt -7.6218 0.0328
vt -7.6683 0.0328
vt 19.2280 0.0328
vt -7.6966 0.0328
vt 19.2653 0.0328
vt -7.7427 0.0328
vt 19.3085 0.0328
vt -7.7131 0.0328
vt 19.3612 0.0328
vt -7.6709 0.0328
vt -7.6210 0.0781
vt -7.5639 0.0781
vt 19.4074 0.0781
vt -7.5246 0.0781
vt 19.3642 0.0781
vt 19.3086 0.0781
vt -7.5311 0.0781
vt 19.2567 0.0781
vt -7.5665 0.0781
vt 19.2143 0.0781
vt -7.6210 0.0781
vt -7.6649 0.0781
vt -7.6995 0.0781
vt 19.2632 0.0781
vt -7.7437 0.0781
vt 19.3086 0.0781
vt -7.7060 0.0781
vt 19.3577 0.0781
vt -7.6675 0.0781
vt -7.6195 0.1234
vt -7.5629 0.1234
vt 19.4068 0.1234
vt 19.3603 0.1234
vt 19.3088 0.1234
vt -7.5254 0.1234
vt 19.2544 0.1234
vt -7.5655 0.1234
vt 19.2151 0.1234
vt -7.6195 0.1234
vt -7.6624 0.1234
vt -7.7026 0.1234
vt 19.2608 0.1234
vt -7.7413 0.1234
vt 19.3088 0.1234
vt 19.3539 0.1234
vt -7.6650 0.1234
vt 19.3875 0.1234
vt -7.6176 0.1686
vt -7.5628 0.1686
vt 19.4039 0.1686
vt 19.3567 0.1686
vt 19.3090 0.1686
vt -7.5195 0.1686
vt 19.2524 0.1686
vt -7.5653 0.1686
vt -7.6176 0.1686
vt -7.6608 0.1686
vt -7.7047 0.1686
vt 19.2587 0.1686
vt -7.7355 0.1686
vt 19.3090 0.1686
vt -7.6892 0.1686
vt 19.3504 0.1686
vt -7.6633 0.1686
vt 19.3883 0.1686
vt -7.6150 0.2139
vt -7.5633 0.2139
vt 19.3989 0.2139
vt 19.3540 0.2139
vt 19.3093 0.2139
vt -7.5144 0.2139
vt 19.2513 0.2139
vt -7.5658 0.2139
vt -7.6150 0.2139
vt -7.6598 0.2139
vt -7.7049 0.2139
vt 19.2575 0.2139
vt -7.7268 0.2139
vt 19.3093 0.2139
vt -7.6816 0.2139
vt 19.3478 0.2139
vt -7.6623 0.2139
vt 19.3912 0.2139
vt -7.6119 0.2592
vt -7.5639 0.2592
vt 19.3928 0.2592
vt 19.3526 0.2592
vt 19.3097 0.2592
vt -7.5109 0.2592
vt 19.2514 0.2592
vt -7.5663 0.2592
vt -7.6119 0.2592
vt -7.6589 0.2592
vt -7.7023 0.2592
vt 19.2575 0.2592
vt -7.7161 0.2592
vt 19.3097 0.2592
vt -7.6755 0.2592
vt 19.3464 0.2592
vt -7.6614 0.2592
vt 19.3954 0.2592
vt -7.6082 0.3045
vt 19.3938 -7.6082
vt -7.5728 0.3045
vt 19.3715 0.3045
vt 19.3715 -7.5728
vt 19.3442 0.3045
vt 19.3102 0.3045
vt -7.5288 0.3045
vt 19.2643 0.3045
vt -7.5747 0.3045
vt -7.6082 0.3045
vt -7.6478 0.3045
vt 19.2416 -7.6478
vt -7.6793 0.3045
vt 19.2692 0.3045
vt 19.2692 -7.6793
vt 19.3102 0.3045
vt 19.3102 -7.6855
vt -7.6587 0.3045
vt 19.3394 0.3045
vt 19.3394 -7.6587
vt -7.6497 0.3045
vt 19.3821 0.3045
vt 19.3821 -7.6497
vt -7.6040 0.3498
vt 19.3448 -7.6040
vt -7.5900 0.3498
vt 19.3349 -7.5900
vt -7.5783 0.3498
vt 19.3255 0.3498
vt 19.3255 -7.5783
vt 19.3107 0.3498
vt -7.5715 0.3498
vt 19.2919 0.3498
vt -7.5908 0.3498
vt -7.6040 0.3498
vt -7.6215 0.3498
vt 19.2803 0.3498
vt 19.2803 -7.6215
vt 19.2940 0.3498
vt 19.2940 -7.6329
vt 19.3107 0.3498
vt 19.3107 -7.6347
vt 19.3235 0.3498
vt 19.3235 -7.6261
vt -7.6223 0.3498
vt 19.3425 0.3498
vt -7.5992 0.3951
vt -7.5970 0.3951
vt -7.5949 0.3951
vt 19.3138 0.3951
vt 19.3113 0.3951
vt -7.5942 0.3951
vt 19.3085 0.3951
vt -7.5972 0.3951
vt -7.5992 0.3951
vt -7.6020 0.3951
vt 19.3063 0.3951
vt 19.3088 0.3951
vt 19.3113 0.3951
vt 19.3135 0.3951
vt -7.6022 0.3951
vt 19.3165 0.3951
vt -7.5992 0.4076
vt 19.3113 0.4076
vt -6.4289 -0.0125
vt -6.3883 -0.0125
vt -6.3447 -0.0125
vt 7.1110 -0.0125
vt 7.0624 -0.0125
vt 7.0287 -0.0125
vt -6.3826 -0.0125
vt 6.9823 -0.0125
vt -6.4289 -0.0125
vt -6.4708 -0.0125
vt 6.9897 -0.0125
vt 7.0285 -0.0125
vt 7.0624 -0.0125
vt -6.5134 -0.0125
vt 7.1112 -0.0125
vt -6.4651 -0.0125
vt -6.4289 0.0347
vt -6.3867 0.0347
vt -6.3484 0.0347
vt 7.1094 0.0347
vt 7.0629 0.0347
vt 7.0283 0.0347
vt -6.3810 0.0347
vt 6.9801 0.0347
vt -6.4289 0.0347
vt -6.4679 0.0347
vt 6.9952 0.0347
vt 7.0281 0.0347
vt 7.0629 0.0347
vt -6.5096 0.0347
vt 7.1095 0.0347
vt -6.4623 0.0347
vt -6.4288 0.0819
vt -6.3858 0.0819
vt 7.1388 0.0819
vt -6.3534 0.0819
vt 7.1079 0.0819
vt 7.0644 0.0819
vt 7.0280 0.0819
vt -6.3803 0.0819
vt 6.9804 0.0819
vt -6.4288 0.0819
vt -6.4659 0.0819
vt 7.0002 0.0819
vt 7.0279 0.0819
vt 7.0644 0.0819
vt -6.5044 0.0819
vt 7.1081 0.0819
vt -6.4603 0.0819
vt 7.1190 0.0819
vt -6.4287 0.1291
vt 7.1533 0.1291
vt -6.3861 0.1291
vt 7.1407 0.1291
vt -6.3589 0.1291
vt 7.1072 0.1291
vt 7.0669 0.1291
vt 7.0285 0.1291
vt -6.3806 0.1291
vt 6.9837 0.1291
vt -6.4287 0.1291
vt -6.4649 0.1291
vt -6.4955 0.1291
vt 7.0283 0.1291
vt 7.0669 0.1291
vt -6.4987 0.1291
vt 7.1073 0.1291
vt -6.4594 0.1291
vt 7.1202 0.1291
vt -6.4285 0.1764
vt 7.1603 0.1764
vt -6.3874 0.1764
vt 7.1416 0.1764
vt 7.1076 0.1764
vt 7.0704 0.1764
vt 7.0302 0.1764
vt -6.3821 0.1764
vt 6.9899 0.1764
vt -6.4285 0.1764
vt -6.4650 0.1764
vt -6.4985 0.1764
vt 7.0300 0.1764
vt 7.0704 0.1764
vt -6.4932 0.1764
vt 7.1078 0.1764
vt -6.4597 0.1764
vt 7.1243 0.1764
vt -6.4283 0.2236
vt 7.1670 0.2236
vt -6.3896 0.2236
vt 7.1419 0.2236
vt 7.1097 0.2236
vt 7.0749 0.2236
vt -6.3566 0.2236
vt 7.0335 0.2236
vt -6.3844 0.2236
vt 6.9987 0.2236
vt -6.4283 0.2236
vt -6.4660 0.2236
vt -6.5003 0.2236
vt 7.0333 0.2236
vt 7.0749 0.2236
vt -6.4889 0.2236
vt 7.1099 0.2236
vt -6.4607 0.2236
vt 7.1310 0.2236
vt -6.4281 0.2708
vt 7.1727 0.2708
vt -6.3924 0.2708
vt 7.1423 0.2708
vt 7.1138 0.2708
vt 7.0804 0.2708
vt -6.3561 0.2708
vt 7.0388 0.2708
vt -6.3872 0.2708
vt 7.0095 0.2708
vt -6.4281 0.2708
vt -6.4675 0.2708
vt 7.0121 0.2708
vt -6.5004 0.2708
vt 7.0386 0.2708
vt 7.0804 0.2708
vt 7.1139 0.2708
vt -6.4623 0.2708
vt 7.1396 0.2708
vt -6.4278 0.3180
vt 7.1506 0.3180
vt -6.4048 0.3180
vt 7.1268 0.3180
vt -6.3874 0.3180
vt 7.1102 0.3180
vt 7.0869 0.3180
vt -6.3781 0.3180
vt 7.0582 0.3180
vt -6.4011 0.3180
vt -6.4278 0.3180
vt -6.4569 0.3180
vt 7.0366 0.3180
vt 7.0366 -6.4569
vt -6.4777 0.3180
vt 7.0581 0.3180
vt 7.0581 -6.4777
vt 7.0869 0.3180
vt 7.1103 0.3180
vt -6.4533 0.3180
vt 7.1309 0.3180
vt -6.4275 0.3652
vt 7.1215 0.3652
vt -6.4180 0.3652
vt 7.1108 0.3652
vt -6.4091 0.3652
vt 7.1050 0.3652
vt 7.0944 0.3652
vt -6.4064 0.3652
vt 7.0822 0.3652
vt -6.4165 0.3652
vt -6.4275 0.3652
vt -6.4409 0.3652
vt 7.0712 0.3652
vt 7.0821 0.3652
vt 7.0821 -6.4487
vt 7.0944 0.3652
vt 7.1050 0.3652
vt -6.4393 0.3652
vt 7.1148 0.3652
vt -6.4271 0.4124
vt 7.1085 0.4124
vt -6.4252 0.4124
vt 7.1063 0.4124
vt -6.4229 0.4124
vt 7.1053 0.4124
vt 7.1029 0.4124
vt -6.4228 0.4124
vt 7.1003 0.4124
vt -6.4248 0.4124
vt -6.4271 0.4124
vt -6.4302 0.4124
vt 7.0976 0.4124
vt 7.1003 0.4124
vt 7.1029 0.4124
vt 7.1053 0.4124
vt -6.4298 0.4124
vt 7.1075 0.4124
vt -6.4271 0.4249
vt 7.1029 0.4249
vt 6.5578 -0.0125
vt 19.8987 -0.0125
vt 6.5838 -0.0125
vt 6.6047 -0.0125
vt 19.8558 -0.0125
vt 19.8287 -0.0125
vt 6.6166 -0.0125
vt 19.7948 -0.0125
vt 6.5866 -0.0125
vt 6.5578 -0.0125
vt 6.5256 -0.0125
vt 19.7729 -0.0125
vt 19.7976 -0.0125
vt 19.8287 -0.0125
vt 19.8530 -0.0125
vt 6.5284 -0.0125
vt 19.8797 -0.0125
vt 6.5571 0.0504
vt 19.8958 0.0504
vt 6.5808 0.0504
vt 19.8698 0.0504
vt 6.6044 0.0504
vt 19.8561 0.0504
vt 19.8287 0.0504
vt 6.6134 0.0504
vt 19.7962 0.0504
vt 6.5836 0.0504
vt 6.5571 0.0504
vt 6.5237 0.0504
vt 19.7710 0.0504
vt 19.7990 0.0504
vt 19.8287 0.0504
vt 19.8533 0.0504
vt 6.5265 0.0504
vt 19.8816 0.0504
vt 6.5547 0.1134
vt 19.8916 0.1134
vt 6.5768 0.1134
vt 19.8669 0.1134
vt 6.6036 0.1134
vt 19.8569 0.1134
vt 19.8287 0.1134
vt 6.6075 0.1134
vt 19.7982 0.1134
vt 6.5795 0.1134
vt 6.5547 0.1134
vt 6.5209 0.1134
vt 19.7700 0.1134
vt 19.8010 0.1134
vt 19.8287 0.1134
vt 19.8542 0.1134
vt 6.5236 0.1134
vt 19.8826 0.1134
vt 6.5509 0.1763
vt 19.8868 0.1763
vt 6.5720 0.1763
vt 19.8653 0.1763
vt 6.6018 0.1763
vt 19.8580 0.1763
vt 19.8286 0.1763
vt 6.5995 0.1763
vt 19.8005 0.1763
vt 6.5747 0.1763
vt 6.5509 0.1763
vt 6.5172 0.1763
vt 19.7703 0.1763
vt 19.8032 0.1763
vt 19.8286 0.1763
vt 19.8553 0.1763
vt 6.5199 0.1763
vt 19.8822 0.1763
vt 6.5454 0.2392
vt 6.5665 0.2392
vt 19.8650 0.2392
vt 6.5984 0.2392
vt 19.8590 0.2392
vt 19.8285 0.2392
vt 6.5901 0.2392
vt 19.8027 0.2392
vt 6.5692 0.2392
vt 6.5454 0.2392
vt 6.5128 0.2392
vt 19.7720 0.2392
vt 19.8053 0.2392
vt 19.8285 0.2392
vt 6.4970 0.2392
vt 19.8564 0.2392
vt 6.5154 0.2392
vt 19.8804 0.2392
vt 6.5384 0.3021
vt 6.5587 0.3021
vt 6.5892 0.3021
vt 19.8576 0.3021
vt 19.8283 0.3021
vt 19.8060 0.3021
vt 6.5612 0.3021
vt 19.7890 0.3021
vt 6.5384 0.3021
vt 6.5095 0.3021
vt 19.7783 0.3021
vt 19.8084 0.3021
vt 19.8283 0.3021
vt 6.4919 0.3021
vt 19.8552 0.3021
vt 6.5119 0.3021
vt 19.8742 0.3021
vt 6.5299 0.3651
vt 6.5452 0.3651
vt 6.5665 0.3651
vt 19.8493 0.3651
vt 19.8281 0.3651
vt 19.8130 0.3651
vt 6.5469 0.3651
vt 19.7988 0.3651
vt 6.5299 0.3651
vt 6.5106 0.3651
vt 19.7947 0.3651
vt 6.5066 0.3651
vt 19.8147 0.3651
vt 19.8281 0.3651
vt 6.4963 0.3651
vt 19.8476 0.3651
vt 6.5123 0.3651
vt 6.5198 0.4280
vt 6.5302 0.4280
vt 6.5429 0.4280
vt 19.8412 0.4280
vt 19.8279 0.4280
vt 19.8184 0.4280
vt 6.5312 0.4280
vt 19.8082 0.4280
vt 6.5198 0.4280
vt 6.5084 0.4280
vt 19.8081 0.4280
vt 6.5052 0.4280
vt 19.8195 0.4280
vt 6.4963 0.4280
vt 19.8279 0.4280
vt 6.4986 0.4280
vt 19.8402 0.4280
vt 6.5095 0.4280
vt 6.5082 0.4909
vt 6.5139 0.4909
vt 6.5200 0.4909
vt 19.8345 0.4909
vt 19.8277 0.4909
vt 19.8226 0.4909
vt 6.5145 0.4909
vt 19.8168 0.4909
vt 6.5082 0.4909
vt 6.5026 0.4909
vt 19.8179 0.4909
vt 6.5003 0.4909
vt 19.8231 0.4909
vt 6.4952 0.4909
vt 19.8277 0.4909
vt 6.4974 0.4909
vt 19.8339 0.4909
vt 6.5032 0.4909
vt 6.4950 0.5539
vt 6.4977 0.5539
vt 6.5000 0.5539
vt 19.8303 0.5539
vt 19.8274 0.5539
vt 19.8250 0.5539
vt 6.4979 0.5539
vt 19.8224 0.5539
vt 6.4950 0.5539
vt 6.4927 0.5539
vt 19.8233 0.5539
vt 6.4913 0.5539
vt 19.8253 0.5539
vt 6.4891 0.5539
vt 19.8274 0.5539
vt 6.4905 0.5539
vt 19.8300 0.5539
vt 6.4929 0.5539
vt 6.4950 0.5664
vt 19.8274 0.5664
vt 2.0421 -0.0125
vt 2.0676 -0.0125
vt 6.6505 -0.0125
vt 2.0830 -0.0125
vt 6.6299 -0.0125
vt 2.1079 -0.0125
vt 6.6063 -0.0125
vt 2.0924 -0.0125
vt 6.5773 -0.0125
vt 2.0693 -0.0125
vt 2.0421 -0.0125
vt 2.0114 -0.0125
vt 6.5531 -0.0125
vt 1.9857 -0.0125
vt 6.5737 -0.0125
vt 6.6063 -0.0125
vt 6.6335 -0.0125
vt 2.0130 -0.0125
vt 6.6566 -0.0125
vt 2.0423 0.0364
vt 2.0663 0.0364
vt 2.0852 0.0364
vt 6.6311 0.0364
vt 2.1093 0.0364
vt 6.6063 0.0364
vt 2.0892 0.0364
vt 6.5792 0.0364
vt 2.0679 0.0364
vt 2.0423 0.0364
vt 2.0109 0.0364
vt 6.5521 0.0364
vt 1.9893 0.0364
vt 6.5757 0.0364
vt 6.6063 0.0364
vt 1.9933 0.0364
vt 6.6346 0.0364
vt 2.0126 0.0364
vt 6.6577 0.0364
vt 2.0428 0.0853
vt 2.0661 0.0853
vt 2.0881 0.0853
vt 6.6326 0.0853
vt 2.1094 0.0853
vt 6.6065 0.0853
vt 6.5815 0.0853
vt 2.0678 0.0853
vt 6.5632 0.0853
vt 2.0428 0.0853
vt 2.0116 0.0853
vt 6.5525 0.0853
vt 6.5781 0.0853
vt 6.6065 0.0853
vt 1.9915 0.0853
vt 6.6360 0.0853
vt 2.0132 0.0853
vt 6.6577 0.0853
vt 2.0437 0.1342
vt 2.0671 0.1342
vt 2.0913 0.1342
vt 6.6341 0.1342
vt 2.1084 0.1342
vt 6.6067 0.1342
vt 2.0832 0.1342
vt 6.5838 0.1342
vt 2.0687 0.1342
vt 6.5633 0.1342
vt 2.0437 0.1342
vt 2.0134 0.1342
vt 6.5543 0.1342
vt 6.5804 0.1342
vt 6.6067 0.1342
vt 1.9902 0.1342
vt 6.6375 0.1342
vt 2.0150 0.1342
vt 2.0449 0.1830
vt 2.0691 0.1830
vt 2.0941 0.1830
vt 6.6353 0.1830
vt 2.1064 0.1830
vt 6.6069 0.1830
vt 2.0816 0.1830
vt 6.5858 0.1830
vt 2.0707 0.1830
vt 6.5623 0.1830
vt 2.0449 0.1830
vt 2.0163 0.1830
vt 6.5573 0.1830
vt 6.5825 0.1830
vt 6.6069 0.1830
vt 1.9900 0.1830
vt 6.6387 0.1830
vt 2.0178 0.1830
vt 2.0465 0.2319
vt 2.0719 0.2319
vt 2.0961 0.2319
vt 6.6360 0.2319
vt 2.1038 0.2319
vt 6.6073 0.2319
vt 2.0813 0.2319
vt 6.5872 0.2319
vt 2.0734 0.2319
vt 6.5606 0.2319
vt 2.0465 0.2319
vt 2.0199 0.2319
vt 6.5612 0.2319
vt 6.5839 0.2319
vt 6.6073 0.2319
vt 1.9912 0.2319
vt 6.6392 0.2319
vt 2.0214 0.2319
vt 2.0484 0.2808
vt 2.0751 0.2808
vt 6.6540 0.2808
vt 2.0972 0.2808
vt 6.6359 0.2808
vt 6.6078 0.2808
vt 2.0828 0.2808
vt 6.5879 0.2808
vt 2.0766 0.2808
vt 6.5589 0.2808
vt 2.0484 0.2808
vt 2.0239 0.2808
vt 6.5653 0.2808
vt 6.5847 0.2808
vt 6.6078 0.2808
vt 1.9941 0.2808
vt 6.6391 0.2808
vt 2.0254 0.2808
vt 2.0507 0.3297
vt 2.0688 0.3297
vt 6.6397 0.3297
vt 2.0812 0.3297
vt 6.6259 0.3297
vt 6.6083 0.3297
vt 6.5951 0.3297
vt 2.0698 0.3297
vt 6.5752 0.3297
vt 2.0507 0.3297
vt 2.0360 0.3297
vt 2.0242 0.3297
vt 6.5930 0.3297
vt 6.6083 0.3297
vt 2.0167 0.3297
vt 6.6279 0.3297
vt 2.0369 0.3297
vt 2.0534 0.3786
vt 2.0623 0.3786
vt 6.6243 0.3786
vt 6.6168 0.3786
vt 6.6089 0.3786
vt 6.6022 0.3786
vt 2.0627 0.3786
vt 6.5927 0.3786
vt 2.0534 0.3786
vt 2.0467 0.3786
vt 2.0401 0.3786
vt 6.6013 0.3786
vt 6.6089 0.3786
vt 2.0379 0.3786
vt 6.6178 0.3786
vt 2.0471 0.3786
vt 2.0564 0.4275
vt 2.0593 0.4275
vt 6.6146 0.4275
vt 6.6120 0.4275
vt 6.6096 0.4275
vt 6.6073 0.4275
vt 2.0594 0.4275
vt 6.6043 0.4275
vt 2.0564 0.4275
vt 2.0543 0.4275
vt 2.0518 0.4275
vt 6.6070 0.4275
vt 6.6096 0.4275
vt 2.0517 0.4275
vt 6.6123 0.4275
vt 2.0544 0.4275
vt 2.0564 0.4400
vt 6.6096 0.4400
vt 1.1423 -0.0125
vt 1.1849 -0.0125
vt 1.2300 -0.0125
vt 12.0176 -0.0125
vt 11.9669 -0.0125
vt 11.9318 -0.0125
vt 1.1908 -0.0125
vt 11.8828 -0.0125
vt 1.1423 -0.0125
vt 1.0986 -0.0125
vt 11.8914 -0.0125
vt 11.9313 -0.0125
vt 11.9669 -0.0125
vt 1.0537 -0.0125
vt 12.0180 -0.0125
vt 1.1046 -0.0125
vt 1.1422 0.0386
vt 1.1864 0.0386
vt 1.2258 0.0386
vt 12.0151 0.0386
vt 11.9669 0.0386
vt 11.9307 0.0386
vt 1.1923 0.0386
vt 11.8800 0.0386
vt 1.1422 0.0386
vt 1.1016 0.0386
vt 11.8965 0.0386
vt 11.9303 0.0386
vt 11.9669 0.0386
vt 1.0578 0.0386
vt 12.0156 0.0386
vt 1.1074 0.0386
vt 1.1419 0.0896
vt 1.1869 0.0896
vt 12.0445 0.0896
vt 1.2201 0.0896
vt 12.0117 0.0896
vt 11.9666 0.0896
vt 11.9287 0.0896
vt 1.1927 0.0896
vt 11.8788 0.0896
vt 1.1419 0.0896
vt 1.1034 0.0896
vt 11.8999 0.0896
vt 11.9282 0.0896
vt 11.9666 0.0896
vt 1.0631 0.0896
vt 12.0122 0.0896
vt 1.1092 0.0896
vt 12.0234 0.0896
vt 1.1416 0.1407
vt 12.0565 0.1407
vt 1.1860 0.1407
vt 12.0432 0.1407
vt 1.2137 0.1407
vt 12.0079 0.1407
vt 11.9662 0.1407
vt 11.9262 0.1407
vt 1.1917 0.1407
vt 11.8794 0.1407
vt 1.1416 0.1407
vt 1.1039 0.1407
vt 1.0715 0.1407
vt 11.9258 0.1407
vt 11.9662 0.1407
vt 1.0687 0.1407
vt 12.0083 0.1407
vt 1.1096 0.1407
vt 12.0216 0.1407
vt 1.1410 0.1918
vt 12.0594 0.1918
vt 1.1838 0.1918
vt 12.0397 0.1918
vt 12.0041 0.1918
vt 11.9656 0.1918
vt 11.9238 0.1918
vt 1.1894 0.1918
vt 11.8819 0.1918
vt 1.1410 0.1918
vt 1.1031 0.1918
vt 1.0678 0.1918
vt 11.9234 0.1918
vt 11.9656 0.1918
vt 1.0737 0.1918
vt 12.0045 0.1918
vt 1.1086 0.1918
vt 12.0217 0.1918
vt 1.1403 0.2428
vt 12.0607 0.2428
vt 1.1805 0.2428
vt 12.0344 0.2428
vt 12.0009 0.2428
vt 11.9649 0.2428
vt 1.2147 0.2428
vt 11.9219 0.2428
vt 1.1860 0.2428
vt 11.8858 0.2428
vt 1.1403 0.2428
vt 1.1011 0.2428
vt 1.0652 0.2428
vt 11.9215 0.2428
vt 11.9649 0.2428
vt 1.0773 0.2428
vt 12.0013 0.2428
vt 1.1066 0.2428
vt 12.0233 0.2428
vt 1.1395 0.2939
vt 12.0550 0.2939
vt 1.1747 0.2939
vt 12.0249 0.2939
vt 11.9968 0.2939
vt 11.9640 0.2939
vt 1.2103 0.2939
vt 11.9231 0.2939
vt 1.1798 0.2939
vt 11.8942 0.2939
vt 1.1395 0.2939
vt 1.1006 0.2939
vt 11.8966 0.2939
vt 1.0680 0.2939
vt 11.9227 0.2939
vt 11.9640 0.2939
vt 11.9971 0.2939
vt 1.1057 0.2939
vt 12.0225 0.2939
vt 1.1385 0.3449
vt 12.0168 0.3449
vt 1.1580 0.3449
vt 11.9967 0.3449
vt 1.1726 0.3449
vt 11.9826 0.3449
vt 11.9629 0.3449
vt 1.1804 0.3449
vt 11.9387 0.3449
vt 1.1611 0.3449
vt 1.1385 0.3449
vt 1.1138 0.3449
vt 11.9202 0.3449
vt 1.0962 0.3449
vt 11.9385 0.3449
vt 11.9629 0.3449
vt 11.9828 0.3449
vt 1.1169 0.3449
vt 12.0003 0.3449
vt 1.1373 0.3960
vt 11.9852 0.3960
vt 1.1455 0.3960
vt 11.9759 0.3960
vt 1.1533 0.3960
vt 11.9709 0.3960
vt 11.9617 0.3960
vt 1.1556 0.3960
vt 11.9511 0.3960
vt 1.1469 0.3960
vt 1.1373 0.3960
vt 1.1257 0.3960
vt 11.9415 0.3960
vt 11.9510 0.3960
vt 11.9617 0.3960
vt 11.9710 0.3960
vt 1.1271 0.3960
vt 11.9794 0.3960
vt 1.1360 0.4471
vt 11.9659 0.4471
vt 1.1380 0.4471
vt 11.9637 0.4471
vt 1.1403 0.4471
vt 11.9627 0.4471
vt 11.9603 0.4471
vt 1.1404 0.4471
vt 11.9577 0.4471
vt 1.1384 0.4471
vt 1.1360 0.4471
vt 1.1330 0.4471
vt 11.9550 0.4471
vt 11.9577 0.4471
vt 11.9603 0.4471
vt 11.9627 0.4471
vt 1.1334 0.4471
vt 11.9649 0.4471
vt 1.1360 0.4596
vt 11.9603 0.4596
vt 6.1642 -0.0125
vt 6.2123 -0.0125
vt 19.8275 -0.0125
vt 19.7849 -0.0125
vt 19.7442 -0.0125
vt 19.7090 -0.0125
vt 6.2110 -0.0125
vt 19.6630 -0.0125
vt 6.1642 -0.0125
vt 6.1309 -0.0125
vt 6.0938 -0.0125
vt 19.7035 -0.0125
vt 19.7442 -0.0125
vt 6.0841 -0.0125
vt 19.7904 -0.0125
vt 6.1297 -0.0125
vt 6.1638 0.0335
vt 6.2120 0.0335
vt 19.8275 0.0335
vt 19.7815 0.0335
vt 19.7439 0.0335
vt 19.7068 0.0335
vt 6.2108 0.0335
vt 19.6625 0.0335
vt 6.1638 0.0335
vt 6.1319 0.0335
vt 6.0901 0.0335
vt 19.7014 0.0335
vt 19.7439 0.0335
vt 6.0892 0.0335
vt 19.7869 0.0335
vt 6.1306 0.0335
vt 6.1626 0.0795
vt 6.2098 0.0795
vt 19.8249 0.0795
vt 19.7776 0.0795
vt 19.7431 0.0795
vt 19.7039 0.0795
vt 6.2086 0.0795
vt 19.6634 0.0795
vt 6.1626 0.0795
vt 6.1308 0.0795
vt 6.0855 0.0795
vt 19.6986 0.0795
vt 19.7431 0.0795
vt 6.0936 0.0795
vt 19.7829 0.0795
vt 6.1296 0.0795
vt 6.1606 0.1255
vt 6.2058 0.1255
vt 19.8200 0.1255
vt 19.7736 0.1255
vt 19.7418 0.1255
vt 6.2312 0.1255
vt 19.7010 0.1255
vt 6.2046 0.1255
vt 19.6657 0.1255
vt 6.1606 0.1255
vt 6.1280 0.1255
vt 6.0809 0.1255
vt 19.6958 0.1255
vt 19.7418 0.1255
vt 6.0964 0.1255
vt 19.7789 0.1255
vt 6.1268 0.1255
vt 6.1579 0.1715
vt 6.2002 0.1715
vt 19.8133 0.1715
vt 6.2098 0.1715
vt 19.7700 0.1715
vt 19.7400 0.1715
vt 6.2298 0.1715
vt 19.6985 0.1715
vt 6.1990 0.1715
vt 19.6687 0.1715
vt 6.1579 0.1715
vt 6.1235 0.1715
vt 6.0770 0.1715
vt 19.6933 0.1715
vt 19.7400 0.1715
vt 19.7751 0.1715
vt 6.1224 0.1715
vt 19.8015 0.1715
vt 6.1543 0.2175
vt 6.1935 0.2175
vt 19.8055 0.2175
vt 6.2049 0.2175
vt 19.7669 0.2175
vt 6.2369 0.2175
vt 19.7376 0.2175
vt 6.2256 0.2175
vt 19.6965 0.2175
vt 6.1923 0.2175
vt 6.1543 0.2175
vt 6.1180 0.2175
vt 6.0742 0.2175
vt 19.6914 0.2175
vt 19.7376 0.2175
vt 19.7720 0.2175
vt 6.1169 0.2175
vt 19.8025 0.2175
vt 6.1500 0.2635
vt 6.1862 0.2635
vt 19.7976 0.2635
vt 6.2012 0.2635
vt 19.7643 0.2635
vt 6.2359 0.2635
vt 19.7348 0.2635
vt 6.2188 0.2635
vt 19.6950 0.2635
vt 6.1851 0.2635
vt 6.1500 0.2635
vt 6.1119 0.2635
vt 6.0725 0.2635
vt 19.6900 0.2635
vt 19.7348 0.2635
vt 19.7693 0.2635
vt 6.1108 0.2635
vt 19.8026 0.2635
vt 6.1448 0.3095
vt 6.1708 0.3095
vt 19.7763 0.3095
vt 19.7763 6.1708
vt 6.1856 0.3095
vt 19.7549 0.3095
vt 6.2121 0.3095
vt 19.7314 0.3095
vt 6.1943 0.3095
vt 19.7028 0.3095
vt 6.1699 0.3095
vt 6.1448 0.3095
vt 6.1149 0.3095
vt 6.0888 0.3095
vt 19.6990 0.3095
vt 19.7314 0.3095
vt 19.7587 0.3095
vt 6.1140 0.3095
vt 19.7847 0.3095
vt 6.1389 0.3555
vt 6.1499 0.3555
vt 19.7465 0.3555
vt 19.7465 6.1499
vt 19.7384 0.3555
vt 19.7384 6.1579
vt 6.1687 0.3555
vt 19.7275 0.3555
vt 6.1591 0.3555
vt 19.7158 0.3555
vt 6.1495 0.3555
vt 6.1389 0.3555
vt 6.1256 0.3555
vt 19.7044 0.3555
vt 6.1159 0.3555
vt 19.7141 0.3555
vt 19.7275 0.3555
vt 19.7401 0.3555
vt 6.1252 0.3555
vt 19.7511 0.3555
vt 6.1322 0.4015
vt 6.1345 0.4015
vt 6.1364 0.4015
vt 19.7254 0.4015
vt 19.7230 0.4015
vt 6.1361 0.4015
vt 19.7208 0.4015
vt 6.1344 0.4015
vt 6.1322 0.4015
vt 6.1295 0.4015
vt 19.7183 0.4015
vt 6.1277 0.4015
vt 19.7204 0.4015
vt 19.7230 0.4015
vt 19.7258 0.4015
vt 6.1294 0.4015
vt 19.7279 0.4015
vt 6.1322 0.4140
vt 19.7230 0.4140
vt 2.6282 -0.0125
vt 2.6610 -0.0125
vt 2.7105 -0.0125
vt 4.7288 -0.0125
vt 4.6814 -0.0125
vt 2.6952 -0.0125
vt 4.6427 -0.0125
vt 2.6657 -0.0125
vt 2.6282 -0.0125
vt 2.5781 -0.0125
vt 4.5945 -0.0125
vt 4.6460 -0.0125
vt 4.6814 -0.0125
vt 2.5517 -0.0125
vt 4.7256 -0.0125
vt 2.5828 -0.0125
vt 4.7600 -0.0125
vt 2.6284 0.0456
vt 2.6624 0.0456
vt 2.7126 0.0456
vt 4.7295 0.0456
vt 4.6809 0.0456
vt 4.6449 0.0456
vt 2.6670 0.0456
vt 4.6141 0.0456
vt 2.6284 0.0456
vt 2.5810 0.0456
vt 4.5987 0.0456
vt 4.6481 0.0456
vt 4.6809 0.0456
vt 2.5498 0.0456
vt 4.7262 0.0456
vt 2.5857 0.0456
vt 4.7550 0.0456
vt 2.6290 0.1036
vt 2.6647 0.1036
vt 2.7134 0.1036
vt 4.7280 0.1036
vt 4.6793 0.1036
vt 4.6450 0.1036
vt 2.6693 0.1036
vt 4.6095 0.1036
vt 2.6290 0.1036
vt 2.5849 0.1036
vt 4.6029 0.1036
vt 2.5751 0.1036
vt 4.6482 0.1036
vt 4.6793 0.1036
vt 2.5501 0.1036
vt 4.7248 0.1036
vt 2.5895 0.1036
vt 2.6300 0.1617
vt 2.6676 0.1617
vt 2.7125 0.1617
vt 4.7243 0.1617
vt 4.6767 0.1617
vt 4.6429 0.1617
vt 2.6721 0.1617
vt 4.6037 0.1617
vt 2.6300 0.1617
vt 2.5893 0.1617
vt 4.6062 0.1617
vt 2.5769 0.1617
vt 4.6460 0.1617
vt 2.5449 0.1617
vt 4.6767 0.1617
vt 2.5528 0.1617
vt 4.7212 0.1617
vt 2.5938 0.1617
vt 2.6313 0.2197
vt 2.6705 0.2197
vt 2.7102 0.2197
vt 4.7185 0.2197
vt 4.6730 0.2197
vt 4.6387 0.2197
vt 2.6748 0.2197
vt 4.5976 0.2197
vt 2.6313 0.2197
vt 2.5937 0.2197
vt 4.6078 0.2197
vt 2.5771 0.2197
vt 4.6417 0.2197
vt 2.5434 0.2197
vt 4.6730 0.2197
vt 2.5578 0.2197
vt 4.7155 0.2197
vt 2.5980 0.2197
vt 2.6331 0.2778
vt 2.6729 0.2778
vt 4.7373 0.2778
vt 2.7069 0.2778
vt 4.7109 0.2778
vt 4.6683 0.2778
vt 4.6326 0.2778
vt 2.6772 0.2778
vt 4.5918 0.2778
vt 2.6331 0.2778
vt 2.5976 0.2778
vt 4.6069 0.2778
vt 4.6356 0.2778
vt 2.5439 0.2778
vt 4.6683 0.2778
vt 2.5644 0.2778
vt 4.7079 0.2778
vt 2.6019 0.2778
vt 2.6352 0.3359
vt 2.6645 0.3359
vt 4.7132 0.3359
vt 2.6857 0.3359
vt 4.6917 0.3359
vt 4.6625 0.3359
vt 4.6348 0.3359
vt 2.6676 0.3359
vt 4.6064 0.3359
vt 2.6352 0.3359
vt 2.6097 0.3359
vt 2.5910 0.3359
vt 4.6370 0.3359
vt 4.6625 0.3359
vt 2.5884 0.3359
vt 4.6895 0.3359
vt 2.6129 0.3359
vt 2.6377 0.3939
vt 2.6552 0.3939
vt 4.6860 0.3939
vt 4.6723 0.3939
vt 4.6557 0.3939
vt 2.6686 0.3939
vt 4.6379 0.3939
vt 2.6570 0.3939
vt 4.6222 0.3939
vt 2.6377 0.3939
vt 2.6220 0.3939
vt 2.6090 0.3939
vt 4.6392 0.3939
vt 4.6557 0.3939
vt 2.6111 0.3939
vt 4.6710 0.3939
vt 2.6239 0.3939
vt 2.6406 0.4520
vt 2.6485 0.4520
vt 4.6616 0.4520
vt 4.6553 0.4520
vt 4.6479 0.4520
vt 2.6559 0.4520
vt 4.6390 0.4520
vt 2.6494 0.4520
vt 4.6326 0.4520
vt 2.6406 0.4520
vt 2.6328 0.4520
vt 2.6264 0.4520
vt 4.6396 0.4520
vt 4.6479 0.4520
vt 4.6547 0.4520
vt 2.6337 0.4520
vt 4.6597 0.4520
vt 2.6439 0.5101
vt 2.6462 0.5101
vt 4.6431 0.5101
vt 4.6413 0.5101
vt 4.6389 0.5101
vt 2.6488 0.5101
vt 4.6361 0.5101
vt 2.6465 0.5101
vt 2.6439 0.5101
vt 2.6412 0.5101
vt 2.6392 0.5101
vt 4.6363 0.5101
vt 4.6389 0.5101
vt 4.6411 0.5101
vt 2.6415 0.5101
vt 4.6430 0.5101
vt 2.6439 0.5226
vt 4.6389 0.5226
vt 0.5495 -0.0125
vt 0.5966 -0.0125
vt 0.6464 -0.0125
vt 14.8858 -0.0125
vt 14.8299 -0.0125
vt 14.7868 -0.0125
vt 0.5971 -0.0125
vt 14.7475 -0.0125
vt 0.5495 -0.0125
vt 0.5040 -0.0125
vt 14.7511 -0.0125
vt 0.4861 -0.0125
vt 14.7932 -0.0125
vt 0.4438 -0.0125
vt 14.8299 -0.0125
vt 0.4637 -0.0125
vt 14.8794 -0.0125
vt 0.5045 -0.0125
vt 0.5493 0.0542
vt 0.5977 0.0542
vt 0.6410 0.0542
vt 14.8828 0.0542
vt 14.8298 0.0542
vt 14.7859 0.0542
vt 0.5982 0.0542
vt 14.7451 0.0542
vt 0.5493 0.0542
vt 0.5071 0.0542
vt 14.7569 0.0542
vt 0.4841 0.0542
vt 14.7922 0.0542
vt 0.4411 0.0542
vt 14.8298 0.0542
vt 0.4684 0.0542
vt 14.8765 0.0542
vt 0.5076 0.0542
vt 0.5486 0.1209
vt 0.5973 0.1209
vt 14.9142 0.1209
vt 0.6338 0.1209
vt 14.8789 0.1209
vt 14.8298 0.1209
vt 14.7842 0.1209
vt 0.5978 0.1209
vt 14.7445 0.1209
vt 0.5486 0.1209
vt 0.5087 0.1209
vt 14.7607 0.1209
vt 0.4802 0.1209
vt 14.7903 0.1209
vt 0.4400 0.1209
vt 14.8298 0.1209
vt 0.4740 0.1209
vt 14.8728 0.1209
vt 0.5091 0.1209
vt 0.5473 0.1876
vt 0.5951 0.1876
vt 14.9124 0.1876
vt 0.6257 0.1876
vt 14.8749 0.1876
vt 14.8296 0.1876
vt 0.6295 0.1876
vt 14.7822 0.1876
vt 0.5956 0.1876
vt 14.7461 0.1876
vt 0.5473 0.1876
vt 0.5084 0.1876
vt 0.4755 0.1876
vt 14.7882 0.1876
vt 0.4410 0.1876
vt 14.8296 0.1876
vt 0.4793 0.1876
vt 14.8689 0.1876
vt 0.5089 0.1876
vt 0.5456 0.2543
vt 0.5912 0.2543
vt 14.9084 0.2543
vt 14.8711 0.2543
vt 14.8294 0.2543
vt 0.6304 0.2543
vt 14.7805 0.2543
vt 0.5917 0.2543
vt 14.7497 0.2543
vt 0.5456 0.2543
vt 0.5065 0.2543
vt 0.4710 0.2543
vt 14.7864 0.2543
vt 0.4439 0.2543
vt 14.8294 0.2543
vt 0.4836 0.2543
vt 14.8652 0.2543
vt 0.5069 0.2543
vt 14.8965 0.2543
vt 0.5435 0.3210
vt 0.5803 0.3210
vt 14.8930 0.3210
vt 14.8629 0.3210
vt 14.8292 0.3210
vt 0.6179 0.3210
vt 14.7862 0.3210
vt 0.5806 0.3210
vt 0.5435 0.3210
vt 0.5085 0.3210
vt 0.4776 0.3210
vt 14.7912 0.3210
vt 0.4609 0.3210
vt 14.8292 0.3210
vt 0.4936 0.3210
vt 14.8580 0.3210
vt 0.5089 0.3210
vt 14.8891 0.3210
vt 0.5408 0.3877
vt 0.5647 0.3877
vt 14.8703 0.3877
vt 14.8518 0.3877
vt 14.8289 0.3877
vt 0.5931 0.3877
vt 14.7987 0.3877
vt 0.5649 0.3877
vt 0.5408 0.3877
vt 0.5151 0.3877
vt 14.7843 0.3877
vt 0.4945 0.3877
vt 14.8022 0.3877
vt 0.4869 0.3877
vt 14.8289 0.3877
vt 0.5071 0.3877
vt 14.8484 0.3877
vt 0.5153 0.3877
vt 14.8731 0.3877
vt 0.5377 0.4544
vt 0.5513 0.4544
vt 0.5622 0.4544
vt 14.8427 0.4544
vt 14.8286 0.4544
vt 0.5693 0.4544
vt 14.8103 0.4544
vt 0.5514 0.4544
vt 0.5377 0.4544
vt 0.5210 0.4544
vt 14.7996 0.4544
vt 0.5097 0.4544
vt 14.8124 0.4544
vt 14.8286 0.4544
vt 0.5168 0.4544
vt 14.8406 0.4544
vt 0.5211 0.4544
vt 14.8573 0.4544
vt 0.5340 0.5211
vt 0.5402 0.5211
vt 0.5463 0.5211
vt 14.8353 0.5211
vt 14.8282 0.5211
vt 0.5488 0.5211
vt 14.8197 0.5211
vt 0.5403 0.5211
vt 0.5340 0.5211
vt 0.5256 0.5211
vt 14.8136 0.5211
vt 14.8207 0.5211
vt 14.8282 0.5211
vt 14.8343 0.5211
vt 0.5257 0.5211
vt 14.8427 0.5211
vt 0.5299 0.5877
vt 0.5319 0.5877
vt 0.5344 0.5877
vt 14.8303 0.5877
vt 14.8278 0.5877
vt 0.5347 0.5877
vt 14.8250 0.5877
vt 0.5320 0.5877
vt 0.5299 0.5877
vt 0.5269 0.5877
vt 14.8226 0.5877
vt 14.8253 0.5877
vt 14.8278 0.5877
vt 14.8300 0.5877
vt 0.5270 0.5877
vt 14.8329 0.5877
vt 0.5299 0.6002
vt 14.8278 0.6002
vt -5.9350 -0.0125
vt -5.8973 -0.0125
vt -5.8487 -0.0125
vt 18.7991 -0.0125
vt -5.8297 -0.0125
vt 18.7493 -0.0125
vt 18.7104 -0.0125
vt -5.8915 -0.0125
vt 18.6740 -0.0125
vt -5.9350 -0.0125
vt -5.9884 -0.0125
vt 18.6567 -0.0125
vt 18.7080 -0.0125
vt 18.7493 -0.0125
vt -6.0254 -0.0125
vt 18.8015 -0.0125
vt -5.9826 -0.0125
vt -5.9351 0.0472
vt -5.8960 0.0472
vt -5.8468 0.0472
vt 18.8004 0.0472
vt -5.8361 0.0472
vt 18.7494 0.0472
vt -5.8725 0.0472
vt 18.7133 0.0472
vt -5.8903 0.0472
vt 18.6719 0.0472
vt -5.9351 0.0472
vt -5.9854 0.0472
vt 18.6623 0.0472
vt 18.7110 0.0472
vt 18.7494 0.0472
vt -6.0273 0.0472
vt 18.8027 0.0472
vt -5.9796 0.0472
vt -5.9353 0.1068
vt -5.8943 0.1068
vt -5.8472 0.1068
vt 18.8008 0.1068
vt 18.7499 0.1068
vt -5.8755 0.1068
vt 18.7154 0.1068
vt -5.8886 0.1068
vt 18.6691 0.1068
vt -5.9353 0.1068
vt -5.9819 0.1068
vt 18.6692 0.1068
vt 18.7131 0.1068
vt 18.7499 0.1068
vt -6.0274 0.1068
vt 18.8031 0.1068
vt -5.9763 0.1068
vt -5.9358 0.1665
vt -5.8927 0.1665
vt -5.8500 0.1665
vt 18.8003 0.1665
vt 18.7508 0.1665
vt 18.7166 0.1665
vt -5.8872 0.1665
vt 18.6666 0.1665
vt -5.9358 0.1665
vt -5.9787 0.1665
vt 18.6765 0.1665
vt 18.7143 0.1665
vt 18.7508 0.1665
vt -6.0254 0.1665
vt 18.8025 0.1665
vt -5.9731 0.1665
vt -5.9364 0.2262
vt -5.8919 0.2262
vt 18.8291 0.2262
vt -5.8550 0.2262
vt 18.7989 0.2262
vt 18.7519 0.2262
vt 18.7169 0.2262
vt -5.8864 0.2262
vt 18.6654 0.2262
vt -5.9364 0.2262
vt -5.9761 0.2262
vt 18.6832 0.2262
vt 18.7147 0.2262
vt 18.7519 0.2262
vt -6.0217 0.2262
vt 18.8011 0.2262
vt -5.9707 0.2262
vt -5.9372 0.2858
vt -5.8921 0.2858
vt 18.8315 0.2858
vt -5.8615 0.2858
vt 18.7971 0.2858
vt 18.7534 0.2858
vt 18.7168 0.2858
vt -5.8868 0.2858
vt 18.6661 0.2858
vt -5.9372 0.2858
vt -5.9747 0.2858
vt -6.0045 0.2858
vt 18.7146 0.2858
vt 18.7534 0.2858
vt -6.0167 0.2858
vt 18.7993 0.2858
vt -5.9694 0.2858
vt 18.8091 0.2858
vt -5.9382 0.3455
vt 18.8178 0.3455
vt -5.9067 0.3455
vt 18.8098 0.3455
vt 18.7837 0.3455
vt 18.7552 0.3455
vt 18.7279 0.3455
vt -5.9030 0.3455
vt 18.6943 0.3455
vt -5.9382 0.3455
vt -5.9640 0.3455
vt -5.9882 0.3455
vt 18.7264 0.3455
vt 18.7552 0.3455
vt -5.9902 0.3455
vt 18.7852 0.3455
vt -5.9604 0.3455
vt 18.7935 0.3455
vt -5.9394 0.4052
vt 18.7973 0.4052
vt -5.9207 0.4052
vt 18.7897 0.4052
vt 18.7735 0.4052
vt 18.7574 0.4052
vt 18.7398 0.4052
vt -5.9185 0.4052
vt 18.7212 0.4052
vt -5.9394 0.4052
vt -5.9554 0.4052
vt -5.9715 0.4052
vt 18.7389 0.4052
vt 18.7574 0.4052
vt -5.9689 0.4052
vt 18.7744 0.4052
vt -5.9532 0.4052
vt 18.7812 0.4052
vt -5.9408 0.4648
vt 18.7793 0.4648
vt -5.9324 0.4648
vt 18.7744 0.4648
vt 18.7670 0.4648
vt 18.7599 0.4648
vt 18.7512 0.4648
vt -5.9314 0.4648
vt 18.7435 0.4648
vt -5.9408 0.4648
vt -5.9486 0.4648
vt -5.9565 0.4648
vt 18.7508 0.4648
vt 18.7599 0.4648
vt -5.9540 0.4648
vt 18.7675 0.4648
vt -5.9476 0.4648
vt 18.7717 0.4648
vt -5.9423 0.5245
vt 18.7688 0.5245
vt -5.9399 0.5245
vt 18.7669 0.5245
vt 18.7648 0.5245
vt 18.7627 0.5245
vt 18.7599 0.5245
vt -5.9396 0.5245
vt 18.7579 0.5245
vt -5.9423 0.5245
vt -5.9449 0.5245
vt -5.9472 0.5245
vt 18.7598 0.5245
vt 18.7627 0.5245
vt -5.9463 0.5245
vt 18.7649 0.5245
vt -5.9446 0.5245
vt -5.9423 0.5370
vt 18.7627 0.5370
vt 1.0220 -0.0125
vt 1.0653 -0.0125
vt 1.1050 -0.0125
vt 13.5317 -0.0125
vt 1.1132 -0.0125
vt 13.4838 -0.0125
vt 1.0794 -0.0125
vt 13.4506 -0.0125
vt 1.0685 -0.0125
vt 13.4033 -0.0125
vt 1.0220 -0.0125
vt 0.9792 -0.0125
vt 13.4097 -0.0125
vt 13.4456 -0.0125
vt 13.4838 -0.0125
vt 0.9304 -0.0125
vt 13.5367 -0.0125
vt 0.9824 -0.0125
vt 1.0220 0.0471
vt 1.0671 0.0471
vt 13.5622 0.0471
vt 1.1020 0.0471
vt 13.5302 0.0471
vt 13.4840 0.0471
vt 1.0797 0.0471
vt 13.4507 0.0471
vt 1.0703 0.0471
vt 13.4004 0.0471
vt 1.0220 0.0471
vt 0.9827 0.0471
vt 13.4159 0.0471
vt 13.4457 0.0471
vt 13.4840 0.0471
vt 0.9334 0.0471
vt 13.5351 0.0471
vt 0.9858 0.0471
vt 1.0219 0.1066
vt 1.0682 0.1066
vt 13.5648 0.1066
vt 1.0972 0.1066
vt 13.5280 0.1066
vt 13.4845 0.1066
vt 13.4500 0.1066
vt 1.0713 0.1066
vt 13.3989 0.1066
vt 1.0219 0.1066
vt 0.9854 0.1066
vt 0.9537 0.1066
vt 13.4452 0.1066
vt 13.4845 0.1066
vt 0.9381 0.1066
vt 13.5329 0.1066
vt 0.9884 0.1066
vt 1.0217 0.1662
vt 1.0682 0.1662
vt 13.5659 0.1662
vt 13.5256 0.1662
vt 13.4854 0.1662
vt 13.4491 0.1662
vt 1.0712 0.1662
vt 13.3997 0.1662
vt 1.0217 0.1662
vt 0.9869 0.1662
vt 0.9506 0.1662
vt 13.4444 0.1662
vt 13.4854 0.1662
vt 0.9438 0.1662
vt 13.5304 0.1662
vt 0.9899 0.1662
vt 13.5404 0.1662
vt 1.0214 0.2258
vt 13.5729 0.2258
vt 1.0668 0.2258
vt 13.5654 0.2258
vt 13.5234 0.2258
vt 13.4867 0.2258
vt 13.4485 0.2258
vt 1.0698 0.2258
vt 13.4029 0.2258
vt 1.0214 0.2258
vt 0.9872 0.2258
vt 0.9472 0.2258
vt 13.4438 0.2258
vt 13.4867 0.2258
vt 0.9496 0.2258
vt 13.5281 0.2258
vt 0.9902 0.2258
vt 13.5408 0.2258
vt 1.0211 0.2854
vt 13.5773 0.2854
vt 1.0644 0.2854
vt 13.5633 0.2854
vt 13.5221 0.2854
vt 13.4883 0.2854
vt 13.4486 0.2854
vt 1.0673 0.2854
vt 13.4083 0.2854
vt 1.0211 0.2854
vt 0.9864 0.2854
vt 0.9444 0.2854
vt 13.4440 0.2854
vt 13.4883 0.2854
vt 0.9547 0.2854
vt 13.5266 0.2854
vt 0.9892 0.2854
vt 13.5434 0.2854
vt 1.0206 0.3449
vt 13.5545 0.3449
vt 1.0494 0.3449
vt 13.5401 0.3449
vt 13.5127 0.3449
vt 13.4903 0.3449
vt 1.0704 0.3449
vt 13.4615 0.3449
vt 1.0514 0.3449
vt 13.4370 0.3449
vt 1.0206 0.3449
vt 0.9950 0.3449
vt 0.9653 0.3449
vt 13.4584 0.3449
vt 13.4903 0.3449
vt 0.9762 0.3449
vt 13.5159 0.3449
vt 0.9970 0.3449
vt 1.0201 0.4045
vt 1.0365 0.4045
vt 13.5210 0.4045
vt 1.0434 0.4045
vt 13.5060 0.4045
vt 13.4926 0.4045
vt 1.0507 0.4045
vt 13.4750 0.4045
vt 1.0377 0.4045
vt 13.4622 0.4045
vt 1.0201 0.4045
vt 1.0035 0.4045
vt 0.9862 0.4045
vt 13.4730 0.4045
vt 13.4926 0.4045
vt 13.5080 0.4045
vt 1.0047 0.4045
vt 13.5193 0.4045
vt 1.0195 0.4641
vt 1.0268 0.4641
vt 13.5079 0.4641
vt 1.0307 0.4641
vt 13.5018 0.4641
vt 1.0373 0.4641
vt 13.4953 0.4641
vt 1.0338 0.4641
vt 13.4871 0.4641
vt 1.0274 0.4641
vt 1.0195 0.4641
vt 1.0112 0.4641
vt 1.0037 0.4641
vt 13.4862 0.4641
vt 13.4953 0.4641
vt 13.5027 0.4641
vt 1.0117 0.4641
vt 13.5088 0.4641
vt 1.0189 0.5236
vt 1.0211 0.5236
vt 13.5022 0.5236
vt 13.5006 0.5236
vt 1.0248 0.5236
vt 13.4984 0.5236
vt 1.0233 0.5236
vt 13.4959 0.5236
vt 1.0213 0.5236
vt 1.0189 0.5236
vt 1.0161 0.5236
vt 1.0140 0.5236
vt 13.4956 0.5236
vt 13.4984 0.5236
vt 13.5009 0.5236
vt 1.0163 0.5236
vt 13.5029 0.5236
vt 1.0189 0.5361
vt 13.4984 0.5361
vt -6.6806 -0.0125
vt -6.6574 -0.0125
vt -6.6308 -0.0125
vt 6.8263 -0.0125
vt 6.7975 -0.0125
vt -6.6261 -0.0125
vt 6.7660 -0.0125
vt -6.6579 -0.0125
vt -6.6806 -0.0125
vt -6.7138 -0.0125
vt 6.7401 -0.0125
vt 6.7699 -0.0125
vt 6.7975 -0.0125
vt 6.8224 -0.0125
vt -6.7142 -0.0125
vt 6.8557 -0.0125
vt -6.6802 0.0433
vt -6.6574 0.0433
vt -6.6280 0.0433
vt 6.8276 0.0433
vt 6.7974 0.0433
vt -6.6297 0.0433
vt 6.7683 0.0433
vt -6.6579 0.0433
vt -6.6802 0.0433
vt -6.7129 0.0433
vt 6.7408 0.0433
vt 6.7721 0.0433
vt 6.7974 0.0433
vt 6.8237 0.0433
vt -6.7133 0.0433
vt 6.8549 0.0433
vt -6.6788 0.0991
vt -6.6558 0.0991
vt -6.6246 0.0991
vt 6.8285 0.0991
vt 6.7973 0.0991
vt -6.6321 0.0991
vt 6.7703 0.0991
vt -6.6562 0.0991
vt -6.6788 0.0991
vt -6.7102 0.0991
vt 6.7428 0.0991
vt 6.7741 0.0991
vt 6.7973 0.0991
vt 6.8248 0.0991
vt -6.7107 0.0991
vt 6.8526 0.0991
vt -6.6764 0.1550
vt -6.6525 0.1550
vt -6.6211 0.1550
vt 6.8289 0.1550
vt 6.7970 0.1550
vt -6.6327 0.1550
vt 6.7717 0.1550
vt -6.6530 0.1550
vt -6.6764 0.1550
vt -6.7061 0.1550
vt 6.7457 0.1550
vt 6.7754 0.1550
vt 6.7970 0.1550
vt -6.7254 0.1550
vt 6.8252 0.1550
vt -6.7065 0.1550
vt 6.8491 0.1550
vt -6.6732 0.2108
vt -6.6480 0.2108
vt -6.6179 0.2108
vt 6.8284 0.2108
vt 6.7966 0.2108
vt 6.7723 0.2108
vt -6.6485 0.2108
vt 6.7538 0.2108
vt -6.6732 0.2108
vt -6.7006 0.2108
vt 6.7490 0.2108
vt -6.7090 0.2108
vt 6.7759 0.2108
vt 6.7966 0.2108
vt -6.7221 0.2108
vt 6.8248 0.2108
vt -6.7011 0.2108
vt 6.8449 0.2108
vt -6.6690 0.2666
vt -6.6426 0.2666
vt -6.6151 0.2666
vt 6.8271 0.2666
vt 6.7960 0.2666
vt 6.7719 0.2666
vt -6.6430 0.2666
vt 6.7512 0.2666
vt -6.6690 0.2666
vt -6.6942 0.2666
vt 6.7523 0.2666
vt -6.7045 0.2666
vt 6.7755 0.2666
vt -6.7274 0.2666
vt 6.7960 0.2666
vt -6.7166 0.2666
vt 6.8236 0.2666
vt -6.6947 0.2666
vt -6.6638 0.3224
vt -6.6420 0.3224
vt -6.6229 0.3224
vt 6.8190 0.3224
vt 6.7954 0.3224
vt 6.7758 0.3224
vt -6.6424 0.3224
vt 6.7582 0.3224
vt -6.6638 0.3224
vt -6.6825 0.3224
vt 6.7630 0.3224
vt -6.6930 0.3224
vt 6.7785 0.3224
vt -6.7119 0.3224
vt 6.7954 0.3224
vt -6.6999 0.3224
vt 6.8162 0.3224
vt -6.6829 0.3224
vt -6.6577 0.3782
vt -6.6438 0.3782
vt 6.8188 0.3782
vt -6.6336 0.3782
vt 6.8086 0.3782
vt 6.7946 0.3782
vt 6.7817 0.3782
vt -6.6440 0.3782
vt 6.7708 0.3782
vt -6.6577 0.3782
vt -6.6689 0.3782
vt 6.7753 0.3782
vt -6.6771 0.3782
vt 6.7835 0.3782
vt -6.6884 0.3782
vt 6.7946 0.3782
vt -6.6789 0.3782
vt 6.8068 0.3782
vt -6.6691 0.3782
vt -6.6507 0.4341
vt -6.6437 0.4341
vt 6.8060 0.4341
vt -6.6393 0.4341
vt 6.8003 0.4341
vt 6.7937 0.4341
vt -6.6388 0.4341
vt 6.7868 0.4341
vt -6.6438 0.4341
vt 6.7817 0.4341
vt -6.6507 0.4341
vt -6.6563 0.4341
vt -6.6612 0.4341
vt 6.7877 0.4341
vt -6.6662 0.4341
vt 6.7937 0.4341
vt -6.6607 0.4341
vt 6.7995 0.4341
vt -6.6564 0.4341
vt -6.6428 0.4899
vt -6.6401 0.4899
vt 6.7975 0.4899
vt 6.7952 0.4899
vt 6.7927 0.4899
vt -6.6378 0.4899
vt 6.7898 0.4899
vt -6.6401 0.4899
vt 6.7881 0.4899
vt -6.6428 0.4899
vt -6.6451 0.4899
vt -6.6472 0.4899
vt 6.7902 0.4899
vt -6.6488 0.4899
vt 6.7927 0.4899
vt -6.6465 0.4899
vt 6.7948 0.4899
vt -6.6451 0.4899
vt 6.7967 0.4899
vt -6.6428 0.5024
vt 6.7927 0.5024
vt 4.7139 -0.0125
vt 4.7596 -0.0125
vt 16.9152 -0.0125
vt 4.7937 -0.0125
vt 16.8821 -0.0125
vt 16.8361 -0.0125
vt 16.7933 -0.0125
vt 4.7601 -0.0125
vt 16.7561 -0.0125
vt 4.7139 -0.0125
vt 4.6765 -0.0125
vt 16.7713 -0.0125
vt 4.6498 -0.0125
vt 16.7990 -0.0125
vt 4.6121 -0.0125
vt 16.8361 -0.0125
vt 4.6441 -0.0125
vt 16.8764 -0.0125
vt 4.6770 -0.0125
vt 4.7145 0.0628
vt 4.7592 0.0628
vt 16.9135 0.0628
vt 4.7877 0.0628
vt 16.8784 0.0628
vt 16.8362 0.0628
vt 4.7914 0.0628
vt 16.7917 0.0628
vt 4.7596 0.0628
vt 16.7580 0.0628
vt 4.7145 0.0628
vt 4.6780 0.0628
vt 4.6472 0.0628
vt 16.7973 0.0628
vt 4.6150 0.0628
vt 16.8362 0.0628
vt 4.6509 0.0628
vt 16.8728 0.0628
vt 4.6785 0.0628
vt 4.7161 0.1381
vt 4.7586 0.1381
vt 16.9101 0.1381
vt 16.8753 0.1381
vt 16.8364 0.1381
vt 4.7954 0.1381
vt 16.7907 0.1381
vt 4.7591 0.1381
vt 16.7620 0.1381
vt 4.7161 0.1381
vt 4.6795 0.1381
vt 4.6464 0.1381
vt 16.7962 0.1381
vt 4.6211 0.1381
vt 16.8364 0.1381
vt 4.6582 0.1381
vt 16.8698 0.1381
vt 4.6799 0.1381
vt 16.8991 0.1381
vt 4.7189 0.2134
vt 4.7584 0.2134
vt 16.9054 0.2134
vt 16.8732 0.2134
vt 16.8369 0.2134
vt 4.7990 0.2134
vt 16.7906 0.2134
vt 4.7588 0.2134
vt 4.7189 0.2134
vt 4.6812 0.2134
vt 4.6480 0.2134
vt 16.7960 0.2134
vt 4.6301 0.2134
vt 16.8369 0.2134
vt 4.6653 0.2134
vt 16.8678 0.2134
vt 4.6816 0.2134
vt 16.9014 0.2134
vt 4.7227 0.2887
vt 4.7587 0.2887
vt 16.8999 0.2887
vt 16.8721 0.2887
vt 16.8375 0.2887
vt 4.8016 0.2887
vt 16.7920 0.2887
vt 4.7591 0.2887
vt 4.7227 0.2887
vt 4.6837 0.2887
vt 16.7700 0.2887
vt 4.6527 0.2887
vt 16.7972 0.2887
vt 4.6413 0.2887
vt 16.8375 0.2887
vt 4.6718 0.2887
vt 16.8669 0.2887
vt 4.6841 0.2887
vt 16.9043 0.2887
vt 4.7276 0.3640
vt 4.7528 0.3640
vt 4.7731 0.3640
vt 16.8646 0.3640
vt 16.8384 0.3640
vt 4.7862 0.3640
vt 16.8046 0.3640
vt 4.7531 0.3640
vt 4.7276 0.3640
vt 4.6966 0.3640
vt 16.7846 0.3640
vt 4.6758 0.3640
vt 16.8084 0.3640
vt 16.8384 0.3640
vt 4.6888 0.3640
vt 16.8608 0.3640
vt 4.6969 0.3640
vt 16.8916 0.3640
vt 4.7336 0.4393
vt 4.7501 0.4393
vt 4.7667 0.4393
vt 16.8585 0.4393
vt 16.8394 0.4393
vt 4.7732 0.4393
vt 16.8166 0.4393
vt 4.7504 0.4393
vt 4.7336 0.4393
vt 4.7109 0.4393
vt 16.8001 0.4393
vt 16.8193 0.4393
vt 16.8394 0.4393
vt 16.8558 0.4393
vt 4.7111 0.4393
vt 16.8784 0.4393
vt 4.7407 0.5146
vt 4.7506 0.5146
vt 4.7625 0.5146
vt 16.8532 0.5146
vt 16.8406 0.5146
vt 4.7641 0.5146
vt 16.8271 0.5146
vt 4.7508 0.5146
vt 4.7407 0.5146
vt 4.7262 0.5146
vt 16.8155 0.5146
vt 16.8288 0.5146
vt 16.8406 0.5146
vt 16.8515 0.5146
vt 4.7264 0.5146
vt 16.8655 0.5146
vt 4.7489 0.5899
vt 4.7539 0.5899
vt 4.7607 0.5899
vt 16.8488 0.5899
vt 16.8420 0.5899
vt 4.7601 0.5899
vt 16.8356 0.5899
vt 4.7540 0.5899
vt 4.7489 0.5899
vt 4.7416 0.5899
vt 16.8292 0.5899
vt 16.8364 0.5899
vt 16.8420 0.5899
vt 16.8479 0.5899
vt 4.7416 0.5899
vt 16.8547 0.5899
vt 4.7582 0.6651
vt 4.7603 0.6651
vt 4.7632 0.6651
vt 16.8465 0.6651
vt 16.8436 0.6651
vt 4.7625 0.6651
vt 16.8411 0.6651
vt 4.7603 0.6651
vt 4.7582 0.6651
vt 4.7553 0.6651
vt 16.8385 0.6651
vt 16.8415 0.6651
vt 16.8436 0.6651
vt 16.8461 0.6651
vt 4.7553 0.6651
vt 16.8486 0.6651
vt 4.7582 0.6776
vt 16.8436 0.6776
vt 4.5410 -0.0125
vt 4.5741 -0.0125
vt 4.6117 -0.0125
vt 18.4639 -0.0125
vt 4.6198 -0.0125
vt 18.4231 -0.0125
vt 4.5899 -0.0125
vt 18.3948 -0.0125
vt 4.5782 -0.0125
vt 18.3587 -0.0125
vt 4.5410 -0.0125
vt 4.5022 -0.0125
vt 18.3558 -0.0125
vt 18.3919 -0.0125
vt 18.4231 -0.0125
vt 4.4652 -0.0125
vt 18.4668 -0.0125
vt 4.5062 -0.0125
vt 4.5408 0.0485
vt 4.5757 0.0485
vt 4.6106 0.0485
vt 18.4631 0.0485
vt 18.4228 0.0485
vt 4.5884 0.0485
vt 18.3953 0.0485
vt 4.5796 0.0485
vt 18.3556 0.0485
vt 4.5408 0.0485
vt 4.5050 0.0485
vt 18.3608 0.0485
vt 18.3924 0.0485
vt 18.4228 0.0485
vt 4.4661 0.0485
vt 18.4659 0.0485
vt 4.5090 0.0485
vt 4.5403 0.1094
vt 4.5766 0.1094
vt 18.4849 0.1094
vt 4.6073 0.1094
vt 18.4607 0.1094
vt 18.4220 0.1094
vt 18.3943 0.1094
vt 4.5805 0.1094
vt 18.3524 0.1094
vt 4.5403 0.1094
vt 4.5074 0.1094
vt 18.3649 0.1094
vt 18.3914 0.1094
vt 18.4220 0.1094
vt 4.4684 0.1094
vt 18.4635 0.1094
vt 4.5112 0.1094
vt 4.5394 0.1704
vt 4.5766 0.1704
vt 18.4850 0.1704
vt 4.6024 0.1704
vt 18.4570 0.1704
vt 18.4207 0.1704
vt 18.3919 0.1704
vt 4.5804 0.1704
vt 18.3497 0.1704
vt 4.5394 0.1704
vt 4.5087 0.1704
vt 4.4848 0.1704
vt 18.3891 0.1704
vt 18.4207 0.1704
vt 4.4717 0.1704
vt 18.4598 0.1704
vt 4.5125 0.1704
vt 4.5382 0.2314
vt 4.5754 0.2314
vt 18.4831 0.2314
vt 18.4523 0.2314
vt 18.4188 0.2314
vt 18.3885 0.2314
vt 4.5791 0.2314
vt 18.3480 0.2314
vt 4.5382 0.2314
vt 4.5088 0.2314
vt 4.4811 0.2314
vt 18.3858 0.2314
vt 18.4188 0.2314
vt 4.4754 0.2314
vt 18.4550 0.2314
vt 4.5126 0.2314
vt 18.4632 0.2314
vt 4.5367 0.2924
vt 18.4872 0.2924
vt 4.5719 0.2924
vt 18.4775 0.2924
vt 18.4464 0.2924
vt 18.4164 0.2924
vt 18.3853 0.2924
vt 4.5755 0.2924
vt 18.3491 0.2924
vt 4.5367 0.2924
vt 4.5083 0.2924
vt 4.4784 0.2924
vt 18.3827 0.2924
vt 18.4164 0.2924
vt 4.4802 0.2924
vt 18.4490 0.2924
vt 4.5119 0.2924
vt 18.4593 0.2924
vt 4.5347 0.3533
vt 18.4651 0.3533
vt 4.5585 0.3533
vt 18.4545 0.3533
vt 18.4330 0.3533
vt 18.4134 0.3533
vt 18.3906 0.3533
vt 4.5610 0.3533
vt 18.3680 0.3533
vt 4.5347 0.3533
vt 4.5143 0.3533
vt 4.4921 0.3533
vt 18.3888 0.3533
vt 18.4134 0.3533
vt 4.4977 0.3533
vt 18.4348 0.3533
vt 4.5168 0.3533
vt 18.4446 0.3533
vt 4.5325 0.4143
vt 18.4428 0.4143
vt 4.5463 0.4143
vt 18.4340 0.4143
vt 18.4215 0.4143
vt 18.4099 0.4143
vt 4.5576 0.4143
vt 18.3954 0.4143
vt 4.5479 0.4143
vt 18.3833 0.4143
vt 4.5325 0.4143
vt 4.5191 0.4143
vt 4.5054 0.4143
vt 18.3943 0.4143
vt 18.4099 0.4143
vt 4.5105 0.4143
vt 18.4226 0.4143
vt 4.5206 0.4143
vt 18.4304 0.4143
vt 4.5299 0.4753
vt 18.4222 0.4753
vt 4.5363 0.4753
vt 18.4170 0.4753
vt 18.4116 0.4753
vt 18.4059 0.4753
vt 4.5424 0.4753
vt 18.3987 0.4753
vt 4.5370 0.4753
vt 18.3935 0.4753
vt 4.5299 0.4753
vt 4.5228 0.4753
vt 4.5164 0.4753
vt 18.3982 0.4753
vt 18.4059 0.4753
vt 18.4121 0.4753
vt 4.5236 0.4753
vt 18.4168 0.4753
vt 4.5269 0.5363
vt 4.5291 0.5363
vt 18.4052 0.5363
vt 18.4035 0.5363
vt 18.4014 0.5363
vt 4.5315 0.5363
vt 18.3987 0.5363
vt 4.5294 0.5363
vt 4.5269 0.5363
vt 4.5241 0.5363
vt 4.5220 0.5363
vt 18.3985 0.5363
vt 18.4014 0.5363
vt 18.4037 0.5363
vt 4.5244 0.5363
vt 18.4057 0.5363
vt 4.5269 0.5488
vt 18.4014 0.5488
vt 5.3556 -0.0125
vt 5.3969 -0.0125
vt 5.1130 -0.0125
vt 5.0827 -0.0125
vt 5.0415 -0.0125
vt 5.4310 -0.0125
vt 4.9980 -0.0125
vt 5.3925 -0.0125
vt 5.3556 -0.0125
vt 5.3079 -0.0125
vt 4.9589 -0.0125
vt 5.2728 -0.0125
vt 4.9937 -0.0125
vt 5.0415 -0.0125
vt 5.0870 -0.0125
vt 5.3035 -0.0125
vt 5.1318 -0.0125
vt 5.3557 0.0334
vt 5.3971 0.0334
vt 5.4309 0.0334
vt 5.0854 0.0334
vt 5.0420 0.0334
vt 5.4251 0.0334
vt 5.0020 0.0334
vt 5.3927 0.0334
vt 5.3557 0.0334
vt 5.3094 0.0334
vt 4.9618 0.0334
vt 5.2790 0.0334
vt 4.9977 0.0334
vt 5.0420 0.0334
vt 5.2732 0.0334
vt 5.0897 0.0334
vt 5.3050 0.0334
vt 5.1298 0.0334
vt 5.3560 0.0792
vt 5.3986 0.0792
vt 5.4339 0.0792
vt 5.0887 0.0792
vt 5.0437 0.0792
vt 5.0064 0.0792
vt 5.3943 0.0792
vt 4.9774 0.0792
vt 5.3560 0.0792
vt 5.3122 0.0792
vt 4.9677 0.0792
vt 5.0023 0.0792
vt 5.0437 0.0792
vt 5.2709 0.0792
vt 5.0928 0.0792
vt 5.3079 0.0792
vt 5.1271 0.0792
vt 5.3565 0.1251
vt 5.4010 0.1251
vt 5.1235 0.1251
vt 5.4354 0.1251
vt 5.0920 0.1251
vt 5.0465 0.1251
vt 5.0110 0.1251
vt 5.3968 0.1251
vt 4.9768 0.1251
vt 5.3565 0.1251
vt 5.3159 0.1251
vt 4.9760 0.1251
vt 5.0069 0.1251
vt 5.0465 0.1251
vt 5.2706 0.1251
vt 5.0961 0.1251
vt 5.3116 0.1251
vt 5.3573 0.1709
vt 5.4038 0.1709
vt 5.1310 0.1709
vt 5.4349 0.1709
vt 5.0952 0.1709
vt 5.0504 0.1709
vt 5.0154 0.1709
vt 5.3997 0.1709
vt 4.9769 0.1709
vt 5.3573 0.1709
vt 4.9494 0.1709
vt 5.3200 0.1709
vt 5.2897 0.1709
vt 5.0113 0.1709
vt 5.0504 0.1709
vt 5.2726 0.1709
vt 5.0992 0.1709
vt 5.3158 0.1709
vt 5.3582 0.2168
vt 5.4065 0.2168
vt 5.1390 0.2168
vt 5.0983 0.2168
vt 5.0553 0.2168
vt 5.0197 0.2168
vt 5.4024 0.2168
vt 4.9788 0.2168
vt 5.3582 0.2168
vt 4.9583 0.2168
vt 5.3239 0.2168
vt 4.9960 0.2168
vt 5.2896 0.2168
vt 5.0157 0.2168
vt 5.0553 0.2168
vt 5.2769 0.2168
vt 5.1023 0.2168
vt 5.3198 0.2168
vt 5.3593 0.2627
vt 5.4086 0.2627
vt 5.1467 0.2627
vt 5.1016 0.2627
vt 5.0614 0.2627
vt 5.0243 0.2627
vt 5.4045 0.2627
vt 4.9831 0.2627
vt 5.3593 0.2627
vt 4.9701 0.2627
vt 5.3273 0.2627
vt 5.0060 0.2627
vt 5.2882 0.2627
vt 5.0204 0.2627
vt 5.0614 0.2627
vt 5.2829 0.2627
vt 5.1056 0.2627
vt 5.3233 0.2627
vt 5.3607 0.3085
vt 5.3985 0.3085
vt 5.1341 0.3085
vt 5.0971 0.3085
vt 5.0686 0.3085
vt 5.0385 0.3085
vt 5.0385 5.4128
vt 5.3954 0.3085
vt 5.0084 0.3085
vt 5.0084 5.3954
vt 5.3607 0.3085
vt 5.0033 0.3085
vt 5.0033 5.3607
vt 5.3369 0.3085
vt 5.0274 0.3085
vt 5.0274 5.3369
vt 5.3033 0.3085
vt 5.0355 0.3085
vt 5.0686 0.3085
vt 5.3061 0.3085
vt 5.1001 0.3085
vt 5.3338 0.3085
vt 5.3622 0.3544
vt 5.3783 0.3544
vt 5.1047 0.3544
vt 5.0883 0.3544
vt 5.0769 0.3544
vt 5.3861 0.3544
vt 5.0631 0.3544
vt 5.0631 5.3861
vt 5.3769 0.3544
vt 5.0514 0.3544
vt 5.0514 5.3769
vt 5.3622 0.3544
vt 5.0506 5.3622
vt 5.3518 0.3544
vt 5.0589 5.3518
vt 5.3361 0.3544
vt 5.0619 0.3544
vt 5.0769 0.3544
vt 5.3403 0.3544
vt 5.0896 0.3544
vt 5.3505 0.3544
vt 5.3640 0.4003
vt 5.3669 0.4003
vt 5.0914 0.4003
vt 5.0884 0.4003
vt 5.0864 0.4003
vt 5.3687 0.4003
vt 5.0836 0.4003
vt 5.3666 0.4003
vt 5.0817 0.4003
vt 5.3640 0.4003
vt 5.3619 0.4003
vt 5.3588 0.4003
vt 5.0834 0.4003
vt 5.0864 0.4003
vt 5.0886 0.4003
vt 5.3616 0.4003
vt 5.0904 0.4003
vt 5.3640 0.4128
vt 5.0864 0.4128
vn 0.985 0.134 -0.105
vn -0.057 -0.987 -0.149
vn -0.621 0.778 0.096
vn -0.984 -0.175 0.030
vn -0.385 0.663 0.642
vn 0.602 -0.017 0.799
vn 0.000 0.000 -1.000
vn 0.000 0.000 -1.000
vn -0.294 -0.151 -0.944
vn -0.880 -0.405 0.249
vn 0.021 0.177 -0.984
vn 0.574 0.293 0.765
vn 0.920 0.019 0.392
vn 0.591 0.481 0.647
vn 0.804 -0.106 0.585
vn 0.501 -0.705 0.502
vn 0.867 -0.464 -0.181
vn 0.355 -0.125 -0.926
vn 0.427 -0.213 -0.879
vn 0.000 0.000 -1.000
vn 0.973 -0.127 -0.191
vn 0.253 0.967 -0.017
vn 0.006 -0.324 0.946
vn 0.411 -0.911 0.018
vn -0.412 0.320 0.853
vn -0.013 0.002 1.000
vn 0.019 0.949 -0.316
vn -0.219 0.975 0.038
vn 0.000 0.000 -1.000
vn 0.000 0.000 -1.000
vn 0.448 -0.810 -0.377
vn 0.000 0.000 -1.000
vn -0.981 0.119 0.153
vn -0.803 -0.217 0.555
vn -0.982 -0.156 0.109
vn -0.363 0.749 0.555
vn -0.955 0.264 0.133
vn -0.323 0.424 -0.846
vn -0.885 -0.291 -0.364
vn 0.000 0.000 -1.000
vn -0.971 0.154 -0.182
vn -0.890 -0.438 0.126
vn 0.983 -0.185 0.007
vn 0.843 -0.186 0.505
vn 0.956 -0.036 0.291
vn 0.580 0.164 0.798
vn 0.393 0.150 0.907
vn 0.373 0.412 0.831
vn 0.958 0.040 0.284
vn 0.756 0.064 0.651
vn 0.655 0.470 0.592
vn 0.901 -0.262 0.347
vn 0.978 -0.190 -0.086
vn 0.694 -0.446 0.566
vn 0.919 -0.090 0.385
vn 0.854 -0.472 -0.218
vn 0.923 -0.341 0.180
vn 0.248 -0.942 0.225
vn 0.686 -0.426 -0.590
vn 0.939 -0.022 -0.342
vn 0.367 -0.691 -0.623
vn 0.729 -0.317 -0.606
vn 0.007 -0.012 -1.000
vn 0.334 -0.253 -0.908
vn 0.015 -0.002 -1.000
vn 0.854 -0.246 -0.457
vn 0.964 -0.256 -0.071
vn 0.000 0.000 -1.000
vn 0.000 0.000 -1.000
vn 0.272 0.339 -0.901
vn 0.060 -0.005 -0.998
vn 0.000 0.000 -1.000
vn 0.998 -0.069 0.013
vn 0.128 0.840 -0.528
vn 0.802 0.583 -0.132
vn 0.786 0.555 0.274
vn 0.336 0.794 0.507
vn 0.075 -0.958 0.276
vn -0.141 -0.990 0.029
vn -0.227 -0.369 0.901
vn 0.144 -0.819 0.556
vn -0.642 -0.686 0.344
vn 0.309 -0.833 0.458
vn -0.637 -0.463 0.616
vn 0.126 0.296 0.947
vn -0.404 0.241 0.882
vn 0.755 0.324 0.570
vn 0.727 0.052 0.684
vn 0.136 0.298 0.945
vn -0.135 -0.107 0.985
vn -0.581 0.458 0.673
vn -0.116 0.993 0.027
vn 0.327 0.873 0.361
vn -0.119 0.615 -0.779
vn -0.221 0.950 -0.219
vn -0.426 0.890 0.160
vn -0.058 0.987 -0.147
vn -0.213 0.969 -0.122
vn 0.000 0.000 -1.000
vn 0.000 0.000 -1.000
vn 0.000 0.000 -1.000
vn 0.000 0.000 -1.000
vn 0.000 0.000 -1.000
vn 0.000 0.000 -1.000
vn 0.000 0.000 -1.000
vn 0.001 -0.009 -1.000
vn 0.000 0.000 -1.000
vn -0.251 -0.933 -0.259
vn -0.126 -0.686 -0.717
vn 0.000 0.000 -1.000
vn 0.143 -0.318 -0.937
vn 0.126 -0.569 -0.813
vn -0.865 0.498 -0.065
vn -0.913 0.402 0.066
vn -0.972 -0.212 0.098
vn -0.736 -0.540 0.408
vn -0.955 0.029 0.294
vn -0.643 -0.676 0.361
vn -0.919 0.253 0.303
vn -0.978 0.190 0.089
vn -0.720 0.291 0.630
vn -0.924 -0.243 0.293
vn -0.864 -0.478 0.155
vn -0.400 0.694 0.599
vn -0.812 0.247 0.528
vn -0.374 0.925 0.061
vn -0.602 0.665 0.443
vn -0.490 0.801 0.343
vn -0.968 -0.134 -0.212
vn -0.876 -0.465 0.127
vn -0.543 0.802 -0.249
vn -0.544 0.705 -0.454
vn 0.000 0.000 -1.000
vn -0.331 0.202 -0.922
vn 0.000 0.000 -1.000
vn -0.973 0.042 0.229
vn -0.914 0.399 -0.068
vn 0.000 0.000 -1.000
vn -0.335 -0.031 -0.942
vn -0.858 -0.215 -0.467
vn -0.672 0.037 -0.740
vn -0.019 -0.005 -1.000
vn -0.979 0.126 -0.160
vn -0.893 -0.431 -0.128
vn -0.905 -0.403 -0.137
vn -0.757 -0.648 0.084
vn -0.872 -0.431 0.233
vn 0.255 -0.043 0.966
vn -0.228 -0.287 0.930
vn -0.098 0.120 0.988
vn -0.694 0.622 0.362
vn -0.765 0.449 0.463
vn -0.447 0.800 0.401
vn 0.000 0.000 -1.000
vn -0.287 0.757 -0.587
vn 0.028 0.292 -0.956
vn 0.000 0.000 -1.000
vn 0.000 0.000 -1.000
vn 0.000 0.000 -1.000
vn -0.443 -0.891 0.094
vn -0.127 -0.977 -0.171
vn 0.474 -0.862 -0.179
vn 0.979 0.145 0.144
vn 0.377 -0.923 0.081
vn -0.556 0.794 0.245
vn -0.954 -0.130 -0.269
vn -0.539 0.042 0.841
vn 0.560 -0.611 0.559
vn 0.000 0.000 -1.000
vn 0.000 0.000 -1.000
vn -0.092 -0.073 -0.993
vn 0.044 -0.854 0.518
vn 0.062 0.164 -0.984
vn 0.233 0.918 0.321
vn 0.864 -0.022 0.503
vn 0.705 -0.163 0.691
vn 0.668 -0.177 0.722
vn 0.429 -0.541 0.723
vn 0.616 -0.740 0.272
vn 0.079 -0.204 -0.976
vn 0.040 0.011 -0.999
vn 0.000 0.000 -1.000
vn 0.537 0.310 -0.784
vn 0.156 0.970 -0.188
vn 0.353 -0.791 0.499
vn 0.046 -0.901 0.432
vn -0.161 0.758 0.632
vn 0.093 -0.028 0.995
vn 0.171 0.715 -0.678
vn -0.134 0.902 0.411
vn 0.000 0.000 -1.000
vn 0.000 0.000 -1.000
vn -0.017 -0.967 -0.253
vn 0.000 0.000 -1.000
vn -0.971 -0.200 0.131
vn -0.548 -0.051 0.835
vn -0.803 0.191 0.565
vn -0.427 0.887 0.177
vn -0.758 0.643 -0.109
vn -0.199 0.099 -0.975
vn -0.253 0.167 -0.953
vn 0.000 0.000 -1.000
vn -0.641 -0.271 -0.718
vn -0.277 -0.947 -0.160
vn 0.918 -0.014 0.397
vn 0.769 0.010 0.640
vn 0.834 0.057 0.549
vn 0.679 0.098 0.727
vn 0.754 -0.204 0.625
vn 0.735 0.440 0.517
vn 0.621 -0.457 0.637
vn 0.753 0.023 0.657
vn 0.708 -0.034 0.706
vn 0.604 -0.519 0.605
vn 0.956 -0.215 0.202
vn 0.436 -0.734 0.520
vn 0.410 -0.621 0.668
vn 0.470 -0.851 0.233
vn 0.459 -0.672 0.581
vn 0.489 -0.715 0.500
vn 0.755 -0.410 -0.512
vn 0.863 0.104 -0.495
vn 0.313 -0.946 -0.078
vn 0.506 -0.841 -0.189
vn 0.000 0.000 -1.000
vn 0.022 -0.035 -0.999
vn 0.000 0.000 -1.000
vn 0.249 0.008 -0.968
vn 0.987 0.016 -0.161
vn 0.000 0.000 -1.000
vn 0.000 0.000 -1.000
vn 0.031 0.318 -0.947
vn 0.000 0.000 -1.000
vn 0.000 0.000 -1.000
vn 0.949 0.309 0.057
vn 0.184 0.680 -0.710
vn 0.337 0.834 -0.436
vn 0.569 0.817 0.095
vn 0.109 0.989 0.096
vn 0.325 -0.647 0.689
vn 0.228 -0.946 0.229
vn 0.438 -0.764 0.473
vn 0.416 -0.645 0.641
vn 0.121 -0.871 0.476
vn 0.259 -0.703 0.662
vn 0.231 -0.798 0.557
vn 0.516 -0.047 0.856
vn 0.492 -0.300 0.817
vn 0.073 0.889 0.451
vn 0.466 0.028 0.884
vn -0.289 -0.088 0.953
vn 0.117 -0.041 0.992
vn -0.409 0.436 0.801
vn 0.107 0.981 0.160
vn -0.151 0.981 0.126
vn 0.225 0.292 -0.930
vn 0.372 0.883 -0.286
vn -0.242 0.835 0.494
vn 0.134 0.978 0.162
vn -0.234 0.962 -0.141
vn 0.000 0.000 -1.000
vn 0.000 0.000 -1.000
vn 0.000 0.000 -1.000
vn 0.000 0.000 -1.000
vn 0.000 0.000 -1.000
vn 0.000 0.000 -1.000
vn 0.000 0.000 -1.000
vn 0.000 0.000 -1.000
vn 0.000 0.000 -1.000
vn 0.127 -0.983 -0.131
vn 0.089 -0.764 -0.639
vn 0.000 0.000 -1.000
vn -0.001 -0.090 -0.996
vn -0.093 -0.564 -0.821
vn -0.927 -0.372 -0.038
vn -0.859 -0.183 0.478
vn -0.981 0.085 0.175
vn -0.252 -0.609 0.752
vn -0.778 -0.084 0.622
vn -0.581 -0.655 0.483
vn -0.675 0.161 0.720
vn -0.676 -0.078 0.732
vn -0.544 -0.070 0.836
vn -0.691 0.714 0.109
vn -0.797 0.549 -0.253
vn -0.567 0.745 0.351
vn -0.561 0.781 0.275
vn -0.794 0.591 0.145
vn -0.551 0.802 0.230
vn -0.499 0.688 0.527
vn -0.672 0.473 -0.569
vn -0.765 0.133 -0.630
vn -0.639 0.640 -0.427
vn -0.791 0.368 -0.489
vn 0.000 0.000 -1.000
vn -0.303 0.139 -0.943
vn 0.000 0.000 -1.000
vn -0.407 -0.311 -0.859
vn -0.747 -0.478 -0.462
vn 0.000 0.000 -1.000
vn 0.000 0.000 -1.000
vn -0.426 -0.064 -0.903
vn -0.172 -0.128 -0.977
vn 0.000 0.000 -1.000
vn -0.889 -0.238 -0.391
vn -0.406 -0.660 -0.632
vn -0.758 -0.345 -0.554
vn -0.780 -0.617 -0.106
vn -0.107 -0.961 0.255
vn -0.305 -0.078 0.949
vn -0.001 -0.636 0.772
vn 0.211 -0.566 0.797
vn -0.381 0.856 0.349
vn -0.417 0.897 0.147
vn -0.307 0.943 0.125
vn 0.000 0.000 -1.000
vn -0.108 0.285 -0.953
vn 0.005 0.020 -1.000
vn 0.000 0.000 -1.000
vn 0.000 0.000 -1.000
vn 0.000 0.000 -1.000
vn -0.019 -0.993 0.115
vn -0.064 -0.986 -0.153
vn -0.030 -0.999 -0.038
vn 0.953 0.238 0.186
vn 0.938 -0.343 -0.045
vn -0.801 0.585 0.123
vn -0.962 -0.203 -0.180
vn -0.076 -0.147 0.986
vn 0.403 -0.469 0.786
vn 0.000 0.000 -1.000
vn 0.000 0.000 -1.000
vn 0.022 -0.236 -0.972
vn -0.114 -0.777 0.619
vn 0.087 0.218 -0.972
vn -0.347 0.938 -0.007
vn 0.678 0.726 0.116
vn 0.382 -0.148 0.912
vn 0.903 -0.008 0.430
vn 0.451 -0.289 0.844
vn 0.999 0.050 0.006
vn 0.863 -0.445 0.240
vn 0.516 0.058 -0.855
vn 0.000 0.000 -1.000
vn 0.364 0.740 -0.566
vn -0.372 0.867 0.332
vn 0.663 -0.156 0.732
vn 0.654 -0.562 0.506
vn -0.395 0.247 0.885
vn 0.147 0.155 0.977
vn -0.550 0.815 0.182
vn -0.477 0.877 -0.058
vn 0.000 0.000 -1.000
vn 0.000 0.000 -1.000
vn 0.551 -0.654 -0.518
vn 0.000 0.000 -1.000
vn -0.436 -0.863 0.256
vn -0.097 -0.461 0.882
vn -0.874 -0.367 0.319
vn -0.786 0.543 0.296
vn -0.810 -0.190 -0.554
vn -0.759 -0.244 -0.603
vn -0.895 -0.081 -0.439
vn -0.026 -0.020 -0.999
vn -0.732 -0.346 -0.586
vn -0.022 -0.978 0.207
vn 0.635 0.713 0.296
vn 0.739 0.616 0.273
vn 0.972 0.215 0.093
vn 0.260 0.653 0.712
vn 0.721 0.524 0.453
vn 0.258 0.963 0.078
vn 0.453 -0.391 0.801
vn 0.533 0.147 0.833
vn 0.136 -0.162 0.977
vn 0.995 -0.072 0.071
vn 0.986 -0.139 0.094
vn 0.437 -0.495 0.751
vn 0.722 -0.344 0.601
vn 0.961 -0.248 -0.121
vn 0.949 -0.085 0.305
vn 0.807 -0.458 0.373
vn 0.991 -0.016 0.132
vn 0.989 0.060 -0.133
vn 0.938 -0.343 -0.050
vn 0.954 -0.235 0.188
vn 0.000 0.000 -1.000
vn 0.912 -0.019 -0.410
vn 0.000 0.000 -1.000
vn 0.336 0.370 -0.866
vn 0.646 0.763 -0.004
vn 0.000 0.000 -1.000
vn 0.000 0.000 -1.000
vn 0.217 0.405 -0.888
vn 0.039 0.187 -0.982
vn 0.014 0.022 -1.000
vn 0.606 0.784 0.137
vn -0.068 0.903 -0.424
vn 0.380 0.900 -0.214
vn 0.244 0.934 0.261
vn -0.470 0.877 0.101
vn 0.591 -0.384 0.710
vn 0.776 -0.498 0.387
vn 0.662 -0.375 0.649
vn 0.504 -0.136 0.853
vn 0.485 -0.705 0.518
vn 0.654 -0.229 0.721
vn 0.422 -0.349 0.837
vn 0.193 -0.297 0.935
vn 0.219 -0.049 0.974
vn -0.504 0.752 0.426
vn 0.074 -0.127 0.989
vn 0.173 0.006 0.985
vn 0.161 -0.293 0.942
vn -0.067 -0.024 0.997
vn -0.588 0.729 0.350
vn -0.554 0.821 -0.137
vn -0.185 0.647 -0.740
vn -0.482 0.808 0.339
vn -0.541 0.833 0.117
vn -0.500 0.711 0.495
vn -0.709 0.563 0.425
vn 0.000 0.000 -1.000
vn 0.000 0.000 -1.000
vn 0.000 0.000 -1.000
vn 0.000 0.000 -1.000
vn 0.000 0.000 -1.000
vn 0.000 0.000 -1.000
vn 0.000 0.000 -1.000
vn 0.026 -0.031 -0.999
vn 0.000 0.000 -1.000
vn 0.914 -0.392 -0.105
vn 0.825 -0.456 -0.333
vn 0.003 -0.009 -1.000
vn 0.151 -0.201 -0.968
vn 0.153 -0.502 -0.851
vn -0.572 -0.794 0.206
vn -0.690 -0.673 0.265
vn -0.960 -0.244 0.136
vn -0.009 -0.759 0.652
vn -0.383 -0.877 0.290
vn -0.518 -0.790 0.327
vn -0.593 -0.292 0.750
vn -0.709 -0.364 0.603
vn -0.241 0.083 0.967
vn -0.935 -0.333 -0.120
vn -0.899 0.104 -0.425
vn -0.516 0.054 0.855
vn -0.891 -0.260 0.371
vn -0.911 0.229 -0.342
vn -0.975 0.114 -0.191
vn -0.680 0.704 -0.204
vn -0.860 -0.041 -0.509
vn -0.755 0.112 -0.646
vn -0.984 0.132 0.117
vn -0.871 -0.394 -0.294
vn -0.508 -0.169 -0.845
vn -0.905 -0.403 -0.138
vn -0.153 -0.060 -0.986
vn -0.553 -0.170 -0.816
vn -0.691 -0.519 -0.502
vn 0.000 0.000 -1.000
vn -0.404 -0.282 -0.870
vn -0.295 -0.354 -0.888
vn -0.411 -0.061 -0.910
vn -0.032 0.003 -0.999
vn -0.659 -0.724 0.204
vn 0.055 -0.832 -0.552
vn -0.521 -0.852 -0.052
vn -0.522 -0.746 0.413
vn -0.150 -0.927 0.345
vn 0.161 0.147 0.976
vn 0.472 -0.349 0.809
vn 0.523 -0.097 0.847
vn -0.511 0.859 -0.004
vn -0.534 0.605 0.590
vn -0.575 0.810 0.112
vn 0.000 0.000 -1.000
vn -0.762 0.414 -0.498
vn -0.065 0.113 -0.991
vn 0.000 0.000 -1.000
vn 0.000 0.000 -1.000
vn 0.000 0.000 -1.000
vn 0.345 -0.880 0.327
vn 0.293 -0.943 -0.160
vn 0.639 -0.741 0.207
vn 0.700 0.710 0.077
vn 0.859 -0.403 -0.315
vn -0.960 0.225 0.167
vn -0.829 -0.559 -0.009
vn -0.701 0.460 0.546
vn 0.284 -0.225 0.932
vn 0.000 0.000 -1.000
vn 0.000 0.000 -1.000
vn 0.511 -0.078 -0.856
vn 0.783 -0.607 0.133
vn -0.641 0.505 -0.579
vn -0.786 0.222 0.576
vn 0.333 0.930 0.158
vn 0.310 0.370 0.876
vn 0.827 0.445 0.344
vn 0.911 -0.216 0.353
vn 0.963 0.142 0.227
vn 0.828 -0.197 -0.525
vn 0.364 0.196 -0.910
vn 0.000 0.000 -1.000
vn 0.274 0.939 -0.210
vn -0.120 0.964 -0.239
vn 0.731 0.143 0.667
vn 0.732 -0.392 0.556
vn -0.706 -0.152 0.692
vn -0.378 -0.032 0.925
vn -0.877 0.205 -0.435
vn -0.915 0.054 0.399
vn 0.000 0.000 -1.000
vn 0.000 0.000 -1.000
vn 0.921 -0.198 -0.337
vn 0.000 0.000 -1.000
vn -0.338 -0.917 0.210
vn 0.045 -0.622 0.782
vn -0.796 -0.369 0.480
vn -0.800 0.128 0.587
vn -0.929 -0.211 -0.305
vn -0.994 -0.020 -0.110
vn -0.719 -0.352 -0.599
vn 0.000 0.000 -1.000
vn -0.481 -0.866 -0.136
vn 0.126 -0.955 0.267
vn 0.552 0.826 0.112
vn 0.425 0.811 0.403
vn 0.864 0.500 0.057
vn -0.560 0.377 0.738
vn 0.520 0.697 0.494
vn 0.114 0.922 0.369
vn 0.247 -0.027 0.969
vn 0.453 0.414 0.790
vn 0.746 -0.018 0.665
vn 0.940 0.276 0.199
vn 0.750 0.595 0.289
vn 0.466 -0.314 0.827
vn 0.982 0.000 0.189
vn 0.935 -0.354 -0.035
vn 0.917 0.104 0.385
vn 0.963 -0.103 0.248
vn 0.923 0.214 -0.318
vn 0.616 0.788 0.002
vn 0.862 -0.494 -0.112
vn 0.898 -0.273 -0.345
vn 0.000 0.000 -1.000
vn 0.546 -0.073 -0.835
vn 0.000 0.000 -1.000
vn 0.399 0.700 -0.593
vn 0.594 0.804 -0.027
vn 0.000 0.000 -1.000
vn 0.000 0.000 -1.000
vn -0.233 0.861 -0.453
vn 0.083 0.148 -0.985
vn 0.000 0.000 -1.000
vn 0.099 0.991 0.091
vn -0.356 0.910 -0.215
vn -0.170 0.985 -0.027
vn 0.270 0.961 -0.060
vn -0.575 0.736 0.357
vn 0.773 -0.154 0.615
vn 0.986 -0.112 -0.124
vn 0.518 0.180 0.836
vn 0.786 -0.313 0.533
vn 0.768 -0.522 0.371
vn 0.870 -0.291 0.398
vn 0.839 -0.223 0.497
vn -0.205 0.088 0.975
vn 0.864 -0.041 0.502
vn -0.795 0.214 0.567
vn -0.741 0.053 0.669
vn -0.812 0.283 0.511
vn -0.835 -0.096 0.542
vn -0.722 -0.151 0.675
vn -0.887 0.337 0.314
vn -0.859 0.129 0.496
vn -0.537 0.629 -0.562
vn -0.619 0.709 -0.337
vn -0.925 0.075 0.372
vn -0.971 0.107 0.213
vn -0.996 -0.077 -0.037
vn 0.000 0.000 -1.000
vn -0.087 0.033 -0.996
vn 0.000 0.000 -1.000
vn 0.000 0.000 -1.000
vn 0.000 0.000 -1.000
vn 0.000 0.000 -1.000
vn 0.000 0.000 -1.000
vn 0.223 -0.107 -0.969
vn 0.000 0.000 -1.000
vn 0.919 -0.243 -0.310
vn 0.868 -0.490 -0.079
vn 0.214 -0.171 -0.962
vn 0.587 -0.578 -0.567
vn 0.805 -0.140 -0.576
vn -0.656 -0.749 0.096
vn -0.564 -0.721 0.403
vn -0.700 -0.705 0.119
vn -0.205 -0.475 0.856
vn -0.484 -0.638 0.599
vn 0.198 -0.950 0.242
vn -0.744 0.348 0.570
vn -0.491 -0.637 0.595
vn -0.665 0.210 0.717
vn -0.930 -0.265 0.255
vn -0.836 -0.508 -0.207
vn -0.704 0.226 0.673
vn -0.742 0.329 0.584
vn -0.976 0.177 -0.123
vn -0.855 0.253 0.453
vn -0.855 0.325 0.403
vn -0.963 -0.161 -0.218
vn -0.855 -0.452 -0.255
vn -0.912 -0.156 -0.379
vn -0.904 -0.096 -0.416
vn 0.000 0.000 -1.000
vn -0.977 -0.051 -0.208
vn -0.175 0.020 -0.984
vn -0.372 -0.730 -0.574
vn -0.376 -0.865 -0.332
vn 0.000 0.000 -1.000
vn -0.107 -0.126 -0.986
vn -0.215 -0.754 -0.621
vn -0.423 -0.368 -0.828
vn 0.000 0.000 -1.000
vn -0.013 -0.982 -0.191
vn 0.640 -0.622 -0.451
vn -0.338 -0.935 0.112
vn 0.245 -0.969 -0.004
vn 0.497 -0.841 0.216
vn 0.057 -0.116 0.992
vn 0.273 -0.158 0.949
vn 0.696 -0.058 0.716
vn -0.945 0.084 0.316
vn -0.784 -0.205 0.586
vn -0.874 0.193 0.445
vn -0.424 -0.005 -0.905
vn -0.899 -0.139 -0.416
vn -0.536 0.093 -0.839
vn 0.000 0.000 -1.000
vn 0.000 0.000 -1.000
vn 0.000 0.000 -1.000
vn 0.587 -0.714 0.383
vn 0.891 -0.281 -0.356
vn 0.944 -0.139 -0.300
vn -0.567 0.824 -0.015
vn 0.775 0.622 0.111
vn -0.790 -0.592 -0.161
vn 0.446 -0.890 0.095
vn -0.387 -0.574 0.722
vn -0.058 0.627 0.777
vn -0.042 -0.057 -0.998
vn 0.000 0.000 -1.000
vn 0.685 -0.098 -0.722
vn 0.888 -0.368 0.276
vn -0.821 0.065 -0.568
vn -0.679 -0.039 0.734
vn -0.498 0.863 0.084
vn -0.520 0.627 0.580
vn -0.428 0.893 0.138
vn 0.168 0.892 0.420
vn -0.306 0.949 0.073
vn 0.086 0.670 -0.737
vn -0.642 0.714 -0.280
vn 0.000 0.000 -1.000
vn -0.496 0.866 -0.057
vn -0.883 0.404 -0.238
vn 0.677 -0.420 0.604
vn 0.943 -0.253 0.218
vn -0.304 -0.536 0.788
vn -0.513 -0.004 0.859
vn -0.917 -0.171 -0.360
vn -0.741 -0.590 0.320
vn 0.000 0.000 -1.000
vn 0.000 0.000 -1.000
vn 0.934 0.033 -0.356
vn 0.000 0.000 -1.000
vn 0.607 -0.782 0.141
vn 0.501 -0.687 0.526
vn 0.609 -0.713 0.348
vn -0.201 -0.855 0.478
vn 0.132 -0.990 -0.055
vn -0.422 -0.694 -0.584
vn 0.114 -0.946 -0.302
vn 0.121 -0.080 -0.989
vn 0.781 -0.608 -0.144
vn 0.831 -0.532 0.161
vn -0.514 0.856 -0.058
vn -0.173 0.907 0.383
vn -0.112 0.932 0.344
vn -0.710 0.409 0.573
vn -0.373 0.765 0.525
vn -0.637 0.622 0.455
vn -0.269 0.780 0.565
vn -0.444 0.855 0.269
vn -0.114 0.464 0.878
vn -0.445 0.887 0.124
vn -0.153 0.960 0.235
vn -0.101 0.790 0.604
vn -0.255 0.902 0.347
vn 0.141 0.989 0.050
vn -0.110 0.969 0.222
vn 0.470 0.850 0.236
vn -0.130 0.989 0.072
vn -0.707 0.704 -0.073
vn 0.589 0.792 -0.162
vn -0.102 0.989 -0.109
vn 0.000 0.000 -1.000
vn 0.093 0.886 -0.455
vn 0.000 0.000 -1.000
vn -0.734 0.668 -0.124
vn -0.754 0.623 -0.209
vn 0.000 0.000 -1.000
vn -0.464 0.418 -0.781
vn -0.751 0.612 -0.249
vn -0.491 0.750 -0.443
vn -0.210 0.140 -0.968
vn -0.596 0.768 -0.235
vn -0.952 0.240 -0.192
vn -0.726 0.680 -0.101
vn -0.729 0.652 -0.210
vn -0.961 0.251 0.116
vn 0.603 0.730 0.322
vn 0.714 0.700 -0.026
vn -0.292 0.599 0.746
vn 0.309 0.718 0.624
vn 0.829 -0.520 0.208
vn 0.850 -0.301 0.433
vn 0.728 -0.537 0.426
vn -0.089 -0.098 0.991
vn -0.439 0.441 0.783
vn -0.873 -0.010 0.487
vn -0.433 0.059 0.900
vn -0.385 -0.316 0.867
vn -0.173 -0.326 0.929
vn -0.421 -0.376 0.826
vn -0.986 -0.150 0.069
vn -0.764 -0.414 0.495
vn -0.885 0.085 -0.457
vn -0.941 0.196 -0.277
vn -0.774 -0.625 0.105
vn -0.837 -0.540 0.081
vn -0.486 -0.874 0.012
vn 0.000 0.000 -1.000
vn -0.284 -0.036 -0.958
vn 0.000 0.000 -1.000
vn 0.000 0.000 -1.000
vn 0.015 -0.052 -0.999
vn 0.000 0.000 -1.000
vn 0.000 0.000 -1.000
vn 0.000 0.000 -1.000
vn 0.000 0.000 -1.000
vn 0.907 0.401 -0.129
vn 0.855 0.155 -0.496
vn 0.473 -0.213 -0.855
vn 0.630 -0.183 -0.755
vn 0.834 -0.168 -0.525
vn 0.752 -0.581 0.312
vn 0.649 -0.683 0.335
vn 0.596 -0.764 0.247
vn 0.568 -0.593 0.571
vn 0.399 -0.814 0.422
vn 0.802 -0.566 0.190
vn 0.358 -0.760 0.542
vn 0.712 -0.569 0.411
vn 0.700 -0.515 0.495
vn -0.096 -0.994 0.051
vn -0.140 -0.973 -0.182
vn -0.509 -0.607 0.610
vn -0.292 -0.893 0.343
vn -0.238 -0.970 -0.053
vn -0.034 -0.984 0.174
vn -0.557 -0.808 0.191
vn 0.200 -0.965 -0.169
vn -0.103 -0.925 -0.366
vn -0.507 -0.806 -0.305
vn -0.077 -0.954 -0.288
vn 0.179 -0.395 -0.901
vn 0.045 -0.856 -0.515
vn -0.211 -0.324 -0.922
vn 0.170 -0.817 -0.551
vn 0.614 -0.788 0.045
vn 0.000 0.000 -1.000
vn 0.205 -0.655 -0.727
vn 0.797 -0.393 -0.459
vn 0.344 -0.485 -0.804
vn 0.335 -0.212 -0.918
vn 0.829 -0.513 0.224
vn 0.914 -0.402 -0.062
vn 0.889 -0.408 0.209
vn 0.886 -0.464 0.016
vn 0.916 -0.400 0.027
vn 0.504 -0.629 0.591
vn 0.564 -0.661 0.494
vn 0.219 -0.396 0.892
vn -0.800 -0.488 0.349
vn -0.285 -0.692 0.663
vn -0.848 -0.317 0.425
vn 0.033 -0.478 -0.878
vn -0.341 -0.852 -0.397
vn -0.531 -0.026 -0.847
vn 0.017 -0.010 -1.000
vn 0.000 0.000 -1.000
vn 0.000 0.000 -1.000
vn 0.805 -0.578 0.133
vn 0.909 -0.409 -0.080
vn 0.993 -0.028 -0.116
vn -0.863 0.459 0.212
vn -0.674 0.553 -0.490
vn 0.181 -0.957 -0.225
vn 0.982 -0.077 0.172
vn 0.033 -0.290 0.957
vn -0.811 0.442 0.384
vn 0.000 0.000 -1.000
vn 0.000 0.000 -1.000
vn 0.442 0.784 -0.436
vn 0.638 0.422 0.644
vn -0.177 -0.511 -0.841
vn -0.909 -0.416 -0.023
vn -0.981 -0.088 0.172
vn -0.246 0.419 0.874
vn -0.037 0.707 0.707
vn -0.861 0.489 0.143
vn 0.185 0.918 0.351
vn 0.227 0.964 -0.137
vn -0.461 0.503 -0.731
vn 0.000 0.000 -1.000
vn -0.928 -0.130 -0.349
vn -0.669 -0.743 -0.024
vn 0.251 0.488 0.836
vn 0.487 0.858 0.163
vn -0.213 -0.378 0.901
vn -0.398 0.252 0.882
vn -0.609 -0.433 -0.664
vn -0.644 -0.758 -0.105
vn 0.000 0.000 -1.000
vn -0.017 -0.024 -1.000
vn 0.109 0.678 -0.727
vn -0.069 0.114 -0.991
vn 0.744 0.449 0.494
vn 0.587 0.447 0.675
vn 0.739 -0.167 0.653
vn -0.180 -0.953 0.245
vn -0.047 -0.931 -0.363
vn 0.127 -0.378 -0.917
vn 0.009 -0.075 -0.997
vn 0.000 0.000 -1.000
vn 0.762 0.644 -0.062
vn 0.642 0.668 -0.377
vn -0.941 0.217 0.258
vn -0.717 0.461 0.523
vn -0.540 0.661 0.521
vn -0.753 -0.084 0.652
vn -0.816 0.229 0.531
vn -0.953 -0.302 -0.016
vn -0.196 0.762 0.617
vn -0.182 0.620 0.763
vn -0.288 0.674 0.681
vn 0.068 0.790 0.609
vn -0.380 0.847 0.372
vn -0.869 0.386 0.309
vn -0.395 0.772 0.498
vn -0.621 0.754 -0.214
vn -0.567 0.786 0.245
vn -0.788 0.597 -0.153
vn -0.152 0.981 0.120
vn -0.836 0.548 -0.017
vn -0.580 0.555 -0.596
vn 0.301 0.944 0.135
vn 0.000 0.000 -1.000
vn 0.197 0.961 -0.192
vn 0.366 0.667 -0.649
vn -0.730 0.168 -0.663
vn -0.972 0.230 0.048
vn 0.000 0.000 -1.000
vn -0.010 0.001 -1.000
vn -0.496 -0.408 -0.767
vn -0.187 -0.052 -0.981
vn -0.042 -0.049 -0.998
vn -0.965 -0.130 0.227
vn -0.444 -0.806 -0.392
vn -0.843 -0.538 -0.008
vn -0.870 -0.450 0.204
vn -0.843 -0.504 -0.186
vn -0.305 0.896 0.321
vn -0.204 0.953 -0.225
vn -0.590 0.431 0.683
vn -0.437 0.651 0.620
vn 0.617 0.668 0.415
vn 0.359 0.688 0.631
vn 0.546 0.405 0.733
vn -0.429 0.370 0.824
vn -0.666 0.378 0.643
vn -0.552 -0.443 0.706
vn -0.248 0.068 0.966
vn -0.142 0.028 0.989
vn -0.443 0.002 0.897
vn -0.384 -0.424 0.820
vn -0.754 -0.536 -0.380
vn -0.817 -0.570 -0.092
vn -0.308 -0.664 -0.682
vn -0.550 -0.685 -0.479
vn -0.263 -0.959 -0.109
vn -0.692 -0.519 -0.503
vn -0.413 -0.695 -0.589
vn 0.000 0.000 -1.000
vn -0.087 -0.231 -0.969
vn 0.000 0.000 -1.000
vn 0.000 0.000 -1.000
vn 0.000 0.000 -1.000
vn 0.000 0.000 -1.000
vn 0.000 0.000 -1.000
vn -0.212 0.715 -0.666
vn 0.068 0.174 -0.982
vn -0.326 0.652 -0.685
vn -0.476 0.496 -0.726
vn 0.020 0.113 -0.993
vn -0.224 0.428 -0.876
vn 0.431 0.708 -0.560
vn 0.857 0.320 0.404
vn 0.740 0.300 0.603
vn 0.893 -0.124 0.433
vn 0.583 0.335 0.740
vn 0.619 0.411 0.669
vn 0.715 0.401 0.573
vn 0.463 -0.251 0.850
vn 0.656 0.310 0.688
vn 0.453 0.237 0.860
vn 0.437 -0.878 0.196
vn 0.619 -0.771 -0.153
vn -0.171 -0.749 0.640
vn 0.157 -0.880 0.449
vn 0.038 -0.925 -0.377
vn -0.113 -0.991 -0.070
vn 0.101 -0.994 0.035
vn 0.019 -0.644 -0.765
vn 0.678 -0.374 -0.633
vn 0.190 -0.778 -0.599
vn -0.044 -0.728 -0.685
vn 0.000 0.000 -1.000
vn -0.022 -0.268 -0.963
vn 0.000 0.000 -1.000
vn 0.286 0.066 -0.956
vn 0.952 0.300 0.064
vn 0.000 0.000 -1.000
vn 0.000 0.000 -1.000
vn 0.568 0.812 -0.135
vn 0.066 0.048 -0.997
vn 0.000 0.000 -1.000
vn 0.788 0.593 0.163
vn 0.572 0.797 -0.193
vn 0.640 0.762 -0.096
vn 0.792 0.607 0.066
vn 0.771 0.623 0.132
vn 0.288 0.379 0.880
vn 0.520 0.398 0.756
vn -0.037 0.408 0.912
vn -0.034 -0.916 0.400
vn -0.198 -0.741 0.641
vn -0.295 -0.744 0.599
vn -0.047 -0.060 -0.997
vn -0.278 -0.443 -0.852
vn -0.345 -0.285 -0.894
vn 0.000 0.000 -1.000
vn 0.000 0.000 -1.000
vn 0.000 0.000 -1.000
vn 0.647 0.729 -0.222
vn 0.620 0.644 -0.448
vn 0.482 0.787 -0.385
vn -0.382 0.867 0.321
vn 0.711 0.544 0.445
vn -0.209 -0.875 0.437
vn 0.107 -0.979 0.171
vn -0.373 -0.751 0.545
vn 0.569 0.730 0.379
vn 0.000 0.000 -1.000
vn 0.000 0.000 -1.000
vn 0.236 0.190 -0.953
vn 0.754 0.546 0.364
vn -0.487 0.146 -0.861
vn -0.813 0.310 0.494
vn -0.874 0.398 0.278
vn -0.732 -0.005 0.682
vn -0.110 0.748 0.655
vn -0.164 0.511 0.844
vn -0.243 0.964 0.107
vn 0.144 0.344 -0.928
vn 0.147 0.754 -0.640
vn 0.000 0.000 -1.000
vn -0.977 0.208 0.041
vn -0.907 0.079 0.415
vn 0.217 0.660 0.719
vn 0.903 0.401 0.154
vn -0.658 -0.435 0.615
vn 0.181 -0.072 0.981
vn -0.612 -0.168 -0.773
vn -0.556 -0.126 0.821
vn 0.000 0.000 -1.000
vn 0.000 0.000 -1.000
vn 0.867 0.498 -0.016
vn 0.000 0.000 -1.000
vn 0.243 -0.669 0.703
vn 0.125 -0.372 0.920
vn 0.138 -0.716 0.684
vn 0.057 -0.607 0.792
vn -0.059 -0.967 0.249
vn -0.399 -0.319 -0.860
vn 0.060 -0.820 -0.569
vn 0.000 0.000 -1.000
vn 0.558 -0.492 -0.668
vn 0.878 0.315 0.360
vn -0.717 0.458 0.525
vn -0.502 0.801 0.325
vn -0.348 0.674 0.652
vn -0.817 0.058 0.574
vn -0.739 0.061 0.671
vn -0.824 -0.219 0.522
vn 0.362 0.829 0.427
vn -0.464 0.706 0.535
vn -0.238 0.435 0.869
vn 0.358 0.927 0.109
vn 0.434 0.830 -0.351
vn 0.318 0.513 0.797
vn 0.238 0.558 0.795
vn -0.254 0.794 0.552
vn -0.095 0.976 0.198
vn 0.155 0.874 0.461
vn -0.228 0.974 -0.006
vn 0.300 0.795 -0.528
vn 0.627 0.755 -0.190
vn -0.460 0.864 0.203
vn -0.166 0.203 -0.965
vn -0.580 0.718 -0.385
vn 0.000 0.000 -1.000
vn -0.186 0.515 -0.837
vn -0.838 0.460 0.293
vn 0.000 0.000 -1.000
vn 0.054 0.137 -0.989
vn -0.780 0.295 -0.551
vn -0.323 0.013 -0.946
vn -0.073 0.032 -0.997
vn -0.908 0.394 0.145
vn -0.836 0.021 0.548
vn -0.949 0.093 0.302
vn -0.928 -0.218 0.303
vn -0.932 0.328 0.153
vn 0.530 0.506 0.681
vn 0.929 0.369 -0.018
vn 0.389 0.711 0.587
vn -0.081 0.383 0.920
vn 0.676 0.160 0.719
vn 0.584 0.266 0.767
vn 0.857 0.447 0.258
vn -0.371 0.064 0.926
vn 0.311 0.196 0.930
vn -0.701 -0.097 0.706
vn -0.796 0.057 0.603
vn 0.036 -0.544 0.838
vn -0.338 -0.300 0.892
vn -0.099 -0.820 0.564
vn -0.866 0.417 0.278
vn -0.703 0.042 0.710
vn -0.848 -0.180 -0.499
vn -0.937 0.344 0.056
vn -0.369 -0.688 0.625
vn -0.972 -0.062 0.228
vn -0.435 -0.767 -0.472
vn 0.000 0.000 -1.000
vn -0.037 -0.032 -0.999
vn 0.000 0.000 -1.000
vn 0.000 0.000 -1.000
vn 0.000 0.000 -1.000
vn 0.000 0.000 -1.000
vn 0.000 0.000 -1.000
vn 0.055 0.034 -0.998
vn 0.000 0.000 -1.000
vn 0.948 0.292 0.129
vn 0.597 0.305 -0.742
vn 0.055 0.035 -0.998
vn 0.266 0.152 -0.952
vn 0.592 0.458 -0.663
vn -0.105 -0.871 0.481
vn 0.396 -0.859 0.324
vn 0.767 -0.638 -0.073
vn 0.823 -0.010 0.567
vn 0.324 -0.720 0.613
vn 0.714 0.102 0.693
vn -0.518 -0.429 0.740
vn 0.290 -0.722 0.628
vn -0.263 -0.373 0.890
vn -0.021 -0.670 0.742
vn 0.751 -0.563 -0.345
vn -0.053 -0.620 0.783
vn -0.431 -0.350 0.831
vn -0.547 -0.570 0.614
vn -0.398 -0.416 0.817
vn -0.114 -0.769 0.629
vn 0.510 -0.636 -0.580
vn 0.012 -0.980 0.197
vn -0.615 -0.687 -0.386
vn -0.158 -0.761 -0.629
vn 0.003 -0.007 -1.000
vn 0.208 -0.510 -0.835
vn 0.000 0.000 -1.000
vn 0.002 -0.648 -0.762
vn -0.050 -0.977 0.206
vn 0.000 0.000 -1.000
vn -0.002 -0.006 -1.000
vn 0.506 -0.147 -0.850
vn 0.063 -0.075 -0.995
vn 0.000 0.000 -1.000
vn 0.664 -0.712 0.230
vn 0.776 0.438 -0.454
vn 0.973 -0.219 -0.069
vn 0.860 0.003 0.510
vn 0.535 0.284 0.796
vn -0.052 -0.101 0.994
vn 0.164 0.184 0.969
vn 0.091 0.275 0.957
vn -0.293 -0.479 0.827
vn -0.143 -0.514 0.846
vn -0.520 -0.189 0.833
vn -0.191 -0.129 -0.973
vn -0.304 -0.350 -0.886
vn -0.194 -0.230 -0.954
vn 0.000 0.000 -1.000
vn 0.000 0.000 -1.000
vn 0.000 0.000 -1.000
vn 0.644 0.607 0.466
vn 0.669 0.730 -0.141
vn 0.742 0.655 0.140
vn 0.486 0.805 -0.340
vn 0.727 0.411 0.549
vn -0.708 -0.569 -0.418
vn -0.642 -0.698 0.317
vn -0.228 -0.817 0.529
vn 0.828 0.313 0.466
vn -0.035 -0.094 -0.995
vn 0.000 0.000 -1.000
vn 0.622 -0.434 -0.652
vn 0.887 -0.335 0.317
vn -0.397 0.249 -0.884
vn -0.816 0.521 0.249
vn -0.649 0.577 0.496
vn -0.232 0.858 0.459
vn 0.589 0.549 0.593
vn 0.996 0.073 0.044
vn 0.798 0.575 0.182
vn 0.411 0.306 -0.859
vn 0.247 0.449 -0.859
vn 0.000 0.000 -1.000
vn -0.261 0.788 -0.558
vn -0.887 0.456 0.075
vn 0.834 0.143 0.532
vn 0.777 0.301 0.553
vn -0.915 0.068 0.398
vn 0.538 -0.274 0.797
vn -0.891 -0.056 -0.450
vn -0.788 0.436 0.434
vn 0.000 0.000 -1.000
vn 0.000 0.000 -1.000
vn 0.910 -0.264 -0.319
vn 0.000 0.000 -1.000
vn -0.010 -0.851 0.524
vn 0.286 -0.633 0.719
vn -0.089 -0.996 0.009
vn -0.636 -0.546 0.545
vn -0.210 -0.961 -0.180
vn -0.420 -0.561 -0.713
vn -0.371 -0.416 -0.831
vn 0.000 0.000 -1.000
vn 0.212 -0.698 -0.684
vn 0.940 -0.336 -0.048
vn -0.067 0.998 0.011
vn -0.168 0.717 0.677
vn 0.594 0.802 0.066
vn -0.706 0.671 0.225
vn -0.541 0.632 0.555
vn -0.786 0.365 0.499
vn 0.666 0.364 0.651
vn 0.072 0.708 0.703
vn 0.526 0.651 0.547
vn 0.920 0.391 -0.003
vn 0.759 0.625 -0.181
vn 0.863 0.167 0.476
vn 0.937 0.214 0.277
vn 0.661 0.570 0.488
vn 0.982 0.175 0.074
vn 0.772 0.297 0.562
vn 0.577 0.814 -0.069
vn 0.443 0.853 -0.276
vn 0.876 0.477 -0.074
vn 0.659 0.752 -0.027
vn 0.000 0.000 -1.000
vn 0.305 0.395 -0.866
vn 0.000 0.000 -1.000
vn 0.050 0.653 -0.755
vn 0.087 0.891 -0.445
vn 0.000 0.000 -1.000
vn 0.000 0.000 -1.000
vn -0.436 0.555 -0.709
vn -0.048 0.141 -0.989
vn 0.000 0.000 -1.000
vn -0.500 0.848 -0.177
vn -0.803 0.455 -0.385
vn -0.678 0.669 -0.305
vn -0.799 0.510 0.320
vn -0.745 0.351 0.567
vn 0.948 0.268 0.172
vn 0.698 0.264 0.666
vn 0.854 0.184 0.487
vn 0.956 0.194 0.219
vn 0.923 0.086 0.375
vn 0.969 0.216 0.122
vn 0.926 -0.104 0.362
vn 0.110 0.554 0.825
vn 0.804 0.223 0.551
vn -0.850 0.500 0.168
vn -0.664 0.570 0.483
vn 0.034 -0.736 0.676
vn -0.474 -0.088 0.876
vn -0.626 -0.560 0.542
vn -0.833 0.437 0.339
vn -0.746 0.539 0.391
vn -0.837 0.141 -0.529
vn -0.930 0.269 -0.249
vn -0.999 -0.021 0.049
vn -0.964 0.225 -0.144
vn -0.832 -0.258 -0.491
vn 0.000 0.000 -1.000
vn 0.000 0.000 -1.000
vn 0.000 0.000 -1.000
vn 0.000 0.000 -1.000
vn 0.000 0.000 -1.000
vn 0.000 0.000 -1.000
vn 0.000 0.000 -1.000
vn 0.011 0.002 -1.000
vn 0.000 0.000 -1.000
vn 0.998 0.041 0.050
vn 0.795 -0.008 -0.606
vn 0.107 -0.053 -0.993
vn 0.561 -0.160 -0.812
vn 0.850 -0.355 -0.389
vn -0.427 -0.805 0.411
vn -0.135 -0.985 0.107
vn -0.386 -0.922 0.036
vn 0.640 -0.587 0.496
vn 0.219 -0.919 0.327
vn 0.536 -0.674 0.509
vn -0.186 -0.817 0.546
vn 0.041 -0.909 0.416
vn 0.114 -0.770 0.628
vn -0.074 -0.976 -0.203
vn -0.566 -0.801 0.194
vn -0.508 -0.660 0.554
vn -0.277 -0.923 0.267
vn -0.366 -0.861 -0.354
vn -0.283 -0.956 -0.079
vn -0.772 -0.627 0.103
vn -0.623 -0.769 -0.143
vn -0.648 -0.736 -0.197
vn -0.621 -0.654 -0.433
vn -0.495 -0.833 -0.248
vn -0.098 -0.171 -0.980
vn -0.274 -0.582 -0.765
vn 0.032 -0.114 -0.993
vn -0.198 -0.520 -0.831
vn -0.337 -0.932 -0.133
vn -0.052 -0.032 -0.998
vn -0.161 -0.151 -0.975
vn 0.472 -0.430 -0.769
vn 0.006 -0.279 -0.960
vn 0.024 -0.056 -0.998
vn 0.135 -0.980 0.147
vn 0.785 -0.329 -0.525
vn 0.668 -0.630 -0.397
vn 0.551 -0.711 0.438
vn 0.767 -0.221 0.603
vn 0.528 -0.554 0.644
vn 0.600 -0.246 0.761
vn 0.798 -0.156 0.582
vn -0.834 0.056 0.549
vn -0.853 -0.222 0.472
vn -0.894 0.289 0.342
vn -0.057 -0.027 -0.998
vn -0.729 -0.346 -0.591
vn -0.316 -0.073 -0.946
vn 0.000 0.000 -1.000
vn 0.000 0.000 -1.000
vn 0.000 0.000 -1.000
vn 0.917 0.035 0.398
vn 0.938 -0.218 -0.269
vn 0.967 -0.003 0.256
vn 0.501 -0.862 -0.073
vn -0.686 -0.573 0.448
vn 0.204 0.951 0.231
vn -0.276 0.961 0.037
vn -0.184 0.726 0.663
vn -0.222 -0.371 0.902
vn 0.000 0.000 -1.000
vn 0.000 0.000 -1.000
vn -0.536 -0.210 -0.818
vn -0.770 0.008 0.638
vn 0.329 -0.149 -0.933
vn 0.366 -0.629 0.686
vn 0.520 -0.520 0.677
vn 0.527 -0.247 0.814
vn 0.068 -0.636 0.769
vn -0.383 -0.459 0.801
vn -0.083 -0.984 0.160
vn -0.089 -0.204 -0.975
vn 0.107 -0.720 -0.686
vn 0.000 0.000 -1.000
vn 0.703 -0.588 -0.401
vn 0.962 -0.262 -0.082
vn -0.320 -0.628 0.709
vn -0.663 -0.539 0.520
vn 0.272 -0.240 0.932
vn 0.001 -0.486 0.874
vn 0.805 0.291 -0.517
vn 0.874 0.464 0.148
vn 0.000 0.000 -1.000
vn 0.000 0.000 -1.000
vn -0.744 -0.176 -0.644
vn 0.000 0.000 -1.000
vn -0.611 0.630 0.480
vn -0.417 0.700 0.580
vn -0.277 0.533 0.800
vn 0.168 0.983 0.081
vn 0.271 0.956 0.112
vn 0.147 0.614 -0.775
vn -0.044 0.589 -0.807
vn 0.000 0.000 -1.000
vn -0.884 0.467 -0.030
vn -0.945 0.302 -0.124
vn 0.560 -0.781 0.278
vn 0.647 -0.483 0.590
vn 0.467 -0.857 0.217
vn 0.313 -0.544 0.778
vn 0.600 -0.172 0.781
vn 0.380 -0.464 0.800
vn -0.187 -0.316 0.930
vn 0.333 -0.272 0.903
vn -0.012 -0.351 0.936
vn -0.094 -0.856 0.508
vn 0.317 -0.941 -0.116
vn -0.254 -0.320 0.913
vn -0.277 -0.538 0.796
vn -0.427 -0.817 0.387
vn -0.333 -0.697 0.635
vn -0.527 -0.544 0.653
vn 0.201 -0.882 -0.425
vn 0.306 -0.946 -0.111
vn -0.645 -0.712 -0.279
vn -0.125 -0.881 -0.456
vn 0.000 0.000 -1.000
vn 0.015 -0.374 -0.927
vn 0.000 0.000 -1.000
vn 0.259 -0.794 -0.550
vn 0.327 -0.930 0.165
vn 0.000 0.000 -1.000
vn 0.000 0.000 -1.000
vn 0.554 -0.098 -0.826
vn 0.071 -0.045 -0.996
vn 0.000 0.000 -1.000
vn 0.607 -0.724 0.328
vn 0.887 -0.313 -0.339
vn 0.955 -0.229 -0.190
vn 0.776 -0.448 0.445
vn 0.807 -0.467 0.362
vn -0.548 -0.457 0.701
vn -0.721 -0.424 0.548
vn -0.171 -0.607 0.776
vn -0.323 -0.472 0.820
vn -0.691 -0.465 0.554
vn -0.499 -0.575 0.649
vn -0.593 -0.407 0.695
vn 0.274 -0.573 0.772
vn -0.115 -0.697 0.708
vn 0.334 -0.582 0.741
vn 0.369 -0.599 0.711
vn 0.010 0.387 0.922
vn 0.312 -0.325 0.893
vn 0.027 0.370 0.929
vn 0.980 -0.199 0.023
vn 0.826 -0.355 0.438
vn 0.539 -0.215 -0.815
vn 0.957 -0.277 -0.089
vn 0.414 0.897 0.156
vn 0.938 0.338 0.074
vn 0.495 0.869 -0.011
vn 0.000 0.000 -1.000
vn 0.000 0.000 -1.000
vn 0.000 0.000 -1.000
vn 0.000 0.000 -1.000
vn 0.000 0.000 -1.000
vn 0.000 0.000 -1.000
vn 0.000 0.000 -1.000
vn 0.000 0.000 -1.000
vn 0.000 0.000 -1.000
vn -0.919 -0.394 0.023
vn -0.413 -0.126 -0.902
vn -0.074 -0.056 -0.996
vn -0.219 -0.004 -0.976
vn -0.533 -0.157 -0.831
vn -0.688 0.412 0.598
vn -0.508 0.422 0.751
vn -0.281 0.763 0.582
vn -0.656 0.366 0.660
vn -0.395 0.827 0.400
vn -0.607 0.710 0.356
vn -0.322 0.655 0.683
vn -0.340 0.758 0.557
vn -0.209 0.817 0.538
vn 0.217 0.940 0.263
vn 0.142 0.986 -0.085
vn -0.163 0.742 0.650
vn 0.019 0.891 0.453
vn 0.197 0.941 0.275
vn 0.308 0.949 0.062
vn 0.178 0.982 0.070
vn 0.056 0.984 -0.167
vn -0.049 0.912 -0.407
vn 0.252 0.967 0.026
vn 0.167 0.984 0.057
vn 0.000 0.000 -1.000
vn 0.022 0.699 -0.715
vn 0.000 0.000 -1.000
vn -0.189 0.568 -0.801
vn -0.634 0.773 -0.029
vn 0.000 0.000 -1.000
vn 0.000 0.000 -1.000
vn -0.935 0.136 -0.329
vn -0.083 0.082 -0.993
vn 0.000 0.000 -1.000
vn -0.829 0.377 0.414
vn -0.890 0.066 -0.451
vn -0.906 0.409 0.112
vn -0.700 0.697 0.157
vn -0.900 0.186 0.393
vn -0.323 0.072 0.944
vn -0.512 -0.249 0.822
vn -0.246 -0.630 0.737
vn 0.402 0.909 0.111
vn 0.228 0.681 0.696
vn 0.673 0.217 0.707
vn 0.000 0.000 -1.000
vn 0.271 0.528 -0.805
vn 0.029 0.014 -0.999
vn 0.000 0.000 -1.000
vn 0.000 0.000 -1.000
vn 0.000 0.000 -1.000
vn -0.862 -0.416 0.292
vn -0.893 -0.242 -0.380
vn -0.857 -0.470 0.209
vn 0.284 0.915 0.286
vn 0.944 0.270 -0.187
vn -0.976 0.217 -0.034
vn -0.415 -0.832 -0.368
vn -0.493 0.416 0.764
vn 0.280 -0.060 0.958
vn 0.000 0.000 -1.000
vn 0.000 0.000 -1.000
vn 0.224 -0.327 -0.918
vn 0.587 -0.715 0.381
vn -0.068 0.096 -0.993
vn 0.011 0.554 0.833
vn 0.101 0.920 0.379
vn -0.059 0.367 0.928
vn 0.318 0.732 0.602
vn 0.807 0.020 0.591
vn 0.975 0.036 0.217
vn 0.859 -0.248 -0.447
vn 0.170 0.271 -0.948
vn 0.000 0.000 -1.000
vn 0.090 0.985 0.144
vn -0.413 0.905 0.102
vn 0.459 0.197 0.867
vn 0.895 -0.296 0.334
vn -0.189 -0.220 0.957
vn -0.016 0.016 1.000
vn -0.921 0.155 -0.357
vn -0.957 0.122 0.264
vn 0.000 0.000 -1.000
vn 0.000 0.000 -1.000
vn 0.885 -0.228 -0.407
vn 0.000 0.000 -1.000
vn 0.296 -0.949 0.109
vn 0.059 -0.186 0.981
vn -0.634 -0.320 0.704
vn -0.439 0.026 0.898
vn -0.860 -0.502 -0.088
vn -0.305 0.020 -0.952
vn -0.159 -0.165 -0.973
vn 0.000 0.000 -1.000
vn 0.230 -0.909 -0.347
vn 0.605 -0.796 -0.021
vn 0.237 0.904 0.356
vn 0.212 0.872 0.441
vn 0.181 0.938 0.295
vn -0.155 0.504 0.850
vn 0.015 0.816 0.578
vn 0.093 0.789 0.607
vn 0.395 0.245 0.886
vn 0.204 0.623 0.755
vn 0.155 0.133 0.979
vn 0.719 0.466 0.516
vn 0.358 0.910 0.211
vn 0.700 -0.144 0.699
vn 0.782 0.001 0.623
vn 0.969 -0.212 0.123
vn 0.907 -0.167 0.387
vn 0.911 0.285 0.298
vn 0.771 0.561 -0.302
vn 0.338 0.932 0.129
vn 0.989 -0.111 -0.101
vn 0.973 -0.226 -0.052
vn 0.000 0.000 -1.000
vn 0.300 0.027 -0.954
vn 0.000 0.000 -1.000
vn 0.291 0.851 -0.436
vn 0.237 0.899 0.367
vn 0.000 0.000 -1.000
vn 0.000 0.000 -1.000
vn 0.005 0.693 -0.721
vn 0.005 0.101 -0.995
vn 0.000 0.000 -1.000
vn 0.131 0.943 0.307
vn -0.527 0.822 -0.217
vn 0.088 0.979 0.183
vn 0.164 0.911 0.378
vn -0.164 0.855 0.492
vn 0.736 0.297 0.609
vn 0.980 0.198 0.000
vn 0.411 0.044 0.911
vn 0.634 0.234 0.737
vn 0.697 -0.603 0.389
vn 0.659 0.057 0.750
vn 0.566 -0.236 0.790
vn -0.060 -0.082 0.995
vn 0.066 -0.055 0.996
vn -0.120 0.119 0.986
vn -0.330 0.056 0.942
vn -0.256 0.283 0.924
vn -0.415 -0.088 0.906
vn -0.452 0.086 0.888
vn -0.855 0.515 0.056
vn -0.530 0.439 0.725
vn -0.592 0.251 -0.766
vn -0.882 0.445 -0.153
vn -0.997 0.043 0.057
vn -0.977 0.185 -0.103
vn -0.982 0.080 -0.172
vn 0.000 0.000 -1.000
vn 0.000 0.000 -1.000
vn 0.000 0.000 -1.000
vn 0.000 0.000 -1.000
vn 0.000 0.000 -1.000
vn 0.000 0.000 -1.000
vn 0.000 0.000 -1.000
vn 0.091 -0.011 -0.996
vn 0.000 0.000 -1.000
vn 0.902 0.127 -0.413
vn 0.963 0.018 -0.268
vn 0.000 0.000 -1.000
vn 0.390 -0.028 -0.920
vn 0.805 -0.487 -0.339
vn 0.229 -0.973 0.007
vn 0.083 -0.874 0.479
vn -0.576 -0.808 0.125
vn 0.204 -0.554 0.808
vn 0.199 -0.749 0.632
vn 0.283 -0.927 0.244
vn -0.510 0.185 0.840
vn -0.063 -0.375 0.925
vn -0.113 0.137 0.984
vn -0.817 -0.394 0.420
vn -0.691 -0.659 -0.296
vn -0.330 0.235 0.914
vn -0.584 0.051 0.810
vn -0.985 0.174 -0.011
vn -0.792 -0.080 0.605
vn -0.920 0.173 0.352
vn -0.453 -0.542 -0.708
vn -0.468 -0.565 -0.679
vn -0.918 0.220 -0.329
vn -0.755 -0.137 -0.641
vn 0.000 0.000 -1.000
vn -0.142 -0.120 -0.983
vn 0.000 0.000 -1.000
vn -0.093 -0.421 -0.902
vn 0.125 -0.924 -0.362
vn 0.000 0.000 -1.000
vn 0.000 0.000 -1.000
vn 0.151 -0.721 -0.676
vn 0.028 -0.151 -0.988
vn 0.000 0.000 -1.000
vn 0.300 -0.950 -0.081
vn 0.612 -0.790 -0.032
vn 0.273 -0.957 -0.104
vn 0.319 -0.947 -0.031
vn 0.580 -0.814 0.015
vn 0.003 0.169 0.986
vn 0.109 0.038 0.993
vn 0.044 0.201 0.979
vn -0.742 -0.085 0.665
vn -0.168 -0.177 0.970
vn -0.404 -0.084 0.911
vn 0.000 0.000 -1.000
vn -0.683 0.069 -0.727
vn -0.119 0.016 -0.993
vn 0.000 0.000 -1.000
vn 0.000 0.000 -1.000
vn 0.000 0.000 -1.000
vn 0.651 -0.756 -0.069
vn 0.740 -0.651 -0.171
vn 0.873 -0.389 -0.293
vn -0.155 0.931 0.331
vn 0.886 -0.208 0.414
vn -0.945 0.150 -0.292
vn -0.355 -0.930 -0.089
vn -0.734 -0.269 0.624
vn 0.200 0.367 0.908
vn 0.000 0.000 -1.000
vn 0.000 0.000 -1.000
vn -0.063 -0.560 -0.826
vn 0.638 -0.522 0.566
vn 0.116 0.307 -0.945
vn -0.732 0.445 0.516
vn 0.317 0.894 0.316
vn 0.447 0.448 0.774
vn 0.739 0.482 0.470
vn 0.536 0.253 0.806
vn 0.812 0.515 0.275
vn 0.324 0.220 -0.920
vn 0.152 0.238 -0.959
vn 0.000 0.000 -1.000
vn 0.193 0.777 -0.600
vn -0.813 0.543 0.209
vn 0.496 -0.040 0.867
vn 0.905 0.036 0.424
vn -0.679 0.098 0.727
vn 0.513 0.150 0.845
vn -0.932 -0.119 0.342
vn -0.931 0.354 -0.093
vn 0.000 0.000 -1.000
vn 0.000 0.000 -1.000
vn 0.886 -0.387 -0.256
vn 0.000 0.000 -1.000
vn 0.092 -0.995 0.038
vn -0.055 -0.283 0.957
vn -0.734 -0.618 0.282
vn -0.789 -0.498 0.361
vn -0.784 -0.311 0.537
vn -0.423 -0.099 -0.901
vn -0.475 -0.423 -0.772
vn 0.006 -0.055 -0.998
vn 0.303 -0.574 -0.761
vn 0.370 -0.868 -0.332
vn 0.509 0.859 -0.048
vn 0.443 0.810 0.384
vn 0.402 0.788 0.466
vn -0.270 0.682 0.680
vn 0.382 0.832 0.403
vn -0.007 0.922 0.387
vn 0.578 0.541 0.611
vn 0.544 0.518 0.660
vn 0.549 0.275 0.789
vn 0.397 0.437 0.807
vn 0.392 0.738 0.550
vn 0.839 0.368 0.402
vn 0.636 0.501 0.586
vn 0.966 0.200 0.162
vn 0.439 0.404 0.803
vn 0.865 -0.088 0.495
vn 0.677 0.473 -0.564
vn 0.039 0.968 -0.248
vn 0.922 0.079 0.378
vn 0.820 0.554 -0.147
vn 0.000 0.000 -1.000
vn 0.337 0.321 -0.885
vn 0.000 0.000 -1.000
vn -0.165 0.665 -0.729
vn 0.028 0.997 -0.072
vn 0.000 0.000 -1.000
vn 0.004 0.023 -1.000
vn 0.229 0.554 -0.801
vn -0.129 0.361 -0.923
vn -0.021 0.138 -0.990
vn 0.451 0.856 -0.251
vn -0.375 0.725 -0.578
vn 0.101 0.839 -0.535
vn -0.151 0.963 0.225
vn -0.805 0.560 0.196
vn 0.646 0.182 0.741
vn 0.997 0.073 -0.000
vn 0.344 -0.131 0.930
vn 0.793 -0.015 0.609
vn 0.311 -0.384 0.869
vn 0.503 0.032 0.864
vn 0.690 -0.203 0.695
vn 0.357 0.239 0.903
vn 0.512 0.144 0.847
vn -0.783 0.265 0.562
vn -0.294 0.197 0.935
vn -0.182 -0.053 0.982
vn -0.266 0.224 0.938
vn -0.712 0.043 0.701
vn -0.992 0.120 -0.024
vn -0.926 0.214 0.312
vn -0.691 0.162 -0.704
vn -0.906 0.094 0.412
vn -0.827 0.292 -0.479
vn -0.999 0.024 -0.041
vn -0.944 0.265 0.198
vn 0.000 0.000 -1.000
vn 0.000 0.000 -1.000
vn 0.000 0.000 -1.000
vn 0.000 0.000 -1.000
vn 0.000 0.000 -1.000
vn 0.000 0.000 -1.000
vn 0.000 0.000 -1.000
vn 0.000 0.000 -1.000
vn 0.000 0.000 -1.000
vn 0.853 -0.192 0.485
vn 0.615 -0.269 -0.741
vn 0.002 -0.001 -1.000
vn 0.109 -0.080 -0.991
vn 0.344 -0.414 -0.842
vn -0.491 -0.861 -0.135
vn -0.702 -0.613 0.363
vn -0.719 -0.558 0.414
vn 0.687 -0.270 0.675
vn -0.150 -0.682 0.716
vn 0.716 -0.640 0.278
vn -0.606 -0.766 0.216
vn -0.563 -0.567 0.601
vn -0.045 -0.706 0.707
vn -0.798 -0.359 0.485
vn -0.758 -0.596 0.266
vn -0.860 -0.243 0.448
vn -0.776 -0.631 -0.017
vn -0.823 -0.398 0.405
vn -0.731 -0.680 0.051
vn -0.903 -0.422 -0.084
vn -0.752 -0.561 -0.346
vn -0.413 -0.902 -0.127
vn -0.961 0.202 0.192
vn -0.841 -0.516 -0.159
vn -0.028 -0.011 -1.000
vn -0.409 -0.308 -0.859
vn -0.044 -0.036 -0.998
vn 0.011 -0.679 -0.734
vn -0.348 -0.908 -0.233
vn 0.000 0.000 -1.000
vn 0.029 -0.024 -0.999
vn 0.013 -0.676 -0.736
vn 0.299 -0.358 -0.884
vn -0.103 -0.362 -0.927
vn 0.045 -0.913 -0.406
vn 0.120 -0.861 -0.495
vn 0.296 -0.686 -0.665
vn 0.440 -0.896 -0.055
vn 0.382 -0.700 0.604
vn 0.556 -0.199 0.807
vn 0.385 0.077 0.920
vn 0.513 -0.033 0.858
vn -0.911 0.141 0.389
vn -0.763 -0.099 0.639
vn -0.831 0.301 0.467
vn -0.132 0.010 -0.991
vn -0.924 0.145 -0.355
vn -0.363 -0.064 -0.929
vn 0.000 0.000 -1.000
vn 0.000 0.000 -1.000
vn 0.000 0.000 -1.000
vn 0.784 -0.620 -0.021
vn 0.741 -0.623 -0.250
vn 0.992 -0.072 -0.100
vn 0.915 0.247 0.320
vn 0.091 -0.993 -0.077
vn -0.017 0.997 0.074
vn -0.982 -0.108 -0.153
vn -0.308 0.204 0.929
vn 0.377 -0.167 0.911
vn 0.000 0.000 -1.000
vn 0.000 0.000 -1.000
vn -0.077 -0.713 -0.697
vn -0.674 -0.088 0.734
vn 0.071 0.089 -0.993
vn 0.087 0.947 0.310
vn 0.832 -0.518 0.198
vn 0.487 -0.653 0.580
vn 0.779 -0.066 0.624
vn 0.659 -0.487 0.574
vn 0.716 -0.671 0.192
vn 0.284 -0.618 -0.733
vn 0.373 -0.508 -0.776
vn 0.000 0.000 -1.000
vn 0.940 -0.267 -0.213
vn 0.172 0.940 0.294
vn 0.089 -0.369 0.925
vn -0.022 -0.996 -0.083
vn 0.080 0.788 0.611
vn 0.379 -0.262 0.888
vn 0.181 0.983 0.043
vn 0.405 0.818 0.409
vn 0.000 0.000 -1.000
vn 0.000 0.000 -1.000
vn -0.163 -0.977 -0.136
vn 0.000 0.000 -1.000
vn -0.838 -0.521 0.161
vn -0.273 -0.773 0.573
vn -0.690 0.577 0.436
vn -0.196 0.780 0.594
vn -0.917 0.349 -0.195
vn -0.273 0.166 -0.948
vn -0.372 0.389 -0.843
vn 0.000 0.000 -1.000
vn -0.976 0.194 -0.099
vn -0.260 -0.960 -0.105
vn 0.918 -0.021 0.395
vn 0.853 -0.134 0.505
vn 0.866 0.037 0.499
vn 0.629 0.191 0.753
vn 0.697 -0.599 0.395
vn 0.797 0.343 0.498
vn 0.642 -0.133 0.755
vn 0.752 -0.097 0.653
vn 0.629 0.106 0.770
vn 0.519 -0.811 0.269
vn 0.603 -0.779 0.172
vn 0.407 -0.783 0.470
vn 0.475 -0.805 0.355
vn 0.766 -0.624 0.156
vn 0.753 -0.529 0.392
vn 0.585 -0.714 0.384
vn 0.562 -0.827 -0.035
vn 0.953 -0.301 0.034
vn 0.157 -0.951 -0.265
vn 0.782 -0.611 -0.123
vn 0.000 0.000 -1.000
vn 0.521 -0.550 -0.652
vn 0.000 0.000 -1.000
vn 0.883 0.313 -0.349
vn 0.941 0.230 0.247
vn 0.000 0.000 -1.000
vn 0.000 0.000 -1.000
vn 0.536 -0.071 -0.841
vn 0.250 -0.004 -0.968
vn 0.000 0.000 -1.000
vn 0.897 -0.439 0.053
vn 0.361 0.930 0.070
vn 0.984 0.178 -0.017
vn 0.887 0.360 0.290
vn 0.075 0.948 0.308
vn 0.403 -0.784 0.472
vn -0.107 -0.989 -0.102
vn 0.212 -0.599 0.772
vn 0.493 -0.467 0.734
vn -0.175 -0.932 0.319
vn 0.206 -0.661 0.722
vn -0.263 -0.150 0.953
vn 0.406 -0.569 0.715
vn 0.411 0.017 0.911
vn 0.091 0.933 0.349
vn 0.336 -0.046 0.941
vn 0.031 -0.071 0.997
vn 0.116 -0.250 0.961
vn -0.167 0.341 0.925
vn 0.185 0.917 0.354
vn 0.109 0.947 0.304
vn 0.081 0.914 -0.397
vn 0.138 0.942 0.307
vn 0.305 0.905 0.297
vn 0.349 0.900 0.259
vn 0.170 0.985 0.018
vn 0.000 0.000 -1.000
vn 0.000 0.000 -1.000
vn 0.000 0.000 -1.000
vn 0.000 0.000 -1.000
vn 0.000 0.000 -1.000
vn 0.000 0.000 -1.000
vn 0.000 0.000 -1.000
vn -0.013 -0.178 -0.984
vn 0.000 0.000 -1.000
vn -0.342 -0.901 -0.266
vn -0.238 -0.916 -0.323
vn 0.021 -0.166 -0.986
vn -0.056 -0.985 -0.161
vn 0.155 -0.988 0.022
vn -0.732 -0.677 -0.074
vn -0.819 -0.519 0.246
vn -0.912 0.394 0.114
vn -0.587 -0.286 0.757
vn -0.518 -0.805 0.288
vn -0.851 0.089 0.518
vn -0.456 0.477 0.751
vn -0.657 -0.151 0.739
vn -0.141 0.173 0.975
vn -0.837 0.535 0.113
vn -0.679 0.725 -0.119
vn -0.391 0.448 0.804
vn -0.743 0.433 0.510
vn -0.667 0.734 -0.125
vn -0.792 0.563 0.236
vn -0.049 0.946 0.319
vn -0.677 0.632 -0.378
vn -0.890 0.200 -0.409
vn -0.389 0.791 -0.472
vn -0.765 0.327 -0.554
vn 0.000 0.000 -1.000
vn -0.463 0.374 -0.804
vn 0.000 0.000 -1.000
vn -0.693 -0.347 -0.632
vn -0.753 -0.610 -0.245
vn 0.000 0.000 -1.000
vn -0.052 -0.017 -0.998
vn -0.823 -0.097 -0.560
vn -0.398 0.087 -0.913
vn 0.000 0.000 -1.000
vn -0.996 0.054 0.076
vn -0.094 -0.988 -0.121
vn -0.993 -0.117 0.021
vn -0.967 0.029 0.253
vn -0.679 -0.702 0.216
vn 0.144 -0.419 0.896
vn -0.198 -0.640 0.742
vn 0.125 -0.467 0.876
vn 0.323 0.831 0.453
vn 0.161 0.810 0.564
vn 0.283 0.886 0.368
vn 0.000 0.000 -1.000
vn -0.049 0.555 -0.830
vn 0.001 0.119 -0.993
vn 0.000 0.000 -1.000
vn 0.000 0.000 -1.000
vn 0.000 0.000 -1.000
vn 0.001 -0.967 -0.256
vn 0.142 -0.974 -0.176
vn -0.175 -0.927 -0.331
vn 0.430 0.827 0.361
vn 0.989 0.148 0.022
vn -0.860 -0.255 -0.441
vn -0.566 -0.806 -0.172
vn -0.296 -0.235 0.926
vn 0.397 0.121 0.910
vn 0.000 0.000 -1.000
vn 0.000 0.000 -1.000
vn 0.489 -0.864 -0.119
vn 0.431 -0.834 0.344
vn -0.223 0.309 -0.925
vn -0.566 0.776 0.278
vn 0.231 0.973 0.011
vn -0.164 0.716 0.679
vn 0.313 0.948 0.058
vn 0.865 0.371 0.337
vn 0.782 0.618 0.080
vn 0.612 0.399 -0.683
vn 0.491 0.497 -0.716
vn 0.000 0.000 -1.000
vn 0.230 0.971 0.060
vn -0.552 0.781 0.291
vn 0.056 -0.244 0.968
vn 1.000 -0.007 -0.015
vn -0.788 -0.182 0.589
vn 0.072 -0.410 0.909
vn -0.854 -0.382 -0.354
vn -0.697 0.367 0.616
vn 0.000 0.000 -1.000
vn 0.000 0.000 -1.000
vn 0.829 -0.552 -0.086
vn 0.000 0.000 -1.000
vn 0.244 -0.963 -0.114
vn 0.185 -0.114 0.976
vn -0.582 -0.680 0.445
vn -0.480 -0.055 0.876
vn -0.758 -0.472 -0.450
vn -0.938 -0.316 -0.141
vn -0.526 -0.672 -0.521
vn 0.000 0.000 -1.000
vn 0.292 -0.955 -0.045
vn 0.804 -0.593 -0.046
vn 0.268 0.906 0.328
vn 0.372 0.928 -0.007
vn 0.164 0.981 0.107
vn -0.409 0.676 0.613
vn 0.076 0.995 0.063
vn -0.038 0.976 0.214
vn 0.563 0.708 0.427
vn 0.406 0.878 0.252
vn 0.448 0.463 0.765
vn 0.486 0.819 0.305
vn 0.171 0.980 0.103
vn 0.913 0.228 0.339
vn 0.854 0.461 0.240
vn 0.973 0.163 0.164
vn 0.870 0.322 0.374
vn 0.922 0.344 0.179
vn 0.523 0.700 -0.486
vn 0.488 0.872 -0.047
vn 0.986 0.161 -0.032
vn 0.747 0.474 -0.467
vn 0.196 0.139 -0.971
vn 0.480 0.513 -0.711
vn 0.167 0.188 -0.968
vn 0.349 0.691 -0.633
vn 0.271 0.934 0.233
vn 0.000 0.000 -1.000
vn 0.061 0.116 -0.991
vn -0.211 0.615 -0.760
vn 0.162 0.329 -0.930
vn 0.000 0.000 -1.000
vn 0.219 0.921 0.321
vn -0.532 0.835 -0.141
vn -0.117 0.965 0.234
vn 0.022 0.954 0.298
vn -0.689 0.710 0.145
vn 0.881 0.366 0.299
vn 0.977 0.204 -0.070
vn 0.361 -0.281 0.889
vn 0.809 0.288 0.512
vn 0.549 -0.805 0.225
vn 0.776 0.146 0.614
vn 0.027 -0.413 0.910
vn -0.195 -0.017 0.981
vn 0.390 -0.232 0.891
vn -0.802 0.114 0.587
vn -0.617 0.134 0.775
vn -0.297 -0.379 0.876
vn -0.531 -0.170 0.830
vn -0.721 -0.241 0.650
vn -0.570 0.676 0.467
vn -0.926 0.146 0.349
vn -0.664 0.167 -0.728
vn -0.836 0.544 0.074
vn -0.995 -0.087 -0.057
vn -0.999 -0.043 -0.031
vn -0.836 -0.316 -0.449
vn 0.000 0.000 -1.000
vn 0.000 0.000 -1.000
vn 0.000 0.000 -1.000
vn 0.000 0.000 -1.000
vn 0.000 0.000 -1.000
vn 0.000 0.000 -1.000
vn 0.000 0.000 -1.000
vn 0.125 0.013 -0.992
vn 0.000 0.000 -1.000
vn 0.995 0.083 0.047
vn 0.947 0.075 -0.311
vn 0.270 -0.066 -0.961
vn 0.802 -0.352 -0.483
vn 0.851 -0.451 0.268
vn 0.003 -0.988 -0.155
vn -0.076 -0.937 0.341
vn -0.470 -0.863 -0.183
vn 0.445 -0.165 0.880
vn 0.170 -0.776 0.607
vn 0.604 -0.767 0.216
vn -0.442 -0.177 0.880
vn -0.101 -0.372 0.922
vn -0.082 -0.220 0.972
vn -0.690 -0.719 0.089
vn -0.476 -0.834 -0.279
vn -0.827 -0.006 0.562
vn -0.720 -0.263 0.643
vn -0.781 -0.325 -0.533
vn -0.861 -0.483 0.160
vn -0.983 -0.177 0.049
vn -0.823 -0.477 -0.308
vn -0.539 -0.829 -0.148
vn -0.717 -0.368 -0.592
vn -0.851 -0.256 -0.458
vn -0.073 -0.032 -0.997
vn -0.945 -0.264 -0.192
vn -0.805 -0.240 -0.543
vn -0.370 -0.741 -0.560
vn -0.246 -0.961 -0.124
vn 0.000 0.000 -1.000
vn -0.059 -0.141 -0.988
vn 0.473 -0.824 -0.312
vn 0.066 -0.491 -0.868
vn 0.059 -0.177 -0.982
vn 0.365 -0.929 0.067
vn 0.761 -0.571 0.310
vn 0.629 -0.778 0.016
vn 0.560 -0.798 -0.221
vn 0.576 -0.780 -0.245
vn 0.283 -0.363 0.888
vn 0.263 -0.072 0.962
vn 0.313 -0.450 0.836
vn -0.581 0.122 0.805
vn -0.775 -0.088 0.626
vn -0.824 -0.079 0.561
vn -0.942 -0.321 -0.097
vn -0.819 -0.415 -0.396
vn -0.712 -0.388 -0.586
vn 0.000 0.000 -1.000
vn 0.000 0.000 -1.000
vn 0.000 0.000 -1.000
vn 0.445 -0.809 -0.384
vn 0.561 -0.821 -0.104
vn 0.904 -0.357 -0.235
vn 0.895 -0.408 -0.180
vn 0.403 -0.914 -0.042
vn 0.079 0.996 -0.041
vn -0.970 0.039 -0.239
vn -0.050 0.664 0.746
vn 0.355 -0.781 0.513
vn 0.000 0.000 -1.000
vn 0.000 0.000 -1.000
vn -0.374 -0.434 -0.819
vn -0.747 -0.046 0.663
vn 0.628 0.607 -0.487
vn 0.722 -0.056 0.689
vn 0.911 -0.105 0.399
vn 0.794 0.293 0.533
vn 0.584 -0.731 0.352
vn 0.714 -0.319 0.623
vn 0.875 -0.415 0.250
vn 0.368 -0.535 -0.760
vn 0.867 -0.166 -0.469
vn 0.000 0.000 -1.000
vn 0.947 -0.320 -0.033
vn 0.871 0.475 -0.123
vn 0.162 -0.220 0.962
vn -0.253 -0.926 0.280
vn 0.373 0.371 0.850
vn 0.231 -0.350 0.908
vn 0.471 0.838 -0.277
vn 0.372 0.897 0.240
vn 0.000 0.000 -1.000
vn 0.000 0.000 -1.000
vn -0.383 -0.790 -0.478
vn 0.000 0.000 -1.000
vn -0.935 -0.111 0.337
vn -0.559 -0.558 0.614
vn -0.832 0.425 0.357
vn -0.203 0.701 0.683
vn -0.698 0.703 0.137
vn -0.043 0.567 -0.823
vn -0.650 -0.110 -0.752
vn 0.000 0.000 -1.000
vn -0.909 0.275 -0.312
vn -0.862 -0.475 -0.178
vn 0.975 -0.196 0.106
vn 0.956 -0.068 0.286
vn 0.843 -0.528 0.104
vn 0.754 0.016 0.656
vn 0.881 0.204 0.427
vn 0.823 -0.200 0.532
vn 0.404 -0.795 0.452
vn 0.827 -0.258 0.499
vn 0.539 -0.539 0.648
vn 0.690 -0.611 0.387
vn 0.890 -0.455 0.022
vn 0.639 -0.397 0.659
vn 0.665 -0.522 0.534
vn 0.750 -0.642 0.162
vn 0.818 -0.361 0.449
vn 0.644 -0.681 0.349
vn 0.971 -0.207 -0.123
vn 0.871 -0.391 -0.298
vn 0.383 -0.903 -0.197
vn 0.815 -0.576 -0.055
vn 0.293 -0.017 -0.956
vn 0.759 -0.170 -0.628
vn 0.000 0.000 -1.000
vn 0.701 -0.647 -0.299
vn 0.853 -0.519 -0.054
vn 0.000 0.000 -1.000
vn 0.439 -0.410 -0.799
vn 0.896 0.330 -0.297
vn 0.576 -0.371 -0.729
vn 0.071 0.023 -0.997
vn 0.941 -0.241 0.240
vn 0.750 0.620 -0.229
vn 0.981 0.193 0.019
vn 0.957 -0.077 0.278
vn 0.919 0.213 0.332
vn 0.364 -0.699 0.616
vn 0.111 -0.992 0.054
vn 0.444 -0.504 0.741
vn 0.484 -0.285 0.827
vn -0.610 -0.555 0.566
vn 0.020 -0.502 0.864
vn -0.341 -0.124 0.932
vn 0.599 0.065 0.798
vn 0.288 -0.689 0.666
vn 0.523 0.078 0.849
vn 0.656 0.378 0.653
vn 0.100 0.247 0.964
vn 0.468 0.462 0.753
vn 0.231 0.661 0.714
vn 0.655 0.754 -0.049
vn 0.642 0.488 0.591
vn 0.602 0.720 -0.344
vn 0.620 0.734 -0.277
vn 0.177 0.984 0.019
vn 0.426 0.886 -0.182
vn 0.274 0.946 -0.175
vn 0.000 0.000 -1.000
vn 0.083 0.111 -0.990
vn 0.000 0.000 -1.000
vn 0.000 0.000 -1.000
vn 0.000 0.000 -1.000
vn 0.000 0.000 -1.000
vn 0.000 0.000 -1.000
vn 0.000 0.000 -1.000
vn 0.000 0.000 -1.000
vn -0.057 -0.946 -0.319
vn -0.072 -0.766 -0.638
vn -0.024 -0.043 -0.999
vn -0.149 -0.282 -0.948
vn -0.476 -0.675 -0.563
vn -0.999 0.011 -0.034
vn -0.952 -0.195 0.235
vn -0.988 0.155 0.013
vn -0.643 -0.054 0.764
vn -0.796 -0.381 0.469
vn -0.871 0.062 0.488
vn -0.455 0.618 0.641
vn -0.820 -0.200 0.536
vn -0.460 -0.073 0.885
vn -0.754 0.578 0.314
vn -0.984 0.170 -0.045
vn -0.068 0.729 0.681
vn -0.414 0.732 0.541
vn -0.203 0.975 0.095
vn -0.434 0.787 0.439
vn -0.119 0.949 0.292
vn -0.918 0.275 -0.286
vn -0.946 -0.090 -0.311
vn 0.085 0.987 -0.139
vn -0.412 0.885 -0.216
vn 0.000 0.000 -1.000
vn -0.292 0.222 -0.930
vn 0.000 0.000 -1.000
vn -0.775 0.194 -0.601
vn -0.923 0.271 -0.274
vn 0.000 0.000 -1.000
vn -0.221 0.016 -0.975
vn -0.757 -0.222 -0.614
vn -0.359 0.236 -0.903
vn -0.004 -0.000 -1.000
vn -0.993 0.081 0.081
vn -0.713 -0.629 -0.309
vn -0.961 -0.266 -0.074
vn -0.979 -0.082 0.189
vn -0.936 -0.268 0.229
vn -0.187 -0.571 0.799
vn -0.263 -0.397 0.879
vn 0.078 -0.649 0.757
vn 0.041 0.821 0.570
vn 0.045 0.516 0.855
vn 0.272 0.493 0.827
vn 0.000 0.001 -1.000
vn 0.280 0.869 -0.407
vn 0.307 0.474 -0.825
vn 0.000 0.000 -1.000
vn 0.000 0.000 -1.000
vn 0.000 0.000 -1.000
vn -0.676 -0.730 -0.100
vn -0.598 -0.704 -0.383
vn -0.378 -0.885 -0.273
vn 0.997 0.071 -0.003
vn 0.924 0.380 -0.035
vn 0.397 0.915 0.066
vn -0.414 0.907 0.080
vn -0.411 0.911 -0.014
vn -0.844 0.535 -0.044
vn -0.993 -0.103 0.057
vn -0.649 -0.755 0.091
vn -0.445 -0.895 -0.004
vn -0.216 -0.976 -0.031
vn 0.730 -0.679 0.082
vn 0.946 -0.307 0.100
vn 0.997 -0.079 0.026
vn 0.928 0.371 -0.023
vn 0.521 0.853 0.036
vn -0.261 0.963 0.062
vn -0.426 0.905 -0.010
vn -0.743 0.668 -0.043
vn -0.997 -0.069 0.029
vn -0.779 -0.622 0.080
vn -0.483 -0.876 0.014
vn -0.255 -0.967 -0.018
vn 0.578 -0.814 0.063
vn 0.936 -0.337 0.096
vn 0.986 -0.164 0.021
vn 0.914 0.406 -0.003
vn 0.446 0.894 0.050
vn -0.222 0.974 0.036
vn -0.355 0.934 -0.049
vn -0.769 0.638 -0.049
vn -0.988 -0.146 0.039
vn -0.805 -0.590 0.064
vn -0.552 -0.834 -0.006
vn -0.221 -0.975 0.006
vn 0.644 -0.758 0.101
vn 0.923 -0.372 0.102
vn 0.975 -0.223 0.026
vn 0.884 0.467 0.020
vn 0.394 0.918 0.054
vn -0.153 0.988 0.002
vn -0.304 0.949 -0.078
vn -0.815 0.577 -0.048
vn -0.979 -0.197 0.043
vn -0.847 -0.530 0.036
vn -0.598 -0.801 -0.018
vn -0.154 -0.987 0.039
vn 0.684 -0.718 0.132
vn 0.896 -0.432 0.100
vn 0.968 -0.246 0.041
vn 0.839 0.542 0.043
vn 0.375 0.926 0.050
vn -0.065 0.997 -0.033
vn -0.284 0.954 -0.096
vn -0.868 0.495 -0.042
vn -0.976 -0.214 0.036
vn -0.893 -0.451 0.000
vn -0.615 -0.788 -0.019
vn -0.067 -0.995 0.079
vn 0.695 -0.702 0.153
vn 0.859 -0.504 0.095
vn 0.947 -0.249 0.202
vn 0.784 0.594 0.179
vn 0.392 0.909 0.144
vn 0.028 0.998 0.050
vn -0.291 0.957 0.019
vn -0.896 0.432 0.098
vn -0.973 -0.201 0.111
vn -0.929 -0.362 0.080
vn -0.608 -0.784 0.122
vn 0.007 -0.972 0.237
vn 0.658 -0.705 0.266
vn 0.808 -0.558 0.189
vn 0.873 -0.239 0.425
vn 0.715 0.596 0.365
vn 0.425 0.855 0.299
vn 0.112 0.967 0.227
vn -0.305 0.926 0.223
vn -0.865 0.397 0.307
vn -0.956 -0.167 0.239
vn -0.933 -0.265 0.242
vn -0.565 -0.749 0.344
vn 0.048 -0.900 0.433
vn 0.569 -0.702 0.428
vn 0.739 -0.573 0.353
vn 0.836 -0.231 0.498
vn 0.685 0.608 0.401
vn 0.479 0.814 0.328
vn 0.187 0.939 0.288
vn -0.333 0.898 0.286
vn -0.853 0.394 0.343
vn -0.960 -0.127 0.250
vn -0.943 -0.180 0.281
vn -0.528 -0.737 0.422
vn 0.073 -0.875 0.478
vn 0.495 -0.732 0.468
vn 0.692 -0.588 0.419
vn 0.867 -0.233 0.440
vn 0.701 0.647 0.299
vn 0.559 0.792 0.243
vn 0.262 0.940 0.217
vn -0.386 0.903 0.187
vn -0.881 0.426 0.207
vn -0.986 -0.082 0.147
vn -0.977 -0.103 0.187
vn -0.519 -0.779 0.354
vn 0.093 -0.913 0.397
vn 0.433 -0.808 0.400
vn 0.680 -0.624 0.385
vn 0.851 -0.367 0.375
vn 0.712 0.669 0.212
vn 0.636 0.748 0.189
vn 0.414 0.893 0.176
vn -0.375 0.920 0.112
vn -0.843 0.529 0.098
vn -0.992 -0.090 0.089
vn -0.993 0.075 0.092
vn -0.587 -0.765 0.265
vn 0.095 -0.943 0.318
vn 0.322 -0.887 0.331
vn 0.656 -0.672 0.342
vn 0.000 0.000 1.000
vn 1.000 0.006 0.022
vn 0.886 0.463 -0.021
vn 0.522 0.853 0.021
vn -0.380 0.923 0.060
vn -0.609 0.793 0.014
vn -0.742 0.670 -0.026
vn -0.985 -0.173 0.026
vn -0.742 -0.668 0.062
vn -0.302 -0.953 0.018
vn -0.174 -0.984 -0.021
vn 0.536 -0.844 0.032
vn 0.991 -0.115 0.065
vn 0.999 -0.013 0.030
vn 0.943 0.333 -0.008
vn 0.534 0.845 0.012
vn -0.170 0.984 0.045
vn -0.584 0.812 0.016
vn -0.704 0.710 -0.022
vn -1.000 -0.010 0.011
vn -0.774 -0.631 0.049
vn -0.465 -0.885 0.028
vn -0.155 -0.988 -0.011
vn 0.397 -0.918 0.024
vn 0.965 -0.255 0.058
vn 0.995 -0.099 0.023
vn 0.944 0.331 -0.001
vn 0.458 0.888 0.024
vn -0.168 0.985 0.038
vn -0.511 0.859 -0.007
vn -0.702 0.712 -0.028
vn -0.994 -0.107 0.019
vn -0.775 -0.630 0.046
vn -0.548 -0.836 0.014
vn -0.156 -0.988 -0.004
vn 0.483 -0.875 0.046
vn 0.964 -0.257 0.064
vn 0.984 -0.176 0.018
vn 0.929 0.369 0.010
vn 0.388 0.921 0.031
vn -0.127 0.992 0.025
vn -0.442 0.897 -0.027
vn -0.727 0.686 -0.028
vn -0.981 -0.191 0.026
vn -0.798 -0.601 0.036
vn -0.619 -0.786 0.001
vn -0.120 -0.993 0.010
vn 0.556 -0.828 0.066
vn 0.953 -0.294 0.065
vn 0.969 -0.231 0.091
vn 0.907 0.406 0.112
vn 0.340 0.935 0.100
vn -0.049 0.996 0.078
vn -0.389 0.921 0.032
vn -0.757 0.651 0.059
vn -0.969 -0.227 0.100
vn -0.828 -0.555 0.079
vn -0.676 -0.733 0.073
vn -0.066 -0.992 0.106
vn 0.585 -0.796 0.154
vn 0.927 -0.354 0.124
vn 0.949 -0.259 0.178
vn 0.872 0.437 0.222
vn 0.319 0.933 0.170
vn 0.051 0.988 0.145
vn -0.357 0.927 0.110
vn -0.783 0.602 0.155
vn -0.958 -0.222 0.180
vn -0.857 -0.498 0.131
vn -0.711 -0.685 0.159
vn -0.002 -0.977 0.211
vn 0.575 -0.781 0.243
vn 0.884 -0.424 0.196
vn 0.944 -0.264 0.196
vn 0.839 0.496 0.224
vn 0.321 0.935 0.149
vn 0.152 0.979 0.133
vn -0.352 0.929 0.115
vn -0.826 0.543 0.151
vn -0.966 -0.207 0.157
vn -0.895 -0.432 0.115
vn -0.725 -0.668 0.166
vn 0.072 -0.973 0.221
vn 0.565 -0.791 0.233
vn 0.843 -0.500 0.196
vn 0.950 -0.246 0.192
vn 0.815 0.546 0.193
vn 0.347 0.931 0.112
vn 0.250 0.962 0.109
vn -0.371 0.924 0.096
vn -0.864 0.491 0.114
vn -0.980 -0.164 0.113
vn -0.926 -0.368 0.089
vn -0.725 -0.672 0.152
vn 0.138 -0.970 0.200
vn 0.533 -0.822 0.202
vn 0.799 -0.572 0.184
vn 0.963 -0.207 0.170
vn 0.805 0.575 0.146
vn 0.388 0.919 0.073
vn 0.337 0.938 0.077
vn -0.411 0.910 0.058
vn -0.888 0.455 0.060
vn -0.994 -0.095 0.061
vn -0.948 -0.314 0.056
vn -0.713 -0.691 0.120
vn 0.185 -0.969 0.165
vn 0.476 -0.864 0.166
vn 0.757 -0.632 0.164
vn 0.955 -0.243 0.169
vn 0.856 0.498 0.137
vn 0.376 0.925 0.061
vn 0.499 0.862 0.085
vn -0.373 0.926 0.056
vn -0.878 0.476 0.043
vn -0.999 0.002 0.045
vn -0.964 -0.261 0.056
vn -0.806 -0.584 0.097
vn 0.205 -0.967 0.149
vn 0.394 -0.906 0.153
vn 0.676 -0.719 0.162
vn 0.000 -0.000 1.000
vn 0.995 -0.103 0.008
vn 0.578 0.809 0.105
vn 0.380 0.924 0.051
vn 0.155 0.987 -0.033
vn -0.563 0.826 0.027
vn -0.944 0.313 0.106
vn -0.952 -0.303 0.043
vn -0.948 -0.316 -0.038
vn -0.465 -0.885 0.019
vn 0.326 -0.941 0.090
vn 0.584 -0.811 0.036
vn 0.849 -0.526 -0.049
vn 0.993 -0.120 -0.006
vn 0.753 0.652 0.083
vn 0.389 0.920 0.058
vn 0.247 0.969 -0.009
vn -0.474 0.880 0.024
vn -0.917 0.389 0.090
vn -0.990 -0.127 0.058
vn -0.937 -0.350 -0.023
vn -0.622 -0.783 0.000
vn 0.234 -0.970 0.059
vn 0.521 -0.853 0.033
vn 0.791 -0.610 -0.038
vn 0.999 -0.036 0.010
vn 0.739 0.668 0.090
vn 0.463 0.885 0.041
vn 0.271 0.963 0.000
vn -0.552 0.832 0.064
vn -0.923 0.369 0.107
vn -0.998 -0.036 0.044
vn -0.944 -0.329 -0.022
vn -0.545 -0.838 0.014
vn 0.252 -0.966 0.046
vn 0.445 -0.895 -0.009
vn 0.775 -0.629 -0.056
vn 0.998 0.050 0.027
vn 0.752 0.654 0.086
vn 0.536 0.844 0.023
vn 0.258 0.966 0.020
vn -0.623 0.776 0.102
vn -0.916 0.385 0.115
vn -0.998 0.058 0.033
vn -0.940 -0.342 -0.012
vn -0.460 -0.887 0.024
vn 0.235 -0.972 0.024
vn 0.365 -0.930 -0.049
vn 0.785 -0.616 -0.064
vn 0.992 0.120 0.040
vn 0.789 0.610 0.070
vn 0.593 0.805 0.009
vn 0.207 0.977 0.050
vn -0.674 0.726 0.133
vn -0.895 0.432 0.116
vn -0.990 0.135 0.030
vn -0.922 -0.388 0.003
vn -0.389 -0.921 0.027
vn 0.185 -0.983 -0.006
vn 0.297 -0.951 -0.082
vn 0.818 -0.572 -0.062
vn 0.968 0.154 0.200
vn 0.825 0.524 0.212
vn 0.617 0.766 0.179
vn 0.161 0.945 0.286
vn -0.663 0.682 0.309
vn -0.843 0.474 0.255
vn -0.951 0.203 0.233
vn -0.878 -0.431 0.209
vn -0.366 -0.908 0.205
vn 0.122 -0.987 0.108
vn 0.243 -0.967 0.082
vn 0.832 -0.532 0.155
vn 0.929 0.155 0.336
vn 0.844 0.411 0.343
vn 0.602 0.721 0.344
vn 0.121 0.874 0.471
vn -0.610 0.646 0.459
vn -0.773 0.506 0.383
vn -0.879 0.244 0.410
vn -0.803 -0.456 0.384
vn -0.375 -0.853 0.364
vn 0.052 -0.972 0.231
vn 0.201 -0.950 0.239
vn 0.804 -0.481 0.350
vn 0.954 0.154 0.257
vn 0.905 0.322 0.278
vn 0.605 0.724 0.331
vn 0.070 0.894 0.442
vn -0.613 0.676 0.409
vn -0.738 0.573 0.356
vn -0.877 0.270 0.396
vn -0.785 -0.523 0.331
vn -0.414 -0.866 0.281
vn -0.026 -0.984 0.174
vn 0.190 -0.961 0.201
vn 0.848 -0.446 0.287
vn 0.977 0.138 0.162
vn 0.958 0.215 0.189
vn 0.602 0.745 0.287
vn 0.043 0.925 0.377
vn -0.599 0.721 0.347
vn -0.703 0.635 0.319
vn -0.887 0.300 0.351
vn -0.775 -0.584 0.241
vn -0.482 -0.857 0.185
vn -0.101 -0.989 0.105
vn 0.188 -0.974 0.126
vn 0.882 -0.435 0.182
vn 0.980 0.166 0.109
vn 0.994 0.015 0.106
vn 0.642 0.729 0.236
vn 0.114 0.945 0.305
vn -0.577 0.762 0.294
vn -0.657 0.697 0.287
vn -0.837 0.451 0.310
vn -0.771 -0.614 0.172
vn -0.579 -0.805 0.132
vn -0.181 -0.981 0.074
vn 0.089 -0.993 0.078
vn 0.852 -0.515 0.096
vn -0.000 -0.000 1.000
vn 0.950 0.295 0.099
vn 0.882 0.471 -0.017
vn 0.541 0.839 -0.059
vn -0.047 0.997 0.058
vn -0.824 0.559 0.095
vn -0.839 0.544 -0.013
vn -0.991 0.128 -0.048
vn -0.741 -0.667 0.079
vn -0.290 -0.950 0.113
vn 0.133 -0.991 -0.004
vn 0.299 -0.953 -0.041
vn 0.959 -0.273 0.082
vn 0.969 0.234 0.082
vn 0.916 0.401 -0.002
vn 0.616 0.785 -0.056
vn 0.005 1.000 0.021
vn -0.680 0.729 0.077
vn -0.855 0.518 -0.005
vn -0.965 0.261 -0.038
vn -0.805 -0.591 0.056
vn -0.379 -0.919 0.109
vn 0.002 -1.000 0.030
vn 0.314 -0.949 -0.023
vn 0.876 -0.480 0.049
vn 0.978 0.199 0.064
vn 0.945 0.324 -0.035
vn 0.586 0.808 -0.059
vn -0.076 0.997 0.027
vn -0.651 0.757 0.049
vn -0.812 0.582 -0.043
vn -0.974 0.226 -0.025
vn -0.752 -0.652 0.096
vn -0.413 -0.904 0.114
vn -0.084 -0.996 0.024
vn 0.346 -0.938 0.010
vn 0.914 -0.398 0.078
vn 0.990 0.135 0.039
vn 0.962 0.269 -0.056
vn 0.526 0.848 -0.055
vn -0.131 0.991 0.024
vn -0.595 0.804 0.009
vn -0.778 0.624 -0.073
vn -0.988 0.157 -0.001
vn -0.713 -0.689 0.128
vn -0.474 -0.874 0.108
vn -0.145 -0.989 0.028
vn 0.405 -0.913 0.050
vn 0.935 -0.341 0.097
vn 0.999 0.053 0.012
vn 0.967 0.246 -0.065
vn 0.446 0.894 -0.049
vn -0.151 0.988 0.010
vn -0.517 0.855 -0.040
vn -0.763 0.640 -0.089
vn -0.997 0.063 0.033
vn -0.698 -0.701 0.148
vn -0.547 -0.832 0.094
vn -0.169 -0.985 0.045
vn 0.480 -0.873 0.092
vn 0.942 -0.320 0.107
vn 0.999 -0.032 -0.010
vn 0.964 0.259 -0.065
vn 0.362 0.931 -0.045
vn -0.134 0.991 -0.018
vn -0.433 0.897 -0.089
vn -0.772 0.629 -0.090
vn -0.997 -0.033 0.069
vn -0.710 -0.687 0.155
vn -0.618 -0.782 0.080
vn -0.153 -0.986 0.074
vn 0.550 -0.825 0.130
vn 0.935 -0.338 0.108
vn 0.989 -0.098 0.109
vn 0.952 0.286 0.109
vn 0.308 0.946 0.098
vn -0.091 0.994 0.061
vn -0.351 0.936 0.022
vn -0.797 0.599 0.075
vn -0.966 -0.087 0.245
vn -0.725 -0.638 0.260
vn -0.660 -0.723 0.206
vn -0.120 -0.954 0.274
vn 0.582 -0.762 0.285
vn 0.891 -0.388 0.233
vn 0.908 -0.134 0.396
vn 0.857 0.259 0.446
vn 0.288 0.876 0.387
vn -0.046 0.959 0.281
vn -0.237 0.914 0.329
vn -0.750 0.522 0.406
vn -0.850 -0.067 0.522
vn -0.693 -0.541 0.476
vn -0.633 -0.612 0.473
vn -0.111 -0.805 0.583
vn 0.539 -0.658 0.526
vn 0.760 -0.427 0.490
vn 0.845 -0.163 0.510
vn 0.807 0.212 0.551
vn 0.310 0.824 0.474
vn -0.015 0.938 0.347
vn -0.108 0.902 0.418
vn -0.712 0.472 0.519
vn -0.804 -0.016 0.594
vn -0.687 -0.476 0.549
vn -0.632 -0.532 0.563
vn -0.147 -0.723 0.675
vn 0.523 -0.613 0.593
vn 0.658 -0.488 0.574
vn 0.875 -0.251 0.415
vn 0.902 0.120 0.414
vn 0.394 0.873 0.287
vn -0.023 0.979 0.201
vn 0.111 0.966 0.232
vn -0.762 0.532 0.369
vn -0.904 0.070 0.422
vn -0.760 -0.485 0.434
vn -0.756 -0.480 0.445
vn -0.301 -0.778 0.552
vn 0.607 -0.654 0.452
vn 0.614 -0.641 0.459
vn 0.000 0.000 1.000
vn 0.998 -0.038 -0.058
vn 0.886 0.463 0.024
vn 0.129 0.985 0.114
vn -0.143 0.989 0.031
vn -0.312 0.949 -0.057
vn -0.932 0.359 0.041
vn -0.971 -0.204 0.121
vn -0.723 -0.690 0.037
vn -0.644 -0.764 -0.049
vn 0.031 -0.998 0.046
vn 0.793 -0.598 0.118
vn 0.877 -0.479 0.036
vn 0.984 -0.176 -0.037
vn 0.892 0.451 0.003
vn 0.344 0.935 0.083
vn -0.111 0.993 0.034
vn -0.257 0.965 -0.044
vn -0.865 0.501 0.019
vn -0.983 -0.154 0.101
vn -0.834 -0.548 0.059
vn -0.627 -0.779 -0.026
vn -0.127 -0.991 0.028
vn 0.705 -0.703 0.095
vn 0.864 -0.501 0.046
vn 0.982 -0.183 -0.039
vn 0.849 0.527 0.021
vn 0.340 0.938 0.071
vn -0.025 1.000 -0.008
vn -0.250 0.967 -0.051
vn -0.909 0.415 0.049
vn -0.982 -0.158 0.108
vn -0.884 -0.466 0.039
vn -0.632 -0.775 -0.012
vn -0.031 -0.997 0.067
vn 0.707 -0.701 0.099
vn 0.818 -0.574 0.017
vn 0.988 -0.150 -0.031
vn 0.804 0.594 0.034
vn 0.375 0.926 0.046
vn 0.056 0.997 -0.047
vn -0.279 0.959 -0.045
vn -0.940 0.333 0.077
vn -0.987 -0.126 0.102
vn -0.923 -0.385 0.022
vn -0.608 -0.794 0.015
vn 0.058 -0.993 0.101
vn 0.683 -0.725 0.092
vn 0.770 -0.638 -0.005
vn 0.997 -0.079 -0.016
vn 0.769 0.638 0.038
vn 0.439 0.898 0.011
vn 0.115 0.990 -0.076
vn -0.340 0.940 -0.030
vn -0.957 0.275 0.097
vn -0.994 -0.064 0.083
vn -0.946 -0.324 0.013
vn -0.556 -0.830 0.050
vn 0.121 -0.985 0.126
vn 0.635 -0.769 0.078
vn 0.731 -0.682 -0.016
vn 0.991 -0.008 0.132
vn 0.748 0.652 0.124
vn 0.521 0.850 0.078
vn 0.147 0.989 0.021
vn -0.404 0.907 0.118
vn -0.945 0.256 0.204
vn -0.989 0.008 0.147
vn -0.950 -0.277 0.142
vn -0.483 -0.852 0.203
vn 0.136 -0.960 0.243
vn 0.565 -0.811 0.155
vn 0.706 -0.702 0.098
vn 0.915 0.023 0.402
vn 0.719 0.627 0.299
vn 0.588 0.760 0.278
vn 0.154 0.950 0.271
vn -0.417 0.825 0.381
vn -0.876 0.267 0.401
vn -0.945 0.069 0.320
vn -0.889 -0.215 0.404
vn -0.392 -0.805 0.446
vn 0.100 -0.891 0.444
vn 0.468 -0.811 0.351
vn 0.655 -0.672 0.345
vn 0.864 0.028 0.503
vn 0.714 0.605 0.352
vn 0.651 0.669 0.360
vn 0.147 0.908 0.392
vn -0.421 0.771 0.477
vn -0.829 0.305 0.470
vn -0.909 0.119 0.400
vn -0.842 -0.165 0.514
vn -0.331 -0.775 0.538
vn 0.047 -0.857 0.513
vn 0.382 -0.810 0.446
vn 0.619 -0.637 0.460
vn 0.923 0.033 0.382
vn 0.757 0.613 0.227
vn 0.752 0.608 0.256
vn 0.141 0.943 0.302
vn -0.472 0.806 0.359
vn -0.853 0.380 0.357
vn -0.927 0.180 0.329
vn -0.887 -0.144 0.439
vn -0.313 -0.837 0.448
vn -0.011 -0.908 0.419
vn 0.319 -0.867 0.383
vn 0.648 -0.654 0.391
vn 0.959 -0.079 0.271
vn 0.745 0.654 0.127
vn 0.879 0.447 0.166
vn 0.215 0.955 0.205
vn -0.456 0.858 0.236
vn -0.847 0.469 0.251
vn -0.935 0.239 0.262
vn -0.947 0.022 0.320
vn -0.313 -0.883 0.349
vn -0.097 -0.939 0.331
vn 0.206 -0.925 0.320
vn 0.617 -0.721 0.316
vn -0.000 -0.000 1.000
vn 0.999 0.024 0.044
vn 0.558 0.827 0.069
vn 0.529 0.849 0.014
vn 0.069 0.997 -0.026
vn -0.547 0.837 0.028
vn -0.978 0.199 0.066
vn -0.988 -0.153 0.009
vn -0.959 -0.284 -0.027
vn -0.296 -0.954 0.045
vn 0.232 -0.970 0.076
vn 0.603 -0.798 0.020
vn 0.796 -0.605 -0.018
vn 0.996 -0.087 0.034
vn 0.703 0.709 0.060
vn 0.514 0.858 0.020
vn 0.226 0.974 -0.019
vn -0.519 0.855 0.009
vn -0.929 0.368 0.048
vn -0.997 -0.080 0.013
vn -0.963 -0.268 -0.023
vn -0.487 -0.873 0.030
vn 0.194 -0.979 0.069
vn 0.475 -0.879 0.037
vn 0.787 -0.617 -0.001
vn 0.998 0.005 0.060
vn 0.714 0.698 0.058
vn 0.584 0.812 0.004
vn 0.214 0.977 -0.020
vn -0.591 0.806 0.011
vn -0.924 0.382 0.031
vn -1.000 0.009 -0.015
vn -0.960 -0.278 -0.026
vn -0.399 -0.916 0.050
vn 0.180 -0.981 0.075
vn 0.390 -0.920 0.033
vn 0.794 -0.608 0.018
vn 0.993 0.081 0.080
vn 0.749 0.660 0.053
vn 0.639 0.769 -0.006
vn 0.162 0.987 -0.018
vn -0.647 0.763 0.009
vn -0.903 0.431 0.006
vn -0.996 0.084 -0.040
vn -0.946 -0.323 -0.021
vn -0.325 -0.943 0.067
vn 0.133 -0.988 0.073
vn 0.317 -0.948 0.032
vn 0.822 -0.567 0.042
vn 0.977 0.114 0.183
vn 0.794 0.593 0.130
vn 0.670 0.738 0.082
vn 0.116 0.988 0.102
vn -0.673 0.735 0.082
vn -0.863 0.501 0.064
vn -0.989 0.141 0.040
vn -0.923 -0.374 0.093
vn -0.299 -0.939 0.169
vn 0.074 -0.987 0.139
vn 0.249 -0.958 0.139
vn 0.842 -0.512 0.171
vn 0.955 0.109 0.275
vn 0.835 0.507 0.215
vn 0.674 0.717 0.174
vn 0.072 0.974 0.214
vn -0.672 0.725 0.152
vn -0.808 0.576 0.125
vn -0.977 0.170 0.129
vn -0.883 -0.424 0.201
vn -0.310 -0.913 0.266
vn 0.011 -0.978 0.207
vn 0.200 -0.949 0.243
vn 0.847 -0.446 0.291
vn 0.964 0.091 0.250
vn 0.882 0.426 0.204
vn 0.669 0.723 0.175
vn 0.001 0.983 0.185
vn -0.667 0.738 0.103
vn -0.752 0.654 0.086
vn -0.979 0.169 0.117
vn -0.850 -0.492 0.185
vn -0.339 -0.911 0.232
vn -0.063 -0.979 0.191
vn 0.194 -0.949 0.249
vn 0.879 -0.382 0.285
vn 0.974 0.046 0.223
vn 0.919 0.344 0.195
vn 0.646 0.746 0.162
vn -0.046 0.990 0.136
vn -0.643 0.764 0.051
vn -0.692 0.720 0.049
vn -0.985 0.145 0.092
vn -0.823 -0.547 0.152
vn -0.399 -0.897 0.191
vn -0.128 -0.976 0.176
vn 0.207 -0.947 0.245
vn 0.906 -0.333 0.262
vn 0.981 -0.021 0.194
vn 0.947 0.270 0.176
vn 0.610 0.783 0.125
vn -0.063 0.995 0.072
vn -0.604 0.797 -0.003
vn -0.635 0.773 0.003
vn -0.993 0.107 0.047
vn -0.806 -0.582 0.101
vn -0.481 -0.866 0.138
vn -0.176 -0.973 0.152
vn 0.232 -0.947 0.222
vn 0.925 -0.305 0.226
vn 0.980 -0.080 0.184
vn 0.977 0.114 0.182
vn 0.618 0.777 0.118
vn 0.039 0.998 0.057
vn -0.605 0.796 -0.018
vn -0.506 0.863 -0.000
vn -0.983 0.182 0.026
vn -0.803 -0.591 0.078
vn -0.594 -0.797 0.107
vn -0.222 -0.964 0.146
vn 0.109 -0.975 0.195
vn 0.929 -0.310 0.205
vn 0.000 -0.000 1.000
vn 0.955 0.296 0.038
vn 0.914 0.406 -0.022
vn 0.586 0.810 0.001
vn -0.389 0.919 0.060
vn -0.588 0.808 0.036
vn -0.858 0.513 -0.026
vn -0.995 0.097 -0.002
vn -0.677 -0.733 0.067
vn -0.235 -0.971 0.042
vn -0.195 -0.981 -0.018
vn 0.558 -0.830 0.009
vn 0.941 -0.334 0.063
vn 0.993 0.108 0.043
vn 0.911 0.413 -0.012
vn 0.668 0.744 -0.005
vn -0.223 0.974 0.039
vn -0.573 0.819 0.033
vn -0.774 0.633 -0.014
vn -0.995 0.102 -0.006
vn -0.808 -0.588 0.050
vn -0.322 -0.945 0.045
vn -0.210 -0.978 -0.005
vn 0.407 -0.913 0.007
vn 0.927 -0.372 0.050
vn 0.999 0.024 0.031
vn 0.927 0.375 -0.017
vn 0.606 0.795 0.004
vn -0.261 0.965 0.037
vn -0.510 0.860 0.010
vn -0.744 0.668 -0.026
vn -1.000 0.025 0.006
vn -0.781 -0.622 0.058
vn -0.395 -0.918 0.036
vn -0.250 -0.968 -0.004
vn 0.485 -0.874 0.028
vn 0.940 -0.336 0.060
vn 0.997 -0.072 0.020
vn 0.929 0.371 -0.016
vn 0.529 0.848 0.014
vn -0.262 0.965 0.029
vn -0.435 0.900 -0.013
vn -0.740 0.672 -0.030
vn -0.998 -0.063 0.021
vn -0.780 -0.623 0.060
vn -0.475 -0.880 0.024
vn -0.255 -0.967 0.004
vn 0.568 -0.821 0.049
vn 0.940 -0.335 0.064
vn 0.985 -0.164 0.057
vn 0.918 0.395 0.037
vn 0.461 0.885 0.066
vn -0.225 0.973 0.053
vn -0.366 0.931 0.005
vn -0.753 0.657 0.023
vn -0.988 -0.137 0.074
vn -0.802 -0.590 0.093
vn -0.545 -0.837 0.054
vn -0.232 -0.971 0.065
vn 0.625 -0.772 0.113
vn 0.928 -0.361 0.096
vn 0.956 -0.246 0.160
vn 0.890 0.429 0.154
vn 0.421 0.892 0.168
vn -0.156 0.980 0.126
vn -0.313 0.946 0.083
vn -0.760 0.633 0.147
vn -0.968 -0.182 0.172
vn -0.834 -0.523 0.173
vn -0.594 -0.791 0.148
vn -0.192 -0.963 0.189
vn 0.634 -0.739 0.227
vn 0.901 -0.399 0.168
vn 0.927 -0.305 0.219
vn 0.853 0.474 0.218
vn 0.405 0.890 0.207
vn -0.072 0.985 0.156
vn -0.279 0.952 0.129
vn -0.773 0.597 0.214
vn -0.956 -0.204 0.211
vn -0.873 -0.442 0.204
vn -0.623 -0.755 0.206
vn -0.137 -0.956 0.260
vn 0.626 -0.728 0.280
vn 0.871 -0.448 0.202
vn 0.917 -0.341 0.207
vn 0.822 0.537 0.187
vn 0.412 0.898 0.155
vn 0.022 0.993 0.117
vn -0.265 0.958 0.110
vn -0.813 0.554 0.181
vn -0.963 -0.212 0.166
vn -0.920 -0.355 0.165
vn -0.642 -0.742 0.195
vn -0.069 -0.968 0.243
vn 0.623 -0.744 0.241
vn 0.840 -0.512 0.180
vn 0.916 -0.360 0.176
vn 0.795 0.593 0.132
vn 0.444 0.891 0.095
vn 0.120 0.990 0.072
vn -0.275 0.959 0.073
vn -0.845 0.521 0.124
vn -0.974 -0.199 0.112
vn -0.959 -0.260 0.116
vn -0.645 -0.746 0.166
vn -0.007 -0.979 0.202
vn 0.595 -0.780 0.193
vn 0.807 -0.571 0.153
vn 0.850 -0.499 0.169
vn 0.797 0.594 0.111
vn 0.486 0.871 0.075
vn 0.256 0.964 0.068
vn -0.234 0.970 0.068
vn -0.787 0.610 0.092
vn -0.971 -0.220 0.092
vn -0.990 -0.105 0.096
vn -0.709 -0.688 0.151
vn -0.014 -0.984 0.180
vn 0.518 -0.838 0.172
vn 0.787 -0.598 0.148
vn 0.000 0.000 1.000
vn 0.943 0.323 0.083
vn 0.903 0.427 -0.052
vn 0.610 0.792 -0.024
vn -0.367 0.923 0.118
vn -0.610 0.788 0.089
vn -0.869 0.492 -0.054
vn -0.992 0.121 -0.027
vn -0.693 -0.710 0.127
vn -0.203 -0.975 0.090
vn -0.175 -0.983 -0.045
vn 0.533 -0.846 -0.016
vn 0.929 -0.353 0.114
vn 0.988 0.131 0.085
vn 0.901 0.433 -0.032
vn 0.683 0.729 -0.031
vn -0.201 0.976 0.077
vn -0.590 0.803 0.083
vn -0.788 0.615 -0.023
vn -0.992 0.122 -0.026
vn -0.819 -0.567 0.089
vn -0.300 -0.950 0.092
vn -0.188 -0.982 -0.020
vn 0.385 -0.923 -0.019
vn 0.918 -0.389 0.080
vn 0.997 0.055 0.053
vn 0.921 0.385 -0.055
vn 0.630 0.777 -0.009
vn -0.252 0.964 0.090
vn -0.534 0.844 0.050
vn -0.751 0.659 -0.041
vn -0.999 0.053 0.006
vn -0.784 -0.610 0.112
vn -0.367 -0.928 0.070
vn -0.238 -0.971 -0.031
vn 0.456 -0.890 0.012
vn 0.934 -0.343 0.097
vn 0.999 -0.039 0.018
vn 0.928 0.368 -0.062
vn 0.556 0.831 0.018
vn -0.266 0.960 0.089
vn -0.462 0.887 0.010
vn -0.738 0.674 -0.045
vn -0.998 -0.033 0.044
vn -0.773 -0.623 0.122
vn -0.447 -0.894 0.042
vn -0.256 -0.966 -0.028
vn 0.540 -0.841 0.046
vn 0.939 -0.329 0.100
vn 0.991 -0.131 -0.015
vn 0.920 0.387 -0.055
vn 0.478 0.878 0.042
vn -0.243 0.967 0.075
vn -0.388 0.921 -0.028
vn -0.752 0.658 -0.035
vn -0.990 -0.117 0.079
vn -0.788 -0.604 0.118
vn -0.523 -0.852 0.016
vn -0.238 -0.971 -0.010
vn 0.616 -0.784 0.077
vn 0.932 -0.350 0.090
vn 0.978 -0.203 -0.037
vn 0.898 0.439 -0.038
vn 0.414 0.909 0.058
vn -0.186 0.981 0.048
vn -0.327 0.943 -0.056
vn -0.791 0.611 -0.012
vn -0.978 -0.181 0.106
vn -0.825 -0.556 0.101
vn -0.580 -0.814 -0.001
vn -0.185 -0.983 0.018
vn 0.670 -0.736 0.099
vn 0.914 -0.401 0.069
vn 0.952 -0.260 0.161
vn 0.854 0.487 0.184
vn 0.378 0.895 0.235
vn -0.103 0.979 0.175
vn -0.288 0.951 0.111
vn -0.800 0.552 0.237
vn -0.940 -0.206 0.271
vn -0.849 -0.471 0.241
vn -0.608 -0.772 0.186
vn -0.121 -0.960 0.252
vn 0.659 -0.698 0.281
vn 0.873 -0.451 0.184
vn 0.812 -0.293 0.505
vn 0.722 0.452 0.524
vn 0.348 0.786 0.511
vn -0.008 0.892 0.452
vn -0.239 0.865 0.442
vn -0.665 0.465 0.584
vn -0.834 -0.190 0.517
vn -0.793 -0.338 0.507
vn -0.559 -0.647 0.518
vn -0.072 -0.815 0.575
vn 0.542 -0.627 0.560
vn 0.781 -0.452 0.432
vn 0.725 -0.362 0.586
vn 0.667 0.428 0.609
vn 0.364 0.740 0.565
vn 0.082 0.845 0.529
vn -0.201 0.816 0.542
vn -0.584 0.471 0.661
vn -0.801 -0.186 0.568
vn -0.789 -0.231 0.570
vn -0.551 -0.565 0.614
vn -0.062 -0.756 0.652
vn 0.462 -0.630 0.625
vn 0.734 -0.453 0.507
vn 0.698 -0.575 0.426
vn 0.769 0.452 0.452
vn 0.436 0.811 0.390
vn 0.222 0.897 0.382
vn -0.140 0.902 0.410
vn -0.572 0.660 0.487
vn -0.878 -0.247 0.411
vn -0.900 -0.101 0.424
vn -0.697 -0.527 0.486
vn -0.112 -0.851 0.513
vn 0.442 -0.764 0.469
vn 0.787 -0.481 0.386
vn -0.000 0.000 1.000
vn 0.957 0.278 0.083
vn 0.786 0.617 0.043
vn 0.548 0.836 -0.017
vn 0.099 0.995 0.026
vn -0.824 0.561 0.082
vn -0.906 0.421 0.038
vn -0.993 0.114 -0.026
vn -0.847 -0.531 0.012
vn -0.285 -0.956 0.072
vn 0.293 -0.956 0.028
vn 0.297 -0.954 -0.032
vn 0.906 -0.423 0.025
vn 0.974 0.215 0.071
vn 0.852 0.520 0.055
vn 0.601 0.799 0.005
vn 0.142 0.990 0.027
vn -0.675 0.735 0.070
vn -0.909 0.415 0.042
vn -0.971 0.239 -0.013
vn -0.880 -0.475 -0.003
vn -0.396 -0.917 0.046
vn 0.144 -0.989 0.027
vn 0.323 -0.946 -0.029
vn 0.801 -0.599 0.012
vn 0.969 0.232 0.082
vn 0.896 0.442 0.049
vn 0.619 0.785 0.020
vn 0.056 0.997 0.061
vn -0.689 0.721 0.079
vn -0.872 0.488 0.028
vn -0.965 0.262 -0.015
vn -0.835 -0.551 -0.000
vn -0.378 -0.925 0.030
vn 0.054 -0.999 -0.008
vn 0.303 -0.952 -0.044
vn 0.855 -0.518 0.027
vn 0.973 0.214 0.091
vn 0.932 0.360 0.049
vn 0.605 0.794 0.052
vn -0.030 0.995 0.100
vn -0.672 0.735 0.091
vn -0.830 0.558 0.025
vn -0.969 0.248 -0.002
vn -0.784 -0.621 0.007
vn -0.396 -0.918 0.015
vn -0.038 -0.999 -0.034
vn 0.317 -0.947 -0.042
vn 0.900 -0.434 0.052
vn 0.971 0.172 0.164
vn 0.949 0.281 0.146
vn 0.572 0.797 0.195
vn -0.089 0.971 0.220
vn -0.614 0.767 0.185
vn -0.789 0.604 0.113
vn -0.965 0.227 0.128
vn -0.744 -0.660 0.100
vn -0.439 -0.895 0.074
vn -0.125 -0.991 0.043
vn 0.351 -0.934 0.067
vn 0.907 -0.385 0.172
vn 0.967 0.114 0.229
vn 0.947 0.217 0.235
vn 0.518 0.793 0.320
vn -0.116 0.942 0.315
vn -0.529 0.804 0.273
vn -0.754 0.625 0.202
vn -0.952 0.190 0.238
vn -0.720 -0.671 0.177
vn -0.499 -0.858 0.125
vn -0.191 -0.974 0.119
vn 0.398 -0.902 0.168
vn 0.889 -0.369 0.271
vn 0.979 0.041 0.199
vn 0.955 0.185 0.233
vn 0.458 0.829 0.322
vn -0.132 0.947 0.291
vn -0.448 0.856 0.257
vn -0.740 0.640 0.205
vn -0.969 0.122 0.216
vn -0.718 -0.685 0.121
vn -0.572 -0.816 0.076
vn -0.227 -0.969 0.094
vn 0.468 -0.871 0.149
vn 0.901 -0.369 0.229
vn 0.984 -0.033 0.173
vn 0.959 0.173 0.226
vn 0.406 0.860 0.309
vn -0.122 0.957 0.265
vn -0.354 0.902 0.247
vn -0.745 0.637 0.200
vn -0.982 0.064 0.175
vn -0.733 -0.677 0.063
vn -0.643 -0.765 0.034
vn -0.243 -0.968 0.061
vn 0.533 -0.838 0.115
vn 0.897 -0.405 0.179
vn 0.985 -0.100 0.138
vn 0.963 0.177 0.201
vn 0.373 0.886 0.277
vn -0.091 0.968 0.235
vn -0.255 0.939 0.229
vn -0.766 0.619 0.173
vn -0.993 0.027 0.113
vn -0.760 -0.650 0.001
vn -0.704 -0.710 -0.014
vn -0.243 -0.970 0.008
vn 0.585 -0.809 0.061
vn 0.876 -0.469 0.114
vn 0.980 -0.154 0.125
vn 0.984 0.064 0.168
vn 0.420 0.872 0.252
vn -0.094 0.972 0.216
vn -0.071 0.971 0.229
vn -0.753 0.636 0.168
vn -0.988 0.116 0.101
vn -0.772 -0.635 -0.022
vn -0.778 -0.628 -0.015
vn -0.374 -0.927 -0.014
vn 0.608 -0.793 0.036
vn 0.814 -0.576 0.072
vn -0.000 -0.000 1.000
vn 0.940 0.332 0.076
vn 0.718 0.693 0.067
vn 0.575 0.818 -0.015
vn 0.023 1.000 -0.016
vn -0.601 0.797 0.061
vn -0.993 0.107 0.049
vn -0.991 0.130 -0.028
vn -0.900 -0.435 -0.026
vn -0.257 -0.965 0.057
vn 0.200 -0.978 0.056
vn 0.544 -0.839 -0.024
vn 0.754 -0.656 -0.019
vn 0.993 0.106 0.060
vn 0.746 0.663 0.070
vn 0.643 0.766 0.008
vn 0.112 0.994 -0.009
vn -0.544 0.838 0.040
vn -0.950 0.309 0.043
vn -0.996 0.092 -0.024
vn -0.958 -0.286 -0.033
vn -0.347 -0.937 0.030
vn 0.105 -0.993 0.048
vn 0.449 -0.893 -0.008
vn 0.755 -0.656 -0.014
vn 0.981 0.174 0.088
vn 0.783 0.617 0.073
vn 0.691 0.722 0.013
vn 0.047 0.999 0.014
vn -0.596 0.802 0.050
vn -0.928 0.372 0.020
vn -0.987 0.152 -0.050
vn -0.937 -0.347 -0.036
vn -0.289 -0.957 0.030
vn 0.042 -0.999 0.024
vn 0.388 -0.922 -0.024
vn 0.792 -0.610 0.008
vn 0.973 0.204 0.109
vn 0.830 0.553 0.071
vn 0.714 0.699 0.025
vn -0.041 0.998 0.037
vn -0.619 0.784 0.053
vn -0.891 0.453 -0.005
vn -0.981 0.181 -0.067
vn -0.902 -0.431 -0.035
vn -0.263 -0.965 0.023
vn -0.041 -0.999 -0.007
vn 0.356 -0.934 -0.032
vn 0.839 -0.544 0.037
vn 0.974 0.193 0.122
vn 0.874 0.481 0.068
vn 0.710 0.703 0.045
vn -0.134 0.989 0.057
vn -0.611 0.790 0.049
vn -0.844 0.536 -0.028
vn -0.982 0.175 -0.076
vn -0.855 -0.518 -0.035
vn -0.272 -0.962 0.007
vn -0.129 -0.991 -0.041
vn 0.363 -0.931 -0.030
vn 0.881 -0.467 0.068
vn 0.981 0.144 0.126
vn 0.907 0.415 0.070
vn 0.678 0.732 0.071
vn -0.210 0.975 0.072
vn -0.576 0.817 0.040
vn -0.796 0.604 -0.045
vn -0.988 0.133 -0.080
vn -0.808 -0.588 -0.036
vn -0.315 -0.949 -0.018
vn -0.203 -0.977 -0.071
vn 0.407 -0.913 -0.017
vn 0.912 -0.399 0.097
vn 0.961 0.055 0.272
vn 0.903 0.361 0.232
vn 0.630 0.722 0.286
vn -0.229 0.945 0.235
vn -0.523 0.836 0.165
vn -0.736 0.664 0.132
vn -0.992 0.084 0.098
vn -0.791 -0.599 0.127
vn -0.369 -0.925 0.087
vn -0.264 -0.962 0.075
vn 0.425 -0.884 0.194
vn 0.900 -0.349 0.260
vn 0.906 -0.053 0.419
vn 0.859 0.315 0.402
vn 0.575 0.667 0.474
vn -0.199 0.894 0.401
vn -0.459 0.835 0.303
vn -0.645 0.694 0.320
vn -0.958 0.036 0.283
vn -0.782 -0.547 0.298
vn -0.418 -0.882 0.217
vn -0.305 -0.923 0.235
vn 0.396 -0.828 0.397
vn 0.855 -0.317 0.410
vn 0.912 -0.168 0.375
vn 0.869 0.298 0.395
vn 0.570 0.690 0.446
vn -0.185 0.919 0.347
vn -0.407 0.874 0.266
vn -0.597 0.748 0.290
vn -0.975 -0.018 0.222
vn -0.822 -0.529 0.210
vn -0.486 -0.861 0.153
vn -0.349 -0.917 0.190
vn 0.415 -0.838 0.354
vn 0.878 -0.316 0.359
vn 0.894 -0.342 0.290
vn 0.905 0.250 0.344
vn 0.647 0.664 0.374
vn -0.151 0.952 0.268
vn -0.371 0.903 0.216
vn -0.455 0.857 0.242
vn -0.990 -0.032 0.139
vn -0.881 -0.460 0.111
vn -0.539 -0.837 0.092
vn -0.458 -0.881 0.117
vn 0.340 -0.908 0.246
vn 0.913 -0.293 0.284
vn -0.000 0.000 1.000
vn 0.996 0.089 0.007
vn 0.752 0.646 0.129
vn 0.214 0.975 0.060
vn 0.157 0.986 -0.064
vn -0.470 0.883 0.012
vn -0.981 0.141 0.134
vn -0.994 -0.087 0.068
vn -0.872 -0.485 -0.066
vn -0.585 -0.811 -0.000
vn 0.359 -0.924 0.134
vn 0.668 -0.742 0.063
vn 0.756 -0.652 -0.066
vn 0.998 -0.057 -0.011
vn 0.788 0.609 0.095
vn 0.398 0.915 0.072
vn 0.130 0.991 -0.043
vn -0.335 0.942 -0.002
vn -0.956 0.277 0.102
vn -0.996 -0.049 0.075
vn -0.931 -0.364 -0.033
vn -0.588 -0.809 -0.009
vn 0.146 -0.985 0.096
vn 0.631 -0.773 0.065
vn 0.722 -0.690 -0.045
vn 0.999 0.034 0.017
vn 0.770 0.630 0.101
vn 0.480 0.877 0.037
vn 0.159 0.986 -0.050
vn -0.418 0.908 0.034
vn -0.961 0.250 0.116
vn -0.998 0.033 0.045
vn -0.942 -0.333 -0.036
vn -0.520 -0.854 0.025
vn 0.176 -0.979 0.103
vn 0.568 -0.823 0.027
vn 0.700 -0.712 -0.057
vn 0.991 0.130 0.045
vn 0.777 0.623 0.093
vn 0.562 0.827 -0.001
vn 0.152 0.987 -0.042
vn -0.502 0.862 0.072
vn -0.958 0.261 0.116
vn -0.993 0.119 0.015
vn -0.940 -0.340 -0.025
vn -0.443 -0.895 0.059
vn 0.165 -0.982 0.096
vn 0.495 -0.869 -0.012
vn 0.705 -0.707 -0.054
vn 0.976 0.208 0.066
vn 0.806 0.588 0.069
vn 0.628 0.778 -0.031
vn 0.109 0.994 -0.019
vn -0.570 0.815 0.103
vn -0.947 0.305 0.103
vn -0.981 0.192 -0.007
vn -0.923 -0.386 -0.001
vn -0.375 -0.923 0.085
vn 0.116 -0.990 0.076
vn 0.428 -0.903 -0.043
vn 0.735 -0.677 -0.040
vn 0.964 0.254 0.077
vn 0.847 0.531 0.034
vn 0.668 0.743 -0.049
vn 0.037 0.999 0.013
vn -0.609 0.783 0.123
vn -0.923 0.375 0.080
vn -0.971 0.238 -0.016
vn -0.888 -0.460 0.030
vn -0.333 -0.938 0.100
vn 0.037 -0.998 0.047
vn 0.383 -0.922 -0.061
vn 0.784 -0.620 -0.017
vn 0.941 0.248 0.230
vn 0.875 0.463 0.141
vn 0.689 0.708 0.152
vn -0.037 0.973 0.228
vn -0.590 0.755 0.287
vn -0.872 0.444 0.205
vn -0.951 0.256 0.171
vn -0.825 -0.500 0.262
vn -0.312 -0.919 0.241
vn -0.062 -0.981 0.185
vn 0.361 -0.925 0.121
vn 0.808 -0.552 0.205
vn 0.841 0.179 0.511
vn 0.827 0.380 0.414
vn 0.634 0.570 0.522
vn -0.073 0.829 0.554
vn -0.481 0.677 0.557
vn -0.741 0.460 0.490
vn -0.822 0.238 0.517
vn -0.681 -0.413 0.604
vn -0.282 -0.825 0.489
vn -0.156 -0.858 0.490
vn 0.304 -0.819 0.486
vn 0.702 -0.451 0.552
vn 0.802 0.109 0.588
vn 0.796 0.328 0.509
vn 0.642 0.458 0.614
vn -0.085 0.762 0.642
vn -0.405 0.668 0.624
vn -0.649 0.485 0.586
vn -0.744 0.243 0.622
vn -0.640 -0.333 0.693
vn -0.268 -0.790 0.551
vn -0.258 -0.777 0.575
vn 0.254 -0.756 0.603
vn 0.640 -0.425 0.640
vn 0.908 0.051 0.416
vn 0.865 0.321 0.385
vn 0.835 0.345 0.428
vn -0.096 0.868 0.488
vn -0.398 0.791 0.465
vn -0.639 0.616 0.460
vn -0.792 0.360 0.494
vn -0.798 -0.266 0.541
vn -0.244 -0.891 0.384
vn -0.467 -0.777 0.423
vn 0.189 -0.862 0.470
vn 0.698 -0.538 0.473
vn -0.000 -0.000 1.000
vn 0.976 0.204 0.071
vn 0.692 0.721 0.025
vn 0.662 0.749 -0.034
vn -0.049 0.998 0.030
vn -0.766 0.637 0.088
vn -0.898 0.438 0.041
vn -0.999 0.035 -0.022
vn -0.904 -0.428 0.024
vn -0.098 -0.992 0.077
vn 0.124 -0.992 0.026
vn 0.344 -0.938 -0.037
vn 0.914 -0.406 0.012
vn 0.990 0.133 0.046
vn 0.810 0.586 0.029
vn 0.637 0.771 -0.026
vn 0.135 0.991 0.020
vn -0.695 0.715 0.080
vn -0.869 0.492 0.056
vn -0.989 0.147 0.003
vn -0.910 -0.413 0.021
vn -0.327 -0.943 0.059
vn 0.113 -0.993 0.026
vn 0.261 -0.965 -0.030
vn 0.859 -0.511 -0.009
vn 0.989 0.146 0.030
vn 0.862 0.507 -0.004
vn 0.648 0.761 -0.032
vn 0.039 0.998 0.047
vn -0.702 0.706 0.099
vn -0.823 0.566 0.056
vn -0.986 0.164 0.022
vn -0.871 -0.490 0.050
vn -0.315 -0.947 0.059
vn 0.030 -1.000 -0.000
vn 0.245 -0.969 -0.042
vn 0.903 -0.429 -0.011
vn 0.993 0.121 0.005
vn 0.904 0.425 -0.037
vn 0.631 0.775 -0.029
vn -0.056 0.996 0.076
vn -0.683 0.722 0.110
vn -0.772 0.633 0.058
vn -0.989 0.139 0.049
vn -0.825 -0.560 0.075
vn -0.341 -0.939 0.053
vn -0.052 -0.998 -0.022
vn 0.266 -0.963 -0.049
vn 0.938 -0.347 -0.015
vn 0.997 0.069 0.018
vn 0.936 0.352 -0.007
vn 0.592 0.805 0.043
vn -0.115 0.981 0.156
vn -0.639 0.753 0.158
vn -0.723 0.681 0.118
vn -0.985 0.092 0.144
vn -0.783 -0.605 0.143
vn -0.402 -0.910 0.097
vn -0.115 -0.993 0.015
vn 0.309 -0.951 0.014
vn 0.956 -0.292 0.030
vn 0.997 0.004 0.082
vn 0.953 0.285 0.104
vn 0.533 0.826 0.185
vn -0.121 0.951 0.286
vn -0.573 0.779 0.254
vn -0.673 0.698 0.245
vn -0.951 0.047 0.305
vn -0.746 -0.615 0.255
vn -0.480 -0.853 0.206
vn -0.152 -0.980 0.127
vn 0.348 -0.925 0.150
vn 0.953 -0.275 0.131
vn 0.993 -0.068 0.097
vn 0.958 0.239 0.158
vn 0.467 0.846 0.259
vn -0.101 0.937 0.335
vn -0.504 0.810 0.301
vn -0.639 0.699 0.320
vn -0.922 0.000 0.386
vn -0.733 -0.612 0.297
vn -0.562 -0.785 0.260
vn -0.165 -0.967 0.192
vn 0.392 -0.896 0.209
vn 0.945 -0.285 0.158
vn 0.988 -0.146 0.043
vn 0.967 0.225 0.122
vn 0.408 0.884 0.229
vn -0.067 0.956 0.287
vn -0.439 0.854 0.280
vn -0.638 0.700 0.321
vn -0.930 -0.054 0.363
vn -0.750 -0.610 0.257
vn -0.647 -0.723 0.241
vn -0.158 -0.972 0.172
vn 0.452 -0.879 0.150
vn 0.946 -0.314 0.082
vn 0.976 -0.215 -0.020
vn 0.973 0.222 0.059
vn 0.362 0.915 0.177
vn -0.002 0.975 0.224
vn -0.377 0.892 0.249
vn -0.653 0.695 0.301
vn -0.945 -0.084 0.317
vn -0.776 -0.594 0.214
vn -0.727 -0.652 0.214
vn -0.132 -0.984 0.124
vn 0.491 -0.869 0.065
vn 0.931 -0.365 -0.001
vn 0.957 -0.287 -0.032
vn 0.997 0.071 0.008
vn 0.337 0.931 0.143
vn 0.105 0.979 0.176
vn -0.296 0.928 0.225
vn -0.602 0.750 0.274
vn -0.957 -0.008 0.289
vn -0.769 -0.614 0.181
vn -0.840 -0.497 0.218
vn -0.165 -0.980 0.112
vn 0.443 -0.896 0.033
vn 0.908 -0.418 -0.033
vn 0.000 0.000 1.000
vn 0.996 -0.065 -0.059
vn 0.928 0.373 -0.022
vn 0.121 0.984 0.129
vn -0.128 0.988 0.088
vn -0.483 0.873 -0.067
vn -0.817 0.576 -0.028
vn -0.959 -0.247 0.139
vn -0.651 -0.753 0.095
vn -0.654 -0.754 -0.050
vn 0.045 -0.999 -0.007
vn 0.646 -0.752 0.132
vn 0.969 -0.230 0.090
vn 0.996 -0.077 -0.033
vn 0.953 0.301 -0.031
vn 0.312 0.947 0.080
vn -0.114 0.990 0.079
vn -0.351 0.936 -0.038
vn -0.810 0.586 -0.033
vn -0.992 -0.081 0.098
vn -0.737 -0.668 0.100
vn -0.651 -0.758 -0.023
vn -0.137 -0.991 -0.008
vn 0.617 -0.780 0.100
vn 0.911 -0.401 0.097
vn 0.991 -0.126 -0.050
vn 0.929 0.371 -0.006
vn 0.265 0.960 0.085
vn -0.044 0.998 0.033
vn -0.300 0.952 -0.066
vn -0.851 0.526 -0.004
vn -0.984 -0.131 0.119
vn -0.786 -0.613 0.077
vn -0.687 -0.727 -0.030
vn -0.055 -0.998 0.036
vn 0.650 -0.749 0.126
vn 0.878 -0.473 0.070
vn 0.989 -0.139 -0.051
vn 0.891 0.453 0.022
vn 0.256 0.964 0.075
vn 0.039 0.999 -0.019
vn -0.285 0.955 -0.078
vn -0.893 0.449 0.030
vn -0.982 -0.142 0.125
vn -0.840 -0.541 0.046
vn -0.697 -0.717 -0.020
vn 0.044 -0.996 0.083
vn 0.656 -0.742 0.136
vn 0.831 -0.555 0.040
vn 0.993 -0.114 -0.037
vn 0.847 0.530 0.044
vn 0.284 0.957 0.052
vn 0.119 0.991 -0.067
vn -0.311 0.948 -0.075
vn -0.926 0.372 0.063
vn -0.987 -0.114 0.114
vn -0.884 -0.467 0.016
vn -0.680 -0.733 0.005
vn 0.137 -0.983 0.125
vn 0.637 -0.759 0.133
vn 0.778 -0.627 0.016
vn 0.998 -0.053 -0.015
vn 0.809 0.585 0.057
vn 0.344 0.939 0.015
vn 0.180 0.978 -0.103
vn -0.372 0.926 -0.058
vn -0.946 0.314 0.086
vn -0.995 -0.051 0.087
vn -0.913 -0.407 -0.004
vn -0.636 -0.770 0.044
vn 0.204 -0.966 0.157
vn 0.593 -0.796 0.119
vn 0.734 -0.680 0.003
vn 0.975 0.012 0.220
vn 0.773 0.590 0.233
vn 0.421 0.895 0.148
vn 0.214 0.975 0.066
vn -0.417 0.887 0.197
vn -0.926 0.279 0.253
vn -0.974 0.033 0.222
vn -0.914 -0.357 0.194
vn -0.560 -0.777 0.289
vn 0.207 -0.915 0.348
vn 0.527 -0.814 0.244
vn 0.679 -0.702 0.216
vn 0.815 0.039 0.578
vn 0.683 0.507 0.525
vn 0.458 0.757 0.465
vn 0.209 0.875 0.437
vn -0.341 0.737 0.584
vn -0.817 0.244 0.523
vn -0.854 0.112 0.508
vn -0.788 -0.263 0.556
vn -0.430 -0.654 0.622
vn 0.134 -0.767 0.627
vn 0.433 -0.745 0.507
vn 0.524 -0.629 0.574
vn 0.740 0.034 0.671
vn 0.661 0.461 0.592
vn 0.511 0.652 0.560
vn 0.210 0.803 0.558
vn -0.260 0.692 0.673
vn -0.775 0.234 0.587
vn -0.790 0.192 0.582
vn -0.731 -0.184 0.657
vn -0.382 -0.598 0.704
vn 0.058 -0.714 0.697
vn 0.385 -0.707 0.594
vn 0.413 -0.626 0.662
vn 0.854 -0.012 0.521
vn 0.755 0.514 0.407
vn 0.682 0.610 0.403
vn 0.299 0.860 0.414
vn -0.155 0.865 0.476
vn -0.881 0.229 0.413
vn -0.838 0.350 0.419
vn -0.861 -0.059 0.505
vn -0.464 -0.678 0.570
vn -0.034 -0.832 0.553
vn 0.423 -0.769 0.480
vn 0.301 -0.802 0.516
vn -0.000 -0.000 1.000
vn 0.998 -0.011 -0.058
vn 0.911 0.412 -0.027
vn 0.249 0.963 0.103
vn -0.313 0.947 0.071
vn -0.327 0.944 -0.039
vn -0.890 0.455 0.001
vn -0.978 -0.178 0.110
vn -0.676 -0.733 0.075
vn -0.567 -0.823 -0.038
vn -0.129 -0.992 -0.010
vn 0.793 -0.602 0.096
vn 0.919 -0.389 0.062
vn 0.987 -0.158 -0.042
vn 0.914 0.405 -0.039
vn 0.421 0.905 0.066
vn -0.208 0.976 0.073
vn -0.324 0.946 -0.019
vn -0.796 0.605 0.004
vn -0.986 -0.139 0.092
vn -0.801 -0.593 0.088
vn -0.570 -0.822 -0.012
vn -0.216 -0.976 -0.013
vn 0.670 -0.741 0.057
vn 0.913 -0.405 0.051
vn 0.975 -0.209 -0.074
vn 0.882 0.471 -0.032
vn 0.375 0.924 0.071
vn -0.134 0.990 0.048
vn -0.279 0.960 -0.027
vn -0.843 0.537 0.047
vn -0.975 -0.182 0.125
vn -0.846 -0.526 0.083
vn -0.608 -0.794 -0.011
vn -0.142 -0.990 0.013
vn 0.704 -0.708 0.055
vn 0.883 -0.470 0.007
vn 0.971 -0.222 -0.094
vn 0.837 0.547 -0.020
vn 0.366 0.928 0.064
vn -0.046 0.999 0.016
vn -0.267 0.963 -0.022
vn -0.889 0.449 0.094
vn -0.971 -0.190 0.147
vn -0.893 -0.444 0.075
vn -0.617 -0.787 0.003
vn -0.051 -0.998 0.039
vn 0.710 -0.703 0.042
vn 0.840 -0.542 -0.038
vn 0.975 -0.194 -0.104
vn 0.789 0.614 -0.010
vn 0.395 0.918 0.042
vn 0.039 0.999 -0.018
vn -0.291 0.957 -0.004
vn -0.922 0.363 0.138
vn -0.974 -0.162 0.158
vn -0.929 -0.362 0.072
vn -0.596 -0.803 0.026
vn 0.038 -0.998 0.058
vn 0.689 -0.725 0.021
vn 0.792 -0.606 -0.077
vn 0.986 -0.129 -0.106
vn 0.751 0.660 -0.006
vn 0.454 0.891 0.007
vn 0.105 0.994 -0.044
vn -0.346 0.938 0.028
vn -0.939 0.297 0.175
vn -0.982 -0.105 0.159
vn -0.951 -0.298 0.077
vn -0.545 -0.837 0.055
vn 0.104 -0.992 0.070
vn 0.641 -0.767 -0.007
vn 0.751 -0.651 -0.107
vn 0.984 -0.088 0.156
vn 0.722 0.671 0.168
vn 0.524 0.837 0.159
vn 0.152 0.974 0.167
vn -0.382 0.877 0.291
vn -0.882 0.275 0.383
vn -0.949 -0.045 0.311
vn -0.922 -0.224 0.317
vn -0.473 -0.827 0.305
vn 0.119 -0.956 0.267
vn 0.565 -0.810 0.159
vn 0.729 -0.679 0.087
vn 0.888 -0.089 0.451
vn 0.678 0.632 0.374
vn 0.570 0.736 0.365
vn 0.179 0.884 0.431
vn -0.364 0.756 0.544
vn -0.758 0.281 0.589
vn -0.869 -0.000 0.495
vn -0.820 -0.135 0.556
vn -0.387 -0.738 0.553
vn 0.091 -0.871 0.483
vn 0.448 -0.804 0.392
vn 0.675 -0.652 0.345
vn 0.894 -0.119 0.433
vn 0.692 0.644 0.328
vn 0.658 0.677 0.330
vn 0.223 0.870 0.439
vn -0.385 0.743 0.548
vn -0.744 0.336 0.578
vn -0.862 0.036 0.506
vn -0.820 -0.062 0.569
vn -0.369 -0.746 0.555
vn 0.066 -0.887 0.457
vn 0.355 -0.848 0.393
vn 0.661 -0.660 0.357
vn 0.926 -0.272 0.262
vn 0.696 0.695 0.181
vn 0.790 0.585 0.185
vn 0.366 0.883 0.295
vn -0.398 0.815 0.422
vn -0.767 0.453 0.454
vn -0.902 0.047 0.429
vn -0.881 0.111 0.459
vn -0.423 -0.791 0.441
vn 0.046 -0.945 0.323
vn 0.225 -0.928 0.297
vn 0.636 -0.728 0.257
vn -0.000 -0.000 1.000
vn 0.925 0.374 0.062
vn 0.778 0.626 0.054
vn 0.507 0.862 -0.007
vn 0.098 0.995 0.003
vn -0.672 0.737 0.067
vn -0.987 0.156 0.046
vn -0.985 0.174 -0.014
vn -0.857 -0.515 -0.012
vn -0.340 -0.939 0.042
vn 0.293 -0.956 0.033
vn 0.470 -0.882 -0.028
vn 0.770 -0.637 -0.016
vn 0.983 0.179 0.048
vn 0.788 0.613 0.058
vn 0.626 0.780 0.017
vn 0.114 0.993 0.015
vn -0.548 0.834 0.059
vn -0.956 0.291 0.049
vn -0.987 0.161 -0.002
vn -0.936 -0.351 -0.018
vn -0.379 -0.925 0.015
vn 0.118 -0.993 0.021
vn 0.450 -0.893 -0.028
vn 0.729 -0.684 -0.023
vn 0.969 0.237 0.063
vn 0.826 0.561 0.058
vn 0.673 0.739 0.027
vn 0.047 0.998 0.053
vn -0.596 0.798 0.085
vn -0.934 0.355 0.048
vn -0.976 0.216 -0.005
vn -0.907 -0.420 -0.019
vn -0.328 -0.945 0.000
vn 0.046 -0.999 -0.016
vn 0.396 -0.916 -0.059
vn 0.772 -0.635 -0.025
vn 0.964 0.257 0.072
vn 0.869 0.492 0.052
vn 0.692 0.721 0.043
vn -0.039 0.995 0.091
vn -0.613 0.783 0.106
vn -0.899 0.435 0.048
vn -0.971 0.239 -0.001
vn -0.863 -0.505 -0.022
vn -0.309 -0.951 -0.021
vn -0.045 -0.997 -0.056
vn 0.374 -0.924 -0.083
vn 0.825 -0.565 -0.020
vn 0.967 0.236 0.096
vn 0.905 0.420 0.065
vn 0.685 0.722 0.097
vn -0.120 0.981 0.153
vn -0.595 0.790 0.146
vn -0.855 0.514 0.076
vn -0.973 0.229 0.035
vn -0.815 -0.580 0.001
vn -0.323 -0.946 -0.027
vn -0.139 -0.988 -0.068
vn 0.383 -0.921 -0.072
vn 0.870 -0.493 0.015
vn 0.969 0.174 0.177
vn 0.921 0.361 0.149
vn 0.663 0.709 0.239
vn -0.171 0.947 0.273
vn -0.540 0.805 0.245
vn -0.797 0.574 0.185
vn -0.968 0.199 0.153
vn -0.787 -0.609 0.103
vn -0.355 -0.934 0.022
vn -0.229 -0.973 0.004
vn 0.408 -0.913 0.030
vn 0.889 -0.441 0.121
vn 0.970 0.090 0.225
vn 0.923 0.318 0.215
vn 0.629 0.700 0.340
vn -0.195 0.916 0.351
vn -0.467 0.826 0.315
vn -0.742 0.613 0.272
vn -0.960 0.152 0.234
vn -0.776 -0.608 0.167
vn -0.401 -0.915 0.049
vn -0.302 -0.952 0.052
vn 0.443 -0.890 0.104
vn 0.893 -0.411 0.184
vn 0.985 -0.004 0.175
vn 0.934 0.292 0.207
vn 0.589 0.734 0.338
vn -0.214 0.919 0.330
vn -0.393 0.867 0.305
vn -0.712 0.646 0.275
vn -0.975 0.086 0.205
vn -0.781 -0.615 0.103
vn -0.462 -0.887 -0.004
vn -0.352 -0.936 0.012
vn 0.502 -0.862 0.064
vn 0.908 -0.399 0.130
vn 0.988 -0.109 0.111
vn 0.939 0.290 0.185
vn 0.557 0.769 0.314
vn -0.211 0.929 0.303
vn -0.309 0.906 0.290
vn -0.700 0.665 0.259
vn -0.989 0.018 0.148
vn -0.805 -0.593 0.031
vn -0.521 -0.851 -0.058
vn -0.381 -0.923 -0.045
vn 0.556 -0.831 -0.000
vn 0.910 -0.411 0.061
vn 0.963 -0.261 0.069
vn 0.952 0.255 0.172
vn 0.644 0.714 0.276
vn -0.222 0.934 0.280
vn -0.194 0.939 0.284
vn -0.613 0.742 0.269
vn -0.991 0.010 0.132
vn -0.862 -0.507 0.026
vn -0.543 -0.838 -0.061
vn -0.515 -0.856 -0.041
vn 0.535 -0.845 -0.027
vn 0.905 -0.424 0.035
vn 0.000 0.000 1.000
vn 0.951 0.302 0.073
vn 0.719 0.694 0.024
vn 0.682 0.730 -0.038
vn -0.133 0.991 0.013
vn -0.679 0.730 0.070
vn -0.951 0.308 0.025
vn -0.993 0.113 -0.036
vn -0.894 -0.447 0.015
vn -0.079 -0.994 0.076
vn 0.047 -0.998 0.032
vn 0.448 -0.893 -0.034
vn 0.855 -0.518 0.010
vn 0.990 0.130 0.053
vn 0.782 0.623 0.027
vn 0.686 0.727 -0.031
vn 0.063 0.998 -0.003
vn -0.648 0.760 0.051
vn -0.887 0.461 0.032
vn -0.992 0.123 -0.024
vn -0.933 -0.360 0.007
vn -0.268 -0.961 0.063
vn 0.051 -0.998 0.039
vn 0.309 -0.951 -0.015
vn 0.843 -0.537 0.003
vn 0.988 0.146 0.053
vn 0.834 0.552 0.003
vn 0.699 0.714 -0.039
vn -0.035 0.999 0.008
vn -0.659 0.750 0.049
vn -0.840 0.542 0.010
vn -0.990 0.141 -0.025
vn -0.897 -0.442 0.030
vn -0.253 -0.965 0.072
vn -0.032 -0.999 0.027
vn 0.290 -0.957 -0.010
vn 0.887 -0.462 0.023
vn 0.991 0.122 0.046
vn 0.879 0.477 -0.019
vn 0.685 0.727 -0.039
vn -0.131 0.991 0.018
vn -0.643 0.765 0.039
vn -0.787 0.617 -0.012
vn -0.993 0.121 -0.017
vn -0.852 -0.520 0.053
vn -0.277 -0.958 0.075
vn -0.114 -0.993 0.016
vn 0.310 -0.951 0.002
vn 0.922 -0.385 0.040
vn 0.997 0.063 0.033
vn 0.910 0.414 -0.036
vn 0.646 0.763 -0.033
vn -0.203 0.979 0.024
vn -0.601 0.799 0.020
vn -0.740 0.672 -0.030
vn -0.998 0.064 -0.001
vn -0.812 -0.579 0.073
vn -0.333 -0.940 0.070
vn -0.178 -0.984 0.011
vn 0.367 -0.930 0.020
vn 0.945 -0.324 0.052
vn 1.000 -0.021 0.016
vn 0.925 0.378 -0.045
vn 0.583 0.812 -0.024
vn -0.240 0.971 0.023
vn -0.539 0.842 -0.004
vn -0.712 0.701 -0.040
vn -1.000 -0.018 0.020
vn -0.790 -0.608 0.085
vn -0.411 -0.910 0.060
vn -0.214 -0.977 0.013
vn 0.449 -0.893 0.040
vn 0.955 -0.292 0.057
vn 0.981 -0.115 0.157
vn 0.928 0.347 0.136
vn 0.524 0.837 0.159
vn -0.212 0.963 0.168
vn -0.481 0.870 0.107
vn -0.673 0.726 0.146
vn -0.975 -0.077 0.210
vn -0.775 -0.589 0.231
vn -0.488 -0.849 0.202
vn -0.223 -0.956 0.188
vn 0.471 -0.847 0.247
vn 0.940 -0.284 0.187
vn 0.931 -0.204 0.303
vn 0.896 0.309 0.319
vn 0.470 0.818 0.332
vn -0.135 0.937 0.321
vn -0.429 0.872 0.236
vn -0.607 0.728 0.320
vn -0.916 -0.102 0.387
vn -0.761 -0.534 0.369
vn -0.548 -0.759 0.352
vn -0.209 -0.909 0.360
vn 0.429 -0.792 0.434
vn 0.903 -0.289 0.318
vn 0.917 -0.301 0.260
vn 0.910 0.307 0.279
vn 0.443 0.858 0.260
vn -0.066 0.968 0.242
vn -0.384 0.903 0.191
vn -0.594 0.757 0.272
vn -0.934 -0.139 0.329
vn -0.803 -0.511 0.305
vn -0.635 -0.707 0.312
vn -0.195 -0.922 0.335
vn 0.445 -0.812 0.377
vn 0.913 -0.317 0.255
vn 0.868 -0.449 0.213
vn 0.951 0.217 0.221
vn 0.446 0.878 0.177
vn 0.048 0.986 0.162
vn -0.349 0.925 0.150
vn -0.485 0.854 0.190
vn -0.960 -0.133 0.247
vn -0.839 -0.491 0.235
vn -0.757 -0.603 0.250
vn -0.227 -0.932 0.283
vn 0.365 -0.883 0.296
vn 0.933 -0.308 0.185
vn 0.000 0.000 1.000
vn 0.999 -0.019 -0.043
vn 0.908 0.420 -0.010
vn 0.252 0.962 0.108
vn -0.313 0.947 0.067
vn -0.323 0.946 -0.039
vn -0.892 0.452 -0.004
vn -0.978 -0.184 0.097
vn -0.685 -0.726 0.063
vn -0.566 -0.824 -0.044
vn -0.129 -0.992 -0.010
vn 0.796 -0.596 0.104
vn 0.917 -0.392 0.070
vn 0.986 -0.165 -0.016
vn 0.912 0.410 -0.011
vn 0.419 0.904 0.078
vn -0.205 0.976 0.070
vn -0.323 0.946 -0.021
vn -0.796 0.605 -0.012
vn -0.987 -0.145 0.068
vn -0.806 -0.588 0.066
vn -0.571 -0.820 -0.028
vn -0.212 -0.977 -0.016
vn 0.670 -0.739 0.073
vn 0.912 -0.405 0.069
vn 0.976 -0.215 -0.024
vn 0.879 0.477 0.018
vn 0.375 0.922 0.094
vn -0.130 0.990 0.049
vn -0.280 0.960 -0.031
vn -0.844 0.536 0.011
vn -0.979 -0.187 0.077
vn -0.853 -0.521 0.037
vn -0.608 -0.793 -0.044
vn -0.137 -0.991 0.005
vn 0.702 -0.707 0.085
vn 0.881 -0.471 0.045
vn 0.974 -0.226 -0.021
vn 0.832 0.552 0.049
vn 0.368 0.925 0.099
vn -0.041 0.999 0.024
vn -0.270 0.963 -0.028
vn -0.893 0.449 0.034
vn -0.978 -0.193 0.074
vn -0.899 -0.438 0.005
vn -0.616 -0.787 -0.047
vn -0.046 -0.999 0.029
vn 0.707 -0.702 0.086
vn 0.839 -0.544 0.016
vn 0.980 -0.196 -0.007
vn 0.783 0.617 0.077
vn 0.398 0.913 0.093
vn 0.044 0.999 0.003
vn -0.295 0.955 -0.015
vn -0.930 0.364 0.054
vn -0.985 -0.165 0.060
vn -0.934 -0.357 -0.023
vn -0.593 -0.804 -0.039
vn 0.042 -0.998 0.050
vn 0.684 -0.725 0.076
vn 0.793 -0.609 -0.009
vn 0.989 -0.137 0.062
vn 0.742 0.658 0.130
vn 0.456 0.883 0.111
vn 0.109 0.994 0.029
vn -0.348 0.936 0.047
vn -0.946 0.306 0.104
vn -0.992 -0.109 0.065
vn -0.957 -0.290 -0.003
vn -0.545 -0.838 0.018
vn 0.103 -0.990 0.101
vn 0.634 -0.768 0.088
vn 0.756 -0.654 0.009
vn 0.923 -0.107 0.369
vn 0.688 0.641 0.340
vn 0.508 0.802 0.313
vn 0.158 0.945 0.287
vn -0.372 0.867 0.331
vn -0.892 0.295 0.341
vn -0.970 -0.054 0.237
vn -0.941 -0.212 0.263
vn -0.480 -0.823 0.303
vn 0.111 -0.938 0.328
vn 0.541 -0.790 0.286
vn 0.710 -0.660 0.247
vn 0.824 -0.106 0.556
vn 0.643 0.598 0.479
vn 0.548 0.702 0.455
vn 0.185 0.861 0.474
vn -0.368 0.776 0.512
vn -0.804 0.316 0.504
vn -0.928 -0.009 0.371
vn -0.888 -0.130 0.441
vn -0.413 -0.766 0.493
vn 0.086 -0.876 0.474
vn 0.430 -0.790 0.436
vn 0.653 -0.627 0.425
vn 0.882 -0.105 0.459
vn 0.682 0.631 0.369
vn 0.649 0.667 0.366
vn 0.225 0.887 0.404
vn -0.431 0.802 0.414
vn -0.841 0.382 0.383
vn -0.957 0.046 0.286
vn -0.932 -0.081 0.354
vn -0.401 -0.830 0.387
vn 0.072 -0.934 0.350
vn 0.355 -0.871 0.339
vn 0.667 -0.653 0.358
vn 0.910 -0.242 0.336
vn 0.688 0.675 0.266
vn 0.769 0.575 0.280
vn 0.355 0.879 0.319
vn -0.438 0.844 0.308
vn -0.827 0.492 0.271
vn -0.974 0.063 0.216
vn -0.963 0.098 0.250
vn -0.444 -0.853 0.273
vn 0.052 -0.970 0.238
vn 0.217 -0.945 0.245
vn 0.645 -0.711 0.279
vn 0.000 -0.000 1.000
vn 0.974 -0.220 -0.051
vn 0.742 0.668 0.061
vn 0.301 0.946 0.119
vn -0.173 0.985 0.019
vn -0.355 0.933 -0.052
vn -0.889 0.456 0.047
vn -0.905 -0.413 0.099
vn -0.878 -0.479 0.008
vn -0.540 -0.839 -0.067
vn 0.012 -0.999 0.031
vn 0.775 -0.622 0.110
vn 0.922 -0.387 0.018
vn 0.965 -0.262 -0.033
vn 0.851 0.523 0.043
vn 0.341 0.934 0.108
vn -0.005 0.999 0.048
vn -0.364 0.931 -0.031
vn -0.815 0.579 0.020
vn -0.961 -0.267 0.072
vn -0.879 -0.477 0.010
vn -0.661 -0.748 -0.058
vn -0.007 -1.000 0.003
vn 0.633 -0.769 0.086
vn 0.905 -0.425 0.031
vn 0.967 -0.255 -0.020
vn 0.794 0.601 0.090
vn 0.350 0.928 0.124
vn 0.090 0.995 0.038
vn -0.372 0.928 -0.013
vn -0.865 0.499 0.045
vn -0.965 -0.256 0.053
vn -0.916 -0.400 -0.036
vn -0.654 -0.753 -0.072
vn 0.080 -0.997 0.016
vn 0.624 -0.778 0.075
vn 0.865 -0.503 0.001
vn 0.977 -0.212 0.007
vn 0.740 0.660 0.131
vn 0.392 0.911 0.128
vn 0.171 0.985 0.036
vn -0.413 0.911 0.013
vn -0.902 0.427 0.061
vn -0.978 -0.209 0.025
vn -0.940 -0.332 -0.074
vn -0.615 -0.785 -0.075
vn 0.152 -0.988 0.025
vn 0.585 -0.810 0.049
vn 0.824 -0.566 -0.026
vn 0.989 -0.139 0.044
vn 0.704 0.691 0.162
vn 0.456 0.882 0.123
vn 0.222 0.974 0.044
vn -0.479 0.877 0.043
vn -0.922 0.382 0.068
vn -0.991 -0.135 -0.010
vn -0.953 -0.288 -0.100
vn -0.548 -0.833 -0.072
vn 0.195 -0.980 0.025
vn 0.519 -0.855 0.011
vn 0.795 -0.605 -0.042
vn 0.995 -0.049 0.088
vn 0.695 0.695 0.183
vn 0.528 0.841 0.116
vn 0.235 0.970 0.064
vn -0.554 0.830 0.072
vn -0.926 0.373 0.065
vn -0.998 -0.045 -0.044
vn -0.954 -0.275 -0.115
vn -0.463 -0.884 -0.066
vn 0.204 -0.979 0.013
vn 0.436 -0.899 -0.035
vn 0.788 -0.614 -0.044
vn 0.953 0.018 0.302
vn 0.692 0.640 0.334
vn 0.571 0.780 0.256
vn 0.233 0.927 0.293
vn -0.590 0.764 0.261
vn -0.894 0.394 0.212
vn -0.994 0.044 0.097
vn -0.956 -0.286 0.069
vn -0.407 -0.903 0.136
vn 0.185 -0.975 0.125
vn 0.345 -0.934 0.098
vn 0.783 -0.601 0.160
vn 0.833 0.038 0.553
vn 0.657 0.520 0.545
vn 0.551 0.681 0.482
vn 0.231 0.786 0.574
vn -0.552 0.662 0.507
vn -0.797 0.413 0.441
vn -0.922 0.122 0.368
vn -0.887 -0.276 0.371
vn -0.380 -0.817 0.433
vn 0.155 -0.934 0.323
vn 0.229 -0.908 0.350
vn 0.705 -0.537 0.464
vn 0.806 0.038 0.590
vn 0.683 0.443 0.581
vn 0.553 0.631 0.545
vn 0.273 0.727 0.630
vn -0.549 0.636 0.543
vn -0.748 0.463 0.476
vn -0.877 0.203 0.437
vn -0.859 -0.270 0.435
vn -0.417 -0.777 0.471
vn 0.140 -0.931 0.338
vn 0.113 -0.918 0.380
vn 0.667 -0.522 0.531
vn 0.890 0.021 0.455
vn 0.793 0.396 0.463
vn 0.621 0.632 0.463
vn 0.449 0.732 0.513
vn -0.605 0.688 0.401
vn -0.755 0.554 0.351
vn -0.870 0.360 0.336
vn -0.925 -0.230 0.302
vn -0.559 -0.780 0.281
vn 0.185 -0.962 0.202
vn -0.087 -0.975 0.205
vn 0.670 -0.633 0.387
vn -0.000 0.000 1.000
vn 0.940 0.335 0.056
vn 0.947 0.321 -0.028
vn 0.480 0.877 0.013
vn -0.294 0.952 0.086
vn -0.622 0.781 0.043
vn -0.854 0.519 -0.048
vn -0.991 0.133 -0.007
vn -0.584 -0.807 0.093
vn -0.365 -0.929 0.052
vn -0.126 -0.991 -0.035
vn 0.525 -0.851 0.013
vn 0.942 -0.320 0.102
vn 0.984 0.162 0.072
vn 0.935 0.355 -0.008
vn 0.637 0.771 0.004
vn -0.214 0.975 0.057
vn -0.542 0.839 0.040
vn -0.805 0.592 -0.038
vn -0.988 0.154 -0.022
vn -0.758 -0.649 0.063
vn -0.375 -0.926 0.051
vn -0.229 -0.973 -0.015
vn 0.452 -0.892 0.013
vn 0.909 -0.406 0.088
vn 0.995 0.076 0.068
vn 0.946 0.324 0.001
vn 0.564 0.825 0.029
vn -0.244 0.968 0.053
vn -0.471 0.882 0.004
vn -0.782 0.621 -0.062
vn -0.997 0.074 -0.018
vn -0.735 -0.676 0.061
vn -0.446 -0.895 0.025
vn -0.265 -0.964 -0.019
vn 0.526 -0.849 0.052
vn 0.920 -0.375 0.114
vn 0.998 -0.019 0.065
vn 0.945 0.325 0.020
vn 0.479 0.877 0.049
vn -0.239 0.970 0.040
vn -0.390 0.920 -0.031
vn -0.782 0.618 -0.076
vn -1.000 -0.014 -0.012
vn -0.739 -0.671 0.049
vn -0.520 -0.854 -0.006
vn -0.264 -0.964 -0.013
vn 0.600 -0.795 0.091
vn 0.916 -0.378 0.130
vn 0.992 -0.103 0.066
vn 0.932 0.361 0.045
vn 0.400 0.914 0.063
vn -0.199 0.980 0.021
vn -0.316 0.947 -0.058
vn -0.808 0.584 -0.082
vn -0.996 -0.092 -0.010
vn -0.770 -0.638 0.026
vn -0.582 -0.812 -0.034
vn -0.225 -0.974 0.004
vn 0.658 -0.742 0.127
vn 0.899 -0.416 0.137
vn 0.955 -0.176 0.237
vn 0.887 0.398 0.233
vn 0.364 0.903 0.227
vn -0.142 0.983 0.121
vn -0.253 0.964 0.083
vn -0.829 0.550 0.097
vn -0.983 -0.137 0.126
vn -0.814 -0.565 0.135
vn -0.620 -0.779 0.092
vn -0.185 -0.961 0.207
vn 0.661 -0.693 0.287
vn 0.851 -0.458 0.258
vn 0.883 -0.224 0.412
vn 0.808 0.421 0.411
vn 0.362 0.846 0.391
vn -0.076 0.966 0.245
vn -0.200 0.949 0.243
vn -0.814 0.503 0.290
vn -0.954 -0.148 0.262
vn -0.847 -0.462 0.263
vn -0.622 -0.743 0.248
vn -0.148 -0.904 0.401
vn 0.619 -0.651 0.438
vn 0.781 -0.492 0.384
vn 0.865 -0.259 0.429
vn 0.779 0.477 0.406
vn 0.392 0.847 0.358
vn -0.005 0.974 0.226
vn -0.173 0.955 0.242
vn -0.845 0.466 0.261
vn -0.967 -0.151 0.203
vn -0.905 -0.368 0.216
vn -0.628 -0.737 0.252
vn -0.104 -0.911 0.399
vn 0.618 -0.666 0.416
vn 0.742 -0.554 0.377
vn 0.873 -0.294 0.389
vn 0.772 0.540 0.336
vn 0.454 0.848 0.275
vn 0.067 0.983 0.169
vn -0.158 0.972 0.175
vn -0.881 0.449 0.150
vn -0.986 -0.141 0.093
vn -0.959 -0.258 0.114
vn -0.631 -0.751 0.194
vn -0.077 -0.942 0.326
vn 0.615 -0.706 0.350
vn 0.708 -0.623 0.333
vn 0.829 -0.446 0.337
vn 0.774 0.571 0.273
vn 0.552 0.802 0.225
vn 0.130 0.982 0.139
vn -0.044 0.989 0.142
vn -0.850 0.522 0.074
vn -0.986 -0.166 0.032
vn -0.997 -0.063 0.041
vn -0.667 -0.731 0.142
vn -0.162 -0.957 0.239
vn 0.606 -0.740 0.292
vn 0.662 -0.690 0.292
vn 0.000 0.000 1.000
vn 0.999 -0.036 -0.031
vn 0.930 0.369 0.004
vn 0.100 0.990 0.099
vn -0.133 0.989 0.063
vn -0.432 0.901 -0.028
vn -0.853 0.523 0.004
vn -0.973 -0.212 0.093
vn -0.641 -0.766 0.053
vn -0.663 -0.748 -0.032
vn 0.038 -0.999 0.006
vn 0.692 -0.717 0.088
vn 0.950 -0.307 0.057
vn 0.996 -0.090 -0.013
vn 0.944 0.329 0.001
vn 0.320 0.944 0.077
vn -0.129 0.990 0.065
vn -0.312 0.950 -0.004
vn -0.827 0.562 0.001
vn -0.994 -0.087 0.068
vn -0.753 -0.655 0.055
vn -0.641 -0.767 -0.022
vn -0.157 -0.988 -0.005
vn 0.650 -0.757 0.063
vn 0.898 -0.436 0.059
vn 0.991 -0.133 -0.021
vn 0.916 0.401 0.026
vn 0.280 0.956 0.092
vn -0.055 0.997 0.051
vn -0.268 0.963 -0.004
vn -0.869 0.495 0.024
vn -0.989 -0.129 0.074
vn -0.805 -0.592 0.030
vn -0.672 -0.740 -0.035
vn -0.071 -0.997 0.008
vn 0.678 -0.732 0.066
vn 0.860 -0.508 0.034
vn 0.990 -0.138 -0.018
vn 0.875 0.481 0.053
vn 0.278 0.956 0.098
vn 0.029 0.999 0.035
vn -0.262 0.965 0.005
vn -0.909 0.414 0.047
vn -0.989 -0.131 0.071
vn -0.857 -0.515 0.004
vn -0.676 -0.736 -0.039
vn 0.030 -0.999 0.022
vn 0.680 -0.731 0.060
vn 0.810 -0.586 0.006
vn 0.990 -0.117 0.083
vn 0.828 0.539 0.156
vn 0.316 0.934 0.166
vn 0.101 0.991 0.093
vn -0.274 0.955 0.116
vn -0.928 0.344 0.142
vn -0.987 -0.097 0.129
vn -0.898 -0.435 0.063
vn -0.658 -0.752 0.051
vn 0.101 -0.988 0.120
vn 0.656 -0.747 0.106
vn 0.754 -0.654 0.061
vn 0.963 -0.082 0.258
vn 0.774 0.557 0.301
vn 0.378 0.880 0.287
vn 0.148 0.965 0.218
vn -0.283 0.912 0.296
vn -0.913 0.295 0.282
vn -0.971 -0.036 0.236
vn -0.914 -0.355 0.199
vn -0.611 -0.763 0.210
vn 0.123 -0.954 0.273
vn 0.611 -0.766 0.199
vn 0.690 -0.699 0.187
vn 0.943 -0.032 0.333
vn 0.749 0.568 0.340
vn 0.455 0.829 0.324
vn 0.178 0.943 0.281
vn -0.310 0.876 0.370
vn -0.907 0.274 0.319
vn -0.964 0.038 0.264
vn -0.920 -0.294 0.260
vn -0.555 -0.785 0.275
vn 0.123 -0.942 0.312
vn 0.561 -0.799 0.218
vn 0.641 -0.730 0.239
vn 0.954 0.027 0.299
vn 0.760 0.583 0.285
vn 0.549 0.787 0.282
vn 0.192 0.943 0.272
vn -0.362 0.868 0.340
vn -0.925 0.277 0.261
vn -0.967 0.124 0.222
vn -0.936 -0.260 0.236
vn -0.502 -0.833 0.233
vn 0.110 -0.964 0.241
vn 0.508 -0.845 0.169
vn 0.617 -0.758 0.210
vn 0.970 0.069 0.234
vn 0.783 0.582 0.218
vn 0.647 0.728 0.227
vn 0.188 0.952 0.239
vn -0.397 0.875 0.278
vn -0.935 0.300 0.192
vn -0.962 0.213 0.173
vn -0.954 -0.235 0.186
vn -0.456 -0.876 0.159
vn 0.059 -0.986 0.153
vn 0.453 -0.884 0.112
vn 0.602 -0.783 0.155
vn 0.984 0.017 0.179
vn 0.786 0.594 0.174
vn 0.779 0.600 0.184
vn 0.225 0.951 0.213
vn -0.305 0.924 0.230
vn -0.940 0.307 0.146
vn -0.936 0.319 0.151
vn -0.984 -0.088 0.156
vn -0.442 -0.890 0.109
vn -0.056 -0.993 0.099
vn 0.420 -0.903 0.087
vn 0.488 -0.866 0.110
vn -0.000 -0.000 1.000
vn 0.963 0.264 0.046
vn 0.920 0.388 -0.043
vn 0.559 0.829 0.014
vn -0.403 0.909 0.104
vn -0.562 0.825 0.054
vn -0.849 0.528 -0.039
vn -0.998 0.069 0.011
vn -0.658 -0.745 0.105
vn -0.269 -0.962 0.049
vn -0.209 -0.977 -0.040
vn 0.586 -0.810 0.015
vn 0.944 -0.317 0.096
vn 0.995 0.083 0.052
vn 0.918 0.396 -0.029
vn 0.649 0.761 0.003
vn -0.240 0.967 0.081
vn -0.551 0.832 0.060
vn -0.762 0.647 -0.013
vn -0.997 0.079 0.006
vn -0.794 -0.603 0.080
vn -0.346 -0.937 0.054
vn -0.228 -0.973 -0.025
vn 0.434 -0.901 -0.000
vn 0.932 -0.357 0.070
vn 1.000 -0.008 0.022
vn 0.929 0.369 -0.037
vn 0.580 0.814 0.026
vn -0.265 0.960 0.091
vn -0.483 0.875 0.039
vn -0.741 0.672 -0.011
vn -0.999 -0.004 0.035
vn -0.775 -0.625 0.088
vn -0.423 -0.905 0.030
vn -0.256 -0.966 -0.031
vn 0.516 -0.856 0.017
vn 0.940 -0.333 0.070
vn 0.995 -0.103 -0.009
vn 0.926 0.377 -0.035
vn 0.501 0.864 0.050
vn -0.253 0.963 0.090
vn -0.407 0.913 0.019
vn -0.747 0.665 0.001
vn -0.994 -0.091 0.063
vn -0.783 -0.616 0.087
vn -0.502 -0.865 0.006
vn -0.249 -0.968 -0.027
vn 0.597 -0.802 0.033
vn 0.937 -0.344 0.058
vn 0.983 -0.183 -0.034
vn 0.908 0.419 -0.022
vn 0.430 0.900 0.070
vn -0.206 0.975 0.080
vn -0.341 0.940 0.004
vn -0.779 0.627 0.022
vn -0.983 -0.162 0.086
vn -0.814 -0.576 0.076
vn -0.566 -0.824 -0.011
vn -0.206 -0.978 -0.015
vn 0.659 -0.750 0.044
vn 0.922 -0.386 0.038
vn 0.955 -0.257 0.151
vn 0.869 0.456 0.193
vn 0.389 0.885 0.254
vn -0.129 0.967 0.219
vn -0.291 0.941 0.173
vn -0.771 0.581 0.262
vn -0.948 -0.196 0.252
vn -0.839 -0.496 0.226
vn -0.605 -0.779 0.167
vn -0.157 -0.966 0.204
vn 0.658 -0.719 0.224
vn 0.890 -0.429 0.153
vn 0.896 -0.306 0.322
vn 0.794 0.471 0.384
vn 0.375 0.833 0.408
vn -0.039 0.933 0.359
vn -0.256 0.906 0.337
vn -0.719 0.521 0.460
vn -0.897 -0.196 0.395
vn -0.844 -0.392 0.366
vn -0.604 -0.719 0.343
vn -0.106 -0.915 0.390
vn 0.603 -0.696 0.390
vn 0.843 -0.465 0.271
vn 0.894 -0.341 0.292
vn 0.774 0.533 0.341
vn 0.400 0.852 0.339
vn 0.052 0.948 0.314
vn -0.250 0.912 0.326
vn -0.759 0.494 0.425
vn -0.921 -0.200 0.334
vn -0.895 -0.308 0.323
vn -0.619 -0.714 0.327
vn -0.045 -0.937 0.346
vn 0.602 -0.734 0.315
vn 0.819 -0.529 0.222
vn 0.899 -0.379 0.220
vn 0.768 0.587 0.256
vn 0.448 0.860 0.246
vn 0.152 0.957 0.247
vn -0.261 0.924 0.278
vn -0.795 0.498 0.346
vn -0.948 -0.191 0.255
vn -0.942 -0.211 0.261
vn -0.636 -0.723 0.272
vn 0.001 -0.966 0.257
vn 0.573 -0.790 0.217
vn 0.795 -0.586 0.158
vn 0.831 -0.535 0.151
vn 0.784 0.594 0.183
vn 0.496 0.850 0.179
vn 0.297 0.935 0.192
vn -0.215 0.949 0.231
vn -0.748 0.607 0.270
vn -0.956 -0.222 0.193
vn -0.976 -0.044 0.215
vn -0.713 -0.664 0.226
vn -0.013 -0.982 0.186
vn 0.495 -0.856 0.149
vn 0.778 -0.617 0.122
vn 0.000 0.000 1.000
vn 0.998 -0.059 -0.023
vn 0.888 0.459 -0.024
vn 0.392 0.916 0.079
vn -0.412 0.908 0.076
vn -0.382 0.924 -0.016
vn -0.832 0.555 -0.015
vn -0.970 -0.228 0.081
vn -0.728 -0.680 0.080
vn -0.451 -0.892 -0.020
vn -0.201 -0.979 -0.023
vn 0.758 -0.647 0.083
vn 0.955 -0.286 0.075
vn 0.987 -0.160 -0.007
vn 0.918 0.396 -0.023
vn 0.468 0.882 0.053
vn -0.222 0.972 0.076
vn -0.418 0.909 -0.002
vn -0.728 0.686 -0.009
vn -0.987 -0.151 0.059
vn -0.803 -0.591 0.077
vn -0.534 -0.845 0.001
vn -0.207 -0.978 -0.021
vn 0.589 -0.807 0.051
vn 0.946 -0.319 0.065
vn 0.973 -0.229 -0.029
vn 0.893 0.450 -0.010
vn 0.407 0.911 0.068
vn -0.162 0.985 0.061
vn -0.359 0.933 -0.015
vn -0.768 0.640 0.013
vn -0.974 -0.214 0.080
vn -0.837 -0.543 0.065
vn -0.593 -0.805 -0.012
vn -0.153 -0.988 -0.004
vn 0.646 -0.761 0.061
vn 0.928 -0.371 0.042
vn 0.963 -0.265 -0.041
vn 0.851 0.524 0.008
vn 0.376 0.924 0.074
vn -0.076 0.996 0.040
vn -0.326 0.945 -0.018
vn -0.822 0.569 0.040
vn -0.965 -0.245 0.092
vn -0.880 -0.472 0.048
vn -0.623 -0.782 -0.015
vn -0.074 -0.997 0.016
vn 0.673 -0.737 0.062
vn 0.897 -0.442 0.014
vn 0.963 -0.265 -0.043
vn 0.799 0.601 0.027
vn 0.379 0.923 0.070
vn 0.019 1.000 0.017
vn -0.327 0.945 -0.011
vn -0.873 0.483 0.068
vn -0.966 -0.240 0.095
vn -0.919 -0.392 0.031
vn -0.622 -0.783 -0.009
vn 0.014 -0.999 0.035
vn 0.669 -0.741 0.055
vn 0.856 -0.516 -0.015
vn 0.952 -0.261 0.162
vn 0.748 0.630 0.210
vn 0.402 0.894 0.197
vn 0.117 0.978 0.173
vn -0.342 0.921 0.185
vn -0.863 0.425 0.272
vn -0.953 -0.205 0.222
vn -0.933 -0.309 0.183
vn -0.605 -0.769 0.203
vn 0.078 -0.974 0.214
vn 0.615 -0.763 0.198
vn 0.815 -0.568 0.114
vn 0.907 -0.241 0.345
vn 0.697 0.612 0.374
vn 0.434 0.844 0.315
vn 0.198 0.924 0.326
vn -0.359 0.859 0.365
vn -0.806 0.393 0.443
vn -0.926 -0.151 0.347
vn -0.915 -0.233 0.329
vn -0.560 -0.729 0.394
vn 0.111 -0.924 0.367
vn 0.520 -0.784 0.339
vn 0.767 -0.589 0.254
vn 0.927 -0.205 0.314
vn 0.702 0.641 0.310
vn 0.499 0.828 0.256
vn 0.267 0.916 0.298
vn -0.415 0.841 0.347
vn -0.832 0.395 0.389
vn -0.949 -0.092 0.302
vn -0.933 -0.182 0.312
vn -0.533 -0.762 0.368
vn 0.144 -0.942 0.303
vn 0.449 -0.848 0.280
vn 0.747 -0.623 0.233
vn 0.956 -0.180 0.234
vn 0.725 0.654 0.216
vn 0.569 0.802 0.183
vn 0.335 0.913 0.235
vn -0.477 0.831 0.285
vn -0.849 0.432 0.304
vn -0.969 -0.027 0.245
vn -0.954 -0.139 0.265
vn -0.522 -0.800 0.297
vn 0.160 -0.964 0.211
vn 0.353 -0.914 0.203
vn 0.741 -0.647 0.180
vn 0.946 -0.277 0.166
vn 0.754 0.641 0.147
vn 0.616 0.775 0.140
vn 0.504 0.847 0.170
vn -0.494 0.839 0.229
vn -0.818 0.525 0.235
vn -0.979 0.014 0.206
vn -0.975 -0.013 0.224
vn -0.607 -0.758 0.238
vn 0.192 -0.971 0.145
vn 0.184 -0.970 0.157
vn 0.707 -0.692 0.145
vn -0.000 -0.000 1.000
vn 0.926 0.374 0.059
vn 0.898 0.440 -0.003
vn 0.528 0.848 -0.032
vn -0.045 0.999 0.029
vn -0.800 0.598 0.055
vn -0.879 0.477 -0.005
vn -0.981 0.191 -0.028
vn -0.711 -0.701 0.048
vn -0.314 -0.947 0.070
vn 0.136 -0.991 0.006
vn 0.333 -0.943 -0.019
vn 0.931 -0.361 0.048
vn 0.964 0.261 0.050
vn 0.907 0.421 0.004
vn 0.644 0.765 -0.030
vn -0.020 1.000 0.007
vn -0.651 0.758 0.041
vn -0.878 0.479 -0.002
vn -0.963 0.270 -0.024
vn -0.814 -0.580 0.035
vn -0.361 -0.930 0.068
vn -0.025 -0.999 0.028
vn 0.348 -0.937 -0.005
vn 0.850 -0.526 0.034
vn 0.972 0.230 0.042
vn 0.938 0.346 -0.014
vn 0.618 0.785 -0.035
vn -0.101 0.995 0.004
vn -0.624 0.781 0.019
vn -0.836 0.548 -0.029
vn -0.970 0.242 -0.022
vn -0.759 -0.648 0.059
vn -0.389 -0.918 0.075
vn -0.115 -0.993 0.029
vn 0.375 -0.927 0.019
vn 0.893 -0.446 0.056
vn 0.985 0.168 0.032
vn 0.957 0.289 -0.025
vn 0.562 0.826 -0.037
vn -0.159 0.987 -0.003
vn -0.568 0.823 -0.009
vn -0.800 0.597 -0.052
vn -0.984 0.180 -0.013
vn -0.717 -0.692 0.079
vn -0.445 -0.892 0.075
vn -0.181 -0.983 0.035
vn 0.431 -0.901 0.047
vn 0.920 -0.386 0.073
vn 0.996 0.085 0.021
vn 0.965 0.261 -0.029
vn 0.482 0.875 -0.039
vn -0.183 0.983 -0.016
vn -0.491 0.870 -0.043
vn -0.783 0.619 -0.068
vn -0.996 0.093 0.003
vn -0.698 -0.710 0.094
vn -0.516 -0.854 0.069
vn -0.212 -0.976 0.048
vn 0.504 -0.860 0.076
vn 0.930 -0.359 0.083
vn 0.996 -0.000 0.091
vn 0.964 0.256 0.066
vn 0.421 0.905 0.057
vn -0.178 0.983 0.034
vn -0.399 0.917 0.011
vn -0.783 0.621 0.016
vn -0.993 0.022 0.115
vn -0.704 -0.689 0.173
vn -0.576 -0.806 0.136
vn -0.227 -0.960 0.167
vn 0.559 -0.808 0.187
vn 0.912 -0.374 0.169
vn 0.975 -0.076 0.207
vn 0.944 0.262 0.201
vn 0.390 0.901 0.190
vn -0.152 0.982 0.111
vn -0.300 0.948 0.109
vn -0.786 0.601 0.149
vn -0.967 -0.019 0.254
vn -0.722 -0.633 0.279
vn -0.612 -0.754 0.240
vn -0.232 -0.918 0.321
vn 0.582 -0.748 0.319
vn 0.863 -0.416 0.285
vn 0.960 -0.141 0.243
vn 0.929 0.288 0.231
vn 0.376 0.906 0.192
vn -0.112 0.989 0.094
vn -0.209 0.971 0.114
vn -0.803 0.568 0.180
vn -0.962 -0.048 0.269
vn -0.764 -0.579 0.286
vn -0.647 -0.714 0.268
vn -0.222 -0.903 0.367
vn 0.610 -0.717 0.338
vn 0.824 -0.479 0.302
vn 0.958 -0.197 0.211
vn 0.925 0.339 0.171
vn 0.379 0.920 0.098
vn -0.059 0.998 0.018
vn -0.131 0.990 0.045
vn -0.840 0.529 0.121
vn -0.979 -0.065 0.194
vn -0.824 -0.521 0.224
vn -0.683 -0.691 0.236
vn -0.200 -0.923 0.329
vn 0.643 -0.712 0.282
vn 0.787 -0.562 0.256
vn 0.931 -0.300 0.207
vn 0.939 0.310 0.149
vn 0.457 0.888 0.059
vn -0.060 0.998 -0.005
vn 0.050 0.999 0.019
vn -0.833 0.547 0.085
vn -0.989 -0.033 0.144
vn -0.880 -0.438 0.184
vn -0.731 -0.649 0.213
vn -0.321 -0.903 0.285
vn 0.671 -0.702 0.239
vn 0.714 -0.659 0.237
vn 0.000 -0.000 1.000
vn 0.998 -0.067 -0.022
vn 0.840 0.540 0.048
vn 0.067 0.996 0.064
vn 0.064 0.998 -0.003
vn -0.402 0.915 -0.024
vn -0.940 0.338 0.052
vn -0.967 -0.244 0.077
vn -0.793 -0.609 0.008
vn -0.682 -0.731 -0.015
vn 0.256 -0.964 0.067
vn 0.716 -0.694 0.077
vn 0.863 -0.505 0.005
vn 0.990 -0.138 -0.014
vn 0.875 0.483 0.026
vn 0.280 0.959 0.051
vn 0.030 1.000 -0.002
vn -0.261 0.965 -0.023
vn -0.910 0.412 0.033
vn -0.989 -0.131 0.070
vn -0.858 -0.513 0.026
vn -0.676 -0.737 -0.003
vn 0.031 -0.998 0.052
vn 0.679 -0.730 0.072
vn 0.809 -0.587 0.022
vn 0.995 -0.103 -0.007
vn 0.832 0.553 0.030
vn 0.317 0.948 0.028
vn 0.107 0.994 -0.033
vn -0.294 0.955 -0.027
vn -0.940 0.337 0.046
vn -0.993 -0.095 0.064
vn -0.899 -0.438 0.018
vn -0.652 -0.758 0.020
vn 0.121 -0.989 0.080
vn 0.654 -0.753 0.073
vn 0.757 -0.653 0.015
vn 0.999 -0.034 0.006
vn 0.799 0.600 0.030
vn 0.384 0.923 0.002
vn 0.162 0.985 -0.056
vn -0.361 0.932 -0.022
vn -0.957 0.284 0.056
vn -0.998 -0.028 0.052
vn -0.925 -0.381 0.017
vn -0.602 -0.797 0.050
vn 0.183 -0.978 0.104
vn 0.605 -0.793 0.072
vn 0.716 -0.698 0.018
vn 0.991 0.029 0.133
vn 0.781 0.614 0.113
vn 0.470 0.879 0.073
vn 0.189 0.981 0.032
vn -0.411 0.905 0.109
vn -0.953 0.266 0.146
vn -0.991 0.052 0.125
vn -0.933 -0.333 0.137
vn -0.537 -0.822 0.190
vn 0.183 -0.958 0.219
vn 0.544 -0.825 0.151
vn 0.676 -0.723 0.140
vn 0.965 0.082 0.248
vn 0.780 0.597 0.187
vn 0.556 0.818 0.150
vn 0.186 0.975 0.124
vn -0.444 0.867 0.226
vn -0.934 0.276 0.227
vn -0.972 0.134 0.195
vn -0.918 -0.304 0.254
vn -0.464 -0.829 0.311
vn 0.141 -0.936 0.323
vn 0.479 -0.846 0.234
vn 0.645 -0.721 0.254
vn 0.966 0.147 0.211
vn 0.806 0.576 0.136
vn 0.636 0.763 0.116
vn 0.159 0.981 0.109
vn -0.505 0.842 0.191
vn -0.933 0.310 0.182
vn -0.962 0.215 0.167
vn -0.912 -0.321 0.257
vn -0.405 -0.864 0.300
vn 0.096 -0.950 0.296
vn 0.416 -0.880 0.230
vn 0.657 -0.709 0.256
vn 0.969 0.187 0.162
vn 0.840 0.535 0.089
vn 0.702 0.707 0.084
vn 0.109 0.991 0.080
vn -0.540 0.830 0.139
vn -0.922 0.364 0.135
vn -0.949 0.283 0.139
vn -0.902 -0.353 0.249
vn -0.363 -0.890 0.276
vn 0.018 -0.963 0.270
vn 0.364 -0.903 0.228
vn 0.683 -0.688 0.245
vn 0.975 0.199 0.100
vn 0.877 0.479 0.041
vn 0.756 0.654 0.040
vn 0.048 0.998 0.028
vn -0.545 0.836 0.069
vn -0.900 0.427 0.082
vn -0.936 0.336 0.099
vn -0.895 -0.390 0.218
vn -0.341 -0.909 0.240
vn -0.083 -0.968 0.238
vn 0.330 -0.919 0.214
vn 0.715 -0.666 0.210
vn 0.984 0.162 0.076
vn 0.892 0.452 0.027
vn 0.864 0.502 0.040
vn 0.042 0.999 0.008
vn -0.470 0.882 0.029
vn -0.885 0.462 0.063
vn -0.892 0.447 0.073
vn -0.938 -0.295 0.182
vn -0.315 -0.924 0.215
vn -0.237 -0.946 0.220
vn 0.275 -0.938 0.211
vn 0.651 -0.731 0.202
vn 0.000 -0.000 1.000
vn 0.997 0.070 0.006
vn 0.918 0.397 -0.025
vn 0.444 0.894 0.054
vn -0.435 0.897 0.074
vn -0.436 0.900 0.004
vn -0.830 0.556 -0.030
vn -0.994 -0.104 0.041
vn -0.670 -0.739 0.070
vn -0.398 -0.917 -0.002
vn -0.230 -0.973 -0.033
vn 0.711 -0.701 0.055
vn 0.955 -0.286 0.078
vn 0.997 -0.070 0.024
vn 0.927 0.374 -0.011
vn 0.540 0.841 0.039
vn -0.260 0.963 0.067
vn -0.458 0.889 0.014
vn -0.729 0.685 -0.021
vn -0.998 -0.062 0.019
vn -0.784 -0.618 0.055
vn -0.463 -0.887 0.005
vn -0.246 -0.969 -0.029
vn 0.545 -0.838 0.033
vn 0.945 -0.320 0.070
vn 0.987 -0.159 0.014
vn 0.917 0.400 0.008
vn 0.464 0.884 0.065
vn -0.230 0.971 0.064
vn -0.386 0.923 -0.002
vn -0.748 0.663 -0.016
vn -0.989 -0.144 0.026
vn -0.804 -0.593 0.037
vn -0.537 -0.843 -0.023
vn -0.221 -0.975 -0.028
vn 0.620 -0.783 0.051
vn 0.936 -0.347 0.068
vn 0.974 -0.224 0.009
vn 0.889 0.456 0.033
vn 0.405 0.910 0.084
vn -0.166 0.985 0.056
vn -0.330 0.944 -0.010
vn -0.791 0.611 -0.007
vn -0.979 -0.202 0.028
vn -0.842 -0.540 0.012
vn -0.590 -0.806 -0.045
vn -0.163 -0.986 -0.019
vn 0.670 -0.739 0.065
vn 0.914 -0.402 0.058
vn 0.966 -0.259 0.026
vn 0.846 0.528 0.075
vn 0.378 0.920 0.108
vn -0.080 0.995 0.057
vn -0.301 0.954 0.002
vn -0.843 0.538 0.018
vn -0.973 -0.228 0.032
vn -0.886 -0.465 -0.005
vn -0.616 -0.786 -0.045
vn -0.082 -0.997 0.008
vn 0.689 -0.719 0.083
vn 0.880 -0.472 0.052
vn 0.940 -0.283 0.192
vn 0.788 0.567 0.239
vn 0.380 0.896 0.231
vn 0.018 0.984 0.179
vn -0.293 0.944 0.150
vn -0.855 0.485 0.186
vn -0.966 -0.223 0.130
vn -0.921 -0.377 0.100
vn -0.628 -0.771 0.103
vn -0.014 -0.986 0.165
vn 0.657 -0.725 0.207
vn 0.838 -0.525 0.150
vn 0.900 -0.288 0.327
vn 0.729 0.576 0.369
vn 0.405 0.853 0.330
vn 0.109 0.950 0.293
vn -0.301 0.912 0.279
vn -0.833 0.450 0.321
vn -0.958 -0.193 0.213
vn -0.938 -0.287 0.193
vn -0.613 -0.754 0.236
vn 0.036 -0.957 0.289
vn 0.589 -0.746 0.310
vn 0.792 -0.561 0.243
vn 0.911 -0.269 0.312
vn 0.713 0.620 0.328
vn 0.460 0.841 0.285
vn 0.192 0.942 0.274
vn -0.343 0.903 0.260
vn -0.866 0.428 0.260
vn -0.977 -0.152 0.150
vn -0.966 -0.210 0.153
vn -0.592 -0.779 0.205
vn 0.087 -0.968 0.235
vn 0.542 -0.803 0.249
vn 0.762 -0.609 0.220
vn 0.931 -0.251 0.266
vn 0.713 0.648 0.267
vn 0.528 0.816 0.236
vn 0.267 0.934 0.237
vn -0.397 0.894 0.209
vn -0.882 0.437 0.176
vn -0.992 -0.100 0.083
vn -0.985 -0.140 0.097
vn -0.569 -0.810 0.140
vn 0.117 -0.981 0.158
vn 0.467 -0.867 0.175
vn 0.742 -0.645 0.182
vn 0.904 -0.368 0.216
vn 0.725 0.652 0.223
vn 0.583 0.785 0.208
vn 0.421 0.880 0.219
vn -0.397 0.900 0.179
vn -0.839 0.528 0.134
vn -0.994 -0.094 0.053
vn -0.997 0.014 0.077
vn -0.632 -0.769 0.098
vn 0.131 -0.985 0.112
vn 0.338 -0.933 0.127
vn 0.712 -0.683 0.161
vn -0.000 -0.000 1.000
vn 0.981 0.175 0.088
vn 0.829 0.558 -0.045
vn 0.637 0.769 -0.053
vn -0.239 0.965 0.103
vn -0.756 0.646 0.106
vn -0.797 0.604 -0.020
vn -1.000 0.004 -0.026
vn -0.804 -0.586 0.102
vn -0.134 -0.986 0.100
vn -0.052 -0.998 -0.026
vn 0.360 -0.932 -0.040
vn 0.975 -0.205 0.087
vn 0.989 0.130 0.067
vn 0.903 0.429 -0.029
vn 0.629 0.775 -0.056
vn -0.042 0.997 0.063
vn -0.689 0.717 0.103
vn -0.781 0.625 0.007
vn -0.989 0.149 -0.008
vn -0.826 -0.558 0.082
vn -0.340 -0.935 0.103
vn -0.039 -0.999 -0.004
vn 0.263 -0.964 -0.037
vn 0.934 -0.355 0.039
vn 0.997 0.076 0.021
vn 0.930 0.359 -0.076
vn 0.588 0.807 -0.051
vn -0.117 0.990 0.085
vn -0.650 0.754 0.093
vn -0.736 0.677 -0.002
vn -0.995 0.090 0.038
vn -0.783 -0.609 0.125
vn -0.396 -0.913 0.098
vn -0.106 -0.994 -0.019
vn 0.315 -0.949 -0.021
vn 0.957 -0.288 0.039
vn 0.999 -0.001 -0.033
vn 0.942 0.317 -0.110
vn 0.523 0.851 -0.035
vn -0.156 0.983 0.097
vn -0.590 0.804 0.071
vn -0.709 0.705 0.001
vn -0.996 0.002 0.090
vn -0.758 -0.634 0.157
vn -0.474 -0.876 0.088
vn -0.144 -0.989 -0.020
vn 0.392 -0.920 -0.003
vn 0.967 -0.253 0.027
vn 0.992 -0.086 -0.087
vn 0.940 0.314 -0.130
vn 0.447 0.894 -0.014
vn -0.156 0.983 0.094
vn -0.518 0.854 0.042
vn -0.707 0.707 0.018
vn -0.985 -0.095 0.144
vn -0.755 -0.631 0.176
vn -0.556 -0.827 0.080
vn -0.146 -0.989 -0.009
vn 0.477 -0.879 0.013
vn 0.967 -0.255 0.004
vn 0.978 -0.161 -0.134
vn 0.927 0.350 -0.138
vn 0.376 0.927 0.005
vn -0.116 0.991 0.074
vn -0.448 0.894 0.015
vn -0.730 0.682 0.051
vn -0.965 -0.179 0.191
vn -0.777 -0.602 0.185
vn -0.626 -0.776 0.078
vn -0.111 -0.994 0.010
vn 0.551 -0.834 0.022
vn 0.956 -0.292 -0.029
vn 0.976 -0.217 0.010
vn 0.919 0.385 0.092
vn 0.325 0.929 0.180
vn -0.039 0.977 0.208
vn -0.385 0.905 0.182
vn -0.727 0.621 0.294
vn -0.899 -0.199 0.390
vn -0.777 -0.542 0.320
vn -0.661 -0.695 0.283
vn -0.060 -0.971 0.233
vn 0.573 -0.792 0.210
vn 0.930 -0.355 0.095
vn 0.920 -0.243 0.309
vn 0.828 0.334 0.450
vn 0.279 0.857 0.432
vn 0.054 0.894 0.446
vn -0.302 0.828 0.472
vn -0.628 0.510 0.589
vn -0.765 -0.147 0.627
vn -0.718 -0.456 0.525
vn -0.622 -0.540 0.567
vn -0.020 -0.844 0.536
vn 0.506 -0.714 0.484
vn 0.843 -0.406 0.354
vn 0.882 -0.272 0.385
vn 0.814 0.271 0.513
vn 0.263 0.847 0.462
vn 0.157 0.868 0.472
vn -0.240 0.804 0.543
vn -0.590 0.480 0.650
vn -0.736 -0.094 0.671
vn -0.703 -0.419 0.575
vn -0.645 -0.435 0.628
vn -0.004 -0.799 0.602
vn 0.466 -0.713 0.523
vn 0.783 -0.469 0.408
vn 0.892 -0.372 0.257
vn 0.943 0.135 0.305
vn 0.244 0.925 0.291
vn 0.320 0.901 0.293
vn -0.143 0.905 0.401
vn -0.622 0.584 0.521
vn -0.836 -0.023 0.549
vn -0.746 -0.462 0.479
vn -0.801 -0.305 0.515
vn -0.036 -0.878 0.478
vn 0.470 -0.808 0.357
vn 0.769 -0.580 0.269
vn -0.000 0.000 1.000
f 1/1/1 43/72/43 45/75/45
f 13/21/13 44/73/44 43/72/43
f 15/26/15 45/75/45 44/73/44
f 43/72/43 44/73/44 45/75/45
f 12/20/12 46/77/46 48/81/48
f 14/25/14 47/79/47 46/77/46
f 13/22/13 48/81/48 47/79/47
f 46/77/46 47/79/47 48/81/48
f 6/10/6 49/82/49 51/86/51
f 15/26/15 50/83/50 49/82/49
f 14/24/14 51/87/51 50/84/50
f 49/82/49 50/83/50 51/86/51
f 13/21/13 47/78/47 44/73/44
f 14/25/14 50/85/50 47/79/47
f 15/27/15 44/74/44 50/85/50
f 47/79/47 50/85/50 44/74/44
f 1/1/1 45/75/45 53/90/53
f 15/26/15 52/89/52 45/75/45
f 17/30/17 53/90/53 52/89/52
f 45/75/45 52/89/52 53/90/53
f 6/10/6 54/91/54 49/82/49
f 16/28/16 55/94/55 54/91/54
f 15/26/15 49/82/49 55/94/55
f 54/91/54 55/94/55 49/82/49
f 2/2/2 56/95/56 58/97/58
f 17/30/17 57/96/57 56/95/56
f 16/28/16 58/97/58 57/96/57
f 56/95/56 57/96/57 58/97/58
f 15/26/15 55/94/55 52/89/52
f 16/28/16 57/96/57 55/94/55
f 17/30/17 52/89/52 57/96/57
f 55/94/55 57/96/57 52/89/52
f 1/1/1 53/90/53 60/101/60
f 17/30/17 59/99/59 53/90/53
f 19/32/19 60/101/60 59/99/59
f 53/90/53 59/99/59 60/101/60
f 2/2/2 61/102/61 56/95/56
f 18/31/18 62/106/62 61/104/61
f 17/30/17 56/95/56 62/105/62
f 61/102/61 62/105/62 56/95/56
f 8/13/8 63/107/63 65/109/65
f 19/33/19 64/108/64 63/107/63
f 18/31/18 65/109/65 64/108/64
f 63/107/63 64/108/64 65/109/65
f 17/30/17 62/105/62 59/99/59
f 18/31/18 64/108/64 62/106/62
f 19/33/19 59/100/59 64/108/64
f 62/106/62 64/108/64 59/100/59
f 1/1/1 60/101/60 67/112/67
f 19/32/19 66/110/66 60/101/60
f 21/35/21 67/112/67 66/110/66
f 60/101/60 66/110/66 67/112/67
f 8/13/8 68/113/68 63/107/63
f 20/34/20 69/114/69 68/113/68
f 19/33/19 63/107/63 69/114/69
f 68/113/68 69/114/69 63/107/63
f 11/18/11 70/117/70 72/119/72
f 21/36/21 71/118/71 70/117/70
f 20/34/20 72/119/72 71/118/71
f 70/117/70 71/118/71 72/119/72
f 19/33/19 69/114/69 66/111/66
f 20/34/20 71/118/71 69/114/69
f 21/36/21 66/111/66 71/118/71
f 69/114/69 71/118/71 66/111/66
f 1/1/1 67/112/67 43/72/43
f 21/35/21 73/120/73 67/112/67
f 13/21/13 43/72/43 73/120/73
f 67/112/67 73/120/73 43/72/43
f 11/18/11 74/122/74 70/117/70
f 22/37/22 75/124/75 74/121/74
f 21/35/21 70/115/70 75/123/75
f 74/121/74 75/124/75 70/116/70
f 12/20/12 48/81/48 77/129/77
f 13/21/13 76/125/76 48/80/48
f 22/37/22 77/128/77 76/126/76
f 48/81/48 76/127/76 77/129/77
f 21/35/21 75/123/75 73/120/73
f 22/37/22 76/126/76 75/124/75
f 13/21/13 73/120/73 76/125/76
f 75/123/75 76/125/76 73/120/73
f 2/3/2 58/98/58 79/131/79
f 16/29/16 78/130/78 58/98/58
f 24/40/24 79/131/79 78/130/78
f 58/98/58 78/130/78 79/131/79
f 6/11/6 80/133/80 54/93/54
f 23/38/23 81/134/81 80/132/80
f 16/29/16 54/92/54 81/134/81
f 80/132/80 81/134/81 54/92/54
f 10/16/10 82/136/82 84/140/84
f 24/40/24 83/138/83 82/137/82
f 23/39/23 84/142/84 83/139/83
f 82/137/82 83/138/83 84/141/84
f 16/29/16 81/134/81 78/130/78
f 23/39/23 83/139/83 81/135/81
f 24/40/24 78/130/78 83/138/83
f 81/134/81 83/138/83 78/130/78
f 6/11/6 51/88/51 86/147/86
f 14/24/14 85/144/85 51/87/51
f 26/45/26 86/147/86 85/145/85
f 51/88/51 85/145/85 86/147/86
f 12/19/12 87/148/87 46/76/46
f 25/43/25 88/152/88 87/150/87
f 14/23/14 46/76/46 88/151/88
f 87/148/87 88/151/88 46/76/46
f 5/9/5 89/153/89 91/158/91
f 26/45/26 90/155/90 89/153/89
f 25/41/25 91/156/91 90/154/90
f 89/153/89 90/155/90 91/158/91
f 14/23/14 88/151/88 85/143/85
f 25/43/25 90/155/90 88/152/88
f 26/45/26 85/145/85 90/155/90
f 88/152/88 90/155/90 85/145/85
f 12/20/12 77/129/77 93/162/93
f 22/37/22 92/159/92 77/128/77
f 28/47/28 93/161/93 92/159/92
f 77/128/77 92/159/92 93/161/93
f 11/18/11 94/164/94 74/122/74
f 27/46/27 95/165/95 94/163/94
f 22/37/22 74/121/74 95/165/95
f 94/163/94 95/165/95 74/121/74
f 3/5/3 96/167/96 98/170/98
f 28/47/28 97/168/97 96/167/96
f 27/46/27 98/170/98 97/168/97
f 96/167/96 97/168/97 98/170/98
f 22/37/22 95/165/95 92/159/92
f 27/46/27 97/168/97 95/165/95
f 28/47/28 92/159/92 97/168/97
f 95/165/95 97/168/97 92/159/92
f 11/18/11 72/119/72 100/172/100
f 20/34/20 99/171/99 72/119/72
f 30/49/30 100/172/100 99/171/99
f 72/119/72 99/171/99 100/172/100
f 8/13/8 101/173/101 68/113/68
f 29/48/29 102/174/102 101/173/101
f 20/34/20 68/113/68 102/174/102
f 101/173/101 102/174/102 68/113/68
f 7/12/7 103/175/103 105/177/105
f 30/49/30 104/176/104 103/175/103
f 29/48/29 105/177/105 104/176/104
f 103/175/103 104/176/104 105/177/105
f 20/34/20 102/174/102 99/171/99
f 29/48/29 104/176/104 102/174/102
f 30/49/30 99/171/99 104/176/104
f 102/174/102 104/176/104 99/171/99
f 8/13/8 65/109/65 107/179/107
f 18/31/18 106/178/106 65/109/65
f 32/52/32 107/179/107 106/178/106
f 65/109/65 106/178/106 107/179/107
f 2/3/2 108/180/108 61/103/61
f 31/51/31 109/181/109 108/180/108
f 18/31/18 61/104/61 109/182/109
f 108/180/108 109/181/109 61/103/61
f 9/15/9 110/183/110 112/189/112
f 32/52/32 111/186/111 110/183/110
f 31/50/31 112/187/112 111/184/111
f 110/183/110 111/186/111 112/189/112
f 18/31/18 109/182/109 106/178/106
f 31/51/31 111/185/111 109/181/109
f 32/52/32 106/178/106 111/186/111
f 109/182/109 111/186/111 106/178/106
f 4/6/4 113/190/113 115/192/115
f 33/53/33 114/191/114 113/190/113
f 35/57/35 115/192/115 114/191/114
f 113/190/113 114/191/114 115/192/115
f 10/17/10 116/194/116 118/197/118
f 34/54/34 117/195/117 116/193/116
f 33/53/33 118/196/118 117/195/117
f 116/193/116 117/195/117 118/196/118
f 5/7/5 119/198/119 121/201/121
f 35/57/35 120/200/120 119/198/119
f 34/54/34 121/201/121 120/200/120
f 119/198/119 120/200/120 121/201/121
f 33/53/33 117/195/117 114/191/114
f 34/54/34 120/200/120 117/195/117
f 35/57/35 114/191/114 120/200/120
f 117/195/117 120/200/120 114/191/114
f 4/6/4 115/192/115 123/204/123
f 35/57/35 122/203/122 115/192/115
f 37/61/37 123/204/123 122/203/122
f 115/192/115 122/203/122 123/204/123
f 5/7/5 124/205/124 119/198/119
f 36/59/36 125/209/125 124/206/124
f 35/57/35 119/198/119 125/208/125
f 124/207/124 125/210/125 119/199/119
f 3/5/3 126/211/126 128/215/128
f 37/62/37 127/213/127 126/211/126
f 36/59/36 128/215/128 127/213/127
f 126/211/126 127/213/127 128/215/128
f 35/57/35 125/208/125 122/203/122
f 36/59/36 127/213/127 125/209/125
f 37/61/37 122/203/122 127/212/127
f 125/208/125 127/212/127 122/203/122
f 4/6/4 123/204/123 130/218/130
f 37/61/37 129/216/129 123/204/123
f 39/66/39 130/218/130 129/216/129
f 123/204/123 129/216/129 130/218/130
f 3/5/3 131/220/131 126/211/126
f 38/64/38 132/222/132 131/220/131
f 37/62/37 126/211/126 132/222/132
f 131/220/131 132/222/132 126/211/126
f 7/12/7 133/224/133 135/226/135
f 39/67/39 134/225/134 133/224/133
f 38/65/38 135/226/135 134/225/134
f 133/224/133 134/225/134 135/226/135
f 37/61/37 132/221/132 129/216/129
f 38/65/38 134/225/134 132/223/132
f 39/67/39 129/217/129 134/225/134
f 132/223/132 134/225/134 129/217/129
f 4/6/4 130/218/130 137/228/137
f 39/66/39 136/227/136 130/218/130
f 41/69/41 137/228/137 136/227/136
f 130/218/130 136/227/136 137/228/137
f 7/12/7 138/229/138 133/224/133
f 40/68/40 139/231/139 138/229/138
f 39/67/39 133/224/133 139/231/139
f 138/229/138 139/231/139 133/224/133
f 9/15/9 140/233/140 142/236/142
f 41/69/41 141/234/141 140/232/140
f 40/68/40 142/236/142 141/235/141
f 140/233/140 141/235/141 142/236/142
f 39/66/39 139/230/139 136/227/136
f 40/68/40 141/235/141 139/231/139
f 41/69/41 136/227/136 141/234/141
f 139/230/139 141/234/141 136/227/136
f 4/6/4 137/228/137 113/190/113
f 41/69/41 143/237/143 137/228/137
f 33/53/33 113/190/113 143/237/143
f 137/228/137 143/237/143 113/190/113
f 9/14/9 144/238/144 140/232/140
f 42/70/42 145/239/145 144/238/144
f 41/69/41 140/232/140 145/239/145
f 144/238/144 145/239/145 140/232/140
f 10/17/10 118/197/118 147/243/147
f 33/53/33 146/240/146 118/196/118
f 42/71/42 147/243/147 146/241/146
f 118/197/118 146/241/146 147/243/147
f 41/69/41 145/239/145 143/237/143
f 42/70/42 146/240/146 145/239/145
f 33/53/33 143/237/143 146/240/146
f 145/239/145 146/240/146 143/237/143
f 5/9/5 121/202/121 89/153/89
f 34/56/34 148/244/148 121/202/121
f 26/45/26 89/153/89 148/244/148
f 121/202/121 148/244/148 89/153/89
f 10/16/10 84/140/84 116/193/116
f 23/39/23 149/247/149 84/142/84
f 34/55/34 116/194/116 149/246/149
f 84/140/84 149/245/149 116/193/116
f 6/11/6 86/147/86 80/133/80
f 26/44/26 150/248/150 86/146/86
f 23/39/23 80/133/80 150/249/150
f 86/147/86 150/249/150 80/133/80
f 34/56/34 149/247/149 148/244/148
f 23/39/23 150/249/150 149/247/149
f 26/45/26 148/244/148 150/249/150
f 149/247/149 150/249/150 148/244/148
f 3/4/3 128/214/128 96/166/96
f 36/58/36 151/250/151 128/214/128
f 28/47/28 96/167/96 151/251/151
f 128/214/128 151/250/151 96/166/96
f 5/8/5 91/157/91 124/206/124
f 25/41/25 152/253/152 91/156/91
f 36/59/36 124/206/124 152/254/152
f 91/158/91 152/255/152 124/207/124
f 12/19/12 93/160/93 87/148/87
f 28/47/28 153/257/153 93/161/93
f 25/42/25 87/149/87 153/257/153
f 93/161/93 153/257/153 87/149/87
f 36/60/36 152/255/152 151/252/151
f 25/41/25 153/256/153 152/253/152
f 28/47/28 151/251/151 153/257/153
f 152/253/152 153/256/153 151/250/151
f 7/12/7 135/226/135 103/175/103
f 38/65/38 154/258/154 135/226/135
f 30/49/30 103/175/103 154/258/154
f 135/226/135 154/258/154 103/175/103
f 3/4/3 98/169/98 131/219/131
f 27/46/27 155/260/155 98/170/98
f 38/63/38 131/219/131 155/259/155
f 98/169/98 155/259/155 131/219/131
f 11/18/11 100/172/100 94/164/94
f 30/49/30 156/263/156 100/172/100
f 27/46/27 94/163/94 156/262/156
f 100/172/100 156/263/156 94/164/94
f 38/65/38 155/261/155 154/258/154
f 27/46/27 156/262/156 155/260/155
f 30/49/30 154/258/154 156/263/156
f 155/261/155 156/263/156 154/258/154
f 9/15/9 142/236/142 110/183/110
f 40/68/40 157/264/157 142/236/142
f 32/52/32 110/183/110 157/264/157
f 142/236/142 157/264/157 110/183/110
f 7/12/7 105/177/105 138/229/138
f 29/48/29 158/265/158 105/177/105
f 40/68/40 138/229/138 158/265/158
f 105/177/105 158/265/158 138/229/138
f 8/13/8 107/179/107 101/173/101
f 32/52/32 159/266/159 107/179/107
f 29/48/29 101/173/101 159/266/159
f 107/179/107 159/266/159 101/173/101
f 40/68/40 158/265/158 157/264/157
f 29/48/29 159/266/159 158/265/158
f 32/52/32 157/264/157 159/266/159
f 158/265/158 159/266/159 157/264/157
f 10/16/10 147/242/147 82/136/82
f 42/70/42 160/267/160 147/242/147
f 24/40/24 82/137/82 160/268/160
f 147/242/147 160/267/160 82/136/82
f 9/14/9 112/187/112 144/238/144
f 31/51/31 161/270/161 112/188/112
f 42/70/42 144/238/144 161/269/161
f 112/187/112 161/269/161 144/238/144
f 2/3/2 79/131/79 108/180/108
f 24/40/24 162/271/162 79/131/79
f 31/51/31 108/180/108 162/271/162
f 79/131/79 162/271/162 108/180/108
f 42/70/42 161/269/161 160/267/160
f 31/51/31 162/271/162 161/270/161
f 24/40/24 160/268/160 162/271/162
f 161/270/161 162/271/162 160/268/160
f 163/272/163 205/333/205 207/336/207
f 175/289/175 206/334/206 205/333/205
f 177/294/177 207/337/207 206/335/206
f 205/333/205 206/334/206 207/336/207
f 174/288/174 208/339/208 210/344/210
f 176/290/176 209/340/209 208/338/208
f 175/289/175 210/342/210 209/340/209
f 208/338/208 209/340/209 210/342/210
f 168/281/168 211/347/211 213/351/213
f 177/294/177 212/349/212 211/347/211
f 176/290/176 213/350/213 212/348/212
f 211/345/211 212/348/212 213/350/213
f 175/289/175 209/340/209 206/334/206
f 176/291/176 212/349/212 209/341/209
f 177/292/177 206/334/206 212/348/212
f 209/340/209 212/348/212 206/334/206
f 163/272/163 207/336/207 215/355/215
f 177/292/177 214/352/214 207/336/207
f 179/296/179 215/355/215 214/352/214
f 207/336/207 214/352/214 215/355/215
f 168/280/168 216/356/216 211/346/211
f 178/295/178 217/359/217 216/357/216
f 177/293/177 211/346/211 217/358/217
f 216/356/216 217/358/217 211/346/211
f 164/273/164 218/360/218 220/363/220
f 179/297/179 219/361/219 218/360/218
f 178/295/178 220/364/220 219/362/219
f 218/360/218 219/361/219 220/363/220
f 177/294/177 217/359/217 214/354/214
f 178/295/178 219/362/219 217/359/217
f 179/297/179 214/353/214 219/361/219
f 217/359/217 219/362/219 214/354/214
f 163/272/163 215/355/215 222/368/222
f 179/296/179 221/365/221 215/355/215
f 181/300/181 222/369/222 221/367/221
f 215/355/215 221/365/221 222/368/222
f 164/273/164 223/370/223 218/360/218
f 180/298/180 224/371/224 223/370/223
f 179/297/179 218/360/218 224/371/224
f 223/370/223 224/371/224 218/360/218
f 170/283/170 225/373/225 227/375/227
f 181/300/181 226/374/226 225/373/225
f 180/299/180 227/375/227 226/374/226
f 225/373/225 226/374/226 227/375/227
f 179/297/179 224/371/224 221/366/221
f 180/299/180 226/374/226 224/372/224
f 181/300/181 221/367/221 226/374/226
f 224/372/224 226/374/226 221/367/221
f 163/272/163 222/368/222 229/378/229
f 181/300/181 228/377/228 222/369/222
f 183/302/183 229/378/229 228/376/228
f 222/369/222 228/377/228 229/379/229
f 170/283/170 230/380/230 225/373/225
f 182/301/182 231/381/231 230/380/230
f 181/300/181 225/373/225 231/381/231
f 230/380/230 231/381/231 225/373/225
f 173/286/173 232/382/232 234/384/234
f 183/304/183 233/383/233 232/382/232
f 182/301/182 234/384/234 233/383/233
f 232/382/232 233/383/233 234/384/234
f 181/300/181 231/381/231 228/377/228
f 182/301/182 233/383/233 231/381/231
f 183/304/183 228/377/228 233/383/233
f 231/381/231 233/383/233 228/377/228
f 163/272/163 229/378/229 205/333/205
f 183/302/183 235/385/235 229/378/229
f 175/289/175 205/333/205 235/385/235
f 229/378/229 235/385/235 205/333/205
f 173/286/173 236/388/236 232/382/232
f 184/305/184 237/389/237 236/387/236
f 183/304/183 232/382/232 237/390/237
f 236/388/236 237/390/237 232/382/232
f 174/287/174 210/343/210 239/393/239
f 175/289/175 238/391/238 210/342/210
f 184/305/184 239/393/239 238/392/238
f 210/343/210 238/392/238 239/393/239
f 183/303/183 237/389/237 235/386/235
f 184/305/184 238/392/238 237/389/237
f 175/289/175 235/385/235 238/391/238
f 237/389/237 238/392/238 235/386/235
f 164/273/164 220/363/220 241/396/241
f 178/295/178 240/395/240 220/364/220
f 186/307/186 241/396/241 240/394/240
f 220/363/220 240/394/240 241/396/241
f 168/280/168 242/397/242 216/356/216
f 185/306/185 243/398/243 242/397/242
f 178/295/178 216/357/216 243/399/243
f 242/397/242 243/398/243 216/356/216
f 172/285/172 244/400/244 246/403/246
f 186/307/186 245/401/245 244/400/244
f 185/306/185 246/403/246 245/401/245
f 244/400/244 245/401/245 246/403/246
f 178/295/178 243/399/243 240/395/240
f 185/306/185 245/401/245 243/398/243
f 186/307/186 240/394/240 245/401/245
f 243/399/243 245/402/245 240/395/240
f 168/279/168 213/350/213 248/406/248
f 176/291/176 247/405/247 213/351/213
f 188/310/188 248/408/248 247/405/247
f 213/351/213 247/405/247 248/408/248
f 174/288/174 249/410/249 208/339/208
f 187/309/187 250/412/250 249/410/249
f 176/291/176 208/339/208 250/412/250
f 249/410/249 250/412/250 208/339/208
f 167/278/167 251/413/251 253/417/253
f 188/310/188 252/414/252 251/413/251
f 187/309/187 253/417/253 252/414/252
f 251/413/251 252/414/252 253/417/253
f 176/290/176 250/411/250 247/404/247
f 187/309/187 252/414/252 250/412/250
f 188/310/188 247/405/247 252/414/252
f 250/412/250 252/414/252 247/405/247
f 174/287/174 239/393/239 255/419/255
f 184/305/184 254/418/254 239/393/239
f 190/313/190 255/419/255 254/418/254
f 239/393/239 254/418/254 255/419/255
f 173/286/173 256/420/256 236/388/236
f 189/312/189 257/422/257 256/420/256
f 184/305/184 236/387/236 257/421/257
f 256/420/256 257/422/257 236/388/236
f 165/275/165 258/423/258 260/426/260
f 190/313/190 259/425/259 258/423/258
f 189/311/189 260/426/260 259/425/259
f 258/423/258 259/425/259 260/426/260
f 184/305/184 257/421/257 254/418/254
f 189/311/189 259/425/259 257/421/257
f 190/313/190 254/418/254 259/425/259
f 257/421/257 259/425/259 254/418/254
f 173/286/173 234/384/234 262/428/262
f 182/301/182 261/427/261 234/384/234
f 192/316/192 262/428/262 261/427/261
f 234/384/234 261/427/261 262/428/262
f 170/283/170 263/429/263 230/380/230
f 191/315/191 264/430/264 263/429/263
f 182/301/182 230/380/230 264/430/264
f 263/429/263 264/430/264 230/380/230
f 169/282/169 265/431/265 267/433/267
f 192/316/192 266/432/266 265/431/265
f 191/315/191 267/433/267 266/432/266
f 265/431/265 266/432/266 267/433/267
f 182/301/182 264/430/264 261/427/261
f 191/315/191 266/432/266 264/430/264
f 192/316/192 261/427/261 266/432/266
f 264/430/264 266/432/266 261/427/261
f 170/283/170 227/375/227 269/435/269
f 180/299/180 268/434/268 227/375/227
f 194/318/194 269/435/269 268/434/268
f 227/375/227 268/434/268 269/435/269
f 164/273/164 270/436/270 223/370/223
f 193/317/193 271/437/271 270/436/270
f 180/298/180 223/370/223 271/437/271
f 270/436/270 271/437/271 223/370/223
f 171/284/171 272/439/272 274/443/274
f 194/318/194 273/441/273 272/439/272
f 193/317/193 274/442/274 273/440/273
f 272/439/272 273/441/273 274/443/274
f 180/299/180 271/438/271 268/434/268
f 193/317/193 273/440/273 271/437/271
f 194/318/194 268/434/268 273/441/273
f 271/438/271 273/441/273 268/434/268
f 166/276/166 275/444/275 277/447/277
f 195/319/195 276/445/276 275/444/275
f 197/321/197 277/447/277 276/445/276
f 275/444/275 276/445/276 277/447/277
f 172/285/172 278/448/278 280/453/280
f 196/320/196 279/451/279 278/449/278
f 195/319/195 280/452/280 279/450/279
f 278/449/278 279/451/279 280/454/280
f 167/278/167 281/456/281 283/459/283
f 197/322/197 282/458/282 281/456/281
f 196/320/196 283/459/283 282/458/282
f 281/456/281 282/458/282 283/459/283
f 195/319/195 279/450/279 276/445/276
f 196/320/196 282/458/282 279/451/279
f 197/322/197 276/446/276 282/458/282
f 279/450/279 282/457/282 276/445/276
f 166/276/166 277/447/277 285/462/285
f 197/321/197 284/460/284 277/447/277
f 199/325/199 285/463/285 284/461/284
f 277/447/277 284/460/284 285/462/285
f 167/278/167 286/466/286 281/456/281
f 198/323/198 287/468/287 286/465/286
f 197/321/197 281/455/281 287/467/287
f 286/464/286 287/467/287 281/455/281
f 165/274/165 288/469/288 290/473/290
f 199/324/199 289/471/289 288/469/288
f 198/323/198 290/474/290 289/472/289
f 288/470/288 289/472/289 290/474/290
f 197/321/197 287/467/287 284/460/284
f 198/323/198 289/472/289 287/468/287
f 199/325/199 284/461/284 289/472/289
f 287/468/287 289/472/289 284/461/284
f 166/276/166 285/462/285 292/479/292
f 199/325/199 291/477/291 285/463/285
f 201/327/201 292/480/292 291/478/291
f 285/462/285 291/476/291 292/479/292
f 165/274/165 293/481/293 288/469/288
f 200/326/200 294/485/294 293/483/293
f 199/324/199 288/469/288 294/484/294
f 293/481/293 294/484/294 288/469/288
f 169/282/169 295/486/295 297/488/297
f 201/327/201 296/487/296 295/486/295
f 200/326/200 297/488/297 296/487/296
f 295/486/295 296/487/296 297/488/297
f 199/324/199 294/484/294 291/476/291
f 200/326/200 296/487/296 294/485/294
f 201/327/201 291/478/291 296/487/296
f 294/485/294 296/487/296 291/478/291
f 166/276/166 292/479/292 299/492/299
f 201/327/201 298/491/298 292/480/292
f 203/330/203 299/493/299 298/490/298
f 292/479/292 298/489/298 299/492/299
f 169/282/169 300/495/300 295/486/295
f 202/328/202 301/496/301 300/495/300
f 201/327/201 295/486/295 301/496/301
f 300/495/300 301/496/301 295/486/295
f 171/284/171 302/497/302 304/499/304
f 203/331/203 303/498/303 302/497/302
f 202/328/202 304/499/304 303/498/303
f 302/497/302 303/498/303 304/499/304
f 201/327/201 301/496/301 298/491/298
f 202/328/202 303/498/303 301/496/301
f 203/331/203 298/491/298 303/498/303
f 301/496/301 303/498/303 298/491/298
f 166/276/166 299/492/299 275/444/275
f 203/331/203 305/501/305 299/494/299
f 195/319/195 275/444/275 305/500/305
f 299/492/299 305/500/305 275/444/275
f 171/284/171 306/503/306 302/497/302
f 204/332/204 307/505/307 306/502/306
f 203/331/203 302/497/302 307/506/307
f 306/503/306 307/506/307 302/497/302
f 172/285/172 280/453/280 309/509/309
f 195/319/195 308/507/308 280/452/280
f 204/332/204 309/509/309 308/508/308
f 280/453/280 308/508/308 309/509/309
f 203/329/203 307/504/307 305/500/305
f 204/332/204 308/508/308 307/505/307
f 195/319/195 305/500/305 308/507/308
f 307/504/307 308/507/308 305/500/305
f 167/278/167 283/459/283 251/413/251
f 196/320/196 310/510/310 283/459/283
f 188/310/188 251/413/251 310/510/310
f 283/459/283 310/510/310 251/413/251
f 172/285/172 246/403/246 278/448/278
f 185/306/185 311/511/311 246/403/246
f 196/320/196 278/449/278 311/512/311
f 246/403/246 311/511/311 278/448/278
f 168/280/168 248/407/248 242/397/242
f 188/310/188 312/514/312 248/408/248
f 185/306/185 242/397/242 312/513/312
f 248/407/248 312/513/312 242/397/242
f 196/320/196 311/512/311 310/510/310
f 185/306/185 312/513/312 311/511/311
f 188/310/188 310/510/310 312/514/312
f 311/512/311 312/514/312 310/510/310
f 165/275/165 290/474/290 258/423/258
f 198/323/198 313/515/313 290/474/290
f 190/314/190 258/424/258 313/516/313
f 290/475/290 313/516/313 258/424/258
f 167/277/167 253/415/253 286/464/286
f 187/308/187 314/517/314 253/416/253
f 198/323/198 286/465/286 314/517/314
f 253/416/253 314/517/314 286/465/286
f 174/287/174 255/419/255 249/409/249
f 190/313/190 315/518/315 255/419/255
f 187/308/187 249/409/249 315/518/315
f 255/419/255 315/518/315 249/409/249
f 198/323/198 314/517/314 313/515/313
f 187/308/187 315/518/315 314/517/314
f 190/313/190 313/515/313 315/518/315
f 314/517/314 315/518/315 313/515/313
f 169/282/169 297/488/297 265/431/265
f 200/326/200 316/519/316 297/488/297
f 192/316/192 265/431/265 316/519/316
f 297/488/297 316/519/316 265/431/265
f 165/275/165 260/426/260 293/482/293
f 189/311/189 317/520/317 260/426/260
f 200/326/200 293/483/293 317/521/317
f 260/426/260 317/520/317 293/482/293
f 173/286/173 262/428/262 256/420/256
f 192/316/192 318/522/318 262/428/262
f 189/312/189 256/420/256 318/522/318
f 262/428/262 318/522/318 256/420/256
f 200/326/200 317/521/317 316/519/316
f 189/312/189 318/522/318 317/521/317
f 192/316/192 316/519/316 318/522/318
f 317/521/317 318/522/318 316/519/316
f 171/284/171 304/499/304 272/439/272
f 202/328/202 319/523/319 304/499/304
f 194/318/194 272/439/272 319/523/319
f 304/499/304 319/523/319 272/439/272
f 169/282/169 267/433/267 300/495/300
f 191/315/191 320/524/320 267/433/267
f 202/328/202 300/495/300 320/524/320
f 267/433/267 320/524/320 300/495/300
f 170/283/170 269/435/269 263/429/263
f 194/318/194 321/525/321 269/435/269
f 191/315/191 263/429/263 321/525/321
f 269/435/269 321/525/321 263/429/263
f 202/328/202 320/524/320 319/523/319
f 191/315/191 321/525/321 320/524/320
f 194/318/194 319/523/319 321/525/321
f 320/524/320 321/525/321 319/523/319
f 172/285/172 309/509/309 244/400/244
f 204/332/204 322/526/322 309/509/309
f 186/307/186 244/400/244 322/526/322
f 309/509/309 322/526/322 244/400/244
f 171/284/171 274/443/274 306/503/306
f 193/317/193 323/527/323 274/442/274
f 204/332/204 306/502/306 323/527/323
f 274/442/274 323/527/323 306/502/306
f 164/273/164 241/396/241 270/436/270
f 186/307/186 324/528/324 241/396/241
f 193/317/193 270/436/270 324/528/324
f 241/396/241 324/528/324 270/436/270
f 204/332/204 323/527/323 322/526/322
f 193/317/193 324/528/324 323/527/323
f 186/307/186 322/526/322 324/528/324
f 323/527/323 324/528/324 322/526/322
f 325/530/325 367/602/367 369/606/369
f 337/547/337 368/604/368 367/602/367
f 339/549/339 369/605/369 368/603/368
f 367/601/367 368/603/368 369/605/369
f 336/545/336 370/607/370 372/613/372
f 338/548/338 371/611/371 370/608/370
f 337/547/337 372/613/372 371/610/371
f 370/607/370 371/610/371 372/613/372
f 330/538/330 373/616/373 375/619/375
f 339/550/339 374/618/374 373/616/373
f 338/548/338 375/619/375 374/618/374
f 373/616/373 374/618/374 375/619/375
f 337/547/337 371/610/371 368/604/368
f 338/548/338 374/618/374 371/611/371
f 339/549/339 368/603/368 374/617/374
f 371/609/371 374/617/374 368/603/368
f 325/529/325 369/605/369 377/621/377
f 339/549/339 376/620/376 369/605/369
f 341/552/341 377/621/377 376/620/376
f 369/605/369 376/620/376 377/621/377
f 330/537/330 378/622/378 373/615/373
f 340/551/340 379/626/379 378/623/378
f 339/549/339 373/614/373 379/624/379
f 378/622/378 379/625/379 373/615/373
f 326/531/326 380/627/380 382/630/382
f 341/552/341 381/628/381 380/627/380
f 340/551/340 382/631/382 381/629/381
f 380/627/380 381/628/381 382/630/382
f 339/549/339 379/624/379 376/620/376
f 340/551/340 381/629/381 379/626/379
f 341/552/341 376/620/376 381/628/381
f 379/624/379 381/628/381 376/620/376
f 325/529/325 377/621/377 384/633/384
f 341/552/341 383/632/383 377/621/377
f 343/555/343 384/633/384 383/632/383
f 377/621/377 383/632/383 384/633/384
f 326/531/326 385/634/385 380/627/380
f 342/553/342 386/635/386 385/634/385
f 341/552/341 380/627/380 386/635/386
f 385/634/385 386/635/386 380/627/380
f 332/540/332 387/636/387 389/639/389
f 343/556/343 388/638/388 387/636/387
f 342/554/342 389/639/389 388/638/388
f 387/636/387 388/638/388 389/639/389
f 341/552/341 386/635/386 383/632/383
f 342/553/342 388/637/388 386/635/386
f 343/555/343 383/632/383 388/637/388
f 386/635/386 388/637/388 383/632/383
f 325/529/325 384/633/384 391/643/391
f 343/555/343 390/640/390 384/633/384
f 345/559/345 391/644/391 390/641/390
f 384/633/384 390/640/390 391/643/391
f 332/540/332 392/645/392 387/636/387
f 344/557/344 393/646/393 392/645/392
f 343/556/343 387/636/387 393/646/393
f 392/645/392 393/646/393 387/636/387
f 335/544/335 394/647/394 396/649/396
f 345/560/345 395/648/395 394/647/394
f 344/557/344 396/649/396 395/648/395
f 394/647/394 395/648/395 396/649/396
f 343/556/343 393/646/393 390/642/390
f 344/557/344 395/648/395 393/646/393
f 345/560/345 390/642/390 395/648/395
f 393/646/393 395/648/395 390/642/390
f 325/530/325 391/644/391 367/602/367
f 345/559/345 397/651/397 391/644/391
f 337/547/337 367/602/367 397/651/397
f 391/644/391 397/651/397 367/602/367
f 335/544/335 398/653/398 394/647/394
f 346/562/346 399/655/399 398/652/398
f 345/560/345 394/647/394 399/656/399
f 398/653/398 399/656/399 394/647/394
f 336/545/336 372/613/372 401/660/401
f 337/546/337 400/657/400 372/612/372
f 346/562/346 401/660/401 400/658/400
f 372/613/372 400/658/400 401/660/401
f 345/558/345 399/654/399 397/650/397
f 346/562/346 400/658/400 399/655/399
f 337/547/337 397/651/397 400/658/400
f 399/655/399 400/658/400 397/651/397
f 326/531/326 382/630/382 403/663/403
f 340/551/340 402/662/402 382/631/382
f 348/565/348 403/663/403 402/661/402
f 382/631/382 402/662/402 403/664/403
f 330/537/330 404/666/404 378/622/378
f 347/564/347 405/668/405 404/667/404
f 340/551/340 378/623/378 405/668/405
f 404/667/404 405/668/405 378/623/378
f 334/543/334 406/671/406 408/674/408
f 348/565/348 407/672/407 406/669/406
f 347/564/347 408/674/408 407/673/407
f 406/671/406 407/673/407 408/674/408
f 340/551/340 405/668/405 402/662/402
f 347/564/347 407/673/407 405/668/405
f 348/565/348 402/661/402 407/672/407
f 405/668/405 407/673/407 402/662/402
f 330/538/330 375/619/375 410/677/410
f 338/548/338 409/675/409 375/619/375
f 350/570/350 410/677/410 409/675/409
f 375/619/375 409/675/409 410/677/410
f 336/545/336 411/679/411 370/607/370
f 349/569/349 412/681/412 411/680/411
f 338/548/338 370/608/370 412/681/412
f 411/680/411 412/681/412 370/608/370
f 329/536/329 413/682/413 415/684/415
f 350/570/350 414/683/414 413/682/413
f 349/569/349 415/684/415 414/683/414
f 413/682/413 414/683/414 415/684/415
f 338/548/338 412/681/412 409/675/409
f 349/569/349 414/683/414 412/681/412
f 350/570/350 409/675/409 414/683/414
f 412/681/412 414/683/414 409/675/409
f 336/545/336 401/660/401 417/687/417
f 346/561/346 416/685/416 401/659/401
f 352/574/352 417/687/417 416/686/416
f 401/660/401 416/686/416 417/687/417
f 335/544/335 418/689/418 398/653/398
f 351/572/351 419/690/419 418/688/418
f 346/562/346 398/652/398 419/690/419
f 418/688/418 419/690/419 398/652/398
f 327/532/327 420/691/420 422/694/422
f 352/574/352 421/693/421 420/692/420
f 351/572/351 422/695/422 421/693/421
f 420/692/420 421/693/421 422/695/422
f 346/562/346 419/690/419 416/686/416
f 351/572/351 421/693/421 419/690/419
f 352/574/352 416/686/416 421/693/421
f 419/690/419 421/693/421 416/686/416
f 335/544/335 396/649/396 424/697/424
f 344/557/344 423/696/423 396/649/396
f 354/576/354 424/697/424 423/696/423
f 396/649/396 423/696/423 424/697/424
f 332/540/332 425/698/425 392/645/392
f 353/575/353 426/699/426 425/698/425
f 344/557/344 392/645/392 426/699/426
f 425/698/425 426/699/426 392/645/392
f 331/539/331 427/700/427 429/702/429
f 354/576/354 428/701/428 427/700/427
f 353/575/353 429/702/429 428/701/428
f 427/700/427 428/701/428 429/702/429
f 344/557/344 426/699/426 423/696/423
f 353/575/353 428/701/428 426/699/426
f 354/576/354 423/696/423 428/701/428
f 426/699/426 428/701/428 423/696/423
f 332/540/332 389/639/389 431/705/431
f 342/554/342 430/704/430 389/639/389
f 356/580/356 431/705/431 430/704/430
f 389/639/389 430/704/430 431/705/431
f 326/531/326 432/706/432 385/634/385
f 355/577/355 433/707/433 432/706/432
f 342/553/342 385/634/385 433/707/433
f 432/706/432 433/707/433 385/634/385
f 333/541/333 434/709/434 436/712/436
f 356/580/356 435/710/435 434/709/434
f 355/579/355 436/712/436 435/710/435
f 434/709/434 435/710/435 436/712/436
f 342/553/342 433/707/433 430/703/430
f 355/579/355 435/710/435 433/708/433
f 356/580/356 430/704/430 435/710/435
f 433/708/433 435/710/435 430/704/430
f 328/534/328 437/713/437 439/717/439
f 357/582/357 438/716/438 437/714/437
f 359/585/359 439/717/439 438/715/438
f 437/713/437 438/715/438 439/717/439
f 334/542/334 440/718/440 442/722/442
f 358/583/358 441/720/441 440/718/440
f 357/582/357 442/722/442 441/720/441
f 440/718/440 441/720/441 442/722/442
f 329/536/329 443/724/443 445/728/445
f 359/585/359 444/725/444 443/723/443
f 358/584/358 445/728/445 444/727/444
f 443/724/443 444/727/444 445/728/445
f 357/582/357 441/720/441 438/716/438
f 358/583/358 444/726/444 441/720/441
f 359/585/359 438/715/438 444/725/444
f 441/720/441 444/726/444 438/716/438
f 328/534/328 439/717/439 447/730/447
f 359/585/359 446/729/446 439/717/439
f 361/589/361 447/730/447 446/729/446
f 439/717/439 446/729/446 447/730/447
f 329/536/329 448/733/448 443/724/443
f 360/586/360 449/734/449 448/732/448
f 359/585/359 443/723/443 449/734/449
f 448/733/448 449/735/449 443/724/443
f 327/532/327 450/736/450 452/738/452
f 361/589/361 451/737/451 450/736/450
f 360/586/360 452/738/452 451/737/451
f 450/736/450 451/737/451 452/738/452
f 359/585/359 449/734/449 446/729/446
f 360/586/360 451/737/451 449/734/449
f 361/589/361 446/729/446 451/737/451
f 449/734/449 451/737/451 446/729/446
f 328/534/328 447/730/447 454/742/454
f 361/590/361 453/741/453 447/731/447
f 363/593/363 454/742/454 453/740/453
f 447/730/447 453/740/453 454/742/454
f 327/532/327 455/744/455 450/736/450
f 362/591/362 456/745/456 455/744/455
f 361/589/361 450/736/450 456/745/456
f 455/744/455 456/745/456 450/736/450
f 331/539/331 457/749/457 459/753/459
f 363/593/363 458/750/458 457/747/457
f 362/592/362 459/753/459 458/751/458
f 457/747/457 458/750/458 459/752/459
f 361/590/361 456/746/456 453/741/453
f 362/591/362 458/750/458 456/745/456
f 363/593/363 453/740/453 458/750/458
f 456/745/456 458/750/458 453/740/453
f 328/534/328 454/742/454 461/755/461
f 363/595/363 460/754/460 454/743/454
f 365/599/365 461/757/461 460/754/460
f 454/743/454 460/754/460 461/757/461
f 331/539/331 462/758/462 457/749/457
f 364/596/364 463/760/463 462/758/462
f 363/594/363 457/748/457 463/759/463
f 462/758/462 463/760/463 457/749/457
f 333/541/333 464/763/464 466/765/466
f 365/599/365 465/764/465 464/763/464
f 364/596/364 466/765/466 465/764/465
f 464/763/464 465/764/465 466/765/466
f 363/595/363 463/760/463 460/754/460
f 364/596/364 465/764/465 463/760/463
f 365/599/365 460/754/460 465/764/465
f 463/760/463 465/764/465 460/754/460
f 328/535/328 461/756/461 437/714/437
f 365/598/365 467/767/467 461/756/461
f 357/582/357 437/714/437 467/767/467
f 461/756/461 467/767/467 437/714/437
f 333/541/333 468/769/468 464/763/464
f 366/600/366 469/771/469 468/768/468
f 365/597/365 464/761/464 469/770/469
f 468/768/468 469/771/469 464/762/464
f 334/542/334 442/722/442 471/774/471
f 357/581/357 470/772/470 442/721/442
f 366/600/366 471/774/471 470/773/470
f 442/722/442 470/773/470 471/774/471
f 365/597/365 469/770/469 467/766/467
f 366/600/366 470/773/470 469/771/469
f 357/581/357 467/766/467 470/772/470
f 469/771/469 470/773/470 467/767/467
f 329/536/329 445/728/445 413/682/413
f 358/584/358 472/775/472 445/728/445
f 350/570/350 413/682/413 472/775/472
f 445/728/445 472/775/472 413/682/413
f 334/543/334 408/674/408 440/719/440
f 347/564/347 473/777/473 408/674/408
f 358/584/358 440/719/440 473/777/473
f 408/674/408 473/777/473 440/719/440
f 330/538/330 410/677/410 404/667/404
f 350/570/350 474/779/474 410/677/410
f 347/563/347 404/665/404 474/778/474
f 410/676/410 474/778/474 404/665/404
f 358/584/358 473/777/473 472/775/472
f 347/563/347 474/778/474 473/776/473
f 350/570/350 472/775/472 474/779/474
f 473/777/473 474/779/474 472/775/472
f 327/533/327 452/739/452 420/692/420
f 360/587/360 475/780/475 452/739/452
f 352/574/352 420/692/420 475/780/475
f 452/739/452 475/780/475 420/692/420
f 329/536/329 415/684/415 448/733/448
f 349/569/349 476/782/476 415/684/415
f 360/588/360 448/733/448 476/782/476
f 415/684/415 476/782/476 448/733/448
f 336/545/336 417/687/417 411/679/411
f 352/574/352 477/784/477 417/687/417
f 349/567/349 411/678/411 477/783/477
f 417/687/417 477/784/477 411/679/411
f 360/587/360 476/781/476 475/780/475
f 349/568/349 477/784/477 476/781/476
f 352/574/352 475/780/475 477/784/477
f 476/781/476 477/784/477 475/780/475
f 331/539/331 459/753/459 427/700/427
f 362/592/362 478/785/478 459/753/459
f 354/576/354 427/700/427 478/785/478
f 459/753/459 478/785/478 427/700/427
f 327/532/327 422/694/422 455/744/455
f 351/571/351 479/786/479 422/694/422
f 362/591/362 455/744/455 479/786/479
f 422/694/422 479/786/479 455/744/455
f 335/544/335 424/697/424 418/689/418
f 354/576/354 480/788/480 424/697/424
f 351/573/351 418/689/418 480/788/480
f 424/697/424 480/788/480 418/689/418
f 362/592/362 479/787/479 478/785/478
f 351/573/351 480/788/480 479/787/479
f 354/576/354 478/785/478 480/788/480
f 479/787/479 480/788/480 478/785/478
f 333/541/333 466/765/466 434/709/434
f 364/596/364 481/789/481 466/765/466
f 356/580/356 434/709/434 481/789/481
f 466/765/466 481/789/481 434/709/434
f 331/539/331 429/702/429 462/758/462
f 353/575/353 482/790/482 429/702/429
f 364/596/364 462/758/462 482/790/482
f 429/702/429 482/790/482 462/758/462
f 332/540/332 431/705/431 425/698/425
f 356/580/356 483/791/483 431/705/431
f 353/575/353 425/698/425 483/791/483
f 431/705/431 483/791/483 425/698/425
f 364/596/364 482/790/482 481/789/481
f 353/575/353 483/791/483 482/790/482
f 356/580/356 481/789/481 483/791/483
f 482/790/482 483/791/483 481/789/481
f 334/542/334 471/774/471 406/670/406
f 366/600/366 484/792/484 471/774/471
f 348/566/348 406/670/406 484/792/484
f 471/774/471 484/792/484 406/670/406
f 333/541/333 436/712/436 468/769/468
f 355/578/355 485/793/485 436/711/436
f 366/600/366 468/768/468 485/793/485
f 436/711/436 485/793/485 468/768/468
f 326/531/326 403/663/403 432/706/432
f 348/565/348 486/794/486 403/663/403
f 355/577/355 432/706/432 486/794/486
f 403/663/403 486/794/486 432/706/432
f 366/600/366 485/793/485 484/792/484
f 355/578/355 486/795/486 485/793/485
f 348/566/348 484/792/484 486/795/486
f 485/793/485 486/795/486 484/792/484
f 487/796/487 529/873/529 531/878/531
f 499/818/499 530/876/530 529/874/529
f 501/822/501 531/879/531 530/876/530
f 529/873/529 530/875/530 531/878/531
f 498/815/498 532/880/532 534/885/534
f 500/820/500 533/884/533 532/881/532
f 499/817/499 534/885/534 533/882/533
f 532/881/532 533/884/533 534/887/534
f 492/804/492 535/889/535 537/893/537
f 501/823/501 536/891/536 535/889/535
f 500/819/500 537/892/537 536/890/536
f 535/889/535 536/891/536 537/893/537
f 499/818/499 533/883/533 530/876/530
f 500/819/500 536/890/536 533/882/533
f 501/823/501 530/877/530 536/891/536
f 533/882/533 536/890/536 530/875/530
f 487/797/487 531/879/531 539/897/539
f 501/821/501 538/894/538 531/878/531
f 503/827/503 539/898/539 538/895/538
f 531/878/531 538/894/538 539/896/539
f 492/804/492 540/900/540 535/889/535
f 502/824/502 541/901/541 540/899/540
f 501/821/501 535/888/535 541/901/541
f 540/899/540 541/901/541 535/888/535
f 488/798/488 542/902/542 544/905/544
f 503/826/503 543/903/543 542/902/542
f 502/824/502 544/905/544 543/903/543
f 542/902/542 543/903/543 544/905/544
f 501/821/501 541/901/541 538/894/538
f 502/824/502 543/903/543 541/901/541
f 503/827/503 538/895/538 543/904/543
f 541/901/541 543/903/543 538/894/538
f 487/797/487 539/897/539 546/910/546
f 503/826/503 545/907/545 539/896/539
f 505/830/505 546/909/546 545/907/545
f 539/896/539 545/907/545 546/909/546
f 488/798/488 547/911/547 542/902/542
f 504/828/504 548/912/548 547/911/547
f 503/826/503 542/902/542 548/912/548
f 547/911/547 548/912/548 542/902/542
f 494/806/494 549/913/549 551/916/551
f 505/832/505 550/915/550 549/913/549
f 504/829/504 551/916/551 550/915/550
f 549/913/549 550/915/550 551/916/551
f 503/826/503 548/912/548 545/907/545
f 504/828/504 550/914/550 548/912/548
f 505/832/505 545/908/545 550/915/550
f 548/912/548 550/914/550 545/907/545
f 487/797/487 546/910/546 553/920/553
f 505/831/505 552/917/552 546/910/546
f 507/834/507 553/920/553 552/917/552
f 546/910/546 552/917/552 553/920/553
f 494/806/494 554/921/554 549/913/549
f 506/833/506 555/922/555 554/921/554
f 505/832/505 549/913/549 555/922/555
f 554/921/554 555/922/555 549/913/549
f 497/814/497 556/924/556 558/926/558
f 507/835/507 557/925/557 556/924/556
f 506/833/506 558/926/558 557/925/557
f 556/924/556 557/925/557 558/926/558
f 505/832/505 555/922/555 552/918/552
f 506/833/506 557/925/557 555/922/555
f 507/835/507 552/918/552 557/925/557
f 555/922/555 557/925/557 552/918/552
f 487/796/487 553/919/553 529/873/529
f 507/834/507 559/927/559 553/920/553
f 499/818/499 529/874/529 559/927/559
f 553/920/553 559/927/559 529/874/529
f 497/813/497 560/929/560 556/923/556
f 508/836/508 561/930/561 560/929/560
f 507/834/507 556/923/556 561/930/561
f 560/929/560 561/930/561 556/923/556
f 498/816/498 534/887/534 563/934/563
f 499/818/499 562/931/562 534/886/534
f 508/836/508 563/933/563 562/931/562
f 534/886/534 562/931/562 563/933/563
f 507/834/507 561/930/561 559/927/559
f 508/836/508 562/931/562 561/930/561
f 499/818/499 559/927/559 562/931/562
f 561/930/561 562/931/562 559/927/559
f 488/798/488 544/905/544 565/938/565
f 502/825/502 564/937/564 544/906/544
f 510/839/510 565/938/565 564/935/564
f 544/905/544 564/935/564 565/938/565
f 492/804/492 566/940/566 540/900/540
f 509/838/509 567/943/567 566/940/566
f 502/824/502 540/899/540 567/941/567
f 566/940/566 567/943/567 540/900/540
f 496/809/496 568/944/568 570/949/570
f 510/840/510 569/948/569 568/945/568
f 509/837/509 570/949/570 569/946/569
f 568/944/568 569/946/569 570/949/570
f 502/824/502 567/941/567 564/935/564
f 509/837/509 569/946/569 567/941/567
f 510/840/510 564/937/564 569/948/569
f 567/942/567 569/947/569 564/936/564
f 492/803/492 537/892/537 572/954/572
f 500/819/500 571/952/571 537/892/537
f 512/844/512 572/955/572 571/953/571
f 537/892/537 571/952/571 572/954/572
f 498/815/498 573/956/573 532/880/532
f 511/841/511 574/958/574 573/956/573
f 500/820/500 532/881/532 574/959/574
f 573/956/573 574/958/574 532/880/532
f 491/801/491 575/960/575 577/964/577
f 512/843/512 576/962/576 575/960/575
f 511/841/511 577/964/577 576/962/576
f 575/960/575 576/962/576 577/964/577
f 500/820/500 574/959/574 571/953/571
f 511/842/511 576/963/576 574/959/574
f 512/843/512 571/952/571 576/962/576
f 574/958/574 576/962/576 571/952/571
f 498/815/498 563/932/563 579/968/579
f 508/836/508 578/967/578 563/933/563
f 514/847/514 579/968/579 578/966/578
f 563/932/563 578/966/578 579/968/579
f 497/812/497 580/969/580 560/928/560
f 513/846/513 581/974/581 580/971/580
f 508/836/508 560/929/560 581/973/581
f 580/970/580 581/973/581 560/929/560
f 489/799/489 582/975/582 584/977/584
f 514/847/514 583/976/583 582/975/582
f 513/845/513 584/977/584 583/976/583
f 582/975/582 583/976/583 584/977/584
f 508/836/508 581/973/581 578/967/578
f 513/845/513 583/976/583 581/972/581
f 514/847/514 578/966/578 583/976/583
f 581/972/581 583/976/583 578/966/578
f 497/814/497 558/926/558 586/980/586
f 506/833/506 585/978/585 558/926/558
f 516/849/516 586/980/586 585/978/585
f 558/926/558 585/978/585 586/980/586
f 494/806/494 587/981/587 554/921/554
f 515/848/515 588/982/588 587/981/587
f 506/833/506 554/921/554 588/982/588
f 587/981/587 588/982/588 554/921/554
f 493/805/493 589/983/589 591/985/591
f 516/849/516 590/984/590 589/983/589
f 515/848/515 591/985/591 590/984/590
f 589/983/589 590/984/590 591/985/591
f 506/833/506 588/982/588 585/978/585
f 515/848/515 590/984/590 588/982/588
f 516/849/516 585/978/585 590/984/590
f 588/982/588 590/984/590 585/978/585
f 494/806/494 551/916/551 593/988/593
f 504/829/504 592/987/592 551/916/551
f 518/851/518 593/988/593 592/987/592
f 551/916/551 592/987/592 593/988/593
f 488/798/488 594/989/594 547/911/547
f 517/850/517 595/990/595 594/989/594
f 504/828/504 547/911/547 595/990/595
f 594/989/594 595/990/595 547/911/547
f 495/807/495 596/992/596 598/998/598
f 518/851/518 597/997/597 596/994/596
f 517/850/517 598/998/598 597/995/597
f 596/993/596 597/996/597 598/999/598
f 504/829/504 595/991/595 592/987/592
f 517/850/517 597/995/597 595/990/595
f 518/851/518 592/987/592 597/997/597
f 595/990/595 597/995/597 592/986/592
f 490/800/490 599/1000/599 601/1005/601
f 519/852/519 600/1002/600 599/1000/599
f 521/858/521 601/1006/601 600/1003/600
f 599/1000/599 600/1002/600 601/1005/601
f 496/811/496 602/1008/602 604/1013/604
f 520/855/520 603/1009/603 602/1007/602
f 519/854/519 604/1013/604 603/1010/603
f 602/1008/602 603/1010/603 604/1013/604
f 491/801/491 605/1014/605 607/1019/607
f 521/857/521 606/1016/606 605/1014/605
f 520/856/520 607/1020/607 606/1018/606
f 605/1014/605 606/1016/606 607/1019/607
f 519/854/519 603/1010/603 600/1004/600
f 520/855/520 606/1017/606 603/1009/603
f 521/858/521 600/1003/600 606/1017/606
f 603/1009/603 606/1017/606 600/1003/600
f 490/800/490 601/1005/601 609/1023/609
f 521/858/521 608/1022/608 601/1006/601
f 523/862/523 609/1024/609 608/1022/608
f 601/1006/601 608/1022/608 609/1024/609
f 491/802/491 610/1026/610 605/1015/605
f 522/860/522 611/1028/611 610/1026/610
f 521/857/521 605/1014/605 611/1027/611
f 610/1025/610 611/1027/611 605/1014/605
f 489/799/489 612/1029/612 614/1032/614
f 523/861/523 613/1031/613 612/1029/612
f 522/859/522 614/1032/614 613/1031/613
f 612/1029/612 613/1031/613 614/1032/614
f 521/857/521 611/1027/611 608/1021/608
f 522/859/522 613/1031/613 611/1027/611
f 523/861/523 608/1021/608 613/1031/613
f 611/1027/611 613/1031/613 608/1021/608
f 490/800/490 609/1023/609 616/1036/616
f 523/862/523 615/1034/615 609/1024/609
f 525/865/525 616/1036/616 615/1033/615
f 609/1023/609 615/1033/615 616/1036/616
f 489/799/489 617/1038/617 612/1029/612
f 524/864/524 618/1039/618 617/1038/617
f 523/863/523 612/1030/612 618/1040/618
f 617/1038/617 618/1039/618 612/1029/612
f 493/805/493 619/1041/619 621/1045/621
f 525/867/525 620/1043/620 619/1041/619
f 524/864/524 621/1044/621 620/1042/620
f 619/1041/619 620/1043/620 621/1045/621
f 523/863/523 618/1040/618 615/1035/615
f 524/864/524 620/1042/620 618/1039/618
f 525/865/525 615/1033/615 620/1042/620
f 618/1039/618 620/1042/620 615/1033/615
f 490/800/490 616/1036/616 623/1049/623
f 525/866/525 622/1047/622 616/1037/616
f 527/870/527 623/1050/623 622/1047/622
f 616/1037/616 622/1047/622 623/1050/623
f 493/805/493 624/1051/624 619/1041/619
f 526/868/526 625/1053/625 624/1051/624
f 525/867/525 619/1041/619 625/1053/625
f 624/1051/624 625/1053/625 619/1041/619
f 495/808/495 626/1056/626 628/1060/628
f 527/870/527 627/1058/627 626/1055/626
f 526/868/526 628/1060/628 627/1059/627
f 626/1056/626 627/1059/627 628/1060/628
f 525/867/525 625/1053/625 622/1048/622
f 526/868/526 627/1059/627 625/1053/625
f 527/869/527 622/1046/622 627/1057/627
f 625/1052/625 627/1057/627 622/1046/622
f 490/800/490 623/1049/623 599/1000/599
f 527/870/527 629/1061/629 623/1050/623
f 519/853/519 599/1001/599 629/1061/629
f 623/1050/623 629/1061/629 599/1001/599
f 495/808/495 630/1064/630 626/1056/626
f 528/872/528 631/1066/631 630/1063/630
f 527/869/527 626/1054/626 631/1065/631
f 630/1063/630 631/1066/631 626/1055/626
f 496/809/496 604/1011/604 633/1068/633
f 519/853/519 632/1067/632 604/1012/604
f 528/872/528 633/1069/633 632/1067/632
f 604/1012/604 632/1067/632 633/1069/633
f 527/870/527 631/1066/631 629/1061/629
f 528/872/528 632/1067/632 631/1066/631
f 519/853/519 629/1061/629 632/1067/632
f 631/1066/631 632/1067/632 629/1061/629
f 491/801/491 607/1019/607 575/960/575
f 520/856/520 634/1072/634 607/1020/607
f 512/843/512 575/960/575 634/1071/634
f 607/1020/607 634/1072/634 575/961/575
f 496/810/496 570/950/570 602/1007/602
f 509/838/509 635/1074/635 570/951/570
f 520/856/520 602/1008/602 635/1074/635
f 570/951/570 635/1074/635 602/1008/602
f 492/803/492 572/954/572 566/939/566
f 512/844/512 636/1076/636 572/955/572
f 509/837/509 566/939/566 636/1075/636
f 572/954/572 636/1075/636 566/939/566
f 520/856/520 635/1074/635 634/1072/634
f 509/838/509 636/1076/636 635/1074/635
f 512/843/512 634/1071/634 636/1075/636
f 635/1073/635 636/1075/636 634/1071/634
f 489/799/489 614/1032/614 582/975/582
f 522/859/522 637/1077/637 614/1032/614
f 514/847/514 582/975/582 637/1077/637
f 614/1032/614 637/1077/637 582/975/582
f 491/801/491 577/964/577 610/1025/610
f 511/842/511 638/1079/638 577/965/577
f 522/859/522 610/1025/610 638/1078/638
f 577/965/577 638/1079/638 610/1026/610
f 498/815/498 579/968/579 573/956/573
f 514/847/514 639/1080/639 579/968/579
f 511/842/511 573/957/573 639/1081/639
f 579/968/579 639/1080/639 573/956/573
f 522/859/522 638/1078/638 637/1077/637
f 511/841/511 639/1080/639 638/1078/638
f 514/847/514 637/1077/637 639/1080/639
f 638/1078/638 639/1080/639 637/1077/637
f 493/805/493 621/1045/621 589/983/589
f 524/864/524 640/1082/640 621/1044/621
f 516/849/516 589/983/589 640/1083/640
f 621/1045/621 640/1083/640 589/983/589
f 489/799/489 584/977/584 617/1038/617
f 513/845/513 641/1084/641 584/977/584
f 524/864/524 617/1038/617 641/1084/641
f 584/977/584 641/1084/641 617/1038/617
f 497/812/497 586/979/586 580/969/580
f 516/849/516 642/1086/642 586/980/586
f 513/846/513 580/971/580 642/1086/642
f 586/979/586 642/1085/642 580/969/580
f 524/864/524 641/1084/641 640/1082/640
f 513/845/513 642/1085/642 641/1084/641
f 516/849/516 640/1083/640 642/1086/642
f 641/1084/641 642/1085/642 640/1082/640
f 495/808/495 628/1060/628 596/994/596
f 526/868/526 643/1087/643 628/1060/628
f 518/851/518 596/994/596 643/1087/643
f 628/1060/628 643/1087/643 596/994/596
f 493/805/493 591/985/591 624/1051/624
f 515/848/515 644/1088/644 591/985/591
f 526/868/526 624/1051/624 644/1088/644
f 591/985/591 644/1088/644 624/1051/624
f 494/806/494 593/988/593 587/981/587
f 518/851/518 645/1089/645 593/988/593
f 515/848/515 587/981/587 645/1089/645
f 593/988/593 645/1089/645 587/981/587
f 526/868/526 644/1088/644 643/1087/643
f 515/848/515 645/1089/645 644/1088/644
f 518/851/518 643/1087/643 645/1089/645
f 644/1088/644 645/1089/645 643/1087/643
f 496/809/496 633/1068/633 568/944/568
f 528/872/528 646/1091/646 633/1069/633
f 510/840/510 568/945/568 646/1092/646
f 633/1070/633 646/1092/646 568/945/568
f 495/807/495 598/998/598 630/1062/630
f 517/850/517 647/1093/647 598/998/598
f 528/871/528 630/1062/630 647/1093/647
f 598/998/598 647/1093/647 630/1062/630
f 488/798/488 565/938/565 594/989/594
f 510/839/510 648/1095/648 565/938/565
f 517/850/517 594/989/594 648/1095/648
f 565/938/565 648/1095/648 594/989/594
f 528/872/528 647/1094/647 646/1091/646
f 517/850/517 648/1095/648 647/1093/647
f 510/839/510 646/1090/646 648/1095/648
f 647/1093/647 648/1095/648 646/1090/646
f 649/1097/649 691/1170/691 693/1172/693
f 661/1119/661 692/1171/692 691/1170/691
f 663/1123/663 693/1172/693 692/1171/692
f 691/1170/691 692/1171/692 693/1172/693
f 660/1117/660 694/1174/694 696/1180/696
f 662/1120/662 695/1175/695 694/1173/694
f 661/1119/661 696/1179/696 695/1176/695
f 694/1174/694 695/1177/695 696/1180/696
f 654/1108/654 697/1183/697 699/1188/699
f 663/1123/663 698/1185/698 697/1182/697
f 662/1121/662 699/1187/699 698/1185/698
f 697/1181/697 698/1184/698 699/1186/699
f 661/1119/661 695/1176/695 692/1171/692
f 662/1121/662 698/1185/698 695/1176/695
f 663/1123/663 692/1171/692 698/1185/698
f 695/1176/695 698/1185/698 692/1171/692
f 649/1097/649 693/1172/693 701/1190/701
f 663/1123/663 700/1189/700 693/1172/693
f 665/1127/665 701/1190/701 700/1189/700
f 693/1172/693 700/1189/700 701/1190/701
f 654/1108/654 702/1192/702 697/1183/697
f 664/1126/664 703/1194/703 702/1192/702
f 663/1123/663 697/1182/697 703/1193/703
f 702/1192/702 703/1194/703 697/1183/697
f 650/1098/650 704/1195/704 706/1199/706
f 665/1127/665 705/1198/705 704/1196/704
f 664/1124/664 706/1199/706 705/1197/705
f 704/1195/704 705/1197/705 706/1199/706
f 663/1123/663 703/1193/703 700/1189/700
f 664/1125/664 705/1198/705 703/1193/703
f 665/1127/665 700/1189/700 705/1198/705
f 703/1193/703 705/1198/705 700/1189/700
f 649/1097/649 701/1190/701 708/1203/708
f 665/1127/665 707/1201/707 701/1190/701
f 667/1131/667 708/1203/708 707/1201/707
f 701/1190/701 707/1201/707 708/1203/708
f 650/1098/650 709/1204/709 704/1195/704
f 666/1128/666 710/1207/710 709/1205/709
f 665/1127/665 704/1196/704 710/1207/710
f 709/1205/709 710/1207/710 704/1196/704
f 656/1110/656 711/1208/711 713/1211/713
f 667/1132/667 712/1210/712 711/1208/711
f 666/1129/666 713/1211/713 712/1210/712
f 711/1208/711 712/1210/712 713/1211/713
f 665/1127/665 710/1207/710 707/1201/707
f 666/1128/666 712/1209/712 710/1207/710
f 667/1131/667 707/1201/707 712/1209/712
f 710/1207/710 712/1209/712 707/1201/707
f 649/1096/649 708/1202/708 715/1214/715
f 667/1130/667 714/1212/714 708/1202/708
f 669/1134/669 715/1215/715 714/1213/714
f 708/1202/708 714/1212/714 715/1214/715
f 656/1110/656 716/1216/716 711/1208/711
f 668/1133/668 717/1219/717 716/1216/716
f 667/1132/667 711/1208/711 717/1219/717
f 716/1216/716 717/1219/717 711/1208/711
f 659/1115/659 718/1222/718 720/1225/720
f 669/1134/669 719/1223/719 718/1221/718
f 668/1133/668 720/1225/720 719/1224/719
f 718/1222/718 719/1224/719 720/1225/720
f 667/1130/667 717/1217/717 714/1212/714
f 668/1133/668 719/1224/719 717/1219/717
f 669/1134/669 714/1213/714 719/1223/719
f 717/1218/717 719/1223/719 714/1213/714
f 649/1096/649 715/1214/715 691/1169/691
f 669/1134/669 721/1227/721 715/1215/715
f 661/1118/661 691/1169/691 721/1226/721
f 715/1214/715 721/1226/721 691/1169/691
f 659/1114/659 722/1228/722 718/1220/718
f 670/1135/670 723/1229/723 722/1228/722
f 669/1134/669 718/1221/718 723/1230/723
f 722/1228/722 723/1229/723 718/1220/718
f 660/1116/660 696/1178/696 725/1233/725
f 661/1118/661 724/1231/724 696/1178/696
f 670/1135/670 725/1233/725 724/1231/724
f 696/1178/696 724/1231/724 725/1233/725
f 669/1134/669 723/1230/723 721/1227/721
f 670/1135/670 724/1231/724 723/1229/723
f 661/1119/661 721/1227/721 724/1232/724
f 723/1230/723 724/1232/724 721/1227/721
f 650/1099/650 706/1200/706 727/1237/727
f 664/1125/664 726/1235/726 706/1200/706
f 672/1139/672 727/1236/727 726/1234/726
f 706/1200/706 726/1235/726 727/1237/727
f 654/1107/654 728/1239/728 702/1191/702
f 671/1138/671 729/1243/729 728/1240/728
f 664/1125/664 702/1191/702 729/1242/729
f 728/1239/728 729/1242/729 702/1191/702
f 658/1113/658 730/1244/730 732/1246/732
f 672/1139/672 731/1245/731 730/1244/730
f 671/1136/671 732/1246/732 731/1245/731
f 730/1244/730 731/1245/731 732/1246/732
f 664/1125/664 729/1242/729 726/1235/726
f 671/1136/671 731/1245/731 729/1241/729
f 672/1139/672 726/1234/726 731/1245/731
f 729/1241/729 731/1245/731 726/1234/726
f 654/1108/654 699/1188/699 734/1252/734
f 662/1122/662 733/1250/733 699/1188/699
f 674/1143/674 734/1252/734 733/1250/733
f 699/1188/699 733/1250/733 734/1252/734
f 660/1117/660 735/1254/735 694/1174/694
f 673/1140/673 736/1255/736 735/1253/735
f 662/1120/662 694/1173/694 736/1255/736
f 735/1253/735 736/1255/736 694/1173/694
f 653/1104/653 737/1257/737 739/1262/739
f 674/1142/674 738/1260/738 737/1257/737
f 673/1141/673 739/1263/739 738/1261/738
f 737/1257/737 738/1260/738 739/1262/739
f 662/1122/662 736/1256/736 733/1250/733
f 673/1141/673 738/1261/738 736/1256/736
f 674/1142/674 733/1249/733 738/1260/738
f 736/1256/736 738/1261/738 733/1250/733
f 660/1116/660 725/1233/725 741/1266/741
f 670/1135/670 740/1264/740 725/1233/725
f 676/1146/676 741/1267/741 740/1265/740
f 725/1233/725 740/1264/740 741/1266/741
f 659/1114/659 742/1268/742 722/1228/722
f 675/1144/675 743/1270/743 742/1268/742
f 670/1135/670 722/1228/722 743/1270/743
f 742/1268/742 743/1270/743 722/1228/722
f 651/1101/651 744/1272/744 746/1276/746
f 676/1146/676 745/1274/745 744/1272/744
f 675/1144/675 746/1275/746 745/1273/745
f 744/1272/744 745/1274/745 746/1276/746
f 670/1135/670 743/1270/743 740/1264/740
f 675/1144/675 745/1273/745 743/1270/743
f 676/1145/676 740/1264/740 745/1273/745
f 743/1270/743 745/1273/745 740/1264/740
f 659/1115/659 720/1225/720 748/1279/748
f 668/1133/668 747/1277/747 720/1225/720
f 678/1148/678 748/1279/748 747/1277/747
f 720/1225/720 747/1277/747 748/1279/748
f 656/1110/656 749/1280/749 716/1216/716
f 677/1147/677 750/1281/750 749/1280/749
f 668/1133/668 716/1216/716 750/1281/750
f 749/1280/749 750/1281/750 716/1216/716
f 655/1109/655 751/1282/751 753/1284/753
f 678/1148/678 752/1283/752 751/1282/751
f 677/1147/677 753/1284/753 752/1283/752
f 751/1282/751 752/1283/752 753/1284/753
f 668/1133/668 750/1281/750 747/1277/747
f 677/1147/677 752/1283/752 750/1281/750
f 678/1148/678 747/1277/747 752/1283/752
f 750/1281/750 752/1283/752 747/1277/747
f 656/1110/656 713/1211/713 755/1286/755
f 666/1129/666 754/1285/754 713/1211/713
f 680/1150/680 755/1286/755 754/1285/754
f 713/1211/713 754/1285/754 755/1286/755
f 650/1098/650 756/1287/756 709/1204/709
f 679/1149/679 757/1288/757 756/1287/756
f 666/1129/666 709/1206/709 757/1289/757
f 756/1287/756 757/1288/757 709/1204/709
f 657/1112/657 758/1291/758 760/1295/760
f 680/1150/680 759/1293/759 758/1291/758
f 679/1149/679 760/1294/760 759/1292/759
f 758/1291/758 759/1293/759 760/1295/760
f 666/1129/666 757/1289/757 754/1285/754
f 679/1149/679 759/1292/759 757/1288/757
f 680/1150/680 754/1285/754 759/1293/759
f 757/1289/757 759/1293/759 754/1285/754
f 652/1102/652 761/1296/761 763/1300/763
f 681/1152/681 762/1299/762 761/1297/761
f 683/1155/683 763/1300/763 762/1298/762
f 761/1296/761 762/1298/762 763/1300/763
f 658/1113/658 764/1302/764 766/1306/766
f 682/1154/682 765/1305/765 764/1303/764
f 681/1152/681 766/1307/766 765/1305/765
f 764/1303/764 765/1305/765 766/1307/766
f 653/1104/653 767/1308/767 769/1313/769
f 683/1155/683 768/1311/768 767/1308/767
f 682/1153/682 769/1313/769 768/1311/768
f 767/1308/767 768/1311/768 769/1313/769
f 681/1152/681 765/1305/765 762/1299/762
f 682/1154/682 768/1312/768 765/1305/765
f 683/1155/683 762/1298/762 768/1311/768
f 765/1305/765 768/1312/768 762/1299/762
f 652/1103/652 763/1301/763 771/1316/771
f 683/1156/683 770/1315/770 763/1301/763
f 685/1159/685 771/1316/771 770/1315/770
f 763/1301/763 770/1315/770 771/1316/771
f 653/1105/653 772/1318/772 767/1309/767
f 684/1158/684 773/1321/773 772/1319/772
f 683/1156/683 767/1309/767 773/1320/773
f 772/1319/772 773/1321/773 767/1310/767
f 651/1100/651 774/1322/774 776/1325/776
f 685/1159/685 775/1324/775 774/1323/774
f 684/1157/684 776/1326/776 775/1324/775
f 774/1323/774 775/1324/775 776/1326/776
f 683/1156/683 773/1320/773 770/1315/770
f 684/1157/684 775/1324/775 773/1320/773
f 685/1159/685 770/1315/770 775/1324/775
f 773/1320/773 775/1324/775 770/1315/770
f 652/1103/652 771/1316/771 778/1329/778
f 685/1159/685 777/1328/777 771/1316/771
f 687/1162/687 778/1329/778 777/1328/777
f 771/1316/771 777/1328/777 778/1329/778
f 651/1100/651 779/1330/779 774/1322/774
f 686/1160/686 780/1332/780 779/1330/779
f 685/1159/685 774/1323/774 780/1333/780
f 779/1330/779 780/1332/780 774/1322/774
f 655/1109/655 781/1335/781 783/1341/783
f 687/1162/687 782/1337/782 781/1334/781
f 686/1160/686 783/1339/783 782/1336/782
f 781/1335/781 782/1338/782 783/1341/783
f 685/1159/685 780/1333/780 777/1328/777
f 686/1160/686 782/1336/782 780/1332/780
f 687/1162/687 777/1328/777 782/1337/782
f 780/1333/780 782/1337/782 777/1328/777
f 652/1103/652 778/1329/778 785/1345/785
f 687/1162/687 784/1342/784 778/1329/778
f 689/1166/689 785/1345/785 784/1342/784
f 778/1329/778 784/1342/784 785/1345/785
f 655/1109/655 786/1346/786 781/1335/781
f 688/1164/688 787/1348/787 786/1346/786
f 687/1162/687 781/1334/781 787/1347/787
f 786/1346/786 787/1348/787 781/1335/781
f 657/1112/657 788/1350/788 790/1353/790
f 689/1167/689 789/1351/789 788/1350/788
f 688/1164/688 790/1353/790 789/1351/789
f 788/1350/788 789/1351/789 790/1353/790
f 687/1162/687 787/1347/787 784/1342/784
f 688/1164/688 789/1351/789 787/1348/787
f 689/1167/689 784/1343/784 789/1351/789
f 787/1348/787 789/1351/789 784/1343/784
f 652/1102/652 785/1344/785 761/1296/761
f 689/1165/689 791/1354/791 785/1344/785
f 681/1152/681 761/1297/761 791/1355/791
f 785/1344/785 791/1354/791 761/1296/761
f 657/1111/657 792/1356/792 788/1349/788
f 690/1168/690 793/1357/793 792/1356/792
f 689/1165/689 788/1349/788 793/1357/793
f 792/1356/792 793/1357/793 788/1349/788
f 658/1113/658 766/1306/766 795/1359/795
f 681/1151/681 794/1358/794 766/1306/766
f 690/1168/690 795/1359/795 794/1358/794
f 766/1306/766 794/1358/794 795/1359/795
f 689/1165/689 793/1357/793 791/1354/791
f 690/1168/690 794/1358/794 793/1357/793
f 681/1151/681 791/1354/791 794/1358/794
f 793/1357/793 794/1358/794 791/1354/791
f 653/1104/653 769/1313/769 737/1257/737
f 682/1153/682 796/1360/796 769/1313/769
f 674/1143/674 737/1259/737 796/1362/796
f 769/1314/769 796/1361/796 737/1258/737
f 658/1113/658 732/1246/732 764/1302/764
f 671/1137/671 797/1363/797 732/1247/732
f 682/1154/682 764/1303/764 797/1363/797
f 732/1248/732 797/1364/797 764/1304/764
f 654/1106/654 734/1251/734 728/1238/728
f 674/1143/674 798/1366/798 734/1252/734
f 671/1138/671 728/1240/728 798/1366/798
f 734/1252/734 798/1366/798 728/1240/728
f 682/1154/682 797/1363/797 796/1361/796
f 671/1137/671 798/1365/798 797/1363/797
f 674/1143/674 796/1362/796 798/1366/798
f 797/1363/797 798/1365/798 796/1361/796
f 651/1100/651 776/1325/776 744/1271/744
f 684/1158/684 799/1369/799 776/1327/776
f 676/1145/676 744/1271/744 799/1367/799
f 776/1325/776 799/1367/799 744/1271/744
f 653/1104/653 739/1262/739 772/1317/772
f 673/1141/673 800/1372/800 739/1263/739
f 684/1157/684 772/1318/772 800/1371/800
f 739/1263/739 800/1372/800 772/1319/772
f 660/1116/660 741/1266/741 735/1253/735
f 676/1145/676 801/1373/801 741/1266/741
f 673/1140/673 735/1253/735 801/1373/801
f 741/1266/741 801/1373/801 735/1253/735
f 684/1157/684 800/1371/800 799/1368/799
f 673/1140/673 801/1373/801 800/1370/800
f 676/1145/676 799/1367/799 801/1373/801
f 800/1370/800 801/1373/801 799/1367/799
f 655/1109/655 783/1341/783 751/1282/751
f 686/1161/686 802/1374/802 783/1340/783
f 678/1148/678 751/1282/751 802/1375/802
f 783/1341/783 802/1375/802 751/1282/751
f 651/1101/651 746/1276/746 779/1331/779
f 675/1144/675 803/1376/803 746/1275/746
f 686/1161/686 779/1331/779 803/1377/803
f 746/1276/746 803/1377/803 779/1331/779
f 659/1115/659 748/1279/748 742/1269/742
f 678/1148/678 804/1380/804 748/1279/748
f 675/1144/675 742/1268/742 804/1379/804
f 748/1278/748 804/1379/804 742/1268/742
f 686/1161/686 803/1377/803 802/1374/802
f 675/1144/675 804/1379/804 803/1376/803
f 678/1148/678 802/1375/802 804/1380/804
f 803/1378/803 804/1380/804 802/1375/802
f 657/1112/657 790/1353/790 758/1291/758
f 688/1163/688 805/1381/805 790/1352/790
f 680/1150/680 758/1291/758 805/1382/805
f 790/1352/790 805/1381/805 758/1290/758
f 655/1109/655 753/1284/753 786/1346/786
f 677/1147/677 806/1383/806 753/1284/753
f 688/1164/688 786/1346/786 806/1383/806
f 753/1284/753 806/1383/806 786/1346/786
f 656/1110/656 755/1286/755 749/1280/749
f 680/1150/680 807/1384/807 755/1286/755
f 677/1147/677 749/1280/749 807/1384/807
f 755/1286/755 807/1384/807 749/1280/749
f 688/1164/688 806/1383/806 805/1382/805
f 677/1147/677 807/1384/807 806/1383/806
f 680/1150/680 805/1382/805 807/1384/807
f 806/1383/806 807/1384/807 805/1382/805
f 658/1113/658 795/1359/795 730/1244/730
f 690/1168/690 808/1385/808 795/1359/795
f 672/1139/672 730/1244/730 808/1385/808
f 795/1359/795 808/1385/808 730/1244/730
f 657/1111/657 760/1294/760 792/1356/792
f 679/1149/679 809/1386/809 760/1294/760
f 690/1168/690 792/1356/792 809/1386/809
f 760/1294/760 809/1386/809 792/1356/792
f 650/1098/650 727/1236/727 756/1287/756
f 672/1139/672 810/1387/810 727/1236/727
f 679/1149/679 756/1287/756 810/1387/810
f 727/1236/727 810/1387/810 756/1287/756
f 690/1168/690 809/1386/809 808/1385/808
f 679/1149/679 810/1387/810 809/1386/809
f 672/1139/672 808/1385/808 810/1387/810
f 809/1386/809 810/1387/810 808/1385/808
f 811/1388/811 853/1452/853 855/1456/855
f 823/1405/823 854/1453/854 853/1452/853
f 825/1409/825 855/1458/855 854/1455/854
f 853/1452/853 854/1453/854 855/1456/855
f 822/1404/822 856/1459/856 858/1463/858
f 824/1407/824 857/1462/857 856/1460/856
f 823/1405/823 858/1463/858 857/1461/857
f 856/1459/856 857/1461/857 858/1463/858
f 816/1395/816 859/1464/859 861/1469/861
f 825/1409/825 860/1468/860 859/1466/859
f 824/1407/824 861/1471/861 860/1468/860
f 859/1465/859 860/1467/860 861/1470/861
f 823/1405/823 857/1461/857 854/1453/854
f 824/1407/824 860/1468/860 857/1462/857
f 825/1408/825 854/1454/854 860/1467/860
f 857/1462/857 860/1468/860 854/1455/854
f 811/1388/811 855/1456/855 863/1474/863
f 825/1408/825 862/1472/862 855/1457/855
f 827/1411/827 863/1475/863 862/1472/862
f 855/1457/855 862/1472/862 863/1475/863
f 816/1395/816 864/1476/864 859/1464/859
f 826/1410/826 865/1477/865 864/1476/864
f 825/1408/825 859/1465/859 865/1478/865
f 864/1476/864 865/1477/865 859/1464/859
f 812/1389/812 866/1480/866 868/1485/868
f 827/1411/827 867/1483/867 866/1481/866
f 826/1410/826 868/1485/868 867/1482/867
f 866/1480/866 867/1482/867 868/1485/868
f 825/1409/825 865/1479/865 862/1473/862
f 826/1410/826 867/1482/867 865/1477/865
f 827/1411/827 862/1472/862 867/1483/867
f 865/1479/865 867/1484/867 862/1473/862
f 811/1388/811 863/1474/863 870/1488/870
f 827/1411/827 869/1487/869 863/1475/863
f 829/1415/829 870/1489/870 869/1487/869
f 863/1475/863 869/1487/869 870/1489/870
f 812/1389/812 871/1490/871 866/1480/866
f 828/1412/828 872/1493/872 871/1491/871
f 827/1411/827 866/1481/866 872/1493/872
f 871/1491/871 872/1493/872 866/1481/866
f 818/1397/818 873/1494/873 875/1498/875
f 829/1416/829 874/1496/874 873/1494/873
f 828/1412/828 875/1497/875 874/1495/874
f 873/1494/873 874/1496/874 875/1498/875
f 827/1411/827 872/1493/872 869/1487/869
f 828/1412/828 874/1495/874 872/1493/872
f 829/1415/829 869/1487/869 874/1495/874
f 872/1493/872 874/1495/874 869/1487/869
f 811/1388/811 870/1488/870 877/1501/877
f 829/1414/829 876/1499/876 870/1488/870
f 831/1418/831 877/1501/877 876/1499/876
f 870/1488/870 876/1499/876 877/1501/877
f 818/1397/818 878/1502/878 873/1494/873
f 830/1417/830 879/1503/879 878/1502/878
f 829/1416/829 873/1494/873 879/1503/879
f 878/1502/878 879/1503/879 873/1494/873
f 821/1403/821 880/1506/880 882/1508/882
f 831/1419/831 881/1507/881 880/1506/880
f 830/1417/830 882/1508/882 881/1507/881
f 880/1506/880 881/1507/881 882/1508/882
f 829/1416/829 879/1503/879 876/1500/876
f 830/1417/830 881/1507/881 879/1503/879
f 831/1419/831 876/1500/876 881/1507/881
f 879/1503/879 881/1507/881 876/1500/876
f 811/1388/811 877/1501/877 853/1452/853
f 831/1418/831 883/1509/883 877/1501/877
f 823/1405/823 853/1452/853 883/1509/883
f 877/1501/877 883/1509/883 853/1452/853
f 821/1402/821 884/1510/884 880/1505/880
f 832/1421/832 885/1512/885 884/1510/884
f 831/1418/831 880/1504/880 885/1511/885
f 884/1510/884 885/1512/885 880/1505/880
f 822/1404/822 858/1463/858 887/1514/887
f 823/1405/823 886/1513/886 858/1463/858
f 832/1420/832 887/1514/887 886/1513/886
f 858/1463/858 886/1513/886 887/1514/887
f 831/1418/831 885/1511/885 883/1509/883
f 832/1420/832 886/1513/886 885/1511/885
f 823/1405/823 883/1509/883 886/1513/886
f 885/1511/885 886/1513/886 883/1509/883
f 812/1390/812 868/1486/868 889/1517/889
f 826/1410/826 888/1515/888 868/1485/868
f 834/1423/834 889/1517/889 888/1516/888
f 868/1486/868 888/1516/888 889/1517/889
f 816/1395/816 890/1518/890 864/1476/864
f 833/1422/833 891/1522/891 890/1519/890
f 826/1410/826 864/1476/864 891/1520/891
f 890/1518/890 891/1520/891 864/1476/864
f 820/1401/820 892/1525/892 894/1528/894
f 834/1423/834 893/1526/893 892/1524/892
f 833/1422/833 894/1528/894 893/1527/893
f 892/1525/892 893/1527/893 894/1528/894
f 826/1410/826 891/1520/891 888/1515/888
f 833/1422/833 893/1527/893 891/1522/891
f 834/1423/834 888/1516/888 893/1526/893
f 891/1521/891 893/1526/893 888/1516/888
f 816/1395/816 861/1469/861 896/1532/896
f 824/1406/824 895/1530/895 861/1470/861
f 836/1426/836 896/1533/896 895/1531/895
f 861/1469/861 895/1529/895 896/1532/896
f 822/1404/822 897/1534/897 856/1459/856
f 835/1425/835 898/1536/898 897/1535/897
f 824/1407/824 856/1460/856 898/1536/898
f 897/1535/897 898/1536/898 856/1460/856
f 815/1394/815 899/1537/899 901/1540/901
f 836/1426/836 900/1538/900 899/1537/899
f 835/1425/835 901/1540/901 900/1538/900
f 899/1537/899 900/1538/900 901/1540/901
f 824/1407/824 898/1536/898 895/1531/895
f 835/1425/835 900/1538/900 898/1536/898
f 836/1426/836 895/1531/895 900/1538/900
f 898/1536/898 900/1538/900 895/1531/895
f 822/1404/822 887/1514/887 903/1543/903
f 832/1420/832 902/1541/902 887/1514/887
f 838/1429/838 903/1543/903 902/1541/902
f 887/1514/887 902/1541/902 903/1543/903
f 821/1402/821 904/1544/904 884/1510/884
f 837/1428/837 905/1548/905 904/1545/904
f 832/1421/832 884/1510/884 905/1547/905
f 904/1544/904 905/1547/905 884/1510/884
f 813/1392/813 906/1550/906 908/1554/908
f 838/1429/838 907/1551/907 906/1549/906
f 837/1427/837 908/1553/908 907/1551/907
f 906/1549/906 907/1551/907 908/1553/908
f 832/1421/832 905/1547/905 902/1542/902
f 837/1428/837 907/1552/907 905/1548/905
f 838/1429/838 902/1541/902 907/1551/907
f 905/1546/905 907/1551/907 902/1541/902
f 821/1403/821 882/1508/882 910/1556/910
f 830/1417/830 909/1555/909 882/1508/882
f 840/1432/840 910/1556/910 909/1555/909
f 882/1508/882 909/1555/909 910/1556/910
f 818/1397/818 911/1557/911 878/1502/878
f 839/1431/839 912/1558/912 911/1557/911
f 830/1417/830 878/1502/878 912/1558/912
f 911/1557/911 912/1558/912 878/1502/878
f 817/1396/817 913/1559/913 915/1561/915
f 840/1432/840 914/1560/914 913/1559/913
f 839/1431/839 915/1561/915 914/1560/914
f 913/1559/913 914/1560/914 915/1561/915
f 830/1417/830 912/1558/912 909/1555/909
f 839/1431/839 914/1560/914 912/1558/912
f 840/1432/840 909/1555/909 914/1560/914
f 912/1558/912 914/1560/914 909/1555/909
f 818/1397/818 875/1498/875 917/1565/917
f 828/1412/828 916/1562/916 875/1497/875
f 842/1436/842 917/1564/917 916/1562/916
f 875/1497/875 916/1562/916 917/1564/917
f 812/1391/812 918/1568/918 871/1492/871
f 841/1435/841 919/1571/919 918/1568/918
f 828/1412/828 871/1491/871 919/1570/919
f 918/1566/918 919/1569/919 871/1490/871
f 819/1399/819 920/1572/920 922/1577/922
f 842/1437/842 921/1574/921 920/1572/920
f 841/1435/841 922/1577/922 921/1574/921
f 920/1572/920 921/1574/921 922/1577/922
f 828/1413/828 919/1571/919 916/1563/916
f 841/1434/841 921/1573/921 919/1570/919
f 842/1437/842 916/1563/916 921/1574/921
f 919/1571/919 921/1574/921 916/1563/916
f 814/1393/814 923/1578/923 925/1581/925
f 843/1438/843 924/1579/924 923/1578/923
f 845/1441/845 925/1581/925 924/1579/924
f 923/1578/923 924/1579/924 925/1581/925
f 820/1401/820 926/1582/926 928/1586/928
f 844/1440/844 927/1584/927 926/1582/926
f 843/1438/843 928/1585/928 927/1583/927
f 926/1582/926 927/1584/927 928/1586/928
f 815/1394/815 929/1588/929 931/1591/931
f 845/1442/845 930/1590/930 929/1588/929
f 844/1440/844 931/1591/931 930/1590/930
f 929/1588/929 930/1590/930 931/1591/931
f 843/1439/843 927/1584/927 924/1580/924
f 844/1440/844 930/1590/930 927/1584/927
f 845/1441/845 924/1579/924 930/1589/930
f 927/1583/927 930/1589/930 924/1579/924
f 814/1393/814 925/1581/925 933/1595/933
f 845/1441/845 932/1592/932 925/1581/925
f 847/1444/847 933/1596/933 932/1593/932
f 925/1581/925 932/1592/932 933/1595/933
f 815/1394/815 934/1598/934 929/1588/929
f 846/1443/846 935/1600/935 934/1597/934
f 845/1441/845 929/1587/929 935/1599/935
f 934/1598/934 935/1601/935 929/1588/929
f 813/1392/813 936/1602/936 938/1604/938
f 847/1444/847 937/1603/937 936/1602/936
f 846/1443/846 938/1604/938 937/1603/937
f 936/1602/936 937/1603/937 938/1604/938
f 845/1442/845 935/1601/935 932/1594/932
f 846/1443/846 937/1603/937 935/1600/935
f 847/1444/847 932/1593/932 937/1603/937
f 935/1600/935 937/1603/937 932/1593/932
f 814/1393/814 933/1595/933 940/1607/940
f 847/1444/847 939/1605/939 933/1596/933
f 849/1446/849 940/1609/940 939/1606/939
f 933/1596/933 939/1605/939 940/1608/940
f 813/1392/813 941/1610/941 936/1602/936
f 848/1445/848 942/1613/942 941/1611/941
f 847/1444/847 936/1602/936 942/1612/942
f 941/1610/941 942/1612/942 936/1602/936
f 817/1396/817 943/1614/943 945/1616/945
f 849/1446/849 944/1615/944 943/1614/943
f 848/1445/848 945/1616/945 944/1615/944
f 943/1614/943 944/1615/944 945/1616/945
f 847/1444/847 942/1612/942 939/1605/939
f 848/1445/848 944/1615/944 942/1613/942
f 849/1446/849 939/1606/939 944/1615/944
f 942/1613/942 944/1615/944 939/1606/939
f 814/1393/814 940/1607/940 947/1619/947
f 849/1446/849 946/1618/946 940/1609/940
f 851/1448/851 947/1619/947 946/1617/946
f 940/1607/940 946/1617/946 947/1619/947
f 817/1396/817 948/1620/948 943/1614/943
f 850/1447/850 949/1621/949 948/1620/948
f 849/1446/849 943/1614/943 949/1621/949
f 948/1620/948 949/1621/949 943/1614/943
f 819/1399/819 950/1623/950 952/1627/952
f 851/1449/851 951/1625/951 950/1622/950
f 850/1447/850 952/1627/952 951/1626/951
f 950/1623/950 951/1626/951 952/1627/952
f 849/1446/849 949/1621/949 946/1618/946
f 850/1447/850 951/1626/951 949/1621/949
f 851/1448/851 946/1617/946 951/1624/951
f 949/1621/949 951/1626/951 946/1618/946
f 814/1393/814 947/1619/947 923/1578/923
f 851/1448/851 953/1628/953 947/1619/947
f 843/1438/843 923/1578/923 953/1628/953
f 947/1619/947 953/1628/953 923/1578/923
f 819/1398/819 954/1631/954 950/1622/950
f 852/1451/852 955/1633/955 954/1631/954
f 851/1449/851 950/1622/950 955/1633/955
f 954/1631/954 955/1633/955 950/1622/950
f 820/1400/820 928/1585/928 957/1635/957
f 843/1438/843 956/1634/956 928/1585/928
f 852/1450/852 957/1635/957 956/1634/956
f 928/1585/928 956/1634/956 957/1635/957
f 851/1449/851 955/1633/955 953/1629/953
f 852/1450/852 956/1634/956 955/1632/955
f 843/1438/843 953/1628/953 956/1634/956
f 955/1632/955 956/1634/956 953/1628/953
f 815/1394/815 931/1591/931 899/1537/899
f 844/1440/844 958/1637/958 931/1591/931
f 836/1426/836 899/1537/899 958/1637/958
f 931/1591/931 958/1637/958 899/1537/899
f 820/1401/820 894/1528/894 926/1582/926
f 833/1422/833 959/1638/959 894/1528/894
f 844/1440/844 926/1582/926 959/1638/959
f 894/1528/894 959/1638/959 926/1582/926
f 816/1395/816 896/1532/896 890/1518/890
f 836/1426/836 960/1639/960 896/1533/896
f 833/1422/833 890/1519/890 960/1639/960
f 896/1533/896 960/1639/960 890/1519/890
f 844/1440/844 959/1638/959 958/1637/958
f 833/1422/833 960/1639/960 959/1638/959
f 836/1426/836 958/1637/958 960/1639/960
f 959/1638/959 960/1639/960 958/1637/958
f 813/1392/813 938/1604/938 906/1550/906
f 846/1443/846 961/1640/961 938/1604/938
f 838/1430/838 906/1550/906 961/1640/961
f 938/1604/938 961/1640/961 906/1550/906
f 815/1394/815 901/1540/901 934/1598/934
f 835/1424/835 962/1641/962 901/1539/901
f 846/1443/846 934/1597/934 962/1641/962
f 901/1539/901 962/1641/962 934/1597/934
f 822/1404/822 903/1543/903 897/1534/897
f 838/1429/838 963/1643/963 903/1543/903
f 835/1425/835 897/1535/897 963/1645/963
f 903/1543/903 963/1643/963 897/1534/897
f 846/1443/846 962/1641/962 961/1640/961
f 835/1425/835 963/1645/963 962/1642/962
f 838/1430/838 961/1640/961 963/1644/963
f 962/1641/962 963/1644/963 961/1640/961
f 817/1396/817 945/1616/945 913/1559/913
f 848/1445/848 964/1646/964 945/1616/945
f 840/1432/840 913/1559/913 964/1646/964
f 945/1616/945 964/1646/964 913/1559/913
f 813/1392/813 908/1554/908 941/1610/941
f 837/1427/837 965/1647/965 908/1553/908
f 848/1445/848 941/1611/941 965/1649/965
f 908/1554/908 965/1648/965 941/1610/941
f 821/1403/821 910/1556/910 904/1545/904
f 840/1432/840 966/1650/966 910/1556/910
f 837/1428/837 904/1545/904 966/1650/966
f 910/1556/910 966/1650/966 904/1545/904
f 848/1445/848 965/1649/965 964/1646/964
f 837/1428/837 966/1650/966 965/1649/965
f 840/1432/840 964/1646/964 966/1650/966
f 965/1649/965 966/1650/966 964/1646/964
f 819/1399/819 952/1627/952 920/1572/920
f 850/1447/850 967/1651/967 952/1627/952
f 842/1437/842 920/1572/920 967/1651/967
f 952/1627/952 967/1651/967 920/1572/920
f 817/1396/817 915/1561/915 948/1620/948
f 839/1431/839 968/1652/968 915/1561/915
f 850/1447/850 948/1620/948 968/1652/968
f 915/1561/915 968/1652/968 948/1620/948
f 818/1397/818 917/1565/917 911/1557/911
f 842/1437/842 969/1653/969 917/1565/917
f 839/1431/839 911/1557/911 969/1653/969
f 917/1565/917 969/1653/969 911/1557/911
f 850/1447/850 968/1652/968 967/1651/967
f 839/1431/839 969/1653/969 968/1652/968
f 842/1437/842 967/1651/967 969/1653/969
f 968/1652/968 969/1653/969 967/1651/967
f 820/1400/820 957/1635/957 892/1523/892
f 852/1450/852 970/1654/970 957/1635/957
f 834/1423/834 892/1524/892 970/1655/970
f 957/1636/957 970/1655/970 892/1524/892
f 819/1398/819 922/1576/922 954/1631/954
f 841/1434/841 971/1657/971 922/1576/922
f 852/1451/852 954/1631/954 971/1657/971
f 922/1575/922 971/1656/971 954/1630/954
f 812/1390/812 889/1517/889 918/1567/918
f 834/1423/834 972/1659/972 889/1517/889
f 841/1434/841 918/1567/918 972/1659/972
f 889/1517/889 972/1659/972 918/1567/918
f 852/1451/852 971/1657/971 970/1655/970
f 841/1433/841 972/1658/972 971/1656/971
f 834/1423/834 970/1655/970 972/1659/972
f 971/1656/971 972/1658/972 970/1654/970
f 973/1661/973 1015/1745/1015 1017/1751/1017
f 985/1684/985 1016/1747/1016 1015/1744/1015
f 987/1688/987 1017/1751/1017 1016/1748/1016
f 1015/1743/1015 1016/1746/1016 1017/1749/1017
f 984/1681/984 1018/1752/1018 1020/1757/1020
f 986/1686/986 1019/1756/1019 1018/1753/1018
f 985/1683/985 1020/1757/1020 1019/1754/1019
f 1018/1752/1018 1019/1754/1019 1020/1757/1020
f 978/1671/978 1021/1759/1021 1023/1765/1023
f 987/1687/987 1022/1762/1022 1021/1759/1021
f 986/1685/986 1023/1764/1023 1022/1761/1022
f 1021/1759/1021 1022/1762/1022 1023/1765/1023
f 985/1684/985 1019/1755/1019 1016/1747/1016
f 986/1686/986 1022/1763/1022 1019/1756/1019
f 987/1687/987 1016/1747/1016 1022/1762/1022
f 1019/1754/1019 1022/1761/1022 1016/1746/1016
f 973/1660/973 1017/1750/1017 1025/1769/1025
f 987/1688/987 1024/1768/1024 1017/1751/1017
f 989/1692/989 1025/1769/1025 1024/1767/1024
f 1017/1750/1017 1024/1767/1024 1025/1769/1025
f 978/1671/978 1026/1770/1026 1021/1759/1021
f 988/1690/988 1027/1773/1027 1026/1771/1026
f 987/1687/987 1021/1759/1021 1027/1772/1027
f 1026/1771/1026 1027/1773/1027 1021/1760/1021
f 974/1663/974 1028/1775/1028 1030/1781/1030
f 989/1691/989 1029/1777/1029 1028/1774/1028
f 988/1689/988 1030/1781/1030 1029/1778/1029
f 1028/1776/1028 1029/1779/1029 1030/1782/1030
f 987/1688/987 1027/1773/1027 1024/1768/1024
f 988/1689/988 1029/1778/1029 1027/1772/1027
f 989/1692/989 1024/1767/1024 1029/1778/1029
f 1027/1772/1027 1029/1778/1029 1024/1767/1024
f 973/1660/973 1025/1769/1025 1032/1786/1032
f 989/1692/989 1031/1784/1031 1025/1769/1025
f 991/1697/991 1032/1787/1032 1031/1785/1031
f 1025/1769/1025 1031/1784/1031 1032/1786/1032
f 974/1663/974 1033/1789/1033 1028/1775/1028
f 990/1693/990 1034/1792/1034 1033/1789/1033
f 989/1691/989 1028/1774/1028 1034/1791/1034
f 1033/1789/1033 1034/1792/1034 1028/1775/1028
f 980/1674/980 1035/1795/1035 1037/1799/1037
f 991/1695/991 1036/1796/1036 1035/1793/1035
f 990/1694/990 1037/1799/1037 1036/1798/1036
f 1035/1795/1035 1036/1798/1036 1037/1799/1037
f 989/1691/989 1034/1791/1034 1031/1783/1031
f 990/1693/990 1036/1797/1036 1034/1792/1034
f 991/1696/991 1031/1784/1031 1036/1797/1036
f 1034/1791/1034 1036/1796/1036 1031/1783/1031
f 973/1661/973 1032/1787/1032 1039/1805/1039
f 991/1697/991 1038/1802/1038 1032/1787/1032
f 993/1699/993 1039/1803/1039 1038/1800/1038
f 1032/1786/1032 1038/1801/1038 1039/1804/1039
f 980/1674/980 1040/1806/1040 1035/1795/1035
f 992/1698/992 1041/1808/1041 1040/1806/1040
f 991/1696/991 1035/1794/1035 1041/1807/1041
f 1040/1806/1040 1041/1808/1041 1035/1795/1035
f 983/1680/983 1042/1810/1042 1044/1813/1044
f 993/1699/993 1043/1811/1043 1042/1809/1042
f 992/1698/992 1044/1813/1044 1043/1812/1043
f 1042/1810/1042 1043/1812/1043 1044/1813/1044
f 991/1697/991 1041/1808/1041 1038/1802/1038
f 992/1698/992 1043/1812/1043 1041/1808/1041
f 993/1699/993 1038/1800/1038 1043/1811/1043
f 1041/1808/1041 1043/1812/1043 1038/1802/1038
f 973/1661/973 1039/1805/1039 1015/1745/1015
f 993/1699/993 1045/1814/1045 1039/1803/1039
f 985/1684/985 1015/1744/1015 1045/1815/1045
f 1039/1805/1039 1045/1816/1045 1015/1745/1015
f 983/1679/983 1046/1817/1046 1042/1809/1042
f 994/1702/994 1047/1820/1047 1046/1818/1046
f 993/1699/993 1042/1809/1042 1047/1819/1047
f 1046/1817/1046 1047/1819/1047 1042/1809/1042
f 984/1681/984 1020/1757/1020 1049/1823/1049
f 985/1683/985 1048/1821/1048 1020/1757/1020
f 994/1700/994 1049/1823/1049 1048/1821/1048
f 1020/1758/1020 1048/1822/1048 1049/1824/1049
f 993/1699/993 1047/1819/1047 1045/1814/1045
f 994/1700/994 1048/1821/1048 1047/1819/1047
f 985/1683/985 1045/1814/1045 1048/1821/1048
f 1047/1819/1047 1048/1821/1048 1045/1814/1045
f 974/1662/974 1030/1780/1030 1051/1828/1051
f 988/1689/988 1050/1826/1050 1030/1781/1030
f 996/1706/996 1051/1828/1051 1050/1825/1050
f 1030/1782/1030 1050/1827/1050 1051/1829/1051
f 978/1671/978 1052/1831/1052 1026/1770/1026
f 995/1705/995 1053/1834/1053 1052/1832/1052
f 988/1690/988 1026/1771/1026 1053/1834/1053
f 1052/1831/1052 1053/1833/1053 1026/1770/1026
f 982/1676/982 1054/1835/1054 1056/1840/1056
f 996/1706/996 1055/1837/1055 1054/1835/1054
f 995/1705/995 1056/1841/1056 1055/1839/1055
f 1054/1835/1054 1055/1837/1055 1056/1840/1056
f 988/1690/988 1053/1834/1053 1050/1827/1050
f 995/1704/995 1055/1838/1055 1053/1833/1053
f 996/1706/996 1050/1825/1050 1055/1837/1055
f 1053/1834/1053 1055/1839/1055 1050/1827/1050
f 978/1672/978 1023/1766/1023 1058/1846/1058
f 986/1685/986 1057/1842/1057 1023/1764/1023
f 998/1712/998 1058/1846/1058 1057/1843/1057
f 1023/1766/1023 1057/1843/1057 1058/1846/1058
f 984/1682/984 1059/1848/1059 1018/1753/1018
f 997/1709/997 1060/1849/1060 1059/1847/1059
f 986/1685/986 1018/1752/1018 1060/1849/1060
f 1059/1847/1059 1060/1849/1060 1018/1752/1018
f 977/1668/977 1061/1851/1061 1063/1856/1063
f 998/1712/998 1062/1855/1062 1061/1852/1061
f 997/1710/997 1063/1856/1063 1062/1854/1062
f 1061/1851/1061 1062/1854/1062 1063/1856/1063
f 986/1686/986 1060/1850/1060 1057/1843/1057
f 997/1709/997 1062/1853/1062 1060/1849/1060
f 998/1712/998 1057/1843/1057 1062/1855/1062
f 1060/1850/1060 1062/1855/1062 1057/1843/1057
f 984/1681/984 1049/1823/1049 1065/1861/1065
f 994/1700/994 1064/1858/1064 1049/1823/1049
f 1000/1715/1000 1065/1861/1065 1064/1858/1064
f 1049/1823/1049 1064/1858/1064 1065/1861/1065
f 983/1679/983 1066/1863/1066 1046/1817/1046
f 999/1713/999 1067/1865/1067 1066/1863/1066
f 994/1702/994 1046/1818/1046 1067/1867/1067
f 1066/1863/1066 1067/1865/1067 1046/1817/1046
f 975/1664/975 1068/1868/1068 1070/1874/1070
f 1000/1716/1000 1069/1872/1069 1068/1869/1068
f 999/1713/999 1070/1873/1070 1069/1870/1069
f 1068/1868/1068 1069/1871/1069 1070/1874/1070
f 994/1701/994 1067/1866/1067 1064/1859/1064
f 999/1713/999 1069/1870/1069 1067/1865/1067
f 1000/1716/1000 1064/1860/1064 1069/1872/1069
f 1067/1865/1067 1069/1870/1069 1064/1858/1064
f 983/1680/983 1044/1813/1044 1072/1877/1072
f 992/1698/992 1071/1876/1071 1044/1813/1044
f 1002/1718/1002 1072/1877/1072 1071/1876/1071
f 1044/1813/1044 1071/1876/1071 1072/1877/1072
f 980/1674/980 1073/1878/1073 1040/1806/1040
f 1001/1717/1001 1074/1879/1074 1073/1878/1073
f 992/1698/992 1040/1806/1040 1074/1879/1074
f 1073/1878/1073 1074/1879/1074 1040/1806/1040
f 979/1673/979 1075/1880/1075 1077/1882/1077
f 1002/1718/1002 1076/1881/1076 1075/1880/1075
f 1001/1717/1001 1077/1882/1077 1076/1881/1076
f 1075/1880/1075 1076/1881/1076 1077/1882/1077
f 992/1698/992 1074/1879/1074 1071/1876/1071
f 1001/1717/1001 1076/1881/1076 1074/1879/1074
f 1002/1718/1002 1071/1876/1071 1076/1881/1076
f 1074/1879/1074 1076/1881/1076 1071/1876/1071
f 980/1674/980 1037/1799/1037 1079/1884/1079
f 990/1694/990 1078/1883/1078 1037/1799/1037
f 1004/1720/1004 1079/1884/1079 1078/1883/1078
f 1037/1799/1037 1078/1883/1078 1079/1884/1079
f 974/1662/974 1080/1885/1080 1033/1788/1033
f 1003/1719/1003 1081/1886/1081 1080/1885/1080
f 990/1694/990 1033/1790/1033 1081/1887/1081
f 1080/1885/1080 1081/1886/1081 1033/1788/1033
f 981/1675/981 1082/1888/1082 1084/1893/1084
f 1004/1720/1004 1083/1890/1083 1082/1888/1082
f 1003/1719/1003 1084/1891/1084 1083/1889/1083
f 1082/1888/1082 1083/1890/1083 1084/1893/1084
f 990/1694/990 1081/1887/1081 1078/1883/1078
f 1003/1719/1003 1083/1889/1083 1081/1886/1081
f 1004/1720/1004 1078/1883/1078 1083/1890/1083
f 1081/1887/1081 1083/1890/1083 1078/1883/1078
f 976/1667/976 1085/1894/1085 1087/1900/1087
f 1005/1722/1005 1086/1897/1086 1085/1894/1085
f 1007/1727/1007 1087/1899/1087 1086/1896/1086
f 1085/1895/1085 1086/1898/1086 1087/1901/1087
f 982/1677/982 1088/1903/1088 1090/1909/1090
f 1006/1725/1006 1089/1906/1089 1088/1903/1088
f 1005/1723/1005 1090/1910/1090 1089/1907/1089
f 1088/1903/1088 1089/1906/1089 1090/1909/1090
f 977/1669/977 1091/1911/1091 1093/1916/1093
f 1007/1728/1007 1092/1914/1092 1091/1911/1091
f 1006/1726/1006 1093/1916/1093 1092/1914/1092
f 1091/1911/1091 1092/1914/1092 1093/1916/1093
f 1005/1722/1005 1089/1906/1089 1086/1897/1086
f 1006/1724/1006 1092/1912/1092 1089/1905/1089
f 1007/1727/1007 1086/1896/1086 1092/1912/1092
f 1089/1906/1089 1092/1913/1092 1086/1897/1086
f 976/1666/976 1087/1899/1087 1095/1919/1095
f 1007/1727/1007 1094/1917/1094 1087/1899/1087
f 1009/1731/1009 1095/1919/1095 1094/1917/1094
f 1087/1899/1087 1094/1917/1094 1095/1919/1095
f 977/1669/977 1096/1922/1096 1091/1911/1091
f 1008/1730/1008 1097/1923/1097 1096/1922/1096
f 1007/1728/1007 1091/1911/1091 1097/1923/1097
f 1096/1922/1096 1097/1923/1097 1091/1911/1091
f 975/1665/975 1098/1926/1098 1100/1929/1100
f 1009/1732/1009 1099/1927/1099 1098/1926/1098
f 1008/1730/1008 1100/1929/1100 1099/1927/1099
f 1098/1926/1098 1099/1927/1099 1100/1929/1100
f 1007/1728/1007 1097/1923/1097 1094/1918/1094
f 1008/1730/1008 1099/1927/1099 1097/1923/1097
f 1009/1732/1009 1094/1918/1094 1099/1927/1099
f 1097/1923/1097 1099/1927/1099 1094/1918/1094
f 976/1666/976 1095/1919/1095 1102/1932/1102
f 1009/1732/1009 1101/1931/1101 1095/1920/1095
f 1011/1735/1011 1102/1933/1102 1101/1930/1101
f 1095/1920/1095 1101/1931/1101 1102/1934/1102
f 975/1664/975 1103/1936/1103 1098/1925/1098
f 1010/1734/1010 1104/1939/1104 1103/1937/1103
f 1009/1731/1009 1098/1924/1098 1104/1938/1104
f 1103/1935/1103 1104/1938/1104 1098/1924/1098
f 979/1673/979 1105/1940/1105 1107/1943/1107
f 1011/1736/1011 1106/1942/1106 1105/1940/1105
f 1010/1734/1010 1107/1943/1107 1106/1942/1106
f 1105/1940/1105 1106/1942/1106 1107/1943/1107
f 1009/1732/1009 1104/1939/1104 1101/1931/1101
f 1010/1734/1010 1106/1942/1106 1104/1939/1104
f 1011/1735/1011 1101/1930/1101 1106/1941/1106
f 1104/1939/1104 1106/1942/1106 1101/1931/1101
f 976/1667/976 1102/1933/1102 1109/1946/1109
f 1011/1735/1011 1108/1944/1108 1102/1933/1102
f 1013/1739/1013 1109/1947/1109 1108/1945/1108
f 1102/1933/1102 1108/1944/1108 1109/1946/1109
f 979/1673/979 1110/1948/1110 1105/1940/1105
f 1012/1737/1012 1111/1949/1111 1110/1948/1110
f 1011/1736/1011 1105/1940/1105 1111/1949/1111
f 1110/1948/1110 1111/1949/1111 1105/1940/1105
f 981/1675/981 1112/1951/1112 1114/1953/1114
f 1013/1739/1013 1113/1952/1113 1112/1951/1112
f 1012/1737/1012 1114/1953/1114 1113/1952/1113
f 1112/1951/1112 1113/1952/1113 1114/1953/1114
f 1011/1736/1011 1111/1949/1111 1108/1945/1108
f 1012/1737/1012 1113/1952/1113 1111/1949/1111
f 1013/1739/1013 1108/1945/1108 1113/1952/1113
f 1111/1949/1111 1113/1952/1113 1108/1945/1108
f 976/1667/976 1109/1946/1109 1085/1894/1085
f 1013/1739/1013 1115/1956/1115 1109/1947/1109
f 1005/1722/1005 1085/1894/1085 1115/1955/1115
f 1109/1947/1109 1115/1956/1115 1085/1895/1085
f 981/1675/981 1116/1959/1116 1112/1951/1112
f 1014/1740/1014 1117/1960/1117 1116/1957/1116
f 1013/1738/1013 1112/1950/1112 1117/1960/1117
f 1116/1957/1116 1117/1960/1117 1112/1950/1112
f 982/1678/982 1090/1910/1090 1119/1965/1119
f 1005/1721/1005 1118/1962/1118 1090/1908/1090
f 1014/1742/1014 1119/1965/1119 1118/1963/1118
f 1090/1908/1090 1118/1962/1118 1119/1964/1119
f 1013/1739/1013 1117/1961/1117 1115/1956/1115
f 1014/1740/1014 1118/1962/1118 1117/1960/1117
f 1005/1721/1005 1115/1954/1115 1118/1962/1118
f 1117/1960/1117 1118/1962/1118 1115/1954/1115
f 977/1668/977 1093/1915/1093 1061/1851/1061
f 1006/1726/1006 1120/1966/1120 1093/1916/1093
f 998/1712/998 1061/1852/1061 1120/1966/1120
f 1093/1916/1093 1120/1966/1120 1061/1852/1061
f 982/1676/982 1056/1840/1056 1088/1902/1088
f 995/1703/995 1121/1967/1121 1056/1840/1056
f 1006/1726/1006 1088/1904/1088 1121/1968/1121
f 1056/1840/1056 1121/1967/1121 1088/1902/1088
f 978/1670/978 1058/1844/1058 1052/1830/1052
f 998/1712/998 1122/1970/1122 1058/1846/1058
f 995/1705/995 1052/1832/1052 1122/1970/1122
f 1058/1845/1058 1122/1969/1122 1052/1831/1052
f 1006/1726/1006 1121/1968/1121 1120/1966/1120
f 995/1705/995 1122/1970/1122 1121/1968/1121
f 998/1712/998 1120/1966/1120 1122/1970/1122
f 1121/1968/1121 1122/1970/1122 1120/1966/1120
f 975/1664/975 1100/1928/1100 1068/1868/1068
f 1008/1729/1008 1123/1971/1123 1100/1928/1100
f 1000/1716/1000 1068/1869/1068 1123/1972/1123
f 1100/1928/1100 1123/1971/1123 1068/1868/1068
f 977/1668/977 1063/1856/1063 1096/1921/1096
f 997/1711/997 1124/1974/1124 1063/1857/1063
f 1008/1730/1008 1096/1922/1096 1124/1974/1124
f 1063/1856/1063 1124/1973/1124 1096/1921/1096
f 984/1682/984 1065/1862/1065 1059/1848/1059
f 1000/1716/1000 1125/1975/1125 1065/1862/1065
f 997/1711/997 1059/1848/1059 1125/1975/1125
f 1065/1862/1065 1125/1975/1125 1059/1848/1059
f 1008/1729/1008 1124/1973/1124 1123/1971/1123
f 997/1711/997 1125/1975/1125 1124/1974/1124
f 1000/1716/1000 1123/1972/1123 1125/1975/1125
f 1124/1974/1124 1125/1975/1125 1123/1972/1123
f 979/1673/979 1107/1943/1107 1075/1880/1075
f 1010/1734/1010 1126/1977/1126 1107/1943/1107
f 1002/1718/1002 1075/1880/1075 1126/1977/1126
f 1107/1943/1107 1126/1977/1126 1075/1880/1075
f 975/1664/975 1070/1874/1070 1103/1936/1103
f 999/1714/999 1127/1979/1127 1070/1875/1070
f 1010/1734/1010 1103/1937/1103 1127/1979/1127
f 1070/1875/1070 1127/1979/1127 1103/1937/1103
f 983/1680/983 1072/1877/1072 1066/1864/1066
f 1002/1718/1002 1128/1981/1128 1072/1877/1072
f 999/1714/999 1066/1864/1066 1128/1981/1128
f 1072/1877/1072 1128/1981/1128 1066/1864/1066
f 1010/1733/1010 1127/1978/1127 1126/1976/1126
f 999/1714/999 1128/1981/1128 1127/1979/1127
f 1002/1718/1002 1126/1977/1126 1128/1981/1128
f 1127/1978/1127 1128/1980/1128 1126/1976/1126
f 981/1675/981 1114/1953/1114 1082/1888/1082
f 1012/1737/1012 1129/1982/1129 1114/1953/1114
f 1004/1720/1004 1082/1888/1082 1129/1982/1129
f 1114/1953/1114 1129/1982/1129 1082/1888/1082
f 979/1673/979 1077/1882/1077 1110/1948/1110
f 1001/1717/1001 1130/1983/1130 1077/1882/1077
f 1012/1737/1012 1110/1948/1110 1130/1983/1130
f 1077/1882/1077 1130/1983/1130 1110/1948/1110
f 980/1674/980 1079/1884/1079 1073/1878/1073
f 1004/1720/1004 1131/1984/1131 1079/1884/1079
f 1001/1717/1001 1073/1878/1073 1131/1984/1131
f 1079/1884/1079 1131/1984/1131 1073/1878/1073
f 1012/1737/1012 1130/1983/1130 1129/1982/1129
f 1001/1717/1001 1131/1984/1131 1130/1983/1130
f 1004/1720/1004 1129/1982/1129 1131/1984/1131
f 1130/1983/1130 1131/1984/1131 1129/1982/1129
f 982/1678/982 1119/1965/1119 1054/1836/1054
f 1014/1742/1014 1132/1986/1132 1119/1965/1119
f 996/1708/996 1054/1836/1054 1132/1986/1132
f 1119/1965/1119 1132/1986/1132 1054/1836/1054
f 981/1675/981 1084/1893/1084 1116/1959/1116
f 1003/1719/1003 1133/1987/1133 1084/1891/1084
f 1014/1741/1014 1116/1958/1116 1133/1988/1133
f 1084/1892/1084 1133/1988/1133 1116/1958/1116
f 974/1662/974 1051/1828/1051 1080/1885/1080
f 996/1706/996 1134/1989/1134 1051/1828/1051
f 1003/1719/1003 1080/1885/1080 1134/1989/1134
f 1051/1828/1051 1134/1989/1134 1080/1885/1080
f 1014/1741/1014 1133/1988/1133 1132/1985/1132
f 1003/1719/1003 1134/1989/1134 1133/1987/1133
f 996/1707/996 1132/1985/1132 1134/1990/1134
f 1133/1988/1133 1134/1990/1134 1132/1985/1132
f 1135/1992/1135 1177/2064/1177 1179/2068/1179
f 1147/2013/1147 1178/2065/1178 1177/2064/1177
f 1149/2017/1149 1179/2068/1179 1178/2065/1178
f 1177/2064/1177 1178/2065/1178 1179/2068/1179
f 1146/2011/1146 1180/2069/1180 1182/2074/1182
f 1148/2015/1148 1181/2072/1181 1180/2070/1180
f 1147/2012/1147 1182/2074/1182 1181/2071/1181
f 1180/2070/1180 1181/2072/1181 1182/2075/1182
f 1140/2002/1140 1183/2076/1183 1185/2081/1185
f 1149/2018/1149 1184/2080/1184 1183/2078/1183
f 1148/2015/1148 1185/2082/1185 1184/2079/1184
f 1183/2077/1183 1184/2079/1184 1185/2082/1185
f 1147/2014/1147 1181/2073/1181 1178/2066/1178
f 1148/2015/1148 1184/2079/1184 1181/2072/1181
f 1149/2018/1149 1178/2066/1178 1184/2080/1184
f 1181/2073/1181 1184/2080/1184 1178/2066/1178
f 1135/1991/1135 1179/2067/1179 1187/2084/1187
f 1149/2016/1149 1186/2083/1186 1179/2067/1179
f 1151/2020/1151 1187/2084/1187 1186/2083/1186
f 1179/2067/1179 1186/2083/1186 1187/2084/1187
f 1140/2002/1140 1188/2086/1188 1183/2076/1183
f 1150/2019/1150 1189/2087/1189 1188/2086/1188
f 1149/2016/1149 1183/2076/1183 1189/2087/1189
f 1188/2086/1188 1189/2087/1189 1183/2076/1183
f 1136/1995/1136 1190/2090/1190 1192/2094/1192
f 1151/2021/1151 1191/2092/1191 1190/2089/1190
f 1150/2019/1150 1192/2093/1192 1191/2091/1191
f 1190/2088/1190 1191/2091/1191 1192/2093/1192
f 1149/2016/1149 1189/2087/1189 1186/2083/1186
f 1150/2019/1150 1191/2091/1191 1189/2087/1189
f 1151/2020/1151 1186/2083/1186 1191/2091/1191
f 1189/2087/1189 1191/2091/1191 1186/2083/1186
f 1135/1991/1135 1187/2084/1187 1194/2097/1194
f 1151/2020/1151 1193/2095/1193 1187/2084/1187
f 1153/2023/1153 1194/2098/1194 1193/2096/1193
f 1187/2085/1187 1193/2096/1193 1194/2098/1194
f 1136/1994/1136 1195/2100/1195 1190/2089/1190
f 1152/2022/1152 1196/2104/1196 1195/2101/1195
f 1151/2021/1151 1190/2089/1190 1196/2103/1196
f 1195/2099/1195 1196/2102/1196 1190/2088/1190
f 1142/2004/1142 1197/2105/1197 1199/2108/1199
f 1153/2024/1153 1198/2107/1198 1197/2105/1197
f 1152/2022/1152 1199/2108/1199 1198/2107/1198
f 1197/2105/1197 1198/2107/1198 1199/2108/1199
f 1151/2021/1151 1196/2103/1196 1193/2096/1193
f 1152/2022/1152 1198/2107/1198 1196/2104/1196
f 1153/2023/1153 1193/2096/1193 1198/2106/1198
f 1196/2103/1196 1198/2106/1198 1193/2096/1193
f 1135/1992/1135 1194/2098/1194 1201/2111/1201
f 1153/2023/1153 1200/2109/1200 1194/2098/1194
f 1155/2026/1155 1201/2111/1201 1200/2109/1200
f 1194/2098/1194 1200/2109/1200 1201/2111/1201
f 1142/2004/1142 1202/2112/1202 1197/2105/1197
f 1154/2025/1154 1203/2113/1203 1202/2112/1202
f 1153/2024/1153 1197/2105/1197 1203/2113/1203
f 1202/2112/1202 1203/2113/1203 1197/2105/1197
f 1145/2010/1145 1204/2116/1204 1206/2118/1206
f 1155/2027/1155 1205/2117/1205 1204/2116/1204
f 1154/2025/1154 1206/2118/1206 1205/2117/1205
f 1204/2116/1204 1205/2117/1205 1206/2118/1206
f 1153/2024/1153 1203/2113/1203 1200/2110/1200
f 1154/2025/1154 1205/2117/1205 1203/2113/1203
f 1155/2027/1155 1200/2110/1200 1205/2117/1205
f 1203/2113/1203 1205/2117/1205 1200/2110/1200
f 1135/1992/1135 1201/2111/1201 1177/2064/1177
f 1155/2026/1155 1207/2120/1207 1201/2111/1201
f 1147/2013/1147 1177/2064/1177 1207/2120/1207
f 1201/2111/1201 1207/2120/1207 1177/2064/1177
f 1145/2009/1145 1208/2121/1208 1204/2114/1204
f 1156/2028/1156 1209/2122/1209 1208/2121/1208
f 1155/2026/1155 1204/2115/1204 1209/2123/1209
f 1208/2121/1208 1209/2122/1209 1204/2114/1204
f 1146/2011/1146 1182/2074/1182 1211/2126/1211
f 1147/2012/1147 1210/2124/1210 1182/2074/1182
f 1156/2028/1156 1211/2126/1211 1210/2124/1210
f 1182/2074/1182 1210/2124/1210 1211/2126/1211
f 1155/2026/1155 1209/2123/1209 1207/2120/1207
f 1156/2029/1156 1210/2125/1210 1209/2123/1209
f 1147/2013/1147 1207/2120/1207 1210/2125/1210
f 1209/2122/1209 1210/2124/1210 1207/2119/1207
f 1136/1995/1136 1192/2094/1192 1213/2130/1213
f 1150/2019/1150 1212/2127/1212 1192/2093/1192
f 1158/2033/1158 1213/2130/1213 1212/2128/1212
f 1192/2094/1192 1212/2128/1212 1213/2130/1213
f 1140/2002/1140 1214/2131/1214 1188/2086/1188
f 1157/2030/1157 1215/2132/1215 1214/2131/1214
f 1150/2019/1150 1188/2086/1188 1215/2132/1215
f 1214/2131/1214 1215/2132/1215 1188/2086/1188
f 1144/2007/1144 1216/2133/1216 1218/2136/1218
f 1158/2032/1158 1217/2135/1217 1216/2133/1216
f 1157/2030/1157 1218/2136/1218 1217/2135/1217
f 1216/2133/1216 1217/2135/1217 1218/2136/1218
f 1150/2019/1150 1215/2132/1215 1212/2127/1212
f 1157/2030/1157 1217/2135/1217 1215/2132/1215
f 1158/2032/1158 1212/2127/1212 1217/2135/1217
f 1215/2132/1215 1217/2135/1217 1212/2127/1212
f 1140/2002/1140 1185/2081/1185 1220/2141/1220
f 1148/2015/1148 1219/2139/1219 1185/2082/1185
f 1160/2037/1160 1220/2142/1220 1219/2140/1219
f 1185/2081/1185 1219/2138/1219 1220/2141/1220
f 1146/2011/1146 1221/2143/1221 1180/2069/1180
f 1159/2034/1159 1222/2144/1222 1221/2143/1221
f 1148/2015/1148 1180/2070/1180 1222/2145/1222
f 1221/2143/1221 1222/2144/1222 1180/2069/1180
f 1139/2001/1139 1223/2147/1223 1225/2152/1225
f 1160/2037/1160 1224/2150/1224 1223/2148/1223
f 1159/2034/1159 1225/2151/1225 1224/2149/1224
f 1223/2148/1223 1224/2150/1224 1225/2153/1225
f 1148/2015/1148 1222/2145/1222 1219/2139/1219
f 1159/2034/1159 1224/2149/1224 1222/2144/1222
f 1160/2037/1160 1219/2140/1219 1224/2150/1224
f 1222/2146/1222 1224/2150/1224 1219/2140/1219
f 1146/2011/1146 1211/2126/1211 1227/2156/1227
f 1156/2028/1156 1226/2154/1226 1211/2126/1211
f 1162/2041/1162 1227/2158/1227 1226/2155/1226
f 1211/2126/1211 1226/2154/1226 1227/2156/1227
f 1145/2009/1145 1228/2159/1228 1208/2121/1208
f 1161/2038/1161 1229/2161/1229 1228/2159/1228
f 1156/2028/1156 1208/2121/1208 1229/2161/1229
f 1228/2159/1228 1229/2161/1229 1208/2121/1208
f 1137/1996/1137 1230/2162/1230 1232/2164/1232
f 1162/2039/1162 1231/2163/1231 1230/2162/1230
f 1161/2038/1161 1232/2164/1232 1231/2163/1231
f 1230/2162/1230 1231/2163/1231 1232/2164/1232
f 1156/2028/1156 1229/2161/1229 1226/2154/1226
f 1161/2038/1161 1231/2163/1231 1229/2161/1229
f 1162/2039/1162 1226/2154/1226 1231/2163/1231
f 1229/2161/1229 1231/2163/1231 1226/2154/1226
f 1145/2010/1145 1206/2118/1206 1234/2167/1234
f 1154/2025/1154 1233/2166/1233 1206/2118/1206
f 1164/2043/1164 1234/2167/1234 1233/2166/1233
f 1206/2118/1206 1233/2166/1233 1234/2167/1234
f 1142/2004/1142 1235/2168/1235 1202/2112/1202
f 1163/2042/1163 1236/2169/1236 1235/2168/1235
f 1154/2025/1154 1202/2112/1202 1236/2169/1236
f 1235/2168/1235 1236/2169/1236 1202/2112/1202
f 1141/2003/1141 1237/2170/1237 1239/2172/1239
f 1164/2043/1164 1238/2171/1238 1237/2170/1237
f 1163/2042/1163 1239/2172/1239 1238/2171/1238
f 1237/2170/1237 1238/2171/1238 1239/2172/1239
f 1154/2025/1154 1236/2169/1236 1233/2166/1233
f 1163/2042/1163 1238/2171/1238 1236/2169/1236
f 1164/2043/1164 1233/2166/1233 1238/2171/1238
f 1236/2169/1236 1238/2171/1238 1233/2166/1233
f 1142/2004/1142 1199/2108/1199 1241/2174/1241
f 1152/2022/1152 1240/2173/1240 1199/2108/1199
f 1166/2045/1166 1241/2174/1241 1240/2173/1240
f 1199/2108/1199 1240/2173/1240 1241/2174/1241
f 1136/1993/1136 1242/2175/1242 1195/2099/1195
f 1165/2044/1165 1243/2176/1243 1242/2175/1242
f 1152/2022/1152 1195/2101/1195 1243/2177/1243
f 1242/2175/1242 1243/2176/1243 1195/2099/1195
f 1143/2005/1143 1244/2178/1244 1246/2182/1246
f 1166/2045/1166 1245/2181/1245 1244/2179/1244
f 1165/2044/1165 1246/2182/1246 1245/2180/1245
f 1244/2178/1244 1245/2180/1245 1246/2182/1246
f 1152/2022/1152 1243/2177/1243 1240/2173/1240
f 1165/2044/1165 1245/2180/1245 1243/2176/1243
f 1166/2045/1166 1240/2173/1240 1245/2181/1245
f 1243/2177/1243 1245/2181/1245 1240/2173/1240
f 1138/2000/1138 1247/2183/1247 1249/2186/1249
f 1167/2046/1167 1248/2184/1248 1247/2183/1247
f 1169/2049/1169 1249/2186/1249 1248/2184/1248
f 1247/2183/1247 1248/2184/1248 1249/2186/1249
f 1144/2007/1144 1250/2187/1250 1252/2191/1252
f 1168/2047/1168 1251/2190/1251 1250/2188/1250
f 1167/2046/1167 1252/2192/1252 1251/2190/1251
f 1250/2188/1250 1251/2190/1251 1252/2192/1252
f 1139/2001/1139 1253/2194/1253 1255/2198/1255
f 1169/2049/1169 1254/2196/1254 1253/2194/1253
f 1168/2048/1168 1255/2199/1255 1254/2197/1254
f 1253/2195/1253 1254/2197/1254 1255/2199/1255
f 1167/2046/1167 1251/2190/1251 1248/2184/1248
f 1168/2047/1168 1254/2196/1254 1251/2190/1251
f 1169/2049/1169 1248/2184/1248 1254/2196/1254
f 1251/2190/1251 1254/2196/1254 1248/2184/1248
f 1138/1999/1138 1249/2185/1249 1257/2201/1257
f 1169/2049/1169 1256/2200/1256 1249/2186/1249
f 1171/2053/1171 1257/2202/1257 1256/2200/1256
f 1249/2186/1249 1256/2200/1256 1257/2202/1257
f 1139/2001/1139 1258/2204/1258 1253/2194/1253
f 1170/2051/1170 1259/2206/1259 1258/2204/1258
f 1169/2049/1169 1253/2194/1253 1259/2206/1259
f 1258/2204/1258 1259/2206/1259 1253/2194/1253
f 1137/1997/1137 1260/2207/1260 1262/2210/1262
f 1171/2053/1171 1261/2208/1261 1260/2207/1260
f 1170/2051/1170 1262/2210/1262 1261/2208/1261
f 1260/2207/1260 1261/2208/1261 1262/2210/1262
f 1169/2049/1169 1259/2206/1259 1256/2200/1256
f 1170/2051/1170 1261/2208/1261 1259/2206/1259
f 1171/2053/1171 1256/2200/1256 1261/2208/1261
f 1259/2206/1259 1261/2208/1261 1256/2200/1256
f 1138/1999/1138 1257/2201/1257 1264/2213/1264
f 1171/2053/1171 1263/2211/1263 1257/2202/1257
f 1173/2058/1173 1264/2215/1264 1263/2212/1263
f 1257/2202/1257 1263/2211/1263 1264/2214/1264
f 1137/1997/1137 1265/2217/1265 1260/2207/1260
f 1172/2055/1172 1266/2219/1266 1265/2217/1265
f 1171/2053/1171 1260/2207/1260 1266/2219/1266
f 1265/2217/1265 1266/2219/1266 1260/2207/1260
f 1141/2003/1141 1267/2220/1267 1269/2223/1269
f 1173/2058/1173 1268/2222/1268 1267/2220/1267
f 1172/2056/1172 1269/2223/1269 1268/2222/1268
f 1267/2220/1267 1268/2222/1268 1269/2223/1269
f 1171/2053/1171 1266/2219/1266 1263/2211/1263
f 1172/2055/1172 1268/2221/1268 1266/2219/1266
f 1173/2057/1173 1263/2211/1263 1268/2221/1268
f 1266/2219/1266 1268/2221/1268 1263/2211/1263
f 1138/2000/1138 1264/2214/1264 1271/2226/1271
f 1173/2058/1173 1270/2225/1270 1264/2215/1264
f 1175/2061/1175 1271/2227/1271 1270/2225/1270
f 1264/2214/1264 1270/2224/1270 1271/2226/1271
f 1141/2003/1141 1272/2228/1272 1267/2220/1267
f 1174/2059/1174 1273/2229/1273 1272/2228/1272
f 1173/2058/1173 1267/2220/1267 1273/2229/1273
f 1272/2228/1272 1273/2229/1273 1267/2220/1267
f 1143/2006/1143 1274/2231/1274 1276/2233/1276
f 1175/2061/1175 1275/2232/1275 1274/2231/1274
f 1174/2059/1174 1276/2233/1276 1275/2232/1275
f 1274/2231/1274 1275/2232/1275 1276/2233/1276
f 1173/2058/1173 1273/2229/1273 1270/2225/1270
f 1174/2059/1174 1275/2232/1275 1273/2229/1273
f 1175/2061/1175 1270/2225/1270 1275/2232/1275
f 1273/2229/1273 1275/2232/1275 1270/2225/1270
f 1138/2000/1138 1271/2226/1271 1247/2183/1247
f 1175/2060/1175 1277/2234/1277 1271/2226/1271
f 1167/2046/1167 1247/2183/1247 1277/2234/1277
f 1271/2226/1271 1277/2234/1277 1247/2183/1247
f 1143/2005/1143 1278/2235/1278 1274/2230/1274
f 1176/2062/1176 1279/2236/1279 1278/2235/1278
f 1175/2061/1175 1274/2231/1274 1279/2238/1279
f 1278/2235/1278 1279/2236/1279 1274/2230/1274
f 1144/2008/1144 1252/2193/1252 1281/2243/1281
f 1167/2046/1167 1280/2240/1280 1252/2192/1252
f 1176/2062/1176 1281/2242/1281 1280/2239/1280
f 1252/2193/1252 1280/2241/1280 1281/2243/1281
f 1175/2060/1175 1279/2237/1279 1277/2234/1277
f 1176/2063/1176 1280/2240/1280 1279/2237/1279
f 1167/2046/1167 1277/2234/1277 1280/2240/1280
f 1279/2237/1279 1280/2240/1280 1277/2234/1277
f 1139/2001/1139 1255/2198/1255 1223/2147/1223
f 1168/2048/1168 1282/2246/1282 1255/2199/1255
f 1160/2036/1160 1223/2147/1223 1282/2245/1282
f 1255/2198/1255 1282/2245/1282 1223/2147/1223
f 1144/2007/1144 1218/2136/1218 1250/2187/1250
f 1157/2031/1157 1283/2248/1283 1218/2137/1218
f 1168/2048/1168 1250/2189/1250 1283/2248/1283
f 1218/2137/1218 1283/2248/1283 1250/2189/1250
f 1140/2002/1140 1220/2141/1220 1214/2131/1214
f 1160/2035/1160 1284/2249/1284 1220/2141/1220
f 1157/2030/1157 1214/2131/1214 1284/2249/1284
f 1220/2141/1220 1284/2249/1284 1214/2131/1214
f 1168/2048/1168 1283/2248/1283 1282/2246/1282
f 1157/2030/1157 1284/2249/1284 1283/2247/1283
f 1160/2035/1160 1282/2244/1282 1284/2249/1284
f 1283/2248/1283 1284/2250/1284 1282/2246/1282
f 1137/1996/1137 1262/2209/1262 1230/2162/1230
f 1170/2050/1170 1285/2251/1285 1262/2209/1262
f 1162/2039/1162 1230/2162/1230 1285/2251/1285
f 1262/2209/1262 1285/2251/1285 1230/2162/1230
f 1139/2001/1139 1225/2152/1225 1258/2204/1258
f 1159/2034/1159 1286/2252/1286 1225/2151/1225
f 1170/2052/1170 1258/2205/1258 1286/2253/1286
f 1225/2151/1225 1286/2252/1286 1258/2203/1258
f 1146/2011/1146 1227/2156/1227 1221/2143/1221
f 1162/2040/1162 1287/2255/1287 1227/2157/1227
f 1159/2034/1159 1221/2143/1221 1287/2254/1287
f 1227/2156/1227 1287/2254/1287 1221/2143/1221
f 1170/2050/1170 1286/2252/1286 1285/2251/1285
f 1159/2034/1159 1287/2254/1287 1286/2252/1286
f 1162/2039/1162 1285/2251/1285 1287/2254/1287
f 1286/2252/1286 1287/2254/1287 1285/2251/1285
f 1141/2003/1141 1269/2223/1269 1237/2170/1237
f 1172/2056/1172 1288/2256/1288 1269/2223/1269
f 1164/2043/1164 1237/2170/1237 1288/2256/1288
f 1269/2223/1269 1288/2256/1288 1237/2170/1237
f 1137/1998/1137 1232/2165/1232 1265/2218/1265
f 1161/2038/1161 1289/2257/1289 1232/2164/1232
f 1172/2054/1172 1265/2216/1265 1289/2257/1289
f 1232/2164/1232 1289/2257/1289 1265/2216/1265
f 1145/2010/1145 1234/2167/1234 1228/2160/1228
f 1164/2043/1164 1290/2260/1290 1234/2167/1234
f 1161/2038/1161 1228/2159/1228 1290/2259/1290
f 1234/2167/1234 1290/2260/1290 1228/2160/1228
f 1172/2056/1172 1289/2258/1289 1288/2256/1288
f 1161/2038/1161 1290/2259/1290 1289/2257/1289
f 1164/2043/1164 1288/2256/1288 1290/2260/1290
f 1289/2258/1289 1290/2260/1290 1288/2256/1288
f 1143/2006/1143 1276/2233/1276 1244/2179/1244
f 1174/2059/1174 1291/2261/1291 1276/2233/1276
f 1166/2045/1166 1244/2179/1244 1291/2261/1291
f 1276/2233/1276 1291/2261/1291 1244/2179/1244
f 1141/2003/1141 1239/2172/1239 1272/2228/1272
f 1163/2042/1163 1292/2262/1292 1239/2172/1239
f 1174/2059/1174 1272/2228/1272 1292/2262/1292
f 1239/2172/1239 1292/2262/1292 1272/2228/1272
f 1142/2004/1142 1241/2174/1241 1235/2168/1235
f 1166/2045/1166 1293/2263/1293 1241/2174/1241
f 1163/2042/1163 1235/2168/1235 1293/2263/1293
f 1241/2174/1241 1293/2263/1293 1235/2168/1235
f 1174/2059/1174 1292/2262/1292 1291/2261/1291
f 1163/2042/1163 1293/2263/1293 1292/2262/1292
f 1166/2045/1166 1291/2261/1291 1293/2263/1293
f 1292/2262/1292 1293/2263/1293 1291/2261/1291
f 1144/2007/1144 1281/2242/1281 1216/2133/1216
f 1176/2062/1176 1294/2264/1294 1281/2242/1281
f 1158/2032/1158 1216/2133/1216 1294/2264/1294
f 1281/2243/1281 1294/2265/1294 1216/2134/1216
f 1143/2005/1143 1246/2182/1246 1278/2235/1278
f 1165/2044/1165 1295/2266/1295 1246/2182/1246
f 1176/2062/1176 1278/2235/1278 1295/2266/1295
f 1246/2182/1246 1295/2266/1295 1278/2235/1278
f 1136/1993/1136 1213/2129/1213 1242/2175/1242
f 1158/2033/1158 1296/2268/1296 1213/2130/1213
f 1165/2044/1165 1242/2175/1242 1296/2267/1296
f 1213/2129/1213 1296/2267/1296 1242/2175/1242
f 1176/2062/1176 1295/2266/1295 1294/2264/1294
f 1165/2044/1165 1296/2267/1296 1295/2266/1295
f 1158/2033/1158 1294/2265/1294 1296/2268/1296
f 1295/2266/1295 1296/2267/1296 1294/2264/1294
f 1297/2269/1297 1339/2339/1339 1341/2345/1341
f 1309/2287/1309 1340/2341/1340 1339/2338/1339
f 1311/2291/1311 1341/2345/1341 1340/2342/1340
f 1339/2338/1339 1340/2341/1340 1341/2344/1341
f 1308/2286/1308 1342/2348/1342 1344/2351/1344
f 1310/2290/1310 1343/2349/1343 1342/2348/1342
f 1309/2288/1309 1344/2351/1344 1343/2349/1343
f 1342/2348/1342 1343/2349/1343 1344/2351/1344
f 1302/2276/1302 1345/2352/1345 1347/2354/1347
f 1311/2292/1311 1346/2353/1346 1345/2352/1345
f 1310/2290/1310 1347/2354/1347 1346/2353/1346
f 1345/2352/1345 1346/2353/1346 1347/2354/1347
f 1309/2288/1309 1343/2349/1343 1340/2343/1340
f 1310/2290/1310 1346/2353/1346 1343/2349/1343
f 1311/2292/1311 1340/2343/1340 1346/2353/1346
f 1343/2349/1343 1346/2353/1346 1340/2343/1340
f 1297/2269/1297 1341/2345/1341 1349/2357/1349
f 1311/2291/1311 1348/2355/1348 1341/2345/1341
f 1313/2294/1313 1349/2357/1349 1348/2355/1348
f 1341/2345/1341 1348/2355/1348 1349/2357/1349
f 1302/2276/1302 1350/2358/1350 1345/2352/1345
f 1312/2293/1312 1351/2359/1351 1350/2358/1350
f 1311/2292/1311 1345/2352/1345 1351/2359/1351
f 1350/2358/1350 1351/2359/1351 1345/2352/1345
f 1298/2271/1298 1352/2360/1352 1354/2364/1354
f 1313/2294/1313 1353/2361/1353 1352/2360/1352
f 1312/2293/1312 1354/2365/1354 1353/2362/1353
f 1352/2360/1352 1353/2361/1353 1354/2364/1354
f 1311/2292/1311 1351/2359/1351 1348/2356/1348
f 1312/2293/1312 1353/2362/1353 1351/2359/1351
f 1313/2294/1313 1348/2355/1348 1353/2361/1353
f 1351/2359/1351 1353/2362/1353 1348/2356/1348
f 1297/2269/1297 1349/2357/1349 1356/2368/1356
f 1313/2294/1313 1355/2366/1355 1349/2357/1349
f 1315/2296/1315 1356/2368/1356 1355/2366/1355
f 1349/2357/1349 1355/2366/1355 1356/2368/1356
f 1298/2271/1298 1357/2370/1357 1352/2360/1352
f 1314/2295/1314 1358/2373/1358 1357/2371/1357
f 1313/2294/1313 1352/2360/1352 1358/2372/1358
f 1357/2370/1357 1358/2372/1358 1352/2360/1352
f 1304/2278/1304 1359/2374/1359 1361/2377/1361
f 1315/2297/1315 1360/2376/1360 1359/2374/1359
f 1314/2295/1314 1361/2377/1361 1360/2376/1360
f 1359/2374/1359 1360/2376/1360 1361/2377/1361
f 1313/2294/1313 1358/2372/1358 1355/2366/1355
f 1314/2295/1314 1360/2376/1360 1358/2373/1358
f 1315/2296/1315 1355/2366/1355 1360/2375/1360
f 1358/2373/1358 1360/2376/1360 1355/2367/1355
f 1297/2269/1297 1356/2368/1356 1363/2380/1363
f 1315/2296/1315 1362/2378/1362 1356/2368/1356
f 1317/2300/1317 1363/2380/1363 1362/2378/1362
f 1356/2368/1356 1362/2378/1362 1363/2380/1363
f 1304/2278/1304 1364/2381/1364 1359/2374/1359
f 1316/2298/1316 1365/2382/1365 1364/2381/1364
f 1315/2297/1315 1359/2374/1359 1365/2382/1365
f 1364/2381/1364 1365/2382/1365 1359/2374/1359
f 1307/2284/1307 1366/2384/1366 1368/2386/1368
f 1317/2301/1317 1367/2385/1367 1366/2384/1366
f 1316/2298/1316 1368/2386/1368 1367/2385/1367
f 1366/2384/1366 1367/2385/1367 1368/2386/1368
f 1315/2297/1315 1365/2382/1365 1362/2379/1362
f 1316/2298/1316 1367/2385/1367 1365/2382/1365
f 1317/2301/1317 1362/2379/1362 1367/2385/1367
f 1365/2382/1365 1367/2385/1367 1362/2379/1362
f 1297/2269/1297 1363/2380/1363 1339/2339/1339
f 1317/2300/1317 1369/2388/1369 1363/2380/1363
f 1309/2288/1309 1339/2340/1339 1369/2389/1369
f 1363/2380/1363 1369/2388/1369 1339/2339/1339
f 1307/2283/1307 1370/2390/1370 1366/2383/1366
f 1318/2302/1318 1371/2391/1371 1370/2390/1370
f 1317/2299/1317 1366/2383/1366 1371/2391/1371
f 1370/2390/1370 1371/2391/1371 1366/2383/1366
f 1308/2285/1308 1344/2350/1344 1373/2395/1373
f 1309/2288/1309 1372/2393/1372 1344/2351/1344
f 1318/2302/1318 1373/2394/1373 1372/2392/1372
f 1344/2351/1344 1372/2393/1372 1373/2396/1373
f 1317/2299/1317 1371/2391/1371 1369/2387/1369
f 1318/2302/1318 1372/2392/1372 1371/2391/1371
f 1309/2288/1309 1369/2389/1369 1372/2393/1372
f 1371/2391/1371 1372/2392/1372 1369/2387/1369
f 1298/2270/1298 1354/2363/1354 1375/2399/1375
f 1312/2293/1312 1374/2398/1374 1354/2365/1354
f 1320/2305/1320 1375/2399/1375 1374/2397/1374
f 1354/2363/1354 1374/2397/1374 1375/2399/1375
f 1302/2276/1302 1376/2401/1376 1350/2358/1350
f 1319/2304/1319 1377/2402/1377 1376/2401/1376
f 1312/2293/1312 1350/2358/1350 1377/2402/1377
f 1376/2401/1376 1377/2402/1377 1350/2358/1350
f 1306/2281/1306 1378/2403/1378 1380/2408/1380
f 1320/2306/1320 1379/2406/1379 1378/2404/1378
f 1319/2304/1319 1380/2410/1380 1379/2407/1379
f 1378/2404/1378 1379/2406/1379 1380/2409/1380
f 1312/2293/1312 1377/2402/1377 1374/2398/1374
f 1319/2304/1319 1379/2407/1379 1377/2402/1377
f 1320/2305/1320 1374/2397/1374 1379/2405/1379
f 1377/2402/1377 1379/2407/1379 1374/2398/1374
f 1302/2276/1302 1347/2354/1347 1382/2414/1382
f 1310/2290/1310 1381/2412/1381 1347/2354/1347
f 1322/2308/1322 1382/2413/1382 1381/2411/1381
f 1347/2354/1347 1381/2412/1381 1382/2414/1382
f 1308/2285/1308 1383/2415/1383 1342/2347/1342
f 1321/2307/1321 1384/2419/1384 1383/2416/1383
f 1310/2289/1310 1342/2346/1342 1384/2417/1384
f 1383/2415/1383 1384/2418/1384 1342/2347/1342
f 1301/2274/1301 1385/2420/1385 1387/2423/1387
f 1322/2309/1322 1386/2422/1386 1385/2421/1385
f 1321/2307/1321 1387/2424/1387 1386/2422/1386
f 1385/2421/1385 1386/2422/1386 1387/2424/1387
f 1310/2290/1310 1384/2419/1384 1381/2412/1381
f 1321/2307/1321 1386/2422/1386 1384/2419/1384
f 1322/2309/1322 1381/2412/1381 1386/2422/1386
f 1384/2419/1384 1386/2422/1386 1381/2412/1381
f 1308/2285/1308 1373/2395/1373 1389/2427/1389
f 1318/2302/1318 1388/2425/1388 1373/2394/1373
f 1324/2313/1324 1389/2426/1389 1388/2425/1388
f 1373/2394/1373 1388/2425/1388 1389/2426/1389
f 1307/2283/1307 1390/2429/1390 1370/2390/1370
f 1323/2310/1323 1391/2431/1391 1390/2429/1390
f 1318/2302/1318 1370/2390/1370 1391/2431/1391
f 1390/2429/1390 1391/2431/1391 1370/2390/1370
f 1299/2272/1299 1392/2432/1392 1394/2436/1394
f 1324/2314/1324 1393/2434/1393 1392/2432/1392
f 1323/2310/1323 1394/2435/1394 1393/2433/1393
f 1392/2432/1392 1393/2434/1393 1394/2436/1394
f 1318/2302/1318 1391/2431/1391 1388/2425/1388
f 1323/2310/1323 1393/2433/1393 1391/2431/1391
f 1324/2313/1324 1388/2425/1388 1393/2433/1393
f 1391/2431/1391 1393/2433/1393 1388/2425/1388
f 1307/2284/1307 1368/2386/1368 1396/2438/1396
f 1316/2298/1316 1395/2437/1395 1368/2386/1368
f 1326/2316/1326 1396/2438/1396 1395/2437/1395
f 1368/2386/1368 1395/2437/1395 1396/2438/1396
f 1304/2278/1304 1397/2439/1397 1364/2381/1364
f 1325/2315/1325 1398/2440/1398 1397/2439/1397
f 1316/2298/1316 1364/2381/1364 1398/2440/1398
f 1397/2439/1397 1398/2440/1398 1364/2381/1364
f 1303/2277/1303 1399/2441/1399 1401/2443/1401
f 1326/2316/1326 1400/2442/1400 1399/2441/1399
f 1325/2315/1325 1401/2443/1401 1400/2442/1400
f 1399/2441/1399 1400/2442/1400 1401/2443/1401
f 1316/2298/1316 1398/2440/1398 1395/2437/1395
f 1325/2315/1325 1400/2442/1400 1398/2440/1398
f 1326/2316/1326 1395/2437/1395 1400/2442/1400
f 1398/2440/1398 1400/2442/1400 1395/2437/1395
f 1304/2278/1304 1361/2377/1361 1403/2445/1403
f 1314/2295/1314 1402/2444/1402 1361/2377/1361
f 1328/2319/1328 1403/2445/1403 1402/2444/1402
f 1361/2377/1361 1402/2444/1402 1403/2445/1403
f 1298/2270/1298 1404/2446/1404 1357/2369/1357
f 1327/2317/1327 1405/2447/1405 1404/2446/1404
f 1314/2295/1314 1357/2371/1357 1405/2448/1405
f 1404/2446/1404 1405/2447/1405 1357/2369/1357
f 1305/2280/1305 1406/2449/1406 1408/2452/1408
f 1328/2319/1328 1407/2450/1407 1406/2449/1406
f 1327/2318/1327 1408/2452/1408 1407/2450/1407
f 1406/2449/1406 1407/2450/1407 1408/2452/1408
f 1314/2295/1314 1405/2448/1405 1402/2444/1402
f 1327/2318/1327 1407/2450/1407 1405/2448/1405
f 1328/2319/1328 1402/2444/1402 1407/2450/1407
f 1405/2448/1405 1407/2450/1407 1402/2444/1402
f 1300/2273/1300 1409/2454/1409 1411/2458/1411
f 1329/2322/1329 1410/2457/1410 1409/2455/1409
f 1331/2326/1331 1411/2459/1411 1410/2457/1410
f 1409/2455/1409 1410/2457/1410 1411/2459/1411
f 1306/2281/1306 1412/2460/1412 1414/2465/1414
f 1330/2323/1330 1413/2463/1413 1412/2461/1412
f 1329/2321/1329 1414/2466/1414 1413/2463/1413
f 1412/2461/1412 1413/2463/1413 1414/2466/1414
f 1301/2274/1301 1415/2467/1415 1417/2471/1417
f 1331/2326/1331 1416/2470/1416 1415/2468/1415
f 1330/2323/1330 1417/2471/1417 1416/2469/1416
f 1415/2467/1415 1416/2469/1416 1417/2471/1417
f 1329/2321/1329 1413/2463/1413 1410/2456/1410
f 1330/2323/1330 1416/2469/1416 1413/2463/1413
f 1331/2326/1331 1410/2457/1410 1416/2470/1416
f 1413/2464/1413 1416/2470/1416 1410/2457/1410
f 1300/2273/1300 1411/2458/1411 1419/2473/1419
f 1331/2325/1331 1418/2472/1418 1411/2458/1411
f 1333/2328/1333 1419/2473/1419 1418/2472/1418
f 1411/2458/1411 1418/2472/1418 1419/2473/1419
f 1301/2274/1301 1420/2474/1420 1415/2467/1415
f 1332/2327/1332 1421/2476/1421 1420/2474/1420
f 1331/2326/1331 1415/2468/1415 1421/2477/1421
f 1420/2475/1420 1421/2477/1421 1415/2468/1415
f 1299/2272/1299 1422/2478/1422 1424/2480/1424
f 1333/2328/1333 1423/2479/1423 1422/2478/1422
f 1332/2327/1332 1424/2480/1424 1423/2479/1423
f 1422/2478/1422 1423/2479/1423 1424/2480/1424
f 1331/2325/1331 1421/2476/1421 1418/2472/1418
f 1332/2327/1332 1423/2479/1423 1421/2476/1421
f 1333/2328/1333 1418/2472/1418 1423/2479/1423
f 1421/2476/1421 1423/2479/1423 1418/2472/1418
f 1300/2273/1300 1419/2473/1419 1426/2482/1426
f 1333/2328/1333 1425/2481/1425 1419/2473/1419
f 1335/2331/1335 1426/2482/1426 1425/2481/1425
f 1419/2473/1419 1425/2481/1425 1426/2482/1426
f 1299/2272/1299 1427/2483/1427 1422/2478/1422
f 1334/2329/1334 1428/2484/1428 1427/2483/1427
f 1333/2328/1333 1422/2478/1422 1428/2484/1428
f 1427/2483/1427 1428/2484/1428 1422/2478/1422
f 1303/2277/1303 1429/2485/1429 1431/2488/1431
f 1335/2332/1335 1430/2487/1430 1429/2485/1429
f 1334/2330/1334 1431/2488/1431 1430/2487/1430
f 1429/2485/1429 1430/2487/1430 1431/2488/1431
f 1333/2328/1333 1428/2484/1428 1425/2481/1425
f 1334/2329/1334 1430/2486/1430 1428/2484/1428
f 1335/2331/1335 1425/2481/1425 1430/2486/1430
f 1428/2484/1428 1430/2486/1430 1425/2481/1425
f 1300/2273/1300 1426/2482/1426 1433/2492/1433
f 1335/2331/1335 1432/2489/1432 1426/2482/1426
f 1337/2335/1337 1433/2492/1433 1432/2489/1432
f 1426/2482/1426 1432/2489/1432 1433/2492/1433
f 1303/2277/1303 1434/2493/1434 1429/2485/1429
f 1336/2333/1336 1435/2494/1435 1434/2493/1434
f 1335/2332/1335 1429/2485/1429 1435/2494/1435
f 1434/2493/1434 1435/2494/1435 1429/2485/1429
f 1305/2280/1305 1436/2496/1436 1438/2498/1438
f 1337/2336/1337 1437/2497/1437 1436/2496/1436
f 1336/2333/1336 1438/2498/1438 1437/2497/1437
f 1436/2496/1436 1437/2497/1437 1438/2498/1438
f 1335/2332/1335 1435/2494/1435 1432/2490/1432
f 1336/2333/1336 1437/2497/1437 1435/2494/1435
f 1337/2336/1337 1432/2490/1432 1437/2497/1437
f 1435/2494/1435 1437/2497/1437 1432/2490/1432
f 1300/2273/1300 1433/2492/1433 1409/2454/1409
f 1337/2334/1337 1439/2499/1439 1433/2491/1433
f 1329/2320/1329 1409/2453/1409 1439/2499/1439
f 1433/2491/1433 1439/2499/1439 1409/2453/1409
f 1305/2279/1305 1440/2501/1440 1436/2495/1436
f 1338/2337/1338 1441/2503/1441 1440/2501/1440
f 1337/2334/1337 1436/2495/1436 1441/2503/1441
f 1440/2501/1440 1441/2503/1441 1436/2495/1436
f 1306/2281/1306 1414/2465/1414 1443/2506/1443
f 1329/2321/1329 1442/2505/1442 1414/2466/1414
f 1338/2337/1338 1443/2506/1443 1442/2504/1442
f 1414/2465/1414 1442/2504/1442 1443/2506/1443
f 1337/2334/1337 1441/2503/1441 1439/2499/1439
f 1338/2337/1338 1442/2504/1442 1441/2503/1441
f 1329/2321/1329 1439/2500/1439 1442/2505/1442
f 1441/2503/1441 1442/2504/1442 1439/2499/1439
f 1301/2274/1301 1417/2471/1417 1385/2420/1385
f 1330/2323/1330 1444/2507/1444 1417/2471/1417
f 1322/2309/1322 1385/2421/1385 1444/2508/1444
f 1417/2471/1417 1444/2507/1444 1385/2420/1385
f 1306/2282/1306 1380/2410/1380 1412/2462/1412
f 1319/2304/1319 1445/2510/1445 1380/2410/1380
f 1330/2324/1330 1412/2462/1412 1445/2510/1445
f 1380/2408/1380 1445/2509/1445 1412/2460/1412
f 1302/2276/1302 1382/2414/1382 1376/2401/1376
f 1322/2308/1322 1446/2511/1446 1382/2413/1382
f 1319/2303/1319 1376/2400/1376 1446/2511/1446
f 1382/2413/1382 1446/2511/1446 1376/2400/1376
f 1330/2324/1330 1445/2510/1445 1444/2508/1444
f 1319/2304/1319 1446/2512/1446 1445/2510/1445
f 1322/2309/1322 1444/2508/1444 1446/2512/1446
f 1445/2510/1445 1446/2512/1446 1444/2508/1444
f 1299/2272/1299 1424/2480/1424 1392/2432/1392
f 1332/2327/1332 1447/2513/1447 1424/2480/1424
f 1324/2314/1324 1392/2432/1392 1447/2513/1447
f 1424/2480/1424 1447/2513/1447 1392/2432/1392
f 1301/2275/1301 1387/2424/1387 1420/2475/1420
f 1321/2307/1321 1448/2515/1448 1387/2424/1387
f 1332/2327/1332 1420/2474/1420 1448/2514/1448
f 1387/2424/1387 1448/2515/1448 1420/2475/1420
f 1308/2286/1308 1389/2428/1389 1383/2416/1383
f 1324/2313/1324 1449/2516/1449 1389/2426/1389
f 1321/2307/1321 1383/2416/1383 1449/2518/1449
f 1389/2428/1389 1449/2518/1449 1383/2416/1383
f 1332/2327/1332 1448/2514/1448 1447/2513/1447
f 1321/2307/1321 1449/2518/1449 1448/2515/1448
f 1324/2314/1324 1447/2513/1447 1449/2517/1449
f 1448/2514/1448 1449/2517/1449 1447/2513/1447
f 1303/2277/1303 1431/2488/1431 1399/2441/1399
f 1334/2330/1334 1450/2519/1450 1431/2488/1431
f 1326/2316/1326 1399/2441/1399 1450/2519/1450
f 1431/2488/1431 1450/2519/1450 1399/2441/1399
f 1299/2272/1299 1394/2436/1394 1427/2483/1427
f 1323/2311/1323 1451/2520/1451 1394/2436/1394
f 1334/2329/1334 1427/2483/1427 1451/2520/1451
f 1394/2436/1394 1451/2520/1451 1427/2483/1427
f 1307/2284/1307 1396/2438/1396 1390/2430/1390
f 1326/2316/1326 1452/2522/1452 1396/2438/1396
f 1323/2312/1323 1390/2430/1390 1452/2522/1452
f 1396/2438/1396 1452/2522/1452 1390/2430/1390
f 1334/2330/1334 1451/2521/1451 1450/2519/1450
f 1323/2312/1323 1452/2522/1452 1451/2521/1451
f 1326/2316/1326 1450/2519/1450 1452/2522/1452
f 1451/2521/1451 1452/2522/1452 1450/2519/1450
f 1305/2280/1305 1438/2498/1438 1406/2449/1406
f 1336/2333/1336 1453/2523/1453 1438/2498/1438
f 1328/2319/1328 1406/2449/1406 1453/2523/1453
f 1438/2498/1438 1453/2523/1453 1406/2449/1406
f 1303/2277/1303 1401/2443/1401 1434/2493/1434
f 1325/2315/1325 1454/2524/1454 1401/2443/1401
f 1336/2333/1336 1434/2493/1434 1454/2524/1454
f 1401/2443/1401 1454/2524/1454 1434/2493/1434
f 1304/2278/1304 1403/2445/1403 1397/2439/1397
f 1328/2319/1328 1455/2525/1455 1403/2445/1403
f 1325/2315/1325 1397/2439/1397 1455/2525/1455
f 1403/2445/1403 1455/2525/1455 1397/2439/1397
f 1336/2333/1336 1454/2524/1454 1453/2523/1453
f 1325/2315/1325 1455/2525/1455 1454/2524/1454
f 1328/2319/1328 1453/2523/1453 1455/2525/1455
f 1454/2524/1454 1455/2525/1455 1453/2523/1453
f 1306/2281/1306 1443/2506/1443 1378/2403/1378
f 1338/2337/1338 1456/2526/1456 1443/2506/1443
f 1320/2305/1320 1378/2403/1378 1456/2526/1456
f 1443/2506/1443 1456/2526/1456 1378/2403/1378
f 1305/2279/1305 1408/2451/1408 1440/2501/1440
f 1327/2318/1327 1457/2528/1457 1408/2452/1408
f 1338/2337/1338 1440/2501/1440 1457/2527/1457
f 1408/2452/1408 1457/2528/1457 1440/2502/1440
f 1298/2270/1298 1375/2399/1375 1404/2446/1404
f 1320/2305/1320 1458/2529/1458 1375/2399/1375
f 1327/2317/1327 1404/2446/1404 1458/2529/1458
f 1375/2399/1375 1458/2529/1458 1404/2446/1404
f 1338/2337/1338 1457/2527/1457 1456/2526/1456
f 1327/2317/1327 1458/2529/1458 1457/2527/1457
f 1320/2305/1320 1456/2526/1456 1458/2529/1458
f 1457/2527/1457 1458/2529/1458 1456/2526/1456
f 1459/2530/1459 1501/2595/1501 1503/2597/1503
f 1471/2549/1471 1502/2596/1502 1501/2595/1501
f 1473/2552/1473 1503/2597/1503 1502/2596/1502
f 1501/2595/1501 1502/2596/1502 1503/2597/1503
f 1470/2547/1470 1504/2598/1504 1506/2602/1506
f 1472/2550/1472 1505/2601/1505 1504/2599/1504
f 1471/2549/1471 1506/2602/1506 1505/2600/1505
f 1504/2599/1504 1505/2601/1505 1506/2603/1506
f 1464/2537/1464 1507/2605/1507 1509/2608/1509
f 1473/2553/1473 1508/2607/1508 1507/2605/1507
f 1472/2550/1472 1509/2608/1509 1508/2607/1508
f 1507/2605/1507 1508/2607/1508 1509/2608/1509
f 1471/2549/1471 1505/2600/1505 1502/2596/1502
f 1472/2550/1472 1508/2607/1508 1505/2601/1505
f 1473/2552/1473 1502/2596/1502 1508/2606/1508
f 1505/2600/1505 1508/2606/1508 1502/2596/1502
f 1459/2530/1459 1503/2597/1503 1511/2613/1511
f 1473/2552/1473 1510/2610/1510 1503/2597/1503
f 1475/2556/1475 1511/2612/1511 1510/2609/1510
f 1503/2597/1503 1510/2610/1510 1511/2613/1511
f 1464/2537/1464 1512/2615/1512 1507/2605/1507
f 1474/2554/1474 1513/2616/1513 1512/2614/1512
f 1473/2551/1473 1507/2604/1507 1513/2616/1513
f 1512/2615/1512 1513/2617/1513 1507/2605/1507
f 1460/2531/1460 1514/2618/1514 1516/2620/1516
f 1475/2556/1475 1515/2619/1515 1514/2618/1514
f 1474/2554/1474 1516/2620/1516 1515/2619/1515
f 1514/2618/1514 1515/2619/1515 1516/2620/1516
f 1473/2553/1473 1513/2617/1513 1510/2611/1510
f 1474/2554/1474 1515/2619/1515 1513/2616/1513
f 1475/2556/1475 1510/2609/1510 1515/2619/1515
f 1513/2616/1513 1515/2619/1515 1510/2609/1510
f 1459/2530/1459 1511/2613/1511 1518/2624/1518
f 1475/2556/1475 1517/2621/1517 1511/2612/1511
f 1477/2559/1477 1518/2624/1518 1517/2622/1517
f 1511/2613/1511 1517/2622/1517 1518/2624/1518
f 1460/2531/1460 1519/2625/1519 1514/2618/1514
f 1476/2557/1476 1520/2626/1520 1519/2625/1519
f 1475/2556/1475 1514/2618/1514 1520/2626/1520
f 1519/2625/1519 1520/2626/1520 1514/2618/1514
f 1466/2539/1466 1521/2627/1521 1523/2630/1523
f 1477/2560/1477 1522/2629/1522 1521/2627/1521
f 1476/2558/1476 1523/2630/1523 1522/2629/1522
f 1521/2627/1521 1522/2629/1522 1523/2630/1523
f 1475/2556/1475 1520/2626/1520 1517/2621/1517
f 1476/2557/1476 1522/2628/1522 1520/2626/1520
f 1477/2560/1477 1517/2623/1517 1522/2629/1522
f 1520/2626/1520 1522/2628/1522 1517/2621/1517
f 1459/2530/1459 1518/2624/1518 1525/2633/1525
f 1477/2559/1477 1524/2631/1524 1518/2624/1518
f 1479/2562/1479 1525/2633/1525 1524/2631/1524
f 1518/2624/1518 1524/2631/1524 1525/2633/1525
f 1466/2539/1466 1526/2634/1526 1521/2627/1521
f 1478/2561/1478 1527/2635/1527 1526/2634/1526
f 1477/2560/1477 1521/2627/1521 1527/2635/1527
f 1526/2634/1526 1527/2635/1527 1521/2627/1521
f 1469/2546/1469 1528/2637/1528 1530/2640/1530
f 1479/2562/1479 1529/2638/1529 1528/2636/1528
f 1478/2561/1478 1530/2640/1530 1529/2639/1529
f 1528/2637/1528 1529/2639/1529 1530/2640/1530
f 1477/2560/1477 1527/2635/1527 1524/2632/1524
f 1478/2561/1478 1529/2639/1529 1527/2635/1527
f 1479/2562/1479 1524/2631/1524 1529/2638/1529
f 1527/2635/1527 1529/2639/1529 1524/2632/1524
f 1459/2530/1459 1525/2633/1525 1501/2595/1501
f 1479/2562/1479 1531/2641/1531 1525/2633/1525
f 1471/2549/1471 1501/2595/1501 1531/2641/1531
f 1525/2633/1525 1531/2641/1531 1501/2595/1501
f 1469/2546/1469 1532/2644/1532 1528/2637/1528
f 1480/2564/1480 1533/2645/1533 1532/2643/1532
f 1479/2562/1479 1528/2636/1528 1533/2645/1533
f 1532/2643/1532 1533/2645/1533 1528/2636/1528
f 1470/2547/1470 1506/2602/1506 1535/2647/1535
f 1471/2549/1471 1534/2646/1534 1506/2602/1506
f 1480/2564/1480 1535/2647/1535 1534/2646/1534
f 1506/2602/1506 1534/2646/1534 1535/2647/1535
f 1479/2562/1479 1533/2645/1533 1531/2641/1531
f 1480/2564/1480 1534/2646/1534 1533/2645/1533
f 1471/2549/1471 1531/2641/1531 1534/2646/1534
f 1533/2645/1533 1534/2646/1534 1531/2641/1531
f 1460/2531/1460 1516/2620/1516 1537/2651/1537
f 1474/2554/1474 1536/2649/1536 1516/2620/1516
f 1482/2567/1482 1537/2651/1537 1536/2649/1536
f 1516/2620/1516 1536/2649/1536 1537/2651/1537
f 1464/2537/1464 1538/2653/1538 1512/2615/1512
f 1481/2565/1481 1539/2654/1539 1538/2652/1538
f 1474/2554/1474 1512/2614/1512 1539/2654/1539
f 1538/2653/1538 1539/2655/1539 1512/2615/1512
f 1468/2543/1468 1540/2656/1540 1542/2661/1542
f 1482/2569/1482 1541/2660/1541 1540/2658/1540
f 1481/2566/1481 1542/2662/1542 1541/2660/1541
f 1540/2656/1540 1541/2659/1541 1542/2661/1542
f 1474/2555/1474 1539/2655/1539 1536/2650/1536
f 1481/2566/1481 1541/2660/1541 1539/2655/1539
f 1482/2567/1482 1536/2649/1536 1541/2659/1541
f 1539/2655/1539 1541/2660/1541 1536/2650/1536
f 1464/2537/1464 1509/2608/1509 1544/2664/1544
f 1472/2550/1472 1543/2663/1543 1509/2608/1509
f 1484/2571/1484 1544/2664/1544 1543/2663/1543
f 1509/2608/1509 1543/2663/1543 1544/2664/1544
f 1470/2548/1470 1545/2665/1545 1504/2599/1504
f 1483/2570/1483 1546/2666/1546 1545/2665/1545
f 1472/2550/1472 1504/2599/1504 1546/2666/1546
f 1545/2665/1545 1546/2666/1546 1504/2599/1504
f 1463/2536/1463 1547/2668/1547 1549/2672/1549
f 1484/2571/1484 1548/2670/1548 1547/2668/1547
f 1483/2570/1483 1549/2672/1549 1548/2670/1548
f 1547/2667/1547 1548/2669/1548 1549/2671/1549
f 1472/2550/1472 1546/2666/1546 1543/2663/1543
f 1483/2570/1483 1548/2670/1548 1546/2666/1546
f 1484/2571/1484 1543/2663/1543 1548/2670/1548
f 1546/2666/1546 1548/2670/1548 1543/2663/1543
f 1470/2548/1470 1535/2648/1535 1551/2677/1551
f 1480/2564/1480 1550/2674/1550 1535/2647/1535
f 1486/2574/1486 1551/2675/1551 1550/2673/1550
f 1535/2647/1535 1550/2674/1550 1551/2676/1551
f 1469/2546/1469 1552/2679/1552 1532/2644/1532
f 1485/2572/1485 1553/2680/1553 1552/2678/1552
f 1480/2563/1480 1532/2642/1532 1553/2680/1553
f 1552/2678/1552 1553/2680/1553 1532/2642/1532
f 1461/2532/1461 1554/2681/1554 1556/2683/1556
f 1486/2574/1486 1555/2682/1555 1554/2681/1554
f 1485/2572/1485 1556/2683/1556 1555/2682/1555
f 1554/2681/1554 1555/2682/1555 1556/2683/1556
f 1480/2563/1480 1553/2680/1553 1550/2673/1550
f 1485/2572/1485 1555/2682/1555 1553/2680/1553
f 1486/2574/1486 1550/2673/1550 1555/2682/1555
f 1553/2680/1553 1555/2682/1555 1550/2673/1550
f 1469/2546/1469 1530/2640/1530 1558/2685/1558
f 1478/2561/1478 1557/2684/1557 1530/2640/1530
f 1488/2576/1488 1558/2685/1558 1557/2684/1557
f 1530/2640/1530 1557/2684/1557 1558/2685/1558
f 1466/2539/1466 1559/2686/1559 1526/2634/1526
f 1487/2575/1487 1560/2687/1560 1559/2686/1559
f 1478/2561/1478 1526/2634/1526 1560/2687/1560
f 1559/2686/1559 1560/2687/1560 1526/2634/1526
f 1465/2538/1465 1561/2688/1561 1563/2690/1563
f 1488/2576/1488 1562/2689/1562 1561/2688/1561
f 1487/2575/1487 1563/2690/1563 1562/2689/1562
f 1561/2688/1561 1562/2689/1562 1563/2690/1563
f 1478/2561/1478 1560/2687/1560 1557/2684/1557
f 1487/2575/1487 1562/2689/1562 1560/2687/1560
f 1488/2576/1488 1557/2684/1557 1562/2689/1562
f 1560/2687/1560 1562/2689/1562 1557/2684/1557
f 1466/2539/1466 1523/2630/1523 1565/2693/1565
f 1476/2558/1476 1564/2692/1564 1523/2630/1523
f 1490/2578/1490 1565/2693/1565 1564/2692/1564
f 1523/2630/1523 1564/2692/1564 1565/2693/1565
f 1460/2531/1460 1566/2694/1566 1519/2625/1519
f 1489/2577/1489 1567/2695/1567 1566/2694/1566
f 1476/2557/1476 1519/2625/1519 1567/2695/1567
f 1566/2694/1566 1567/2695/1567 1519/2625/1519
f 1467/2542/1467 1568/2696/1568 1570/2700/1570
f 1490/2578/1490 1569/2698/1569 1568/2696/1568
f 1489/2577/1489 1570/2699/1570 1569/2697/1569
f 1568/2696/1568 1569/2698/1569 1570/2700/1570
f 1476/2557/1476 1567/2695/1567 1564/2691/1564
f 1489/2577/1489 1569/2697/1569 1567/2695/1567
f 1490/2578/1490 1564/2692/1564 1569/2698/1569
f 1567/2695/1567 1569/2697/1569 1564/2691/1564
f 1462/2534/1462 1571/2701/1571 1573/2705/1573
f 1491/2579/1491 1572/2702/1572 1571/2701/1571
f 1493/2582/1493 1573/2705/1573 1572/2702/1572
f 1571/2701/1571 1572/2702/1572 1573/2705/1573
f 1468/2544/1468 1574/2706/1574 1576/2710/1576
f 1492/2580/1492 1575/2709/1575 1574/2707/1574
f 1491/2579/1491 1576/2710/1576 1575/2708/1575
f 1574/2706/1574 1575/2708/1575 1576/2710/1576
f 1463/2536/1463 1577/2712/1577 1579/2714/1579
f 1493/2583/1493 1578/2713/1578 1577/2712/1577
f 1492/2580/1492 1579/2714/1579 1578/2713/1578
f 1577/2712/1577 1578/2713/1578 1579/2714/1579
f 1491/2579/1491 1575/2708/1575 1572/2702/1572
f 1492/2580/1492 1578/2713/1578 1575/2709/1575
f 1493/2583/1493 1572/2703/1572 1578/2713/1578
f 1575/2709/1575 1578/2713/1578 1572/2703/1572
f 1462/2533/1462 1573/2704/1573 1581/2718/1581
f 1493/2581/1493 1580/2715/1580 1573/2704/1573
f 1495/2587/1495 1581/2719/1581 1580/2716/1580
f 1573/2704/1573 1580/2715/1580 1581/2718/1581
f 1463/2536/1463 1582/2720/1582 1577/2712/1577
f 1494/2585/1494 1583/2722/1583 1582/2720/1582
f 1493/2581/1493 1577/2711/1577 1583/2721/1583
f 1582/2720/1582 1583/2722/1583 1577/2712/1577
f 1461/2532/1461 1584/2723/1584 1586/2726/1586
f 1495/2586/1495 1585/2724/1585 1584/2723/1584
f 1494/2584/1494 1586/2726/1586 1585/2724/1585
f 1584/2723/1584 1585/2724/1585 1586/2726/1586
f 1493/2581/1493 1583/2721/1583 1580/2715/1580
f 1494/2585/1494 1585/2725/1585 1583/2722/1583
f 1495/2586/1495 1580/2715/1580 1585/2724/1585
f 1583/2722/1583 1585/2725/1585 1580/2717/1580
f 1462/2533/1462 1581/2718/1581 1588/2730/1588
f 1495/2587/1495 1587/2728/1587 1581/2719/1581
f 1497/2590/1497 1588/2732/1588 1587/2729/1587
f 1581/2719/1581 1587/2728/1587 1588/2731/1588
f 1461/2532/1461 1589/2733/1589 1584/2723/1584
f 1496/2588/1496 1590/2734/1590 1589/2733/1589
f 1495/2586/1495 1584/2723/1584 1590/2734/1590
f 1589/2733/1589 1590/2734/1590 1584/2723/1584
f 1465/2538/1465 1591/2736/1591 1593/2738/1593
f 1497/2590/1497 1592/2737/1592 1591/2736/1591
f 1496/2589/1496 1593/2738/1593 1592/2737/1592
f 1591/2736/1591 1592/2737/1592 1593/2738/1593
f 1495/2586/1495 1590/2734/1590 1587/2727/1587
f 1496/2589/1496 1592/2737/1592 1590/2735/1590
f 1497/2590/1497 1587/2729/1587 1592/2737/1592
f 1590/2735/1590 1592/2737/1592 1587/2729/1587
f 1462/2535/1462 1588/2732/1588 1595/2742/1595
f 1497/2590/1497 1594/2740/1594 1588/2732/1588
f 1499/2592/1499 1595/2741/1595 1594/2739/1594
f 1588/2731/1588 1594/2739/1594 1595/2741/1595
f 1465/2538/1465 1596/2743/1596 1591/2736/1591
f 1498/2591/1498 1597/2744/1597 1596/2743/1596
f 1497/2590/1497 1591/2736/1591 1597/2744/1597
f 1596/2743/1596 1597/2744/1597 1591/2736/1591
f 1467/2542/1467 1598/2746/1598 1600/2749/1600
f 1499/2592/1499 1599/2747/1599 1598/2745/1598
f 1498/2591/1498 1600/2749/1600 1599/2748/1599
f 1598/2746/1598 1599/2748/1599 1600/2749/1600
f 1497/2590/1497 1597/2744/1597 1594/2740/1594
f 1498/2591/1498 1599/2748/1599 1597/2744/1597
f 1499/2592/1499 1594/2739/1594 1599/2747/1599
f 1597/2744/1597 1599/2748/1599 1594/2740/1594
f 1462/2534/1462 1595/2741/1595 1571/2701/1571
f 1499/2592/1499 1601/2750/1601 1595/2741/1595
f 1491/2579/1491 1571/2701/1571 1601/2750/1601
f 1595/2741/1595 1601/2750/1601 1571/2701/1571
f 1467/2541/1467 1602/2752/1602 1598/2745/1598
f 1500/2594/1500 1603/2753/1603 1602/2752/1602
f 1499/2592/1499 1598/2745/1598 1603/2753/1603
f 1602/2752/1602 1603/2753/1603 1598/2745/1598
f 1468/2544/1468 1576/2710/1576 1605/2755/1605
f 1491/2579/1491 1604/2754/1604 1576/2710/1576
f 1500/2594/1500 1605/2755/1605 1604/2754/1604
f 1576/2710/1576 1604/2754/1604 1605/2755/1605
f 1499/2592/1499 1603/2753/1603 1601/2750/1601
f 1500/2594/1500 1604/2754/1604 1603/2753/1603
f 1491/2579/1491 1601/2750/1601 1604/2754/1604
f 1603/2753/1603 1604/2754/1604 1601/2750/1601
f 1463/2536/1463 1579/2714/1579 1547/2668/1547
f 1492/2580/1492 1606/2756/1606 1579/2714/1579
f 1484/2571/1484 1547/2668/1547 1606/2756/1606
f 1579/2714/1579 1606/2756/1606 1547/2668/1547
f 1468/2545/1468 1542/2662/1542 1574/2707/1574
f 1481/2566/1481 1607/2757/1607 1542/2662/1542
f 1492/2580/1492 1574/2707/1574 1607/2757/1607
f 1542/2662/1542 1607/2757/1607 1574/2707/1574
f 1464/2537/1464 1544/2664/1544 1538/2653/1538
f 1484/2571/1484 1608/2758/1608 1544/2664/1544
f 1481/2566/1481 1538/2653/1538 1608/2758/1608
f 1544/2664/1544 1608/2758/1608 1538/2653/1538
f 1492/2580/1492 1607/2757/1607 1606/2756/1606
f 1481/2566/1481 1608/2758/1608 1607/2757/1607
f 1484/2571/1484 1606/2756/1606 1608/2758/1608
f 1607/2757/1607 1608/2758/1608 1606/2756/1606
f 1461/2532/1461 1586/2726/1586 1554/2681/1554
f 1494/2584/1494 1609/2759/1609 1586/2726/1586
f 1486/2574/1486 1554/2681/1554 1609/2759/1609
f 1586/2726/1586 1609/2759/1609 1554/2681/1554
f 1463/2536/1463 1549/2672/1549 1582/2720/1582
f 1483/2570/1483 1610/2761/1610 1549/2672/1549
f 1494/2585/1494 1582/2720/1582 1610/2761/1610
f 1549/2672/1549 1610/2761/1610 1582/2720/1582
f 1470/2548/1470 1551/2677/1551 1545/2665/1545
f 1486/2574/1486 1611/2762/1611 1551/2675/1551
f 1483/2570/1483 1545/2665/1545 1611/2763/1611
f 1551/2677/1551 1611/2763/1611 1545/2665/1545
f 1494/2585/1494 1610/2761/1610 1609/2760/1609
f 1483/2570/1483 1611/2763/1611 1610/2761/1610
f 1486/2574/1486 1609/2759/1609 1611/2762/1611
f 1610/2761/1610 1611/2763/1611 1609/2760/1609
f 1465/2538/1465 1593/2738/1593 1561/2688/1561
f 1496/2589/1496 1612/2764/1612 1593/2738/1593
f 1488/2576/1488 1561/2688/1561 1612/2764/1612
f 1593/2738/1593 1612/2764/1612 1561/2688/1561
f 1461/2532/1461 1556/2683/1556 1589/2733/1589
f 1485/2572/1485 1613/2765/1613 1556/2683/1556
f 1496/2588/1496 1589/2733/1589 1613/2765/1613
f 1556/2683/1556 1613/2765/1613 1589/2733/1589
f 1469/2546/1469 1558/2685/1558 1552/2679/1552
f 1488/2576/1488 1614/2767/1614 1558/2685/1558
f 1485/2573/1485 1552/2679/1552 1614/2767/1614
f 1558/2685/1558 1614/2767/1614 1552/2679/1552
f 1496/2589/1496 1613/2766/1613 1612/2764/1612
f 1485/2573/1485 1614/2767/1614 1613/2766/1613
f 1488/2576/1488 1612/2764/1612 1614/2767/1614
f 1613/2766/1613 1614/2767/1614 1612/2764/1612
f 1467/2542/1467 1600/2749/1600 1568/2696/1568
f 1498/2591/1498 1615/2768/1615 1600/2749/1600
f 1490/2578/1490 1568/2696/1568 1615/2768/1615
f 1600/2749/1600 1615/2768/1615 1568/2696/1568
f 1465/2538/1465 1563/2690/1563 1596/2743/1596
f 1487/2575/1487 1616/2769/1616 1563/2690/1563
f 1498/2591/1498 1596/2743/1596 1616/2769/1616
f 1563/2690/1563 1616/2769/1616 1596/2743/1596
f 1466/2539/1466 1565/2693/1565 1559/2686/1559
f 1490/2578/1490 1617/2770/1617 1565/2693/1565
f 1487/2575/1487 1559/2686/1559 1617/2770/1617
f 1565/2693/1565 1617/2770/1617 1559/2686/1559
f 1498/2591/1498 1616/2769/1616 1615/2768/1615
f 1487/2575/1487 1617/2770/1617 1616/2769/1616
f 1490/2578/1490 1615/2768/1615 1617/2770/1617
f 1616/2769/1616 1617/2770/1617 1615/2768/1615
f 1468/2544/1468 1605/2755/1605 1540/2657/1540
f 1500/2594/1500 1618/2772/1618 1605/2755/1605
f 1482/2568/1482 1540/2657/1540 1618/2772/1618
f 1605/2755/1605 1618/2772/1618 1540/2657/1540
f 1467/2540/1467 1570/2699/1570 1602/2751/1602
f 1489/2577/1489 1619/2773/1619 1570/2699/1570
f 1500/2593/1500 1602/2751/1602 1619/2773/1619
f 1570/2699/1570 1619/2773/1619 1602/2751/1602
f 1460/2531/1460 1537/2651/1537 1566/2694/1566
f 1482/2567/1482 1620/2775/1620 1537/2651/1537
f 1489/2577/1489 1566/2694/1566 1620/2775/1620
f 1537/2651/1537 1620/2775/1620 1566/2694/1566
f 1500/2594/1500 1619/2774/1619 1618/2772/1618
f 1489/2577/1489 1620/2775/1620 1619/2773/1619
f 1482/2567/1482 1618/2771/1618 1620/2775/1620
f 1619/2774/1619 1620/2776/1620 1618/2772/1618
f 1621/2777/1621 1663/2856/1663 1665/2860/1665
f 1633/2799/1633 1664/2857/1664 1663/2856/1663
f 1635/2804/1635 1665/2860/1665 1664/2857/1664
f 1663/2856/1663 1664/2857/1664 1665/2860/1665
f 1632/2797/1632 1666/2863/1666 1668/2867/1668
f 1634/2801/1634 1667/2865/1667 1666/2863/1666
f 1633/2799/1633 1668/2867/1668 1667/2865/1667
f 1666/2863/1666 1667/2865/1667 1668/2867/1668
f 1626/2786/1626 1669/2870/1669 1671/2875/1671
f 1635/2805/1635 1670/2873/1670 1669/2870/1669
f 1634/2800/1634 1671/2874/1671 1670/2871/1670
f 1669/2870/1669 1670/2873/1670 1671/2875/1671
f 1633/2799/1633 1667/2865/1667 1664/2857/1664
f 1634/2801/1634 1670/2872/1670 1667/2865/1667
f 1635/2805/1635 1664/2858/1664 1670/2873/1670
f 1667/2866/1667 1670/2873/1670 1664/2858/1664
f 1621/2777/1621 1665/2860/1665 1673/2880/1673
f 1635/2803/1635 1672/2876/1672 1665/2859/1665
f 1637/2810/1637 1673/2881/1673 1672/2878/1672
f 1665/2861/1665 1672/2878/1672 1673/2881/1673
f 1626/2786/1626 1674/2884/1674 1669/2870/1669
f 1636/2806/1636 1675/2885/1675 1674/2882/1674
f 1635/2803/1635 1669/2868/1669 1675/2885/1675
f 1674/2883/1674 1675/2886/1675 1669/2869/1669
f 1622/2778/1622 1676/2888/1676 1678/2892/1678
f 1637/2808/1637 1677/2889/1677 1676/2888/1676
f 1636/2807/1636 1678/2893/1678 1677/2891/1677
f 1676/2888/1676 1677/2889/1677 1678/2892/1678
f 1635/2803/1635 1675/2885/1675 1672/2876/1672
f 1636/2807/1636 1677/2891/1677 1675/2887/1675
f 1637/2809/1637 1672/2877/1672 1677/2890/1677
f 1675/2887/1675 1677/2891/1677 1672/2878/1672
f 1621/2777/1621 1673/2880/1673 1680/2897/1680
f 1637/2808/1637 1679/2894/1679 1673/2879/1673
f 1639/2814/1639 1680/2898/1680 1679/2895/1679
f 1673/2879/1673 1679/2894/1679 1680/2896/1680
f 1622/2778/1622 1681/2899/1681 1676/2888/1676
f 1638/2811/1638 1682/2900/1682 1681/2899/1681
f 1637/2808/1637 1676/2888/1676 1682/2900/1682
f 1681/2899/1681 1682/2900/1682 1676/2888/1676
f 1628/2788/1628 1683/2902/1683 1685/2906/1685
f 1639/2814/1639 1684/2905/1684 1683/2902/1683
f 1638/2813/1638 1685/2906/1685 1684/2905/1684
f 1683/2902/1683 1684/2905/1684 1685/2906/1685
f 1637/2808/1637 1682/2900/1682 1679/2894/1679
f 1638/2812/1638 1684/2904/1684 1682/2901/1682
f 1639/2814/1639 1679/2895/1679 1684/2905/1684
f 1682/2900/1682 1684/2903/1684 1679/2894/1679
f 1621/2777/1621 1680/2897/1680 1687/2910/1687
f 1639/2814/1639 1686/2908/1686 1680/2898/1680
f 1641/2816/1641 1687/2910/1687 1686/2907/1686
f 1680/2897/1680 1686/2907/1686 1687/2910/1687
f 1628/2788/1628 1688/2912/1688 1683/2902/1683
f 1640/2815/1640 1689/2913/1689 1688/2912/1688
f 1639/2814/1639 1683/2902/1683 1689/2913/1689
f 1688/2912/1688 1689/2913/1689 1683/2902/1683
f 1631/2794/1631 1690/2914/1690 1692/2918/1692
f 1641/2816/1641 1691/2916/1691 1690/2914/1690
f 1640/2815/1640 1692/2919/1692 1691/2917/1691
f 1690/2914/1690 1691/2916/1691 1692/2918/1692
f 1639/2814/1639 1689/2913/1689 1686/2908/1686
f 1640/2815/1640 1691/2917/1691 1689/2913/1689
f 1641/2816/1641 1686/2907/1686 1691/2916/1691
f 1689/2913/1689 1691/2917/1691 1686/2908/1686
f 1621/2777/1621 1687/2910/1687 1663/2856/1663
f 1641/2817/1641 1693/2922/1693 1687/2911/1687
f 1633/2799/1633 1663/2856/1663 1693/2921/1693
f 1687/2909/1687 1693/2920/1693 1663/2855/1663
f 1631/2795/1631 1694/2925/1694 1690/2915/1690
f 1642/2819/1642 1695/2926/1695 1694/2924/1694
f 1641/2817/1641 1690/2915/1690 1695/2927/1695
f 1694/2925/1694 1695/2927/1695 1690/2915/1690
f 1632/2797/1632 1668/2867/1668 1697/2930/1697
f 1633/2799/1633 1696/2928/1696 1668/2867/1668
f 1642/2819/1642 1697/2930/1697 1696/2928/1696
f 1668/2867/1668 1696/2928/1696 1697/2930/1697
f 1641/2817/1641 1695/2927/1695 1693/2922/1693
f 1642/2819/1642 1696/2928/1696 1695/2926/1695
f 1633/2799/1633 1693/2921/1693 1696/2928/1696
f 1695/2926/1695 1696/2928/1696 1693/2921/1693
f 1622/2778/1622 1678/2892/1678 1699/2933/1699
f 1636/2807/1636 1698/2932/1698 1678/2893/1678
f 1644/2822/1644 1699/2933/1699 1698/2931/1698
f 1678/2892/1678 1698/2931/1698 1699/2933/1699
f 1626/2786/1626 1700/2935/1700 1674/2884/1674
f 1643/2820/1643 1701/2936/1701 1700/2934/1700
f 1636/2806/1636 1674/2882/1674 1701/2936/1701
f 1700/2934/1700 1701/2936/1701 1674/2882/1674
f 1630/2792/1630 1702/2938/1702 1704/2943/1704
f 1644/2823/1644 1703/2941/1703 1702/2939/1702
f 1643/2820/1643 1704/2942/1704 1703/2940/1703
f 1702/2939/1702 1703/2941/1703 1704/2944/1704
f 1636/2807/1636 1701/2937/1701 1698/2932/1698
f 1643/2820/1643 1703/2940/1703 1701/2936/1701
f 1644/2823/1644 1698/2932/1698 1703/2941/1703
f 1701/2937/1701 1703/2941/1703 1698/2932/1698
f 1626/2786/1626 1671/2875/1671 1706/2948/1706
f 1634/2800/1634 1705/2945/1705 1671/2874/1671
f 1646/2826/1646 1706/2947/1706 1705/2945/1705
f 1671/2875/1671 1705/2946/1705 1706/2948/1706
f 1632/2798/1632 1707/2950/1707 1666/2864/1666
f 1645/2824/1645 1708/2951/1708 1707/2949/1707
f 1634/2802/1634 1666/2864/1666 1708/2952/1708
f 1707/2949/1707 1708/2951/1708 1666/2862/1666
f 1625/2783/1625 1709/2953/1709 1711/2956/1711
f 1646/2827/1646 1710/2955/1710 1709/2954/1709
f 1645/2825/1645 1711/2957/1711 1710/2955/1710
f 1709/2954/1709 1710/2955/1710 1711/2957/1711
f 1634/2802/1634 1708/2952/1708 1705/2946/1705
f 1645/2825/1645 1710/2955/1710 1708/2952/1708
f 1646/2827/1646 1705/2946/1705 1710/2955/1710
f 1708/2952/1708 1710/2955/1710 1705/2946/1705
f 1632/2796/1632 1697/2929/1697 1713/2959/1713
f 1642/2818/1642 1712/2958/1712 1697/2929/1697
f 1648/2829/1648 1713/2959/1713 1712/2958/1712
f 1697/2929/1697 1712/2958/1712 1713/2959/1713
f 1631/2795/1631 1714/2961/1714 1694/2925/1694
f 1647/2828/1647 1715/2962/1715 1714/2960/1714
f 1642/2818/1642 1694/2923/1694 1715/2962/1715
f 1714/2960/1714 1715/2962/1715 1694/2923/1694
f 1623/2781/1623 1716/2964/1716 1718/2969/1718
f 1648/2829/1648 1717/2965/1717 1716/2963/1716
f 1647/2828/1647 1718/2967/1718 1717/2965/1717
f 1716/2964/1716 1717/2966/1717 1718/2969/1718
f 1642/2818/1642 1715/2962/1715 1712/2958/1712
f 1647/2828/1647 1717/2965/1717 1715/2962/1715
f 1648/2829/1648 1712/2958/1712 1717/2965/1717
f 1715/2962/1715 1717/2965/1717 1712/2958/1712
f 1631/2795/1631 1692/2919/1692 1720/2971/1720
f 1640/2815/1640 1719/2970/1719 1692/2919/1692
f 1650/2831/1650 1720/2971/1720 1719/2970/1719
f 1692/2919/1692 1719/2970/1719 1720/2971/1720
f 1628/2788/1628 1721/2972/1721 1688/2912/1688
f 1649/2830/1649 1722/2973/1722 1721/2972/1721
f 1640/2815/1640 1688/2912/1688 1722/2973/1722
f 1721/2972/1721 1722/2973/1722 1688/2912/1688
f 1627/2787/1627 1723/2974/1723 1725/2976/1725
f 1650/2831/1650 1724/2975/1724 1723/2974/1723
f 1649/2830/1649 1725/2976/1725 1724/2975/1724
f 1723/2974/1723 1724/2975/1724 1725/2976/1725
f 1640/2815/1640 1722/2973/1722 1719/2970/1719
f 1649/2830/1649 1724/2975/1724 1722/2973/1722
f 1650/2831/1650 1719/2970/1719 1724/2975/1724
f 1722/2973/1722 1724/2975/1724 1719/2970/1719
f 1628/2788/1628 1685/2906/1685 1727/2978/1727
f 1638/2813/1638 1726/2977/1726 1685/2906/1685
f 1652/2834/1652 1727/2978/1727 1726/2977/1726
f 1685/2906/1685 1726/2977/1726 1727/2978/1727
f 1622/2778/1622 1728/2979/1728 1681/2899/1681
f 1651/2832/1651 1729/2980/1729 1728/2979/1728
f 1638/2811/1638 1681/2899/1681 1729/2980/1729
f 1728/2979/1728 1729/2980/1729 1681/2899/1681
f 1629/2790/1629 1730/2982/1730 1732/2986/1732
f 1652/2834/1652 1731/2983/1731 1730/2982/1730
f 1651/2833/1651 1732/2986/1732 1731/2983/1731
f 1730/2982/1730 1731/2983/1731 1732/2986/1732
f 1638/2813/1638 1729/2981/1729 1726/2977/1726
f 1651/2833/1651 1731/2983/1731 1729/2981/1729
f 1652/2834/1652 1726/2977/1726 1731/2983/1731
f 1729/2981/1729 1731/2983/1731 1726/2977/1726
f 1624/2782/1624 1733/2987/1733 1735/2992/1735
f 1653/2836/1653 1734/2989/1734 1733/2987/1733
f 1655/2839/1655 1735/2991/1735 1734/2988/1734
f 1733/2987/1733 1734/2989/1734 1735/2992/1735
f 1630/2791/1630 1736/2994/1736 1738/2999/1738
f 1654/2838/1654 1737/2998/1737 1736/2995/1736
f 1653/2835/1653 1738/2999/1738 1737/2996/1737
f 1736/2994/1736 1737/2996/1737 1738/2999/1738
f 1625/2784/1625 1739/3003/1739 1741/3007/1741
f 1655/2840/1655 1740/3005/1740 1739/3003/1739
f 1654/2837/1654 1741/3007/1741 1740/3005/1740
f 1739/3003/1739 1740/3005/1740 1741/3007/1741
f 1653/2836/1653 1737/2997/1737 1734/2989/1734
f 1654/2838/1654 1740/3006/1740 1737/2998/1737
f 1655/2839/1655 1734/2988/1734 1740/3004/1740
f 1737/2998/1737 1740/3006/1740 1734/2990/1734
f 1624/2782/1624 1735/2992/1735 1743/3013/1743
f 1655/2839/1655 1742/3009/1742 1735/2991/1735
f 1657/2843/1657 1743/3012/1743 1742/3009/1742
f 1735/2993/1735 1742/3011/1742 1743/3014/1743
f 1625/2783/1625 1744/3015/1744 1739/3002/1739
f 1656/2841/1656 1745/3017/1745 1744/3015/1744
f 1655/2840/1655 1739/3003/1739 1745/3018/1745
f 1744/3015/1744 1745/3017/1745 1739/3002/1739
f 1623/2779/1623 1746/3019/1746 1748/3024/1748
f 1657/2843/1657 1747/3022/1747 1746/3019/1746
f 1656/2842/1656 1748/3025/1748 1747/3023/1747
f 1746/3020/1746 1747/3023/1747 1748/3025/1748
f 1655/2840/1655 1745/3018/1745 1742/3010/1742
f 1656/2841/1656 1747/3022/1747 1745/3017/1745
f 1657/2843/1657 1742/3009/1742 1747/3022/1747
f 1745/3017/1745 1747/3022/1747 1742/3009/1742
f 1624/2782/1624 1743/3013/1743 1750/3029/1750
f 1657/2843/1657 1749/3026/1749 1743/3012/1743
f 1659/2848/1659 1750/3029/1750 1749/3027/1749
f 1743/3013/1743 1749/3027/1749 1750/3029/1750
f 1623/2779/1623 1751/3030/1751 1746/3019/1746
f 1658/2845/1658 1752/3032/1752 1751/3030/1751
f 1657/2844/1657 1746/3021/1746 1752/3033/1752
f 1751/3030/1751 1752/3032/1752 1746/3019/1746
f 1627/2787/1627 1753/3034/1753 1755/3037/1755
f 1659/2849/1659 1754/3036/1754 1753/3034/1753
f 1658/2846/1658 1755/3037/1755 1754/3036/1754
f 1753/3034/1753 1754/3036/1754 1755/3037/1755
f 1657/2844/1657 1752/3033/1752 1749/3028/1749
f 1658/2846/1658 1754/3036/1754 1752/3033/1752
f 1659/2847/1659 1749/3026/1749 1754/3035/1754
f 1752/3033/1752 1754/3036/1754 1749/3028/1749
f 1624/2782/1624 1750/3029/1750 1757/3040/1757
f 1659/2848/1659 1756/3038/1756 1750/3029/1750
f 1661/2852/1661 1757/3040/1757 1756/3038/1756
f 1750/3029/1750 1756/3038/1756 1757/3040/1757
f 1627/2787/1627 1758/3041/1758 1753/3034/1753
f 1660/2851/1660 1759/3043/1759 1758/3041/1758
f 1659/2849/1659 1753/3034/1753 1759/3043/1759
f 1758/3041/1758 1759/3043/1759 1753/3034/1753
f 1629/2789/1629 1760/3044/1760 1762/3048/1762
f 1661/2853/1661 1761/3047/1761 1760/3045/1760
f 1660/2850/1660 1762/3048/1762 1761/3046/1761
f 1760/3044/1760 1761/3046/1761 1762/3048/1762
f 1659/2849/1659 1759/3043/1759 1756/3039/1756
f 1660/2850/1660 1761/3046/1761 1759/3042/1759
f 1661/2853/1661 1756/3039/1756 1761/3047/1761
f 1759/3043/1759 1761/3047/1761 1756/3039/1756
f 1624/2782/1624 1757/3040/1757 1733/2987/1733
f 1661/2852/1661 1763/3050/1763 1757/3040/1757
f 1653/2836/1653 1733/2987/1733 1763/3050/1763
f 1757/3040/1757 1763/3050/1763 1733/2987/1733
f 1629/2789/1629 1764/3052/1764 1760/3044/1760
f 1662/2854/1662 1765/3054/1765 1764/3052/1764
f 1661/2853/1661 1760/3045/1760 1765/3055/1765
f 1764/3053/1764 1765/3055/1765 1760/3045/1760
f 1630/2793/1630 1738/3001/1738 1767/3058/1767
f 1653/2836/1653 1766/3056/1766 1738/3000/1738
f 1662/2854/1662 1767/3057/1767 1766/3056/1766
f 1738/3000/1738 1766/3056/1766 1767/3057/1767
f 1661/2853/1661 1765/3055/1765 1763/3051/1763
f 1662/2854/1662 1766/3056/1766 1765/3054/1765
f 1653/2836/1653 1763/3050/1763 1766/3056/1766
f 1765/3054/1765 1766/3056/1766 1763/3050/1763
f 1625/2785/1625 1741/3008/1741 1709/2954/1709
f 1654/2838/1654 1768/3060/1768 1741/3008/1741
f 1646/2827/1646 1709/2954/1709 1768/3060/1768
f 1741/3008/1741 1768/3060/1768 1709/2954/1709
f 1630/2791/1630 1704/2942/1704 1736/2994/1736
f 1643/2821/1643 1769/3061/1769 1704/2944/1704
f 1654/2838/1654 1736/2995/1736 1769/3061/1769
f 1704/2944/1704 1769/3061/1769 1736/2995/1736
f 1626/2786/1626 1706/2948/1706 1700/2935/1700
f 1646/2826/1646 1770/3062/1770 1706/2947/1706
f 1643/2821/1643 1700/2935/1700 1770/3063/1770
f 1706/2948/1706 1770/3063/1770 1700/2935/1700
f 1654/2838/1654 1769/3061/1769 1768/3060/1768
f 1643/2821/1643 1770/3063/1770 1769/3061/1769
f 1646/2826/1646 1768/3059/1768 1770/3062/1770
f 1769/3061/1769 1770/3063/1770 1768/3060/1768
f 1623/2779/1623 1748/3024/1748 1716/2963/1716
f 1656/2841/1656 1771/3064/1771 1748/3024/1748
f 1648/2829/1648 1716/2963/1716 1771/3064/1771
f 1748/3024/1748 1771/3064/1771 1716/2963/1716
f 1625/2783/1625 1711/2956/1711 1744/3015/1744
f 1645/2825/1645 1772/3066/1772 1711/2957/1711
f 1656/2841/1656 1744/3015/1744 1772/3065/1772
f 1711/2957/1711 1772/3066/1772 1744/3016/1744
f 1632/2796/1632 1713/2959/1713 1707/2949/1707
f 1648/2829/1648 1773/3067/1773 1713/2959/1713
f 1645/2824/1645 1707/2949/1707 1773/3067/1773
f 1713/2959/1713 1773/3067/1773 1707/2949/1707
f 1656/2841/1656 1772/3065/1772 1771/3064/1771
f 1645/2824/1645 1773/3067/1773 1772/3065/1772
f 1648/2829/1648 1771/3064/1771 1773/3067/1773
f 1772/3065/1772 1773/3067/1773 1771/3064/1771
f 1627/2787/1627 1755/3037/1755 1723/2974/1723
f 1658/2846/1658 1774/3068/1774 1755/3037/1755
f 1650/2831/1650 1723/2974/1723 1774/3068/1774
f 1755/3037/1755 1774/3068/1774 1723/2974/1723
f 1623/2780/1623 1718/2968/1718 1751/3031/1751
f 1647/2828/1647 1775/3069/1775 1718/2967/1718
f 1658/2845/1658 1751/3030/1751 1775/3069/1775
f 1718/2967/1718 1775/3069/1775 1751/3030/1751
f 1631/2795/1631 1720/2971/1720 1714/2961/1714
f 1650/2831/1650 1776/3072/1776 1720/2971/1720
f 1647/2828/1647 1714/2960/1714 1776/3071/1776
f 1720/2971/1720 1776/3072/1776 1714/2961/1714
f 1658/2846/1658 1775/3070/1775 1774/3068/1774
f 1647/2828/1647 1776/3071/1776 1775/3069/1775
f 1650/2831/1650 1774/3068/1774 1776/3072/1776
f 1775/3070/1775 1776/3072/1776 1774/3068/1774
f 1629/2790/1629 1762/3049/1762 1730/2982/1730
f 1660/2851/1660 1777/3073/1777 1762/3049/1762
f 1652/2834/1652 1730/2982/1730 1777/3073/1777
f 1762/3049/1762 1777/3073/1777 1730/2982/1730
f 1627/2787/1627 1725/2976/1725 1758/3041/1758
f 1649/2830/1649 1778/3074/1778 1725/2976/1725
f 1660/2851/1660 1758/3041/1758 1778/3074/1778
f 1725/2976/1725 1778/3074/1778 1758/3041/1758
f 1628/2788/1628 1727/2978/1727 1721/2972/1721
f 1652/2834/1652 1779/3075/1779 1727/2978/1727
f 1649/2830/1649 1721/2972/1721 1779/3075/1779
f 1727/2978/1727 1779/3075/1779 1721/2972/1721
f 1660/2851/1660 1778/3074/1778 1777/3073/1777
f 1649/2830/1649 1779/3075/1779 1778/3074/1778
f 1652/2834/1652 1777/3073/1777 1779/3075/1779
f 1778/3074/1778 1779/3075/1779 1777/3073/1777
f 1630/2793/1630 1767/3058/1767 1702/2939/1702
f 1662/2854/1662 1780/3077/1780 1767/3057/1767
f 1644/2823/1644 1702/2939/1702 1780/3078/1780
f 1767/3058/1767 1780/3078/1780 1702/2939/1702
f 1629/2789/1629 1732/2985/1732 1764/3052/1764
f 1651/2832/1651 1781/3079/1781 1732/2984/1732
f 1662/2854/1662 1764/3052/1764 1781/3080/1781
f 1732/2985/1732 1781/3080/1781 1764/3052/1764
f 1622/2778/1622 1699/2933/1699 1728/2979/1728
f 1644/2822/1644 1782/3081/1782 1699/2933/1699
f 1651/2832/1651 1728/2979/1728 1782/3081/1782
f 1699/2933/1699 1782/3081/1782 1728/2979/1728
f 1662/2854/1662 1781/3080/1781 1780/3077/1780
f 1651/2832/1651 1782/3081/1782 1781/3079/1781
f 1644/2822/1644 1780/3076/1780 1782/3081/1782
f 1781/3079/1781 1782/3081/1782 1780/3076/1780
f 1783/3083/1783 1825/3150/1825 1827/3153/1827
f 1795/3102/1795 1826/3151/1826 1825/3150/1825
f 1797/3106/1797 1827/3153/1827 1826/3151/1826
f 1825/3150/1825 1826/3151/1826 1827/3153/1827
f 1794/3100/1794 1828/3155/1828 1830/3160/1830
f 1796/3103/1796 1829/3157/1829 1828/3154/1828
f 1795/3101/1795 1830/3159/1830 1829/3157/1829
f 1828/3154/1828 1829/3157/1829 1830/3159/1830
f 1788/3090/1788 1831/3162/1831 1833/3166/1833
f 1797/3106/1797 1832/3163/1832 1831/3161/1831
f 1796/3104/1796 1833/3165/1833 1832/3163/1832
f 1831/3161/1831 1832/3163/1832 1833/3165/1833
f 1795/3102/1795 1829/3158/1829 1826/3151/1826
f 1796/3104/1796 1832/3163/1832 1829/3158/1829
f 1797/3106/1797 1826/3151/1826 1832/3163/1832
f 1829/3158/1829 1832/3163/1832 1826/3151/1826
f 1783/3082/1783 1827/3152/1827 1835/3168/1835
f 1797/3106/1797 1834/3167/1834 1827/3153/1827
f 1799/3111/1799 1835/3169/1835 1834/3167/1834
f 1827/3153/1827 1834/3167/1834 1835/3169/1835
f 1788/3089/1788 1836/3170/1836 1831/3161/1831
f 1798/3108/1798 1837/3172/1837 1836/3170/1836
f 1797/3106/1797 1831/3161/1831 1837/3172/1837
f 1836/3170/1836 1837/3172/1837 1831/3161/1831
f 1784/3084/1784 1838/3174/1838 1840/3178/1840
f 1799/3110/1799 1839/3175/1839 1838/3173/1838
f 1798/3107/1798 1840/3177/1840 1839/3175/1839
f 1838/3173/1838 1839/3175/1839 1840/3177/1840
f 1797/3106/1797 1837/3172/1837 1834/3167/1834
f 1798/3108/1798 1839/3176/1839 1837/3172/1837
f 1799/3111/1799 1834/3167/1834 1839/3176/1839
f 1837/3172/1837 1839/3176/1839 1834/3167/1834
f 1783/3082/1783 1835/3168/1835 1842/3182/1842
f 1799/3111/1799 1841/3181/1841 1835/3169/1835
f 1801/3115/1801 1842/3183/1842 1841/3181/1841
f 1835/3169/1835 1841/3181/1841 1842/3183/1842
f 1784/3084/1784 1843/3185/1843 1838/3174/1838
f 1800/3113/1800 1844/3187/1844 1843/3185/1843
f 1799/3110/1799 1838/3173/1838 1844/3186/1844
f 1843/3185/1843 1844/3187/1844 1838/3174/1838
f 1790/3092/1790 1845/3188/1845 1847/3192/1847
f 1801/3116/1801 1846/3191/1846 1845/3188/1845
f 1800/3114/1800 1847/3192/1847 1846/3191/1846
f 1845/3188/1845 1846/3191/1846 1847/3192/1847
f 1799/3110/1799 1844/3186/1844 1841/3180/1841
f 1800/3112/1800 1846/3189/1846 1844/3186/1844
f 1801/3115/1801 1841/3181/1841 1846/3190/1846
f 1844/3186/1844 1846/3189/1846 1841/3180/1841
f 1783/3082/1783 1842/3182/1842 1849/3195/1849
f 1801/3116/1801 1848/3194/1848 1842/3184/1842
f 1803/3118/1803 1849/3195/1849 1848/3193/1848
f 1842/3182/1842 1848/3193/1848 1849/3195/1849
f 1790/3092/1790 1850/3197/1850 1845/3188/1845
f 1802/3117/1802 1851/3198/1851 1850/3197/1850
f 1801/3116/1801 1845/3188/1845 1851/3198/1851
f 1850/3197/1850 1851/3198/1851 1845/3188/1845
f 1793/3099/1793 1852/3200/1852 1854/3203/1854
f 1803/3118/1803 1853/3201/1853 1852/3199/1852
f 1802/3117/1802 1854/3203/1854 1853/3202/1853
f 1852/3200/1852 1853/3202/1853 1854/3203/1854
f 1801/3116/1801 1851/3198/1851 1848/3194/1848
f 1802/3117/1802 1853/3202/1853 1851/3198/1851
f 1803/3119/1803 1848/3194/1848 1853/3202/1853
f 1851/3198/1851 1853/3202/1853 1848/3194/1848
f 1783/3083/1783 1849/3196/1849 1825/3150/1825
f 1803/3118/1803 1855/3204/1855 1849/3195/1849
f 1795/3101/1795 1825/3149/1825 1855/3204/1855
f 1849/3195/1849 1855/3204/1855 1825/3149/1825
f 1793/3099/1793 1856/3207/1856 1852/3200/1852
f 1804/3120/1804 1857/3209/1857 1856/3206/1856
f 1803/3118/1803 1852/3199/1852 1857/3208/1857
f 1856/3205/1856 1857/3208/1857 1852/3199/1852
f 1794/3100/1794 1830/3160/1830 1859/3212/1859
f 1795/3101/1795 1858/3210/1858 1830/3159/1830
f 1804/3120/1804 1859/3212/1859 1858/3211/1858
f 1830/3160/1830 1858/3211/1858 1859/3212/1859
f 1803/3118/1803 1857/3208/1857 1855/3204/1855
f 1804/3120/1804 1858/3211/1858 1857/3209/1857
f 1795/3101/1795 1855/3204/1855 1858/3210/1858
f 1857/3208/1857 1858/3210/1858 1855/3204/1855
f 1784/3084/1784 1840/3178/1840 1861/3216/1861
f 1798/3109/1798 1860/3215/1860 1840/3179/1840
f 1806/3122/1806 1861/3216/1861 1860/3214/1860
f 1840/3178/1840 1860/3214/1860 1861/3216/1861
f 1788/3089/1788 1862/3217/1862 1836/3170/1836
f 1805/3121/1805 1863/3221/1863 1862/3218/1862
f 1798/3108/1798 1836/3170/1836 1863/3220/1863
f 1862/3218/1862 1863/3221/1863 1836/3171/1836
f 1792/3097/1792 1864/3223/1864 1866/3226/1866
f 1806/3122/1806 1865/3224/1865 1864/3222/1864
f 1805/3121/1805 1866/3226/1866 1865/3225/1865
f 1864/3223/1864 1865/3225/1865 1866/3226/1866
f 1798/3107/1798 1863/3219/1863 1860/3213/1860
f 1805/3121/1805 1865/3225/1865 1863/3221/1863
f 1806/3122/1806 1860/3214/1860 1865/3224/1865
f 1863/3221/1863 1865/3225/1865 1860/3215/1860
f 1788/3090/1788 1833/3166/1833 1868/3231/1868
f 1796/3104/1796 1867/3228/1867 1833/3165/1833
f 1808/3125/1808 1868/3231/1868 1867/3229/1867
f 1833/3164/1833 1867/3227/1867 1868/3230/1868
f 1794/3100/1794 1869/3232/1869 1828/3155/1828
f 1807/3123/1807 1870/3233/1870 1869/3232/1869
f 1796/3105/1796 1828/3156/1828 1870/3234/1870
f 1869/3232/1869 1870/3233/1870 1828/3155/1828
f 1787/3088/1787 1871/3235/1871 1873/3238/1873
f 1808/3125/1808 1872/3236/1872 1871/3235/1871
f 1807/3124/1807 1873/3238/1873 1872/3236/1872
f 1871/3235/1871 1872/3236/1872 1873/3238/1873
f 1796/3105/1796 1870/3234/1870 1867/3229/1867
f 1807/3124/1807 1872/3236/1872 1870/3234/1870
f 1808/3125/1808 1867/3229/1867 1872/3236/1872
f 1870/3234/1870 1872/3236/1872 1867/3229/1867
f 1794/3100/1794 1859/3212/1859 1875/3240/1875
f 1804/3120/1804 1874/3239/1874 1859/3212/1859
f 1810/3127/1810 1875/3240/1875 1874/3239/1874
f 1859/3212/1859 1874/3239/1874 1875/3240/1875
f 1793/3098/1793 1876/3241/1876 1856/3206/1856
f 1809/3126/1809 1877/3243/1877 1876/3241/1876
f 1804/3120/1804 1856/3206/1856 1877/3243/1877
f 1876/3241/1876 1877/3243/1877 1856/3206/1856
f 1785/3085/1785 1878/3244/1878 1880/3246/1880
f 1810/3127/1810 1879/3245/1879 1878/3244/1878
f 1809/3126/1809 1880/3246/1880 1879/3245/1879
f 1878/3244/1878 1879/3245/1879 1880/3246/1880
f 1804/3120/1804 1877/3243/1877 1874/3239/1874
f 1809/3126/1809 1879/3245/1879 1877/3243/1877
f 1810/3127/1810 1874/3239/1874 1879/3245/1879
f 1877/3243/1877 1879/3245/1879 1874/3239/1874
f 1793/3099/1793 1854/3203/1854 1882/3248/1882
f 1802/3117/1802 1881/3247/1881 1854/3203/1854
f 1812/3129/1812 1882/3248/1882 1881/3247/1881
f 1854/3203/1854 1881/3247/1881 1882/3248/1882
f 1790/3092/1790 1883/3249/1883 1850/3197/1850
f 1811/3128/1811 1884/3250/1884 1883/3249/1883
f 1802/3117/1802 1850/3197/1850 1884/3250/1884
f 1883/3249/1883 1884/3250/1884 1850/3197/1850
f 1789/3091/1789 1885/3251/1885 1887/3253/1887
f 1812/3129/1812 1886/3252/1886 1885/3251/1885
f 1811/3128/1811 1887/3253/1887 1886/3252/1886
f 1885/3251/1885 1886/3252/1886 1887/3253/1887
f 1802/3117/1802 1884/3250/1884 1881/3247/1881
f 1811/3128/1811 1886/3252/1886 1884/3250/1884
f 1812/3129/1812 1881/3247/1881 1886/3252/1886
f 1884/3250/1884 1886/3252/1886 1881/3247/1881
f 1790/3092/1790 1847/3192/1847 1889/3256/1889
f 1800/3114/1800 1888/3255/1888 1847/3192/1847
f 1814/3131/1814 1889/3256/1889 1888/3255/1888
f 1847/3192/1847 1888/3255/1888 1889/3256/1889
f 1784/3084/1784 1890/3257/1890 1843/3185/1843
f 1813/3130/1813 1891/3258/1891 1890/3257/1890
f 1800/3113/1800 1843/3185/1843 1891/3258/1891
f 1890/3257/1890 1891/3258/1891 1843/3185/1843
f 1791/3093/1791 1892/3259/1892 1894/3263/1894
f 1814/3131/1814 1893/3262/1893 1892/3260/1892
f 1813/3130/1813 1894/3263/1894 1893/3261/1893
f 1892/3259/1892 1893/3261/1893 1894/3263/1894
f 1800/3113/1800 1891/3258/1891 1888/3254/1888
f 1813/3130/1813 1893/3261/1893 1891/3258/1891
f 1814/3131/1814 1888/3255/1888 1893/3262/1893
f 1891/3258/1891 1893/3261/1893 1888/3254/1888
f 1786/3086/1786 1895/3264/1895 1897/3268/1897
f 1815/3133/1815 1896/3267/1896 1895/3265/1895
f 1817/3136/1817 1897/3268/1897 1896/3266/1896
f 1895/3264/1895 1896/3266/1896 1897/3268/1897
f 1792/3095/1792 1898/3270/1898 1900/3276/1900
f 1816/3134/1816 1899/3274/1899 1898/3271/1898
f 1815/3132/1815 1900/3276/1900 1899/3273/1899
f 1898/3272/1898 1899/3275/1899 1900/3277/1900
f 1787/3088/1787 1901/3279/1901 1903/3283/1903
f 1817/3137/1817 1902/3281/1902 1901/3278/1901
f 1816/3135/1816 1903/3283/1903 1902/3282/1902
f 1901/3279/1901 1902/3282/1902 1903/3283/1903
f 1815/3133/1815 1899/3274/1899 1896/3267/1896
f 1816/3134/1816 1902/3281/1902 1899/3274/1899
f 1817/3136/1817 1896/3266/1896 1902/3280/1902
f 1899/3274/1899 1902/3281/1902 1896/3267/1896
f 1786/3087/1786 1897/3269/1897 1905/3287/1905
f 1817/3137/1817 1904/3285/1904 1897/3269/1897
f 1819/3141/1819 1905/3286/1905 1904/3284/1904
f 1897/3269/1897 1904/3285/1904 1905/3287/1905
f 1787/3088/1787 1906/3289/1906 1901/3279/1901
f 1818/3140/1818 1907/3291/1907 1906/3289/1906
f 1817/3138/1817 1901/3279/1901 1907/3291/1907
f 1906/3289/1906 1907/3291/1907 1901/3279/1901
f 1785/3085/1785 1908/3293/1908 1910/3297/1910
f 1819/3141/1819 1909/3294/1909 1908/3292/1908
f 1818/3139/1818 1910/3297/1910 1909/3295/1909
f 1908/3293/1908 1909/3295/1909 1910/3297/1910
f 1817/3136/1817 1907/3290/1907 1904/3284/1904
f 1818/3140/1818 1909/3296/1909 1907/3291/1907
f 1819/3141/1819 1904/3284/1904 1909/3294/1909
f 1907/3290/1907 1909/3294/1909 1904/3284/1904
f 1786/3087/1786 1905/3287/1905 1912/3302/1912
f 1819/3141/1819 1911/3298/1911 1905/3286/1905
f 1821/3143/1821 1912/3302/1912 1911/3299/1911
f 1905/3287/1905 1911/3299/1911 1912/3302/1912
f 1785/3085/1785 1913/3305/1913 1908/3293/1908
f 1820/3142/1820 1914/3308/1914 1913/3306/1913
f 1819/3141/1819 1908/3292/1908 1914/3307/1914
f 1913/3304/1913 1914/3307/1914 1908/3292/1908
f 1789/3091/1789 1915/3309/1915 1917/3312/1917
f 1821/3144/1821 1916/3311/1916 1915/3309/1915
f 1820/3142/1820 1917/3312/1917 1916/3311/1916
f 1915/3309/1915 1916/3311/1916 1917/3312/1917
f 1819/3141/1819 1914/3307/1914 1911/3298/1911
f 1820/3142/1820 1916/3311/1916 1914/3308/1914
f 1821/3143/1821 1911/3299/1911 1916/3310/1916
f 1914/3308/1914 1916/3311/1916 1911/3300/1911
f 1786/3087/1786 1912/3302/1912 1919/3316/1919
f 1821/3144/1821 1918/3314/1918 1912/3303/1912
f 1823/3146/1823 1919/3315/1919 1918/3313/1918
f 1912/3301/1912 1918/3313/1918 1919/3315/1919
f 1789/3091/1789 1920/3317/1920 1915/3309/1915
f 1822/3145/1822 1921/3318/1921 1920/3317/1920
f 1821/3144/1821 1915/3309/1915 1921/3318/1921
f 1920/3317/1920 1921/3318/1921 1915/3309/1915
f 1791/3094/1791 1922/3321/1922 1924/3324/1924
f 1823/3146/1823 1923/3322/1923 1922/3319/1922
f 1822/3145/1822 1924/3324/1924 1923/3323/1923
f 1922/3321/1922 1923/3323/1923 1924/3324/1924
f 1821/3144/1821 1921/3318/1921 1918/3314/1918
f 1822/3145/1822 1923/3323/1923 1921/3318/1921
f 1823/3146/1823 1918/3313/1918 1923/3322/1923
f 1921/3318/1921 1923/3323/1923 1918/3314/1918
f 1786/3087/1786 1919/3316/1919 1895/3265/1895
f 1823/3146/1823 1925/3325/1925 1919/3315/1919
f 1815/3133/1815 1895/3265/1895 1925/3326/1925
f 1919/3315/1919 1925/3325/1925 1895/3264/1895
f 1791/3093/1791 1926/3327/1926 1922/3320/1922
f 1824/3148/1824 1927/3329/1927 1926/3327/1926
f 1823/3146/1823 1922/3319/1922 1927/3328/1927
f 1926/3327/1926 1927/3329/1927 1922/3320/1922
f 1792/3095/1792 1900/3276/1900 1929/3332/1929
f 1815/3132/1815 1928/3330/1928 1900/3276/1900
f 1824/3147/1824 1929/3332/1929 1928/3330/1928
f 1900/3276/1900 1928/3330/1928 1929/3332/1929
f 1823/3146/1823 1927/3328/1927 1925/3325/1925
f 1824/3148/1824 1928/3331/1928 1927/3329/1927
f 1815/3132/1815 1925/3325/1925 1928/3330/1928
f 1927/3328/1927 1928/3330/1928 1925/3325/1925
f 1787/3088/1787 1903/3283/1903 1871/3235/1871
f 1816/3135/1816 1930/3335/1930 1903/3283/1903
f 1808/3125/1808 1871/3235/1871 1930/3335/1930
f 1903/3283/1903 1930/3335/1930 1871/3235/1871
f 1792/3097/1792 1866/3226/1866 1898/3272/1898
f 1805/3121/1805 1931/3337/1931 1866/3226/1866
f 1816/3134/1816 1898/3271/1898 1931/3336/1931
f 1866/3226/1866 1931/3337/1931 1898/3272/1898
f 1788/3090/1788 1868/3231/1868 1862/3218/1862
f 1808/3125/1808 1932/3339/1932 1868/3231/1868
f 1805/3121/1805 1862/3218/1862 1932/3339/1932
f 1868/3231/1868 1932/3339/1932 1862/3218/1862
f 1816/3134/1816 1931/3336/1931 1930/3334/1930
f 1805/3121/1805 1932/3339/1932 1931/3337/1931
f 1808/3125/1808 1930/3335/1930 1932/3339/1932
f 1931/3336/1931 1932/3338/1932 1930/3334/1930
f 1785/3085/1785 1910/3297/1910 1878/3244/1878
f 1818/3139/1818 1933/3340/1933 1910/3297/1910
f 1810/3127/1810 1878/3244/1878 1933/3340/1933
f 1910/3297/1910 1933/3340/1933 1878/3244/1878
f 1787/3088/1787 1873/3238/1873 1906/3289/1906
f 1807/3123/1807 1934/3341/1934 1873/3237/1873
f 1818/3140/1818 1906/3289/1906 1934/3342/1934
f 1873/3237/1873 1934/3341/1934 1906/3288/1906
f 1794/3100/1794 1875/3240/1875 1869/3232/1869
f 1810/3127/1810 1935/3343/1935 1875/3240/1875
f 1807/3123/1807 1869/3232/1869 1935/3343/1935
f 1875/3240/1875 1935/3343/1935 1869/3232/1869
f 1818/3139/1818 1934/3341/1934 1933/3340/1933
f 1807/3123/1807 1935/3343/1935 1934/3341/1934
f 1810/3127/1810 1933/3340/1933 1935/3343/1935
f 1934/3341/1934 1935/3343/1935 1933/3340/1933
f 1789/3091/1789 1917/3312/1917 1885/3251/1885
f 1820/3142/1820 1936/3344/1936 1917/3312/1917
f 1812/3129/1812 1885/3251/1885 1936/3344/1936
f 1917/3312/1917 1936/3344/1936 1885/3251/1885
f 1785/3085/1785 1880/3246/1880 1913/3305/1913
f 1809/3126/1809 1937/3345/1937 1880/3246/1880
f 1820/3142/1820 1913/3306/1913 1937/3346/1937
f 1880/3246/1880 1937/3345/1937 1913/3305/1913
f 1793/3099/1793 1882/3248/1882 1876/3242/1876
f 1812/3129/1812 1938/3348/1938 1882/3248/1882
f 1809/3126/1809 1876/3241/1876 1938/3347/1938
f 1882/3248/1882 1938/3348/1938 1876/3242/1876
f 1820/3142/1820 1937/3346/1937 1936/3344/1936
f 1809/3126/1809 1938/3347/1938 1937/3345/1937
f 1812/3129/1812 1936/3344/1936 1938/3348/1938
f 1937/3346/1937 1938/3348/1938 1936/3344/1936
f 1791/3094/1791 1924/3324/1924 1892/3260/1892
f 1822/3145/1822 1939/3349/1939 1924/3324/1924
f 1814/3131/1814 1892/3260/1892 1939/3349/1939
f 1924/3324/1924 1939/3349/1939 1892/3260/1892
f 1789/3091/1789 1887/3253/1887 1920/3317/1920
f 1811/3128/1811 1940/3350/1940 1887/3253/1887
f 1822/3145/1822 1920/3317/1920 1940/3350/1940
f 1887/3253/1887 1940/3350/1940 1920/3317/1920
f 1790/3092/1790 1889/3256/1889 1883/3249/1883
f 1814/3131/1814 1941/3351/1941 1889/3256/1889
f 1811/3128/1811 1883/3249/1883 1941/3351/1941
f 1889/3256/1889 1941/3351/1941 1883/3249/1883
f 1822/3145/1822 1940/3350/1940 1939/3349/1939
f 1811/3128/1811 1941/3351/1941 1940/3350/1940
f 1814/3131/1814 1939/3349/1939 1941/3351/1941
f 1940/3350/1940 1941/3351/1941 1939/3349/1939
f 1792/3096/1792 1929/3333/1929 1864/3222/1864
f 1824/3148/1824 1942/3352/1942 1929/3333/1929
f 1806/3122/1806 1864/3222/1864 1942/3352/1942
f 1929/3333/1929 1942/3352/1942 1864/3222/1864
f 1791/3093/1791 1894/3263/1894 1926/3327/1926
f 1813/3130/1813 1943/3353/1943 1894/3263/1894
f 1824/3148/1824 1926/3327/1926 1943/3353/1943
f 1894/3263/1894 1943/3353/1943 1926/3327/1926
f 1784/3084/1784 1861/3216/1861 1890/3257/1890
f 1806/3122/1806 1944/3354/1944 1861/3216/1861
f 1813/3130/1813 1890/3257/1890 1944/3354/1944
f 1861/3216/1861 1944/3354/1944 1890/3257/1890
f 1824/3148/1824 1943/3353/1943 1942/3352/1942
f 1813/3130/1813 1944/3354/1944 1943/3353/1943
f 1806/3122/1806 1942/3352/1942 1944/3354/1944
f 1943/3353/1943 1944/3354/1944 1942/3352/1942
f 1945/3355/1945 1987/3431/1987 1989/3435/1989
f 1957/3379/1957 1988/3434/1988 1987/3432/1987
f 1959/3383/1959 1989/3436/1989 1988/3434/1988
f 1987/3431/1987 1988/3433/1988 1989/3435/1989
f 1956/3377/1956 1990/3438/1990 1992/3443/1992
f 1958/3380/1958 1991/3440/1991 1990/3437/1990
f 1957/3379/1957 1992/3443/1992 1991/3441/1991
f 1990/3437/1990 1991/3440/1991 1992/3442/1992
f 1950/3364/1950 1993/3446/1993 1995/3451/1995
f 1959/3383/1959 1994/3448/1994 1993/3445/1993
f 1958/3380/1958 1995/3449/1995 1994/3447/1994
f 1993/3445/1993 1994/3448/1994 1995/3450/1995
f 1957/3379/1957 1991/3441/1991 1988/3434/1988
f 1958/3381/1958 1994/3448/1994 1991/3441/1991
f 1959/3383/1959 1988/3434/1988 1994/3448/1994
f 1991/3441/1991 1994/3448/1994 1988/3434/1988
f 1945/3356/1945 1989/3436/1989 1997/3454/1997
f 1959/3383/1959 1996/3453/1996 1989/3436/1989
f 1961/3386/1961 1997/3454/1997 1996/3453/1996
f 1989/3436/1989 1996/3453/1996 1997/3454/1997
f 1950/3363/1950 1998/3455/1998 1993/3444/1993
f 1960/3384/1960 1999/3456/1999 1998/3455/1998
f 1959/3382/1959 1993/3444/1993 1999/3456/1999
f 1998/3455/1998 1999/3456/1999 1993/3444/1993
f 1946/3357/1946 2000/3458/2000 2002/3460/2002
f 1961/3385/1961 2001/3459/2001 2000/3458/2000
f 1960/3384/1960 2002/3460/2002 2001/3459/2001
f 2000/3458/2000 2001/3459/2001 2002/3460/2002
f 1959/3383/1959 1999/3457/1999 1996/3453/1996
f 1960/3384/1960 2001/3459/2001 1999/3456/1999
f 1961/3385/1961 1996/3452/1996 2001/3459/2001
f 1999/3456/1999 2001/3459/2001 1996/3452/1996
f 1945/3356/1945 1997/3454/1997 2004/3464/2004
f 1961/3386/1961 2003/3462/2003 1997/3454/1997
f 1963/3391/1963 2004/3464/2004 2003/3462/2003
f 1997/3454/1997 2003/3462/2003 2004/3464/2004
f 1946/3357/1946 2005/3465/2005 2000/3458/2000
f 1962/3387/1962 2006/3466/2006 2005/3465/2005
f 1961/3385/1961 2000/3458/2000 2006/3466/2006
f 2005/3465/2005 2006/3466/2006 2000/3458/2000
f 1952/3366/1952 2007/3470/2007 2009/3476/2009
f 1963/3390/1963 2008/3471/2008 2007/3469/2007
f 1962/3388/1962 2009/3475/2009 2008/3472/2008
f 2007/3469/2007 2008/3471/2008 2009/3474/2009
f 1961/3386/1961 2006/3467/2006 2003/3462/2003
f 1962/3389/1962 2008/3473/2008 2006/3468/2006
f 1963/3390/1963 2003/3461/2003 2008/3471/2008
f 2006/3468/2006 2008/3473/2008 2003/3463/2003
f 1945/3356/1945 2004/3464/2004 2011/3480/2011
f 1963/3391/1963 2010/3477/2010 2004/3464/2004
f 1965/3394/1965 2011/3480/2011 2010/3477/2010
f 2004/3464/2004 2010/3477/2010 2011/3480/2011
f 1952/3366/1952 2012/3481/2012 2007/3470/2007
f 1964/3393/1964 2013/3482/2013 2012/3481/2012
f 1963/3392/1963 2007/3470/2007 2013/3482/2013
f 2012/3481/2012 2013/3482/2013 2007/3470/2007
f 1955/3375/1955 2014/3485/2014 2016/3488/2016
f 1965/3394/1965 2015/3486/2015 2014/3484/2014
f 1964/3393/1964 2016/3488/2016 2015/3487/2015
f 2014/3485/2014 2015/3487/2015 2016/3488/2016
f 1963/3392/1963 2013/3482/2013 2010/3478/2010
f 1964/3393/1964 2015/3487/2015 2013/3482/2013
f 1965/3394/1965 2010/3477/2010 2015/3486/2015
f 2013/3482/2013 2015/3487/2015 2010/3478/2010
f 1945/3355/1945 2011/3479/2011 1987/3431/1987
f 1965/3394/1965 2017/3489/2017 2011/3480/2011
f 1957/3379/1957 1987/3432/1987 2017/3489/2017
f 2011/3480/2011 2017/3489/2017 1987/3432/1987
f 1955/3373/1955 2018/3490/2018 2014/3483/2014
f 1966/3395/1966 2019/3492/2019 2018/3490/2018
f 1965/3394/1965 2014/3484/2014 2019/3493/2019
f 2018/3490/2018 2019/3492/2019 2014/3483/2014
f 1956/3377/1956 1992/3443/1992 2021/3497/2021
f 1957/3379/1957 2020/3495/2020 1992/3443/1992
f 1966/3395/1966 2021/3496/2021 2020/3494/2020
f 1992/3443/1992 2020/3495/2020 2021/3497/2021
f 1965/3394/1965 2019/3493/2019 2017/3489/2017
f 1966/3395/1966 2020/3494/2020 2019/3492/2019
f 1957/3379/1957 2017/3489/2017 2020/3495/2020
f 2019/3493/2019 2020/3495/2020 2017/3489/2017
f 1946/3357/1946 2002/3460/2002 2023/3500/2023
f 1960/3384/1960 2022/3499/2022 2002/3460/2002
f 1968/3399/1968 2023/3500/2023 2022/3499/2022
f 2002/3460/2002 2022/3499/2022 2023/3500/2023
f 1950/3363/1950 2024/3501/2024 1998/3455/1998
f 1967/3397/1967 2025/3503/2025 2024/3501/2024
f 1960/3384/1960 1998/3455/1998 2025/3503/2025
f 2024/3501/2024 2025/3503/2025 1998/3455/1998
f 1954/3371/1954 2026/3506/2026 2028/3510/2028
f 1968/3399/1968 2027/3508/2027 2026/3505/2026
f 1967/3398/1967 2028/3511/2028 2027/3509/2027
f 2026/3507/2026 2027/3509/2027 2028/3511/2028
f 1960/3384/1960 2025/3503/2025 2022/3499/2022
f 1967/3398/1967 2027/3509/2027 2025/3504/2025
f 1968/3399/1968 2022/3499/2022 2027/3508/2027
f 2025/3503/2025 2027/3508/2027 2022/3499/2022
f 1950/3364/1950 1995/3451/1995 2030/3514/2030
f 1958/3380/1958 2029/3512/2029 1995/3449/1995
f 1970/3402/1970 2030/3513/2030 2029/3512/2029
f 1995/3449/1995 2029/3512/2029 2030/3513/2030
f 1956/3378/1956 2031/3516/2031 1990/3439/1990
f 1969/3401/1969 2032/3518/2032 2031/3516/2031
f 1958/3380/1958 1990/3437/1990 2032/3517/2032
f 2031/3516/2031 2032/3518/2032 1990/3439/1990
f 1949/3362/1949 2033/3520/2033 2035/3524/2035
f 1970/3402/1970 2034/3521/2034 2033/3519/2033
f 1969/3401/1969 2035/3524/2035 2034/3522/2034
f 2033/3520/2033 2034/3522/2034 2035/3524/2035
f 1958/3380/1958 2032/3517/2032 2029/3512/2029
f 1969/3401/1969 2034/3522/2034 2032/3518/2032
f 1970/3402/1970 2029/3512/2029 2034/3521/2034
f 2032/3517/2032 2034/3521/2034 2029/3512/2029
f 1956/3376/1956 2021/3496/2021 2037/3528/2037
f 1966/3396/1966 2036/3526/2036 2021/3497/2021
f 1972/3405/1972 2037/3529/2037 2036/3527/2036
f 2021/3498/2021 2036/3527/2036 2037/3529/2037
f 1955/3374/1955 2038/3531/2038 2018/3491/2018
f 1971/3403/1971 2039/3533/2039 2038/3530/2038
f 1966/3396/1966 2018/3491/2018 2039/3534/2039
f 2038/3531/2038 2039/3534/2039 2018/3491/2018
f 1947/3358/1947 2040/3535/2040 2042/3537/2042
f 1972/3404/1972 2041/3536/2041 2040/3535/2040
f 1971/3403/1971 2042/3537/2042 2041/3536/2041
f 2040/3535/2040 2041/3536/2041 2042/3537/2042
f 1966/3396/1966 2039/3534/2039 2036/3526/2036
f 1971/3403/1971 2041/3536/2041 2039/3533/2039
f 1972/3404/1972 2036/3525/2036 2041/3536/2041
f 2039/3533/2039 2041/3536/2041 2036/3525/2036
f 1955/3375/1955 2016/3488/2016 2044/3539/2044
f 1964/3393/1964 2043/3538/2043 2016/3488/2016
f 1974/3407/1974 2044/3539/2044 2043/3538/2043
f 2016/3488/2016 2043/3538/2043 2044/3539/2044
f 1952/3366/1952 2045/3540/2045 2012/3481/2012
f 1973/3406/1973 2046/3541/2046 2045/3540/2045
f 1964/3393/1964 2012/3481/2012 2046/3541/2046
f 2045/3540/2045 2046/3541/2046 2012/3481/2012
f 1951/3365/1951 2047/3542/2047 2049/3544/2049
f 1974/3407/1974 2048/3543/2048 2047/3542/2047
f 1973/3406/1973 2049/3544/2049 2048/3543/2048
f 2047/3542/2047 2048/3543/2048 2049/3544/2049
f 1964/3393/1964 2046/3541/2046 2043/3538/2043
f 1973/3406/1973 2048/3543/2048 2046/3541/2046
f 1974/3407/1974 2043/3538/2043 2048/3543/2048
f 2046/3541/2046 2048/3543/2048 2043/3538/2043
f 1952/3366/1952 2009/3476/2009 2051/3546/2051
f 1962/3389/1962 2050/3545/2050 2009/3476/2009
f 1976/3410/1976 2051/3546/2051 2050/3545/2050
f 2009/3476/2009 2050/3545/2050 2051/3546/2051
f 1946/3357/1946 2052/3547/2052 2005/3465/2005
f 1975/3408/1975 2053/3548/2053 2052/3547/2052
f 1962/3387/1962 2005/3465/2005 2053/3548/2053
f 2052/3547/2052 2053/3548/2053 2005/3465/2005
f 1953/3369/1953 2054/3551/2054 2056/3557/2056
f 1976/3410/1976 2055/3554/2055 2054/3551/2054
f 1975/3409/1975 2056/3556/2056 2055/3553/2055
f 2054/3550/2054 2055/3552/2055 2056/3555/2056
f 1962/3389/1962 2053/3549/2053 2050/3545/2050
f 1975/3408/1975 2055/3552/2055 2053/3548/2053
f 1976/3410/1976 2050/3545/2050 2055/3554/2055
f 2053/3549/2053 2055/3554/2055 2050/3545/2050
f 1948/3360/1948 2057/3559/2057 2059/3562/2059
f 1977/3412/1977 2058/3560/2058 2057/3559/2057
f 1979/3416/1979 2059/3562/2059 2058/3560/2058
f 2057/3559/2057 2058/3560/2058 2059/3562/2059
f 1954/3372/1954 2060/3564/2060 2062/3569/2062
f 1978/3414/1978 2061/3566/2061 2060/3564/2060
f 1977/3412/1977 2062/3568/2062 2061/3565/2061
f 2060/3564/2060 2061/3566/2061 2062/3569/2062
f 1949/3362/1949 2063/3571/2063 2065/3574/2065
f 1979/3417/1979 2064/3572/2064 2063/3571/2063
f 1978/3414/1978 2065/3574/2065 2064/3572/2064
f 2063/3571/2063 2064/3572/2064 2065/3574/2065
f 1977/3412/1977 2061/3565/2061 2058/3560/2058
f 1978/3414/1978 2064/3572/2064 2061/3566/2061
f 1979/3417/1979 2058/3561/2058 2064/3572/2064
f 2061/3566/2061 2064/3572/2064 2058/3561/2058
f 1948/3360/1948 2059/3562/2059 2067/3579/2067
f 1979/3416/1979 2066/3576/2066 2059/3562/2059
f 1981/3420/1981 2067/3578/2067 2066/3575/2066
f 2059/3562/2059 2066/3576/2066 2067/3579/2067
f 1949/3361/1949 2068/3580/2068 2063/3570/2063
f 1980/3419/1980 2069/3583/2069 2068/3581/2068
f 1979/3415/1979 2063/3570/2063 2069/3582/2069
f 2068/3580/2068 2069/3582/2069 2063/3570/2063
f 1947/3358/1947 2070/3584/2070 2072/3588/2072
f 1981/3420/1981 2071/3586/2071 2070/3584/2070
f 1980/3418/1980 2072/3588/2072 2071/3586/2071
f 2070/3584/2070 2071/3586/2071 2072/3588/2072
f 1979/3415/1979 2069/3582/2069 2066/3575/2066
f 1980/3419/1980 2071/3587/2071 2069/3583/2069
f 1981/3420/1981 2066/3575/2066 2071/3586/2071
f 2069/3583/2069 2071/3587/2071 2066/3577/2066
f 1948/3360/1948 2067/3579/2067 2074/3592/2074
f 1981/3420/1981 2073/3589/2073 2067/3578/2067
f 1983/3424/1983 2074/3592/2074 2073/3590/2073
f 2067/3579/2067 2073/3590/2073 2074/3592/2074
f 1947/3358/1947 2075/3593/2075 2070/3584/2070
f 1982/3422/1982 2076/3595/2076 2075/3593/2075
f 1981/3421/1981 2070/3585/2070 2076/3596/2076
f 2075/3594/2075 2076/3596/2076 2070/3585/2070
f 1951/3365/1951 2077/3598/2077 2079/3602/2079
f 1983/3425/1983 2078/3600/2078 2077/3598/2077
f 1982/3422/1982 2079/3601/2079 2078/3599/2078
f 2077/3597/2077 2078/3599/2078 2079/3601/2079
f 1981/3420/1981 2076/3595/2076 2073/3589/2073
f 1982/3422/1982 2078/3599/2078 2076/3595/2076
f 1983/3423/1983 2073/3589/2073 2078/3599/2078
f 2076/3595/2076 2078/3599/2078 2073/3589/2073
f 1948/3359/1948 2074/3591/2074 2081/3605/2081
f 1983/3424/1983 2080/3603/2080 2074/3592/2074
f 1985/3428/1985 2081/3606/2081 2080/3603/2080
f 2074/3592/2074 2080/3603/2080 2081/3606/2081
f 1951/3365/1951 2082/3607/2082 2077/3598/2077
f 1984/3426/1984 2083/3608/2083 2082/3607/2082
f 1983/3425/1983 2077/3598/2077 2083/3608/2083
f 2082/3607/2082 2083/3608/2083 2077/3598/2077
f 1953/3368/1953 2084/3610/2084 2086/3615/2086
f 1985/3427/1985 2085/3611/2085 2084/3609/2084
f 1984/3426/1984 2086/3616/2086 2085/3613/2085
f 2084/3609/2084 2085/3611/2085 2086/3614/2086
f 1983/3425/1983 2083/3608/2083 2080/3604/2080
f 1984/3426/1984 2085/3613/2085 2083/3608/2083
f 1985/3428/1985 2080/3603/2080 2085/3612/2085
f 2083/3608/2083 2085/3613/2085 2080/3604/2080
f 1948/3359/1948 2081/3605/2081 2057/3558/2057
f 1985/3428/1985 2087/3618/2087 2081/3606/2081
f 1977/3411/1977 2057/3558/2057 2087/3617/2087
f 2081/3605/2081 2087/3617/2087 2057/3558/2057
f 1953/3368/1953 2088/3620/2088 2084/3610/2084
f 1986/3429/1986 2089/3621/2089 2088/3619/2088
f 1985/3427/1985 2084/3609/2084 2089/3621/2089
f 2088/3620/2088 2089/3622/2089 2084/3610/2084
f 1954/3370/1954 2062/3567/2062 2091/3625/2091
f 1977/3412/1977 2090/3624/2090 2062/3568/2062
f 1986/3429/1986 2091/3625/2091 2090/3623/2090
f 2062/3567/2062 2090/3623/2090 2091/3625/2091
f 1985/3428/1985 2089/3622/2089 2087/3618/2087
f 1986/3429/1986 2090/3623/2090 2089/3621/2089
f 1977/3412/1977 2087/3618/2087 2090/3624/2090
f 2089/3622/2089 2090/3624/2090 2087/3618/2087
f 1949/3362/1949 2065/3574/2065 2033/3520/2033
f 1978/3413/1978 2092/3627/2092 2065/3573/2065
f 1970/3402/1970 2033/3519/2033 2092/3627/2092
f 2065/3573/2065 2092/3627/2092 2033/3519/2033
f 1954/3371/1954 2028/3510/2028 2060/3563/2060
f 1967/3398/1967 2093/3629/2093 2028/3511/2028
f 1978/3414/1978 2060/3564/2060 2093/3629/2093
f 2028/3511/2028 2093/3629/2093 2060/3564/2060
f 1950/3364/1950 2030/3514/2030 2024/3502/2024
f 1970/3402/1970 2094/3630/2094 2030/3513/2030
f 1967/3398/1967 2024/3502/2024 2094/3631/2094
f 2030/3514/2030 2094/3631/2094 2024/3502/2024
f 1978/3413/1978 2093/3628/2093 2092/3627/2092
f 1967/3398/1967 2094/3631/2094 2093/3629/2093
f 1970/3402/1970 2092/3627/2092 2094/3630/2094
f 2093/3628/2093 2094/3630/2094 2092/3627/2092
f 1947/3358/1947 2072/3588/2072 2040/3535/2040
f 1980/3418/1980 2095/3632/2095 2072/3588/2072
f 1972/3404/1972 2040/3535/2040 2095/3632/2095
f 2072/3588/2072 2095/3632/2095 2040/3535/2040
f 1949/3361/1949 2035/3523/2035 2068/3580/2068
f 1969/3400/1969 2096/3634/2096 2035/3523/2035
f 1980/3419/1980 2068/3581/2068 2096/3635/2096
f 2035/3523/2035 2096/3634/2096 2068/3580/2068
f 1956/3376/1956 2037/3528/2037 2031/3515/2031
f 1972/3405/1972 2097/3637/2097 2037/3529/2037
f 1969/3400/1969 2031/3515/2031 2097/3636/2097
f 2037/3528/2037 2097/3636/2097 2031/3515/2031
f 1980/3419/1980 2096/3635/2096 2095/3633/2095
f 1969/3400/1969 2097/3636/2097 2096/3634/2096
f 1972/3405/1972 2095/3633/2095 2097/3637/2097
f 2096/3635/2096 2097/3637/2097 2095/3633/2095
f 1951/3365/1951 2079/3602/2079 2047/3542/2047
f 1982/3422/1982 2098/3638/2098 2079/3601/2079
f 1974/3407/1974 2047/3542/2047 2098/3639/2098
f 2079/3602/2079 2098/3639/2098 2047/3542/2047
f 1947/3358/1947 2042/3537/2042 2075/3593/2075
f 1971/3403/1971 2099/3640/2099 2042/3537/2042
f 1982/3422/1982 2075/3593/2075 2099/3640/2099
f 2042/3537/2042 2099/3640/2099 2075/3593/2075
f 1955/3375/1955 2044/3539/2044 2038/3532/2038
f 1974/3407/1974 2100/3642/2100 2044/3539/2044
f 1971/3403/1971 2038/3530/2038 2100/3641/2100
f 2044/3539/2044 2100/3642/2100 2038/3532/2038
f 1982/3422/1982 2099/3640/2099 2098/3638/2098
f 1971/3403/1971 2100/3641/2100 2099/3640/2099
f 1974/3407/1974 2098/3639/2098 2100/3642/2100
f 2099/3640/2099 2100/3641/2100 2098/3638/2098
f 1953/3369/1953 2086/3616/2086 2054/3551/2054
f 1984/3426/1984 2101/3643/2101 2086/3616/2086
f 1976/3410/1976 2054/3551/2054 2101/3643/2101
f 2086/3616/2086 2101/3643/2101 2054/3551/2054
f 1951/3365/1951 2049/3544/2049 2082/3607/2082
f 1973/3406/1973 2102/3644/2102 2049/3544/2049
f 1984/3426/1984 2082/3607/2082 2102/3644/2102
f 2049/3544/2049 2102/3644/2102 2082/3607/2082
f 1952/3366/1952 2051/3546/2051 2045/3540/2045
f 1976/3410/1976 2103/3645/2103 2051/3546/2051
f 1973/3406/1973 2045/3540/2045 2103/3645/2103
f 2051/3546/2051 2103/3645/2103 2045/3540/2045
f 1984/3426/1984 2102/3644/2102 2101/3643/2101
f 1973/3406/1973 2103/3645/2103 2102/3644/2102
f 1976/3410/1976 2101/3643/2101 2103/3645/2103
f 2102/3644/2102 2103/3645/2103 2101/3643/2101
f 1954/3371/1954 2091/3626/2091 2026/3506/2026
f 1986/3430/1986 2104/3647/2104 2091/3626/2091
f 1968/3399/1968 2026/3505/2026 2104/3646/2104
f 2091/3626/2091 2104/3647/2104 2026/3506/2026
f 1953/3367/1953 2056/3555/2056 2088/3619/2088
f 1975/3409/1975 2105/3650/2105 2056/3556/2056
f 1986/3429/1986 2088/3619/2088 2105/3649/2105
f 2056/3555/2056 2105/3649/2105 2088/3619/2088
f 1946/3357/1946 2023/3500/2023 2052/3547/2052
f 1968/3399/1968 2106/3652/2106 2023/3500/2023
f 1975/3408/1975 2052/3547/2052 2106/3652/2106
f 2023/3500/2023 2106/3652/2106 2052/3547/2052
f 1986/3430/1986 2105/3650/2105 2104/3647/2104
f 1975/3409/1975 2106/3653/2106 2105/3650/2105
f 1968/3399/1968 2104/3646/2104 2106/3652/2106
f 2105/3651/2105 2106/3654/2106 2104/3648/2104
f 2107/3655/2107 2149/3718/2149 2151/3720/2151
f 2119/3674/2119 2150/3719/2150 2149/3718/2149
f 2121/3676/2121 2151/3720/2151 2150/3719/2150
f 2149/3718/2149 2150/3719/2150 2151/3720/2151
f 2118/3672/2118 2152/3722/2152 2154/3725/2154
f 2120/3675/2120 2153/3724/2153 2152/3722/2152
f 2119/3674/2119 2154/3725/2154 2153/3724/2153
f 2152/3722/2152 2153/3724/2153 2154/3725/2154
f 2112/3661/2112 2155/3726/2155 2157/3730/2157
f 2121/3677/2121 2156/3728/2156 2155/3726/2155
f 2120/3675/2120 2157/3729/2157 2156/3727/2156
f 2155/3726/2155 2156/3728/2156 2157/3730/2157
f 2119/3674/2119 2153/3724/2153 2150/3719/2150
f 2120/3675/2120 2156/3727/2156 2153/3724/2153
f 2121/3676/2121 2150/3719/2150 2156/3727/2156
f 2153/3724/2153 2156/3727/2156 2150/3719/2150
f 2107/3655/2107 2151/3720/2151 2159/3734/2159
f 2121/3677/2121 2158/3733/2158 2151/3721/2151
f 2123/3680/2123 2159/3734/2159 2158/3732/2158
f 2151/3721/2151 2158/3733/2158 2159/3735/2159
f 2112/3661/2112 2160/3737/2160 2155/3726/2155
f 2122/3678/2122 2161/3739/2161 2160/3736/2160
f 2121/3677/2121 2155/3726/2155 2161/3740/2161
f 2160/3737/2160 2161/3740/2161 2155/3726/2155
f 2108/3656/2108 2162/3742/2162 2164/3745/2164
f 2123/3680/2123 2163/3743/2163 2162/3741/2162
f 2122/3678/2122 2164/3744/2164 2163/3743/2163
f 2162/3741/2162 2163/3743/2163 2164/3744/2164
f 2121/3677/2121 2161/3740/2161 2158/3733/2158
f 2122/3678/2122 2163/3743/2163 2161/3739/2161
f 2123/3680/2123 2158/3732/2158 2163/3743/2163
f 2161/3739/2161 2163/3743/2163 2158/3732/2158
f 2107/3655/2107 2159/3734/2159 2166/3747/2166
f 2123/3680/2123 2165/3746/2165 2159/3734/2159
f 2125/3684/2125 2166/3747/2166 2165/3746/2165
f 2159/3734/2159 2165/3746/2165 2166/3747/2166
f 2108/3656/2108 2167/3748/2167 2162/3742/2162
f 2124/3682/2124 2168/3750/2168 2167/3748/2167
f 2123/3680/2123 2162/3741/2162 2168/3749/2168
f 2167/3748/2167 2168/3750/2168 2162/3742/2162
f 2114/3663/2114 2169/3752/2169 2171/3755/2171
f 2125/3684/2125 2170/3753/2170 2169/3751/2169
f 2124/3683/2124 2171/3755/2171 2170/3754/2170
f 2169/3752/2169 2170/3754/2170 2171/3755/2171
f 2123/3680/2123 2168/3749/2168 2165/3746/2165
f 2124/3681/2124 2170/3753/2170 2168/3749/2168
f 2125/3684/2125 2165/3746/2165 2170/3753/2170
f 2168/3749/2168 2170/3753/2170 2165/3746/2165
f 2107/3655/2107 2166/3747/2166 2173/3758/2173
f 2125/3684/2125 2172/3756/2172 2166/3747/2166
f 2127/3686/2127 2173/3758/2173 2172/3756/2172
f 2166/3747/2166 2172/3756/2172 2173/3758/2173
f 2114/3663/2114 2174/3759/2174 2169/3752/2169
f 2126/3685/2126 2175/3762/2175 2174/3759/2174
f 2125/3684/2125 2169/3751/2169 2175/3760/2175
f 2174/3759/2174 2175/3762/2175 2169/3752/2169
f 2117/3671/2117 2176/3764/2176 2178/3768/2178
f 2127/3686/2127 2177/3765/2177 2176/3763/2176
f 2126/3685/2126 2178/3768/2178 2177/3767/2177
f 2176/3764/2176 2177/3767/2177 2178/3768/2178
f 2125/3684/2125 2175/3760/2175 2172/3756/2172
f 2126/3685/2126 2177/3767/2177 2175/3762/2175
f 2127/3686/2127 2172/3756/2172 2177/3765/2177
f 2175/3761/2175 2177/3766/2177 2172/3757/2172
f 2107/3655/2107 2173/3758/2173 2149/3718/2149
f 2127/3686/2127 2179/3769/2179 2173/3758/2173
f 2119/3674/2119 2149/3718/2149 2179/3769/2179
f 2173/3758/2173 2179/3769/2179 2149/3718/2149
f 2117/3669/2117 2180/3770/2180 2176/3763/2176
f 2128/3687/2128 2181/3772/2181 2180/3770/2180
f 2127/3686/2127 2176/3763/2176 2181/3772/2181
f 2180/3770/2180 2181/3772/2181 2176/3763/2176
f 2118/3672/2118 2154/3725/2154 2183/3774/2183
f 2119/3674/2119 2182/3773/2182 2154/3725/2154
f 2128/3687/2128 2183/3774/2183 2182/3773/2182
f 2154/3725/2154 2182/3773/2182 2183/3774/2183
f 2127/3686/2127 2181/3772/2181 2179/3769/2179
f 2128/3687/2128 2182/3773/2182 2181/3772/2181
f 2119/3674/2119 2179/3769/2179 2182/3773/2182
f 2181/3772/2181 2182/3773/2182 2179/3769/2179
f 2108/3656/2108 2164/3745/2164 2185/3778/2185
f 2122/3678/2122 2184/3775/2184 2164/3744/2164
f 2130/3689/2130 2185/3778/2185 2184/3776/2184
f 2164/3745/2164 2184/3776/2184 2185/3778/2185
f 2112/3661/2112 2186/3779/2186 2160/3737/2160
f 2129/3688/2129 2187/3781/2187 2186/3780/2186
f 2122/3679/2122 2160/3738/2160 2187/3781/2187
f 2186/3780/2186 2187/3781/2187 2160/3738/2160
f 2116/3668/2116 2188/3784/2188 2190/3787/2190
f 2130/3689/2130 2189/3785/2189 2188/3783/2188
f 2129/3688/2129 2190/3787/2190 2189/3786/2189
f 2188/3784/2188 2189/3786/2189 2190/3787/2190
f 2122/3679/2122 2187/3781/2187 2184/3777/2184
f 2129/3688/2129 2189/3786/2189 2187/3781/2187
f 2130/3689/2130 2184/3776/2184 2189/3785/2189
f 2187/3781/2187 2189/3786/2189 2184/3777/2184
f 2112/3661/2112 2157/3730/2157 2192/3790/2192
f 2120/3675/2120 2191/3788/2191 2157/3729/2157
f 2132/3694/2132 2192/3791/2192 2191/3789/2191
f 2157/3731/2157 2191/3789/2191 2192/3791/2192
f 2118/3673/2118 2193/3793/2193 2152/3723/2152
f 2131/3692/2131 2194/3795/2194 2193/3793/2193
f 2120/3675/2120 2152/3722/2152 2194/3794/2194
f 2193/3792/2193 2194/3794/2194 2152/3722/2152
f 2111/3660/2111 2195/3796/2195 2197/3801/2197
f 2132/3694/2132 2196/3799/2196 2195/3796/2195
f 2131/3691/2131 2197/3800/2197 2196/3798/2196
f 2195/3796/2195 2196/3799/2196 2197/3801/2197
f 2120/3675/2120 2194/3794/2194 2191/3788/2191
f 2131/3690/2131 2196/3797/2196 2194/3794/2194
f 2132/3694/2132 2191/3789/2191 2196/3799/2196
f 2194/3794/2194 2196/3797/2196 2191/3788/2191
f 2118/3672/2118 2183/3774/2183 2199/3804/2199
f 2128/3687/2128 2198/3802/2198 2183/3774/2183
f 2134/3696/2134 2199/3805/2199 2198/3803/2198
f 2183/3774/2183 2198/3802/2198 2199/3804/2199
f 2117/3670/2117 2200/3808/2200 2180/3771/2180
f 2133/3695/2133 2201/3811/2201 2200/3808/2200
f 2128/3687/2128 2180/3770/2180 2201/3810/2201
f 2200/3807/2200 2201/3810/2201 2180/3770/2180
f 2109/3657/2109 2202/3812/2202 2204/3814/2204
f 2134/3696/2134 2203/3813/2203 2202/3812/2202
f 2133/3695/2133 2204/3814/2204 2203/3813/2203
f 2202/3812/2202 2203/3813/2203 2204/3814/2204
f 2128/3687/2128 2201/3810/2201 2198/3802/2198
f 2133/3695/2133 2203/3813/2203 2201/3811/2201
f 2134/3696/2134 2198/3803/2198 2203/3813/2203
f 2201/3811/2201 2203/3813/2203 2198/3803/2198
f 2117/3671/2117 2178/3768/2178 2206/3816/2206
f 2126/3685/2126 2205/3815/2205 2178/3768/2178
f 2136/3698/2136 2206/3816/2206 2205/3815/2205
f 2178/3768/2178 2205/3815/2205 2206/3816/2206
f 2114/3663/2114 2207/3817/2207 2174/3759/2174
f 2135/3697/2135 2208/3818/2208 2207/3817/2207
f 2126/3685/2126 2174/3759/2174 2208/3818/2208
f 2207/3817/2207 2208/3818/2208 2174/3759/2174
f 2113/3662/2113 2209/3819/2209 2211/3821/2211
f 2136/3698/2136 2210/3820/2210 2209/3819/2209
f 2135/3697/2135 2211/3821/2211 2210/3820/2210
f 2209/3819/2209 2210/3820/2210 2211/3821/2211
f 2126/3685/2126 2208/3818/2208 2205/3815/2205
f 2135/3697/2135 2210/3820/2210 2208/3818/2208
f 2136/3698/2136 2205/3815/2205 2210/3820/2210
f 2208/3818/2208 2210/3820/2210 2205/3815/2205
f 2114/3663/2114 2171/3755/2171 2213/3823/2213
f 2124/3683/2124 2212/3822/2212 2171/3755/2171
f 2138/3700/2138 2213/3823/2213 2212/3822/2212
f 2171/3755/2171 2212/3822/2212 2213/3823/2213
f 2108/3656/2108 2214/3824/2214 2167/3748/2167
f 2137/3699/2137 2215/3825/2215 2214/3824/2214
f 2124/3682/2124 2167/3748/2167 2215/3825/2215
f 2214/3824/2214 2215/3825/2215 2167/3748/2167
f 2115/3666/2115 2216/3827/2216 2218/3831/2218
f 2138/3700/2138 2217/3829/2217 2216/3827/2216
f 2137/3699/2137 2218/3830/2218 2217/3828/2217
f 2216/3827/2216 2217/3829/2217 2218/3831/2218
f 2124/3683/2124 2215/3826/2215 2212/3822/2212
f 2137/3699/2137 2217/3828/2217 2215/3825/2215
f 2138/3700/2138 2212/3822/2212 2217/3829/2217
f 2215/3826/2215 2217/3829/2217 2212/3822/2212
f 2110/3658/2110 2219/3832/2219 2221/3834/2221
f 2139/3701/2139 2220/3833/2220 2219/3832/2219
f 2141/3704/2141 2221/3834/2221 2220/3833/2220
f 2219/3832/2219 2220/3833/2220 2221/3834/2221
f 2116/3667/2116 2222/3835/2222 2224/3838/2224
f 2140/3702/2140 2223/3837/2223 2222/3835/2222
f 2139/3701/2139 2224/3838/2224 2223/3837/2223
f 2222/3835/2222 2223/3837/2223 2224/3838/2224
f 2111/3660/2111 2225/3841/2225 2227/3844/2227
f 2141/3704/2141 2226/3842/2226 2225/3839/2225
f 2140/3703/2140 2227/3844/2227 2226/3843/2226
f 2225/3841/2225 2226/3843/2226 2227/3844/2227
f 2139/3701/2139 2223/3837/2223 2220/3833/2220
f 2140/3702/2140 2226/3842/2226 2223/3837/2223
f 2141/3704/2141 2220/3833/2220 2226/3842/2226
f 2223/3837/2223 2226/3842/2226 2220/3833/2220
f 2110/3658/2110 2221/3834/2221 2229/3847/2229
f 2141/3704/2141 2228/3845/2228 2221/3834/2221
f 2143/3708/2143 2229/3847/2229 2228/3845/2228
f 2221/3834/2221 2228/3845/2228 2229/3847/2229
f 2111/3659/2111 2230/3848/2230 2225/3840/2225
f 2142/3707/2142 2231/3851/2231 2230/3849/2230
f 2141/3705/2141 2225/3840/2225 2231/3850/2231
f 2230/3848/2230 2231/3850/2231 2225/3840/2225
f 2109/3657/2109 2232/3852/2232 2234/3854/2234
f 2143/3709/2143 2233/3853/2233 2232/3852/2232
f 2142/3706/2142 2234/3854/2234 2233/3853/2233
f 2232/3852/2232 2233/3853/2233 2234/3854/2234
f 2141/3705/2141 2231/3850/2231 2228/3846/2228
f 2142/3706/2142 2233/3853/2233 2231/3850/2231
f 2143/3709/2143 2228/3846/2228 2233/3853/2233
f 2231/3850/2231 2233/3853/2233 2228/3846/2228
f 2110/3658/2110 2229/3847/2229 2236/3857/2236
f 2143/3708/2143 2235/3855/2235 2229/3847/2229
f 2145/3712/2145 2236/3857/2236 2235/3855/2235
f 2229/3847/2229 2235/3855/2235 2236/3857/2236
f 2109/3657/2109 2237/3858/2237 2232/3852/2232
f 2144/3710/2144 2238/3860/2238 2237/3858/2237
f 2143/3709/2143 2232/3852/2232 2238/3860/2238
f 2237/3858/2237 2238/3860/2238 2232/3852/2232
f 2113/3662/2113 2239/3862/2239 2241/3865/2241
f 2145/3713/2145 2240/3864/2240 2239/3862/2239
f 2144/3711/2144 2241/3865/2241 2240/3864/2240
f 2239/3862/2239 2240/3864/2240 2241/3865/2241
f 2143/3708/2143 2238/3859/2238 2235/3855/2235
f 2144/3711/2144 2240/3864/2240 2238/3861/2238
f 2145/3713/2145 2235/3856/2235 2240/3864/2240
f 2238/3859/2238 2240/3863/2240 2235/3855/2235
f 2110/3658/2110 2236/3857/2236 2243/3868/2243
f 2145/3712/2145 2242/3866/2242 2236/3857/2236
f 2147/3715/2147 2243/3868/2243 2242/3866/2242
f 2236/3857/2236 2242/3866/2242 2243/3868/2243
f 2113/3662/2113 2244/3869/2244 2239/3862/2239
f 2146/3714/2146 2245/3870/2245 2244/3869/2244
f 2145/3713/2145 2239/3862/2239 2245/3870/2245
f 2244/3869/2244 2245/3870/2245 2239/3862/2239
f 2115/3666/2115 2246/3872/2246 2248/3875/2248
f 2147/3716/2147 2247/3874/2247 2246/3872/2246
f 2146/3714/2146 2248/3875/2248 2247/3874/2247
f 2246/3872/2246 2247/3874/2247 2248/3875/2248
f 2145/3713/2145 2245/3870/2245 2242/3867/2242
f 2146/3714/2146 2247/3874/2247 2245/3870/2245
f 2147/3715/2147 2242/3866/2242 2247/3873/2247
f 2245/3870/2245 2247/3874/2247 2242/3867/2242
f 2110/3658/2110 2243/3868/2243 2219/3832/2219
f 2147/3715/2147 2249/3876/2249 2243/3868/2243
f 2139/3701/2139 2219/3832/2219 2249/3876/2249
f 2243/3868/2243 2249/3876/2249 2219/3832/2219
f 2115/3664/2115 2250/3877/2250 2246/3871/2246
f 2148/3717/2148 2251/3879/2251 2250/3877/2250
f 2147/3715/2147 2246/3871/2246 2251/3879/2251
f 2250/3877/2250 2251/3879/2251 2246/3871/2246
f 2116/3667/2116 2224/3838/2224 2253/3881/2253
f 2139/3701/2139 2252/3880/2252 2224/3838/2224
f 2148/3717/2148 2253/3881/2253 2252/3880/2252
f 2224/3838/2224 2252/3880/2252 2253/3881/2253
f 2147/3715/2147 2251/3879/2251 2249/3876/2249
f 2148/3717/2148 2252/3880/2252 2251/3879/2251
f 2139/3701/2139 2249/3876/2249 2252/3880/2252
f 2251/3879/2251 2252/3880/2252 2249/3876/2249
f 2111/3660/2111 2227/3844/2227 2195/3796/2195
f 2140/3703/2140 2254/3883/2254 2227/3844/2227
f 2132/3694/2132 2195/3796/2195 2254/3883/2254
f 2227/3844/2227 2254/3883/2254 2195/3796/2195
f 2116/3668/2116 2190/3787/2190 2222/3836/2222
f 2129/3688/2129 2255/3885/2255 2190/3787/2190
f 2140/3703/2140 2222/3836/2222 2255/3885/2255
f 2190/3787/2190 2255/3885/2255 2222/3836/2222
f 2112/3661/2112 2192/3790/2192 2186/3779/2186
f 2132/3693/2132 2256/3886/2256 2192/3790/2192
f 2129/3688/2129 2186/3780/2186 2256/3887/2256
f 2192/3790/2192 2256/3886/2256 2186/3779/2186
f 2140/3703/2140 2255/3885/2255 2254/3883/2254
f 2129/3688/2129 2256/3887/2256 2255/3885/2255
f 2132/3693/2132 2254/3882/2254 2256/3886/2256
f 2255/3884/2255 2256/3886/2256 2254/3882/2254
f 2109/3657/2109 2234/3854/2234 2202/3812/2202
f 2142/3706/2142 2257/3888/2257 2234/3854/2234
f 2134/3696/2134 2202/3812/2202 2257/3888/2257
f 2234/3854/2234 2257/3888/2257 2202/3812/2202
f 2111/3659/2111 2197/3800/2197 2230/3848/2230
f 2131/3692/2131 2258/3890/2258 2197/3801/2197
f 2142/3707/2142 2230/3849/2230 2258/3890/2258
f 2197/3801/2197 2258/3890/2258 2230/3849/2230
f 2118/3673/2118 2199/3806/2199 2193/3793/2193
f 2134/3696/2134 2259/3891/2259 2199/3805/2199
f 2131/3692/2131 2193/3793/2193 2259/3892/2259
f 2199/3806/2199 2259/3892/2259 2193/3793/2193
f 2142/3707/2142 2258/3890/2258 2257/3889/2257
f 2131/3692/2131 2259/3892/2259 2258/3890/2258
f 2134/3696/2134 2257/3888/2257 2259/3891/2259
f 2258/3890/2258 2259/3892/2259 2257/3889/2257
f 2113/3662/2113 2241/3865/2241 2209/3819/2209
f 2144/3711/2144 2260/3893/2260 2241/3865/2241
f 2136/3698/2136 2209/3819/2209 2260/3893/2260
f 2241/3865/2241 2260/3893/2260 2209/3819/2209
f 2109/3657/2109 2204/3814/2204 2237/3858/2237
f 2133/3695/2133 2261/3894/2261 2204/3814/2204
f 2144/3710/2144 2237/3858/2237 2261/3894/2261
f 2204/3814/2204 2261/3894/2261 2237/3858/2237
f 2117/3671/2117 2206/3816/2206 2200/3809/2200
f 2136/3698/2136 2262/3897/2262 2206/3816/2206
f 2133/3695/2133 2200/3808/2200 2262/3896/2262
f 2206/3816/2206 2262/3897/2262 2200/3809/2200
f 2144/3711/2144 2261/3895/2261 2260/3893/2260
f 2133/3695/2133 2262/3896/2262 2261/3894/2261
f 2136/3698/2136 2260/3893/2260 2262/3897/2262
f 2261/3895/2261 2262/3897/2262 2260/3893/2260
f 2115/3666/2115 2248/3875/2248 2216/3827/2216
f 2146/3714/2146 2263/3898/2263 2248/3875/2248
f 2138/3700/2138 2216/3827/2216 2263/3898/2263
f 2248/3875/2248 2263/3898/2263 2216/3827/2216
f 2113/3662/2113 2211/3821/2211 2244/3869/2244
f 2135/3697/2135 2264/3899/2264 2211/3821/2211
f 2146/3714/2146 2244/3869/2244 2264/3899/2264
f 2211/3821/2211 2264/3899/2264 2244/3869/2244
f 2114/3663/2114 2213/3823/2213 2207/3817/2207
f 2138/3700/2138 2265/3900/2265 2213/3823/2213
f 2135/3697/2135 2207/3817/2207 2265/3900/2265
f 2213/3823/2213 2265/3900/2265 2207/3817/2207
f 2146/3714/2146 2264/3899/2264 2263/3898/2263
f 2135/3697/2135 2265/3900/2265 2264/3899/2264
f 2138/3700/2138 2263/3898/2263 2265/3900/2265
f 2264/3899/2264 2265/3900/2265 2263/3898/2263
f 2116/3667/2116 2253/3881/2253 2188/3782/2188
f 2148/3717/2148 2266/3901/2266 2253/3881/2253
f 2130/3689/2130 2188/3783/2188 2266/3902/2266
f 2253/3881/2253 2266/3901/2266 2188/3782/2188
f 2115/3665/2115 2218/3830/2218 2250/3878/2250
f 2137/3699/2137 2267/3904/2267 2218/3830/2218
f 2148/3717/2148 2250/3877/2250 2267/3903/2267
f 2218/3830/2218 2267/3904/2267 2250/3878/2250
f 2108/3656/2108 2185/3778/2185 2214/3824/2214
f 2130/3689/2130 2268/3905/2268 2185/3778/2185
f 2137/3699/2137 2214/3824/2214 2268/3905/2268
f 2185/3778/2185 2268/3905/2268 2214/3824/2214
f 2148/3717/2148 2267/3903/2267 2266/3901/2266
f 2137/3699/2137 2268/3905/2268 2267/3904/2267
f 2130/3689/2130 2266/3902/2266 2268/3905/2268
f 2267/3904/2267 2268/3905/2268 2266/3902/2266
f 2269/3906/2269 2270/3907/2270 2282/3923/2282
f 2269/3906/2269 2282/3923/2282 2281/3922/2281
f 2270/3907/2270 2271/3908/2271 2283/3924/2283
f 2270/3907/2270 2283/3924/2283 2282/3923/2282
f 2271/3909/2271 2272/3910/2272 2284/3926/2284
f 2271/3909/2271 2284/3926/2284 2283/3925/2283
f 2272/3910/2272 2273/3911/2273 2285/3927/2285
f 2272/3910/2272 2285/3927/2285 2284/3926/2284
f 2273/3911/2273 2274/3913/2274 2286/3929/2286
f 2273/3911/2273 2286/3929/2286 2285/3927/2285
f 2274/3912/2274 2275/3914/2275 2287/3930/2287
f 2274/3912/2274 2287/3930/2287 2286/3928/2286
f 2275/3914/2275 2276/3915/2276 2288/3931/2288
f 2275/3914/2275 2288/3931/2288 2287/3930/2287
f 2276/3916/2276 2277/3917/2277 2289/3933/2289
f 2276/3916/2276 2289/3933/2289 2288/3932/2288
f 2277/3917/2277 2278/3918/2278 2290/3934/2290
f 2277/3917/2277 2290/3934/2290 2289/3933/2289
f 2278/3918/2278 2279/3920/2279 2291/3936/2291
f 2278/3918/2278 2291/3936/2291 2290/3934/2290
f 2279/3919/2279 2280/3921/2280 2292/3937/2292
f 2279/3919/2279 2292/3937/2292 2291/3935/2291
f 2280/3921/2280 2269/3906/2269 2281/3922/2281
f 2280/3921/2280 2281/3922/2281 2292/3937/2292
f 2281/3922/2281 2282/3923/2282 2294/3939/2294
f 2281/3922/2281 2294/3939/2294 2293/3938/2293
f 2282/3923/2282 2283/3924/2283 2295/3941/2295
f 2282/3923/2282 2295/3941/2295 2294/3939/2294
f 2283/3925/2283 2284/3926/2284 2296/3943/2296
f 2283/3925/2283 2296/3943/2296 2295/3942/2295
f 2284/3926/2284 2285/3927/2285 2297/3944/2297
f 2284/3926/2284 2297/3944/2297 2296/3943/2296
f 2285/3927/2285 2286/3929/2286 2298/3946/2298
f 2285/3927/2285 2298/3946/2298 2297/3944/2297
f 2286/3928/2286 2287/3930/2287 2299/3947/2299
f 2286/3928/2286 2299/3947/2299 2298/3945/2298
f 2287/3930/2287 2288/3931/2288 2300/3948/2300
f 2287/3930/2287 2300/3948/2300 2299/3947/2299
f 2288/3932/2288 2289/3933/2289 2301/3950/2301
f 2288/3932/2288 2301/3950/2301 2300/3949/2300
f 2289/3933/2289 2290/3934/2290 2302/3951/2302
f 2289/3933/2289 2302/3951/2302 2301/3950/2301
f 2290/3934/2290 2291/3936/2291 2303/3953/2303
f 2290/3934/2290 2303/3953/2303 2302/3951/2302
f 2291/3935/2291 2292/3937/2292 2304/3954/2304
f 2291/3935/2291 2304/3954/2304 2303/3952/2303
f 2292/3937/2292 2281/3922/2281 2293/3938/2293
f 2292/3937/2292 2293/3938/2293 2304/3954/2304
f 2293/3938/2293 2294/3939/2294 2306/3956/2306
f 2293/3938/2293 2306/3956/2306 2305/3955/2305
f 2294/3939/2294 2295/3941/2295 2307/3958/2307
f 2294/3940/2294 2307/3959/2307 2306/3957/2306
f 2295/3942/2295 2296/3943/2296 2308/3960/2308
f 2295/3942/2295 2308/3960/2308 2307/3959/2307
f 2296/3943/2296 2297/3944/2297 2309/3961/2309
f 2296/3943/2296 2309/3961/2309 2308/3960/2308
f 2297/3944/2297 2298/3946/2298 2310/3963/2310
f 2297/3944/2297 2310/3963/2310 2309/3961/2309
f 2298/3945/2298 2299/3947/2299 2311/3964/2311
f 2298/3945/2298 2311/3964/2311 2310/3962/2310
f 2299/3947/2299 2300/3948/2300 2312/3965/2312
f 2299/3947/2299 2312/3965/2312 2311/3964/2311
f 2300/3949/2300 2301/3950/2301 2313/3967/2313
f 2300/3948/2300 2313/3966/2313 2312/3965/2312
f 2301/3950/2301 2302/3951/2302 2314/3968/2314
f 2301/3950/2301 2314/3968/2314 2313/3967/2313
f 2302/3951/2302 2303/3953/2303 2315/3970/2315
f 2302/3951/2302 2315/3970/2315 2314/3968/2314
f 2303/3952/2303 2304/3954/2304 2316/3971/2316
f 2303/3952/2303 2316/3971/2316 2315/3969/2315
f 2304/3954/2304 2293/3938/2293 2305/3955/2305
f 2304/3954/2304 2305/3955/2305 2316/3971/2316
f 2305/3955/2305 2306/3956/2306 2318/3975/2318
f 2305/3955/2305 2318/3975/2318 2317/3973/2317
f 2306/3957/2306 2307/3959/2307 2319/3977/2319
f 2306/3957/2306 2319/3977/2319 2318/3976/2318
f 2307/3959/2307 2308/3960/2308 2320/3978/2320
f 2307/3959/2307 2320/3978/2320 2319/3977/2319
f 2308/3960/2308 2309/3961/2309 2321/3979/2321
f 2308/3960/2308 2321/3979/2321 2320/3978/2320
f 2309/3961/2309 2310/3963/2310 2322/3981/2322
f 2309/3961/2309 2322/3981/2322 2321/3979/2321
f 2310/3962/2310 2311/3964/2311 2323/3982/2323
f 2310/3962/2310 2323/3982/2323 2322/3980/2322
f 2311/3964/2311 2312/3965/2312 2324/3983/2324
f 2311/3964/2311 2324/3983/2324 2323/3982/2323
f 2312/3965/2312 2313/3966/2313 2325/3984/2325
f 2312/3965/2312 2325/3984/2325 2324/3983/2324
f 2313/3967/2313 2314/3968/2314 2326/3986/2326
f 2313/3967/2313 2326/3986/2326 2325/3985/2325
f 2314/3968/2314 2315/3970/2315 2327/3988/2327
f 2314/3968/2314 2327/3988/2327 2326/3986/2326
f 2315/3969/2315 2316/3971/2316 2328/3989/2328
f 2315/3969/2315 2328/3989/2328 2327/3987/2327
f 2316/3971/2316 2305/3955/2305 2317/3973/2317
f 2316/3972/2316 2317/3974/2317 2328/3990/2328
f 2317/3973/2317 2318/3975/2318 2330/3993/2330
f 2317/3973/2317 2330/3993/2330 2329/3991/2329
f 2318/3976/2318 2319/3977/2319 2331/3995/2331
f 2318/3976/2318 2331/3995/2331 2330/3994/2330
f 2319/3977/2319 2320/3978/2320 2332/3996/2332
f 2319/3977/2319 2332/3996/2332 2331/3995/2331
f 2320/3978/2320 2321/3979/2321 2333/3997/2333
f 2320/3978/2320 2333/3997/2333 2332/3996/2332
f 2321/3979/2321 2322/3981/2322 2334/3999/2334
f 2321/3979/2321 2334/3999/2334 2333/3997/2333
f 2322/3980/2322 2323/3982/2323 2335/4000/2335
f 2322/3980/2322 2335/4000/2335 2334/3998/2334
f 2323/3982/2323 2324/3983/2324 2336/4001/2336
f 2323/3982/2323 2336/4001/2336 2335/4000/2335
f 2324/3983/2324 2325/3984/2325 2337/4002/2337
f 2324/3983/2324 2337/4002/2337 2336/4001/2336
f 2325/3985/2325 2326/3986/2326 2338/4004/2338
f 2325/3985/2325 2338/4004/2338 2337/4003/2337
f 2326/3986/2326 2327/3988/2327 2339/4006/2339
f 2326/3986/2326 2339/4006/2339 2338/4004/2338
f 2327/3987/2327 2328/3989/2328 2340/4007/2340
f 2327/3987/2327 2340/4007/2340 2339/4005/2339
f 2328/3990/2328 2317/3974/2317 2329/3992/2329
f 2328/3990/2328 2329/3992/2329 2340/4008/2340
f 2329/3991/2329 2330/3993/2330 2342/4011/2342
f 2329/3991/2329 2342/4011/2342 2341/4009/2341
f 2330/3994/2330 2331/3995/2331 2343/4013/2343
f 2330/3994/2330 2343/4013/2343 2342/4012/2342
f 2331/3995/2331 2332/3996/2332 2344/4014/2344
f 2331/3995/2331 2344/4014/2344 2343/4013/2343
f 2332/3996/2332 2333/3997/2333 2345/4015/2345
f 2332/3996/2332 2345/4015/2345 2344/4014/2344
f 2333/3997/2333 2334/3999/2334 2346/4017/2346
f 2333/3997/2333 2346/4017/2346 2345/4015/2345
f 2334/3998/2334 2335/4000/2335 2347/4018/2347
f 2334/3998/2334 2347/4018/2347 2346/4016/2346
f 2335/4000/2335 2336/4001/2336 2348/4019/2348
f 2335/4000/2335 2348/4019/2348 2347/4018/2347
f 2336/4001/2336 2337/4002/2337 2349/4020/2349
f 2336/4001/2336 2349/4020/2349 2348/4019/2348
f 2337/4003/2337 2338/4004/2338 2350/4022/2350
f 2337/4003/2337 2350/4022/2350 2349/4021/2349
f 2338/4004/2338 2339/4006/2339 2351/4024/2351
f 2338/4004/2338 2351/4024/2351 2350/4022/2350
f 2339/4005/2339 2340/4007/2340 2352/4025/2352
f 2339/4005/2339 2352/4025/2352 2351/4023/2351
f 2340/4008/2340 2329/3992/2329 2341/4010/2341
f 2340/4008/2340 2341/4010/2341 2352/4026/2352
f 2341/4009/2341 2342/4011/2342 2354/4029/2354
f 2341/4009/2341 2354/4029/2354 2353/4027/2353
f 2342/4012/2342 2343/4013/2343 2355/4031/2355
f 2342/4012/2342 2355/4031/2355 2354/4030/2354
f 2343/4013/2343 2344/4014/2344 2356/4032/2356
f 2343/4013/2343 2356/4032/2356 2355/4031/2355
f 2344/4014/2344 2345/4015/2345 2357/4034/2357
f 2344/4014/2344 2357/4034/2357 2356/4032/2356
f 2345/4015/2345 2346/4017/2346 2358/4036/2358
f 2345/4015/2345 2358/4036/2358 2357/4034/2357
f 2346/4016/2346 2347/4018/2347 2359/4037/2359
f 2346/4016/2346 2359/4037/2359 2358/4035/2358
f 2347/4018/2347 2348/4019/2348 2360/4038/2360
f 2347/4018/2347 2360/4038/2360 2359/4037/2359
f 2348/4019/2348 2349/4020/2349 2361/4039/2361
f 2348/4019/2348 2361/4039/2361 2360/4038/2360
f 2349/4021/2349 2350/4022/2350 2362/4041/2362
f 2349/4021/2349 2362/4041/2362 2361/4040/2361
f 2350/4022/2350 2351/4024/2351 2363/4043/2363
f 2350/4022/2350 2363/4043/2363 2362/4041/2362
f 2351/4023/2351 2352/4025/2352 2364/4044/2364
f 2351/4023/2351 2364/4044/2364 2363/4042/2363
f 2352/4026/2352 2341/4010/2341 2353/4028/2353
f 2352/4026/2352 2353/4028/2353 2364/4045/2364
f 2353/4027/2353 2354/4029/2354 2366/4048/2366
f 2353/4027/2353 2366/4048/2366 2365/4046/2365
f 2354/4030/2354 2355/4031/2355 2367/4050/2367
f 2354/4030/2354 2367/4050/2367 2366/4049/2366
f 2355/4031/2355 2356/4032/2356 2368/4051/2368
f 2355/4031/2355 2368/4051/2368 2367/4050/2367
f 2356/4032/2356 2357/4034/2357 2369/4053/2369
f 2356/4032/2356 2369/4053/2369 2368/4051/2368
f 2357/4034/2357 2358/4036/2358 2370/4055/2370
f 2357/4033/2357 2370/4054/2370 2369/4052/2369
f 2358/4035/2358 2359/4037/2359 2371/4056/2371
f 2358/4035/2358 2371/4056/2371 2370/4054/2370
f 2359/4037/2359 2360/4038/2360 2372/4057/2372
f 2359/4037/2359 2372/4057/2372 2371/4056/2371
f 2360/4038/2360 2361/4039/2361 2373/4059/2373
f 2360/4038/2360 2373/4059/2373 2372/4057/2372
f 2361/4040/2361 2362/4041/2362 2374/4061/2374
f 2361/4040/2361 2374/4061/2374 2373/4060/2373
f 2362/4041/2362 2363/4043/2363 2375/4062/2375
f 2362/4041/2362 2375/4062/2375 2374/4061/2374
f 2363/4042/2363 2364/4044/2364 2376/4063/2376
f 2363/4043/2363 2376/4064/2376 2375/4062/2375
f 2364/4045/2364 2353/4028/2353 2365/4047/2365
f 2364/4044/2364 2365/4046/2365 2376/4063/2376
f 2365/4046/2365 2366/4048/2366 2378/4067/2378
f 2365/4047/2365 2378/4068/2378 2377/4066/2377
f 2366/4049/2366 2367/4050/2367 2379/4070/2379
f 2366/4048/2366 2379/4069/2379 2378/4067/2378
f 2367/4050/2367 2368/4051/2368 2380/4071/2380
f 2367/4050/2367 2380/4071/2380 2379/4070/2379
f 2368/4051/2368 2369/4053/2369 2381/4073/2381
f 2368/4051/2368 2381/4073/2381 2380/4071/2380
f 2369/4052/2369 2370/4054/2370 2382/4074/2382
f 2369/4052/2369 2382/4074/2382 2381/4072/2381
f 2370/4054/2370 2371/4056/2371 2383/4075/2383
f 2370/4054/2370 2383/4075/2383 2382/4074/2382
f 2371/4056/2371 2372/4057/2372 2384/4076/2384
f 2371/4056/2371 2384/4076/2384 2383/4075/2383
f 2372/4057/2372 2373/4059/2373 2385/4078/2385
f 2372/4058/2372 2385/4079/2385 2384/4077/2384
f 2373/4060/2373 2374/4061/2374 2386/4080/2386
f 2373/4060/2373 2386/4080/2386 2385/4079/2385
f 2374/4061/2374 2375/4062/2375 2387/4081/2387
f 2374/4061/2374 2387/4081/2387 2386/4080/2386
f 2375/4062/2375 2376/4064/2376 2388/4083/2388
f 2375/4062/2375 2388/4083/2388 2387/4081/2387
f 2376/4063/2376 2365/4046/2365 2377/4065/2377
f 2376/4063/2376 2377/4065/2377 2388/4082/2388
f 2377/4066/2377 2378/4068/2378 2389/4085/2389
f 2378/4067/2378 2379/4069/2379 2389/4084/2389
f 2379/4070/2379 2380/4071/2380 2389/4085/2389
f 2380/4071/2380 2381/4073/2381 2389/4085/2389
f 2381/4072/2381 2382/4074/2382 2389/4084/2389
f 2382/4074/2382 2383/4075/2383 2389/4084/2389
f 2383/4075/2383 2384/4076/2384 2389/4084/2389
f 2384/4077/2384 2385/4079/2385 2389/4085/2389
f 2385/4079/2385 2386/4080/2386 2389/4085/2389
f 2386/4080/2386 2387/4081/2387 2389/4085/2389
f 2387/4081/2387 2388/4083/2388 2389/4085/2389
f 2388/4082/2388 2377/4065/2377 2389/4084/2389
f 2390/4086/2390 2391/4087/2391 2403/4105/2403
f 2390/4086/2390 2403/4105/2403 2402/4104/2402
f 2391/4087/2391 2392/4088/2392 2404/4107/2404
f 2391/4087/2391 2404/4107/2404 2403/4105/2403
f 2392/4089/2392 2393/4091/2393 2405/4109/2405
f 2392/4089/2392 2405/4109/2405 2404/4108/2404
f 2393/4090/2393 2394/4092/2394 2406/4110/2406
f 2393/4091/2393 2406/4111/2406 2405/4109/2405
f 2394/4093/2394 2395/4095/2395 2407/4113/2407
f 2394/4093/2394 2407/4113/2407 2406/4111/2406
f 2395/4094/2395 2396/4096/2396 2408/4114/2408
f 2395/4094/2395 2408/4114/2408 2407/4112/2407
f 2396/4096/2396 2397/4097/2397 2409/4115/2409
f 2396/4096/2396 2409/4115/2409 2408/4114/2408
f 2397/4098/2397 2398/4099/2398 2410/4117/2410
f 2397/4098/2397 2410/4117/2410 2409/4116/2409
f 2398/4099/2398 2399/4100/2399 2411/4118/2411
f 2398/4099/2398 2411/4118/2411 2410/4117/2410
f 2399/4100/2399 2400/4102/2400 2412/4120/2412
f 2399/4100/2399 2412/4120/2412 2411/4118/2411
f 2400/4101/2400 2401/4103/2401 2413/4121/2413
f 2400/4101/2400 2413/4121/2413 2412/4119/2412
f 2401/4103/2401 2390/4086/2390 2402/4104/2402
f 2401/4103/2401 2402/4104/2402 2413/4121/2413
f 2402/4104/2402 2403/4105/2403 2415/4123/2415
f 2402/4104/2402 2415/4123/2415 2414/4122/2414
f 2403/4105/2403 2404/4107/2404 2416/4125/2416
f 2403/4106/2403 2416/4126/2416 2415/4124/2415
f 2404/4108/2404 2405/4109/2405 2417/4127/2417
f 2404/4108/2404 2417/4127/2417 2416/4126/2416
f 2405/4109/2405 2406/4111/2406 2418/4128/2418
f 2405/4109/2405 2418/4128/2418 2417/4127/2417
f 2406/4111/2406 2407/4113/2407 2419/4130/2419
f 2406/4111/2406 2419/4130/2419 2418/4128/2418
f 2407/4112/2407 2408/4114/2408 2420/4131/2420
f 2407/4112/2407 2420/4131/2420 2419/4129/2419
f 2408/4114/2408 2409/4115/2409 2421/4133/2421
f 2408/4114/2408 2421/4133/2421 2420/4131/2420
f 2409/4116/2409 2410/4117/2410 2422/4135/2422
f 2409/4115/2409 2422/4134/2422 2421/4133/2421
f 2410/4117/2410 2411/4118/2411 2423/4136/2423
f 2410/4117/2410 2423/4136/2423 2422/4135/2422
f 2411/4118/2411 2412/4120/2412 2424/4138/2424
f 2411/4118/2411 2424/4138/2424 2423/4136/2423
f 2412/4119/2412 2413/4121/2413 2425/4139/2425
f 2412/4119/2412 2425/4139/2425 2424/4137/2424
f 2413/4121/2413 2402/4104/2402 2414/4122/2414
f 2413/4121/2413 2414/4122/2414 2425/4139/2425
f 2414/4122/2414 2415/4123/2415 2427/4141/2427
f 2414/4122/2414 2427/4141/2427 2426/4140/2426
f 2415/4124/2415 2416/4126/2416 2428/4143/2428
f 2415/4124/2415 2428/4143/2428 2427/4142/2427
f 2416/4126/2416 2417/4127/2417 2429/4144/2429
f 2416/4126/2416 2429/4144/2429 2428/4143/2428
f 2417/4127/2417 2418/4128/2418 2430/4145/2430
f 2417/4127/2417 2430/4145/2430 2429/4144/2429
f 2418/4128/2418 2419/4130/2419 2431/4147/2431
f 2418/4128/2418 2431/4147/2431 2430/4145/2430
f 2419/4129/2419 2420/4131/2420 2432/4148/2432
f 2419/4129/2419 2432/4148/2432 2431/4146/2431
f 2420/4131/2420 2421/4133/2421 2433/4150/2433
f 2420/4132/2420 2433/4151/2433 2432/4149/2432
f 2421/4133/2421 2422/4134/2422 2434/4152/2434
f 2421/4133/2421 2434/4152/2434 2433/4150/2433
f 2422/4135/2422 2423/4136/2423 2435/4154/2435
f 2422/4135/2422 2435/4154/2435 2434/4153/2434
f 2423/4136/2423 2424/4138/2424 2436/4156/2436
f 2423/4136/2423 2436/4156/2436 2435/4154/2435
f 2424/4137/2424 2425/4139/2425 2437/4157/2437
f 2424/4137/2424 2437/4157/2437 2436/4155/2436
f 2425/4139/2425 2414/4122/2414 2426/4140/2426
f 2425/4139/2425 2426/4140/2426 2437/4157/2437
f 2426/4140/2426 2427/4141/2427 2439/4159/2439
f 2426/4140/2426 2439/4159/2439 2438/4158/2438
f 2427/4142/2427 2428/4143/2428 2440/4161/2440
f 2427/4142/2427 2440/4161/2440 2439/4160/2439
f 2428/4143/2428 2429/4144/2429 2441/4162/2441
f 2428/4143/2428 2441/4162/2441 2440/4161/2440
f 2429/4144/2429 2430/4145/2430 2442/4163/2442
f 2429/4144/2429 2442/4163/2442 2441/4162/2441
f 2430/4145/2430 2431/4147/2431 2443/4165/2443
f 2430/4145/2430 2443/4165/2443 2442/4163/2442
f 2431/4146/2431 2432/4148/2432 2444/4166/2444
f 2431/4146/2431 2444/4166/2444 2443/4164/2443
f 2432/4149/2432 2433/4151/2433 2445/4169/2445
f 2432/4149/2432 2445/4169/2445 2444/4167/2444
f 2433/4150/2433 2434/4152/2434 2446/4170/2446
f 2433/4150/2433 2446/4170/2446 2445/4168/2445
f 2434/4153/2434 2435/4154/2435 2447/4172/2447
f 2434/4153/2434 2447/4172/2447 2446/4171/2446
f 2435/4154/2435 2436/4156/2436 2448/4174/2448
f 2435/4154/2435 2448/4174/2448 2447/4172/2447
f 2436/4155/2436 2437/4157/2437 2449/4175/2449
f 2436/4155/2436 2449/4175/2449 2448/4173/2448
f 2437/4157/2437 2426/4140/2426 2438/4158/2438
f 2437/4157/2437 2438/4158/2438 2449/4175/2449
f 2438/4158/2438 2439/4159/2439 2451/4177/2451
f 2438/4158/2438 2451/4177/2451 2450/4176/2450
f 2439/4160/2439 2440/4161/2440 2452/4179/2452
f 2439/4160/2439 2452/4179/2452 2451/4178/2451
f 2440/4161/2440 2441/4162/2441 2453/4180/2453
f 2440/4161/2440 2453/4180/2453 2452/4179/2452
f 2441/4162/2441 2442/4163/2442 2454/4181/2454
f 2441/4162/2441 2454/4181/2454 2453/4180/2453
f 2442/4163/2442 2443/4165/2443 2455/4183/2455
f 2442/4163/2442 2455/4183/2455 2454/4181/2454
f 2443/4164/2443 2444/4166/2444 2456/4184/2456
f 2443/4164/2443 2456/4184/2456 2455/4182/2455
f 2444/4167/2444 2445/4169/2445 2457/4186/2457
f 2444/4166/2444 2457/4185/2457 2456/4184/2456
f 2445/4168/2445 2446/4170/2446 2458/4187/2458
f 2445/4168/2445 2458/4187/2458 2457/4185/2457
f 2446/4171/2446 2447/4172/2447 2459/4189/2459
f 2446/4171/2446 2459/4189/2459 2458/4188/2458
f 2447/4172/2447 2448/4174/2448 2460/4191/2460
f 2447/4172/2447 2460/4191/2460 2459/4189/2459
f 2448/4173/2448 2449/4175/2449 2461/4192/2461
f 2448/4173/2448 2461/4192/2461 2460/4190/2460
f 2449/4175/2449 2438/4158/2438 2450/4176/2450
f 2449/4175/2449 2450/4176/2450 2461/4192/2461
f 2450/4176/2450 2451/4177/2451 2463/4194/2463
f 2450/4176/2450 2463/4194/2463 2462/4193/2462
f 2451/4178/2451 2452/4179/2452 2464/4196/2464
f 2451/4178/2451 2464/4196/2464 2463/4195/2463
f 2452/4179/2452 2453/4180/2453 2465/4197/2465
f 2452/4179/2452 2465/4197/2465 2464/4196/2464
f 2453/4180/2453 2454/4181/2454 2466/4198/2466
f 2453/4180/2453 2466/4198/2466 2465/4197/2465
f 2454/4181/2454 2455/4183/2455 2467/4200/2467
f 2454/4181/2454 2467/4200/2467 2466/4198/2466
f 2455/4182/2455 2456/4184/2456 2468/4201/2468
f 2455/4182/2455 2468/4201/2468 2467/4199/2467
f 2456/4184/2456 2457/4185/2457 2469/4202/2469
f 2456/4184/2456 2469/4202/2469 2468/4201/2468
f 2457/4185/2457 2458/4187/2458 2470/4203/2470
f 2457/4185/2457 2470/4203/2470 2469/4202/2469
f 2458/4188/2458 2459/4189/2459 2471/4205/2471
f 2458/4188/2458 2471/4205/2471 2470/4204/2470
f 2459/4189/2459 2460/4191/2460 2472/4207/2472
f 2459/4189/2459 2472/4207/2472 2471/4205/2471
f 2460/4190/2460 2461/4192/2461 2473/4208/2473
f 2460/4190/2460 2473/4208/2473 2472/4206/2472
f 2461/4192/2461 2450/4176/2450 2462/4193/2462
f 2461/4192/2461 2462/4193/2462 2473/4208/2473
f 2462/4193/2462 2463/4194/2463 2475/4210/2475
f 2462/4193/2462 2475/4210/2475 2474/4209/2474
f 2463/4195/2463 2464/4196/2464 2476/4212/2476
f 2463/4195/2463 2476/4212/2476 2475/4211/2475
f 2464/4196/2464 2465/4197/2465 2477/4213/2477
f 2464/4196/2464 2477/4213/2477 2476/4212/2476
f 2465/4197/2465 2466/4198/2466 2478/4215/2478
f 2465/4197/2465 2478/4215/2478 2477/4213/2477
f 2466/4198/2466 2467/4200/2467 2479/4217/2479
f 2466/4198/2466 2479/4217/2479 2478/4215/2478
f 2467/4199/2467 2468/4201/2468 2480/4218/2480
f 2467/4199/2467 2480/4218/2480 2479/4216/2479
f 2468/4201/2468 2469/4202/2469 2481/4219/2481
f 2468/4201/2468 2481/4219/2481 2480/4218/2480
f 2469/4202/2469 2470/4203/2470 2482/4220/2482
f 2469/4202/2469 2482/4220/2482 2481/4219/2481
f 2470/4204/2470 2471/4205/2471 2483/4222/2483
f 2470/4204/2470 2483/4222/2483 2482/4221/2482
f 2471/4205/2471 2472/4207/2472 2484/4224/2484
f 2471/4205/2471 2484/4224/2484 2483/4222/2483
f 2472/4206/2472 2473/4208/2473 2485/4225/2485
f 2472/4206/2472 2485/4225/2485 2484/4223/2484
f 2473/4208/2473 2462/4193/2462 2474/4209/2474
f 2473/4208/2473 2474/4209/2474 2485/4225/2485
f 2474/4209/2474 2475/4210/2475 2487/4227/2487
f 2474/4209/2474 2487/4227/2487 2486/4226/2486
f 2475/4211/2475 2476/4212/2476 2488/4230/2488
f 2475/4211/2475 2488/4230/2488 2487/4228/2487
f 2476/4212/2476 2477/4213/2477 2489/4231/2489
f 2476/4212/2476 2489/4231/2489 2488/4230/2488
f 2477/4213/2477 2478/4215/2478 2490/4233/2490
f 2477/4213/2477 2490/4233/2490 2489/4231/2489
f 2478/4215/2478 2479/4217/2479 2491/4235/2491
f 2478/4214/2478 2491/4234/2491 2490/4232/2490
f 2479/4216/2479 2480/4218/2480 2492/4236/2492
f 2479/4216/2479 2492/4236/2492 2491/4234/2491
f 2480/4218/2480 2481/4219/2481 2493/4237/2493
f 2480/4218/2480 2493/4237/2493 2492/4236/2492
f 2481/4219/2481 2482/4220/2482 2494/4238/2494
f 2481/4219/2481 2494/4238/2494 2493/4237/2493
f 2482/4221/2482 2483/4222/2483 2495/4240/2495
f 2482/4221/2482 2495/4240/2495 2494/4239/2494
f 2483/4222/2483 2484/4224/2484 2496/4241/2496
f 2483/4222/2483 2496/4241/2496 2495/4240/2495
f 2484/4223/2484 2485/4225/2485 2497/4242/2497
f 2484/4224/2484 2497/4243/2497 2496/4241/2496
f 2485/4225/2485 2474/4209/2474 2486/4226/2486
f 2485/4225/2485 2486/4226/2486 2497/4242/2497
f 2486/4226/2486 2487/4227/2487 2499/4245/2499
f 2486/4226/2486 2499/4245/2499 2498/4244/2498
f 2487/4228/2487 2488/4230/2488 2500/4248/2500
f 2487/4228/2487 2500/4248/2500 2499/4246/2499
f 2488/4230/2488 2489/4231/2489 2501/4250/2501
f 2488/4229/2488 2501/4249/2501 2500/4247/2500
f 2489/4231/2489 2490/4233/2490 2502/4252/2502
f 2489/4231/2489 2502/4252/2502 2501/4250/2501
f 2490/4232/2490 2491/4234/2491 2503/4253/2503
f 2490/4232/2490 2503/4253/2503 2502/4251/2502
f 2491/4234/2491 2492/4236/2492 2504/4254/2504
f 2491/4234/2491 2504/4254/2504 2503/4253/2503
f 2492/4236/2492 2493/4237/2493 2505/4255/2505
f 2492/4236/2492 2505/4255/2505 2504/4254/2504
f 2493/4237/2493 2494/4238/2494 2506/4256/2506
f 2493/4237/2493 2506/4256/2506 2505/4255/2505
f 2494/4239/2494 2495/4240/2495 2507/4258/2507
f 2494/4239/2494 2507/4258/2507 2506/4257/2506
f 2495/4240/2495 2496/4241/2496 2508/4259/2508
f 2495/4240/2495 2508/4259/2508 2507/4258/2507
f 2496/4241/2496 2497/4243/2497 2509/4261/2509
f 2496/4241/2496 2509/4261/2509 2508/4259/2508
f 2497/4242/2497 2486/4226/2486 2498/4244/2498
f 2497/4242/2497 2498/4244/2498 2509/4260/2509
f 2498/4244/2498 2499/4245/2499 2510/4262/2510
f 2499/4246/2499 2500/4248/2500 2510/4263/2510
f 2500/4247/2500 2501/4249/2501 2510/4262/2510
f 2501/4250/2501 2502/4252/2502 2510/4263/2510
f 2502/4251/2502 2503/4253/2503 2510/4262/2510
f 2503/4253/2503 2504/4254/2504 2510/4262/2510
f 2504/4254/2504 2505/4255/2505 2510/4262/2510
f 2505/4255/2505 2506/4256/2506 2510/4262/2510
f 2506/4257/2506 2507/4258/2507 2510/4263/2510
f 2507/4258/2507 2508/4259/2508 2510/4263/2510
f 2508/4259/2508 2509/4261/2509 2510/4263/2510
f 2509/4260/2509 2498/4244/2498 2510/4262/2510
f 2511/4264/2511 2512/4265/2512 2524/4281/2524
f 2511/4264/2511 2524/4281/2524 2523/4280/2523
f 2512/4266/2512 2513/4267/2513 2525/4283/2525
f 2512/4266/2512 2525/4283/2525 2524/4282/2524
f 2513/4267/2513 2514/4268/2514 2526/4284/2526
f 2513/4267/2513 2526/4284/2526 2525/4283/2525
f 2514/4268/2514 2515/4270/2515 2527/4286/2527
f 2514/4268/2514 2527/4286/2527 2526/4284/2526
f 2515/4269/2515 2516/4271/2516 2528/4287/2528
f 2515/4269/2515 2528/4287/2528 2527/4285/2527
f 2516/4271/2516 2517/4272/2517 2529/4288/2529
f 2516/4271/2516 2529/4288/2529 2528/4287/2528
f 2517/4272/2517 2518/4273/2518 2530/4289/2530
f 2517/4272/2517 2530/4289/2530 2529/4288/2529
f 2518/4273/2518 2519/4274/2519 2531/4290/2531
f 2518/4273/2518 2531/4290/2531 2530/4289/2530
f 2519/4275/2519 2520/4276/2520 2532/4292/2532
f 2519/4275/2519 2532/4292/2532 2531/4291/2531
f 2520/4276/2520 2521/4277/2521 2533/4293/2533
f 2520/4276/2520 2533/4293/2533 2532/4292/2532
f 2521/4277/2521 2522/4279/2522 2534/4295/2534
f 2521/4277/2521 2534/4295/2534 2533/4293/2533
f 2522/4278/2522 2511/4264/2511 2523/4280/2523
f 2522/4278/2522 2523/4280/2523 2534/4294/2534
f 2523/4280/2523 2524/4281/2524 2536/4297/2536
f 2523/4280/2523 2536/4297/2536 2535/4296/2535
f 2524/4282/2524 2525/4283/2525 2537/4300/2537
f 2524/4282/2524 2537/4300/2537 2536/4298/2536
f 2525/4283/2525 2526/4284/2526 2538/4301/2538
f 2525/4283/2525 2538/4301/2538 2537/4300/2537
f 2526/4284/2526 2527/4286/2527 2539/4303/2539
f 2526/4284/2526 2539/4303/2539 2538/4301/2538
f 2527/4285/2527 2528/4287/2528 2540/4304/2540
f 2527/4285/2527 2540/4304/2540 2539/4302/2539
f 2528/4287/2528 2529/4288/2529 2541/4305/2541
f 2528/4287/2528 2541/4305/2541 2540/4304/2540
f 2529/4288/2529 2530/4289/2530 2542/4306/2542
f 2529/4288/2529 2542/4306/2542 2541/4305/2541
f 2530/4289/2530 2531/4290/2531 2543/4307/2543
f 2530/4289/2530 2543/4307/2543 2542/4306/2542
f 2531/4291/2531 2532/4292/2532 2544/4309/2544
f 2531/4291/2531 2544/4309/2544 2543/4308/2543
f 2532/4292/2532 2533/4293/2533 2545/4310/2545
f 2532/4292/2532 2545/4310/2545 2544/4309/2544
f 2533/4293/2533 2534/4295/2534 2546/4312/2546
f 2533/4293/2533 2546/4312/2546 2545/4310/2545
f 2534/4294/2534 2523/4280/2523 2535/4296/2535
f 2534/4294/2534 2535/4296/2535 2546/4311/2546
f 2535/4296/2535 2536/4297/2536 2548/4314/2548
f 2535/4296/2535 2548/4314/2548 2547/4313/2547
f 2536/4298/2536 2537/4300/2537 2549/4317/2549
f 2536/4298/2536 2549/4317/2549 2548/4315/2548
f 2537/4300/2537 2538/4301/2538 2550/4319/2550
f 2537/4299/2537 2550/4318/2550 2549/4316/2549
f 2538/4301/2538 2539/4303/2539 2551/4321/2551
f 2538/4301/2538 2551/4321/2551 2550/4319/2550
f 2539/4302/2539 2540/4304/2540 2552/4322/2552
f 2539/4302/2539 2552/4322/2552 2551/4320/2551
f 2540/4304/2540 2541/4305/2541 2553/4323/2553
f 2540/4304/2540 2553/4323/2553 2552/4322/2552
f 2541/4305/2541 2542/4306/2542 2554/4324/2554
f 2541/4305/2541 2554/4324/2554 2553/4323/2553
f 2542/4306/2542 2543/4307/2543 2555/4325/2555
f 2542/4306/2542 2555/4325/2555 2554/4324/2554
f 2543/4308/2543 2544/4309/2544 2556/4327/2556
f 2543/4308/2543 2556/4327/2556 2555/4326/2555
f 2544/4309/2544 2545/4310/2545 2557/4328/2557
f 2544/4309/2544 2557/4328/2557 2556/4327/2556
f 2545/4310/2545 2546/4312/2546 2558/4330/2558
f 2545/4310/2545 2558/4330/2558 2557/4328/2557
f 2546/4311/2546 2535/4296/2535 2547/4313/2547
f 2546/4311/2546 2547/4313/2547 2558/4329/2558
f 2547/4313/2547 2548/4314/2548 2560/4332/2560
f 2547/4313/2547 2560/4332/2560 2559/4331/2559
f 2548/4315/2548 2549/4317/2549 2561/4335/2561
f 2548/4315/2548 2561/4335/2561 2560/4333/2560
f 2549/4316/2549 2550/4318/2550 2562/4336/2562
f 2549/4316/2549 2562/4336/2562 2561/4334/2561
f 2550/4319/2550 2551/4321/2551 2563/4339/2563
f 2550/4319/2550 2563/4339/2563 2562/4337/2562
f 2551/4320/2551 2552/4322/2552 2564/4340/2564
f 2551/4320/2551 2564/4340/2564 2563/4338/2563
f 2552/4322/2552 2553/4323/2553 2565/4341/2565
f 2552/4322/2552 2565/4341/2565 2564/4340/2564
f 2553/4323/2553 2554/4324/2554 2566/4342/2566
f 2553/4323/2553 2566/4342/2566 2565/4341/2565
f 2554/4324/2554 2555/4325/2555 2567/4343/2567
f 2554/4324/2554 2567/4343/2567 2566/4342/2566
f 2555/4326/2555 2556/4327/2556 2568/4345/2568
f 2555/4326/2555 2568/4345/2568 2567/4344/2567
f 2556/4327/2556 2557/4328/2557 2569/4346/2569
f 2556/4327/2556 2569/4346/2569 2568/4345/2568
f 2557/4328/2557 2558/4330/2558 2570/4348/2570
f 2557/4328/2557 2570/4348/2570 2569/4346/2569
f 2558/4329/2558 2547/4313/2547 2559/4331/2559
f 2558/4329/2558 2559/4331/2559 2570/4347/2570
f 2559/4331/2559 2560/4332/2560 2572/4350/2572
f 2559/4331/2559 2572/4350/2572 2571/4349/2571
f 2560/4333/2560 2561/4335/2561 2573/4352/2573
f 2560/4333/2560 2573/4352/2573 2572/4351/2572
f 2561/4334/2561 2562/4336/2562 2574/4353/2574
f 2561/4335/2561 2574/4354/2574 2573/4352/2573
f 2562/4337/2562 2563/4339/2563 2575/4356/2575
f 2562/4337/2562 2575/4356/2575 2574/4354/2574
f 2563/4338/2563 2564/4340/2564 2576/4357/2576
f 2563/4338/2563 2576/4357/2576 2575/4355/2575
f 2564/4340/2564 2565/4341/2565 2577/4358/2577
f 2564/4340/2564 2577/4358/2577 2576/4357/2576
f 2565/4341/2565 2566/4342/2566 2578/4359/2578
f 2565/4341/2565 2578/4359/2578 2577/4358/2577
f 2566/4342/2566 2567/4343/2567 2579/4361/2579
f 2566/4342/2566 2579/4361/2579 2578/4359/2578
f 2567/4344/2567 2568/4345/2568 2580/4363/2580
f 2567/4344/2567 2580/4363/2580 2579/4362/2579
f 2568/4345/2568 2569/4346/2569 2581/4364/2581
f 2568/4345/2568 2581/4364/2581 2580/4363/2580
f 2569/4346/2569 2570/4348/2570 2582/4366/2582
f 2569/4346/2569 2582/4366/2582 2581/4364/2581
f 2570/4347/2570 2559/4331/2559 2571/4349/2571
f 2570/4347/2570 2571/4349/2571 2582/4365/2582
f 2571/4349/2571 2572/4350/2572 2584/4368/2584
f 2571/4349/2571 2584/4368/2584 2583/4367/2583
f 2572/4351/2572 2573/4352/2573 2585/4370/2585
f 2572/4350/2572 2585/4369/2585 2584/4368/2584
f 2573/4352/2573 2574/4354/2574 2586/4371/2586
f 2573/4352/2573 2586/4371/2586 2585/4370/2585
f 2574/4354/2574 2575/4356/2575 2587/4373/2587
f 2574/4354/2574 2587/4373/2587 2586/4371/2586
f 2575/4355/2575 2576/4357/2576 2588/4374/2588
f 2575/4355/2575 2588/4374/2588 2587/4372/2587
f 2576/4357/2576 2577/4358/2577 2589/4376/2589
f 2576/4357/2576 2589/4376/2589 2588/4374/2588
f 2577/4358/2577 2578/4359/2578 2590/4377/2590
f 2577/4358/2577 2590/4377/2590 2589/4376/2589
f 2578/4359/2578 2579/4361/2579 2591/4379/2591
f 2578/4360/2578 2591/4380/2591 2590/4378/2590
f 2579/4362/2579 2580/4363/2580 2592/4381/2592
f 2579/4362/2579 2592/4381/2592 2591/4380/2591
f 2580/4363/2580 2581/4364/2581 2593/4382/2593
f 2580/4363/2580 2593/4382/2593 2592/4381/2592
f 2581/4364/2581 2582/4366/2582 2594/4384/2594
f 2581/4364/2581 2594/4384/2594 2593/4382/2593
f 2582/4365/2582 2571/4349/2571 2583/4367/2583
f 2582/4365/2582 2583/4367/2583 2594/4383/2594
f 2583/4367/2583 2584/4368/2584 2596/4386/2596
f 2583/4367/2583 2596/4386/2596 2595/4385/2595
f 2584/4368/2584 2585/4369/2585 2597/4387/2597
f 2584/4368/2584 2597/4387/2597 2596/4386/2596
f 2585/4370/2585 2586/4371/2586 2598/4389/2598
f 2585/4370/2585 2598/4389/2598 2597/4388/2597
f 2586/4371/2586 2587/4373/2587 2599/4391/2599
f 2586/4371/2586 2599/4391/2599 2598/4389/2598
f 2587/4372/2587 2588/4374/2588 2600/4392/2600
f 2587/4372/2587 2600/4392/2600 2599/4390/2599
f 2588/4374/2588 2589/4376/2589 2601/4394/2601
f 2588/4375/2588 2601/4395/2601 2600/4393/2600
f 2589/4376/2589 2590/4377/2590 2602/4396/2602
f 2589/4376/2589 2602/4396/2602 2601/4394/2601
f 2590/4378/2590 2591/4380/2591 2603/4398/2603
f 2590/4378/2590 2603/4398/2603 2602/4397/2602
f 2591/4380/2591 2592/4381/2592 2604/4399/2604
f 2591/4380/2591 2604/4399/2604 2603/4398/2603
f 2592/4381/2592 2593/4382/2593 2605/4401/2605
f 2592/4381/2592 2605/4401/2605 2604/4399/2604
f 2593/4382/2593 2594/4384/2594 2606/4403/2606
f 2593/4382/2593 2606/4403/2606 2605/4401/2605
f 2594/4383/2594 2583/4367/2583 2595/4385/2595
f 2594/4383/2594 2595/4385/2595 2606/4402/2606
f 2595/4385/2595 2596/4386/2596 2608/4405/2608
f 2595/4385/2595 2608/4405/2608 2607/4404/2607
f 2596/4386/2596 2597/4387/2597 2609/4406/2609
f 2596/4386/2596 2609/4406/2609 2608/4405/2608
f 2597/4388/2597 2598/4389/2598 2610/4408/2610
f 2597/4388/2597 2610/4408/2610 2609/4407/2609
f 2598/4389/2598 2599/4391/2599 2611/4409/2611
f 2598/4389/2598 2611/4409/2611 2610/4408/2610
f 2599/4390/2599 2600/4392/2600 2612/4410/2612
f 2599/4391/2599 2612/4411/2612 2611/4409/2611
f 2600/4393/2600 2601/4395/2601 2613/4413/2613
f 2600/4392/2600 2613/4412/2613 2612/4410/2612
f 2601/4394/2601 2602/4396/2602 2614/4414/2614
f 2601/4394/2601 2614/4414/2614 2613/4412/2613
f 2602/4397/2602 2603/4398/2603 2615/4416/2615
f 2602/4397/2602 2615/4416/2615 2614/4415/2614
f 2603/4398/2603 2604/4399/2604 2616/4417/2616
f 2603/4398/2603 2616/4417/2616 2615/4416/2615
f 2604/4399/2604 2605/4401/2605 2617/4419/2617
f 2604/4399/2604 2617/4419/2617 2616/4417/2616
f 2605/4401/2605 2606/4403/2606 2618/4421/2618
f 2605/4400/2605 2618/4420/2618 2617/4418/2617
f 2606/4402/2606 2595/4385/2595 2607/4404/2607
f 2606/4402/2606 2607/4404/2607 2618/4420/2618
f 2607/4404/2607 2608/4405/2608 2620/4423/2620
f 2607/4404/2607 2620/4423/2620 2619/4422/2619
f 2608/4405/2608 2609/4406/2609 2621/4424/2621
f 2608/4405/2608 2621/4424/2621 2620/4423/2620
f 2609/4407/2609 2610/4408/2610 2622/4426/2622
f 2609/4407/2609 2622/4426/2622 2621/4425/2621
f 2610/4408/2610 2611/4409/2611 2623/4427/2623
f 2610/4408/2610 2623/4427/2623 2622/4426/2622
f 2611/4409/2611 2612/4411/2612 2624/4429/2624
f 2611/4409/2611 2624/4429/2624 2623/4427/2623
f 2612/4410/2612 2613/4412/2613 2625/4430/2625
f 2612/4410/2612 2625/4430/2625 2624/4428/2624
f 2613/4412/2613 2614/4414/2614 2626/4431/2626
f 2613/4412/2613 2626/4431/2626 2625/4430/2625
f 2614/4415/2614 2615/4416/2615 2627/4433/2627
f 2614/4415/2614 2627/4433/2627 2626/4432/2626
f 2615/4416/2615 2616/4417/2616 2628/4434/2628
f 2615/4416/2615 2628/4434/2628 2627/4433/2627
f 2616/4417/2616 2617/4419/2617 2629/4436/2629
f 2616/4417/2616 2629/4436/2629 2628/4434/2628
f 2617/4418/2617 2618/4420/2618 2630/4437/2630
f 2617/4418/2617 2630/4437/2630 2629/4435/2629
f 2618/4420/2618 2607/4404/2607 2619/4422/2619
f 2618/4420/2618 2619/4422/2619 2630/4437/2630
f 2619/4422/2619 2620/4423/2620 2631/4438/2631
f 2620/4423/2620 2621/4424/2621 2631/4438/2631
f 2621/4425/2621 2622/4426/2622 2631/4439/2631
f 2622/4426/2622 2623/4427/2623 2631/4439/2631
f 2623/4427/2623 2624/4429/2624 2631/4439/2631
f 2624/4428/2624 2625/4430/2625 2631/4438/2631
f 2625/4430/2625 2626/4431/2626 2631/4438/2631
f 2626/4432/2626 2627/4433/2627 2631/4439/2631
f 2627/4433/2627 2628/4434/2628 2631/4439/2631
f 2628/4434/2628 2629/4436/2629 2631/4439/2631
f 2629/4435/2629 2630/4437/2630 2631/4438/2631
f 2630/4437/2630 2619/4422/2619 2631/4438/2631
f 2632/4440/2632 2633/4441/2633 2645/4458/2645
f 2632/4440/2632 2645/4458/2645 2644/4457/2644
f 2633/4441/2633 2634/4442/2634 2646/4459/2646
f 2633/4441/2633 2646/4459/2646 2645/4458/2645
f 2634/4443/2634 2635/4444/2635 2647/4461/2647
f 2634/4443/2634 2647/4461/2647 2646/4460/2646
f 2635/4444/2635 2636/4446/2636 2648/4463/2648
f 2635/4444/2635 2648/4463/2648 2647/4461/2647
f 2636/4445/2636 2637/4447/2637 2649/4464/2649
f 2636/4445/2636 2649/4464/2649 2648/4462/2648
f 2637/4447/2637 2638/4449/2638 2650/4466/2650
f 2637/4448/2637 2650/4467/2650 2649/4465/2649
f 2638/4449/2638 2639/4450/2639 2651/4468/2651
f 2638/4449/2638 2651/4468/2651 2650/4466/2650
f 2639/4451/2639 2640/4452/2640 2652/4470/2652
f 2639/4451/2639 2652/4470/2652 2651/4469/2651
f 2640/4452/2640 2641/4453/2641 2653/4471/2653
f 2640/4452/2640 2653/4471/2653 2652/4470/2652
f 2641/4453/2641 2642/4454/2642 2654/4472/2654
f 2641/4453/2641 2654/4472/2654 2653/4471/2653
f 2642/4454/2642 2643/4456/2643 2655/4474/2655
f 2642/4454/2642 2655/4474/2655 2654/4472/2654
f 2643/4455/2643 2632/4440/2632 2644/4457/2644
f 2643/4455/2643 2644/4457/2644 2655/4473/2655
f 2644/4457/2644 2645/4458/2645 2657/4476/2657
f 2644/4457/2644 2657/4476/2657 2656/4475/2656
f 2645/4458/2645 2646/4459/2646 2658/4477/2658
f 2645/4458/2645 2658/4477/2658 2657/4476/2657
f 2646/4460/2646 2647/4461/2647 2659/4479/2659
f 2646/4460/2646 2659/4479/2659 2658/4478/2658
f 2647/4461/2647 2648/4463/2648 2660/4481/2660
f 2647/4461/2647 2660/4481/2660 2659/4479/2659
f 2648/4462/2648 2649/4464/2649 2661/4482/2661
f 2648/4462/2648 2661/4482/2661 2660/4480/2660
f 2649/4465/2649 2650/4467/2650 2662/4485/2662
f 2649/4465/2649 2662/4485/2662 2661/4483/2661
f 2650/4466/2650 2651/4468/2651 2663/4486/2663
f 2650/4466/2650 2663/4486/2663 2662/4484/2662
f 2651/4469/2651 2652/4470/2652 2664/4488/2664
f 2651/4469/2651 2664/4488/2664 2663/4487/2663
f 2652/4470/2652 2653/4471/2653 2665/4489/2665
f 2652/4470/2652 2665/4489/2665 2664/4488/2664
f 2653/4471/2653 2654/4472/2654 2666/4490/2666
f 2653/4471/2653 2666/4490/2666 2665/4489/2665
f 2654/4472/2654 2655/4474/2655 2667/4492/2667
f 2654/4472/2654 2667/4492/2667 2666/4490/2666
f 2655/4473/2655 2644/4457/2644 2656/4475/2656
f 2655/4473/2655 2656/4475/2656 2667/4491/2667
f 2656/4475/2656 2657/4476/2657 2669/4494/2669
f 2656/4475/2656 2669/4494/2669 2668/4493/2668
f 2657/4476/2657 2658/4477/2658 2670/4495/2670
f 2657/4476/2657 2670/4495/2670 2669/4494/2669
f 2658/4478/2658 2659/4479/2659 2671/4497/2671
f 2658/4478/2658 2671/4497/2671 2670/4496/2670
f 2659/4479/2659 2660/4481/2660 2672/4499/2672
f 2659/4479/2659 2672/4499/2672 2671/4497/2671
f 2660/4480/2660 2661/4482/2661 2673/4500/2673
f 2660/4480/2660 2673/4500/2673 2672/4498/2672
f 2661/4483/2661 2662/4485/2662 2674/4503/2674
f 2661/4483/2661 2674/4503/2674 2673/4501/2673
f 2662/4484/2662 2663/4486/2663 2675/4504/2675
f 2662/4484/2662 2675/4504/2675 2674/4502/2674
f 2663/4487/2663 2664/4488/2664 2676/4506/2676
f 2663/4487/2663 2676/4506/2676 2675/4505/2675
f 2664/4488/2664 2665/4489/2665 2677/4507/2677
f 2664/4488/2664 2677/4507/2677 2676/4506/2676
f 2665/4489/2665 2666/4490/2666 2678/4508/2678
f 2665/4489/2665 2678/4508/2678 2677/4507/2677
f 2666/4490/2666 2667/4492/2667 2679/4510/2679
f 2666/4490/2666 2679/4510/2679 2678/4508/2678
f 2667/4491/2667 2656/4475/2656 2668/4493/2668
f 2667/4491/2667 2668/4493/2668 2679/4509/2679
f 2668/4493/2668 2669/4494/2669 2681/4512/2681
f 2668/4493/2668 2681/4512/2681 2680/4511/2680
f 2669/4494/2669 2670/4495/2670 2682/4513/2682
f 2669/4494/2669 2682/4513/2682 2681/4512/2681
f 2670/4496/2670 2671/4497/2671 2683/4515/2683
f 2670/4496/2670 2683/4515/2683 2682/4514/2682
f 2671/4497/2671 2672/4499/2672 2684/4517/2684
f 2671/4497/2671 2684/4517/2684 2683/4515/2683
f 2672/4498/2672 2673/4500/2673 2685/4518/2685
f 2672/4498/2672 2685/4518/2685 2684/4516/2684
f 2673/4501/2673 2674/4503/2674 2686/4520/2686
f 2673/4500/2673 2686/4519/2686 2685/4518/2685
f 2674/4502/2674 2675/4504/2675 2687/4521/2687
f 2674/4502/2674 2687/4521/2687 2686/4519/2686
f 2675/4505/2675 2676/4506/2676 2688/4523/2688
f 2675/4505/2675 2688/4523/2688 2687/4522/2687
f 2676/4506/2676 2677/4507/2677 2689/4524/2689
f 2676/4506/2676 2689/4524/2689 2688/4523/2688
f 2677/4507/2677 2678/4508/2678 2690/4526/2690
f 2677/4507/2677 2690/4526/2690 2689/4524/2689
f 2678/4508/2678 2679/4510/2679 2691/4528/2691
f 2678/4508/2678 2691/4528/2691 2690/4526/2690
f 2679/4509/2679 2668/4493/2668 2680/4511/2680
f 2679/4509/2679 2680/4511/2680 2691/4527/2691
f 2680/4511/2680 2681/4512/2681 2693/4530/2693
f 2680/4511/2680 2693/4530/2693 2692/4529/2692
f 2681/4512/2681 2682/4513/2682 2694/4532/2694
f 2681/4512/2681 2694/4532/2694 2693/4530/2693
f 2682/4514/2682 2683/4515/2683 2695/4534/2695
f 2682/4514/2682 2695/4534/2695 2694/4533/2694
f 2683/4515/2683 2684/4517/2684 2696/4535/2696
f 2683/4515/2683 2696/4535/2696 2695/4534/2695
f 2684/4516/2684 2685/4518/2685 2697/4536/2697
f 2684/4517/2684 2697/4537/2697 2696/4535/2696
f 2685/4518/2685 2686/4519/2686 2698/4538/2698
f 2685/4518/2685 2698/4538/2698 2697/4536/2697
f 2686/4519/2686 2687/4521/2687 2699/4539/2699
f 2686/4519/2686 2699/4539/2699 2698/4538/2698
f 2687/4522/2687 2688/4523/2688 2700/4541/2700
f 2687/4522/2687 2700/4541/2700 2699/4540/2699
f 2688/4523/2688 2689/4524/2689 2701/4542/2701
f 2688/4523/2688 2701/4542/2701 2700/4541/2700
f 2689/4524/2689 2690/4526/2690 2702/4544/2702
f 2689/4524/2689 2702/4544/2702 2701/4542/2701
f 2690/4526/2690 2691/4528/2691 2703/4546/2703
f 2690/4525/2690 2703/4545/2703 2702/4543/2702
f 2691/4527/2691 2680/4511/2680 2692/4529/2692
f 2691/4527/2691 2692/4529/2692 2703/4545/2703
f 2692/4529/2692 2693/4530/2693 2705/4548/2705
f 2692/4529/2692 2705/4548/2705 2704/4547/2704
f 2693/4530/2693 2694/4532/2694 2706/4550/2706
f 2693/4531/2693 2706/4551/2706 2705/4549/2705
f 2694/4533/2694 2695/4534/2695 2707/4552/2707
f 2694/4533/2694 2707/4552/2707 2706/4551/2706
f 2695/4534/2695 2696/4535/2696 2708/4553/2708
f 2695/4534/2695 2708/4553/2708 2707/4552/2707
f 2696/4535/2696 2697/4537/2697 2709/4555/2709
f 2696/4535/2696 2709/4555/2709 2708/4553/2708
f 2697/4536/2697 2698/4538/2698 2710/4556/2710
f 2697/4536/2697 2710/4556/2710 2709/4554/2709
f 2698/4538/2698 2699/4539/2699 2711/4557/2711
f 2698/4538/2698 2711/4557/2711 2710/4556/2710
f 2699/4540/2699 2700/4541/2700 2712/4559/2712
f 2699/4539/2699 2712/4558/2712 2711/4557/2711
f 2700/4541/2700 2701/4542/2701 2713/4560/2713
f 2700/4541/2700 2713/4560/2713 2712/4559/2712
f 2701/4542/2701 2702/4544/2702 2714/4562/2714
f 2701/4542/2701 2714/4562/2714 2713/4560/2713
f 2702/4543/2702 2703/4545/2703 2715/4563/2715
f 2702/4543/2702 2715/4563/2715 2714/4561/2714
f 2703/4545/2703 2692/4529/2692 2704/4547/2704
f 2703/4545/2703 2704/4547/2704 2715/4563/2715
f 2704/4547/2704 2705/4548/2705 2717/4565/2717
f 2704/4547/2704 2717/4565/2717 2716/4564/2716
f 2705/4549/2705 2706/4551/2706 2718/4567/2718
f 2705/4549/2705 2718/4567/2718 2717/4566/2717
f 2706/4551/2706 2707/4552/2707 2719/4568/2719
f 2706/4551/2706 2719/4568/2719 2718/4567/2718
f 2707/4552/2707 2708/4553/2708 2720/4570/2720
f 2707/4552/2707 2720/4570/2720 2719/4568/2719
f 2708/4553/2708 2709/4555/2709 2721/4572/2721
f 2708/4553/2708 2721/4572/2721 2720/4570/2720
f 2709/4554/2709 2710/4556/2710 2722/4573/2722
f 2709/4554/2709 2722/4573/2722 2721/4571/2721
f 2710/4556/2710 2711/4557/2711 2723/4574/2723
f 2710/4556/2710 2723/4574/2723 2722/4573/2722
f 2711/4557/2711 2712/4558/2712 2724/4575/2724
f 2711/4557/2711 2724/4575/2724 2723/4574/2723
f 2712/4559/2712 2713/4560/2713 2725/4578/2725
f 2712/4559/2712 2725/4578/2725 2724/4576/2724
f 2713/4560/2713 2714/4562/2714 2726/4581/2726
f 2713/4560/2713 2726/4581/2726 2725/4578/2725
f 2714/4561/2714 2715/4563/2715 2727/4583/2727
f 2714/4561/2714 2727/4583/2727 2726/4580/2726
f 2715/4563/2715 2704/4547/2704 2716/4564/2716
f 2715/4563/2715 2716/4564/2716 2727/4583/2727
f 2716/4564/2716 2717/4565/2717 2729/4586/2729
f 2716/4564/2716 2729/4586/2729 2728/4585/2728
f 2717/4566/2717 2718/4567/2718 2730/4588/2730
f 2717/4566/2717 2730/4588/2730 2729/4587/2729
f 2718/4567/2718 2719/4568/2719 2731/4589/2731
f 2718/4567/2718 2731/4589/2731 2730/4588/2730
f 2719/4568/2719 2720/4570/2720 2732/4591/2732
f 2719/4568/2719 2732/4591/2732 2731/4589/2731
f 2720/4570/2720 2721/4572/2721 2733/4593/2733
f 2720/4569/2720 2733/4592/2733 2732/4590/2732
f 2721/4571/2721 2722/4573/2722 2734/4594/2734
f 2721/4571/2721 2734/4594/2734 2733/4592/2733
f 2722/4573/2722 2723/4574/2723 2735/4595/2735
f 2722/4573/2722 2735/4595/2735 2734/4594/2734
f 2723/4574/2723 2724/4575/2724 2736/4596/2736
f 2723/4574/2723 2736/4596/2736 2735/4595/2735
f 2724/4577/2724 2725/4579/2725 2737/4600/2737
f 2724/4576/2724 2737/4599/2737 2736/4597/2736
f 2725/4579/2725 2726/4582/2726 2738/4602/2738
f 2725/4579/2725 2738/4602/2738 2737/4600/2737
f 2726/4582/2726 2727/4584/2727 2739/4605/2739
f 2726/4582/2726 2739/4605/2739 2738/4602/2738
f 2727/4583/2727 2716/4564/2716 2728/4585/2728
f 2727/4583/2727 2728/4585/2728 2739/4603/2739
f 2728/4585/2728 2729/4586/2729 2741/4607/2741
f 2728/4585/2728 2741/4607/2741 2740/4606/2740
f 2729/4587/2729 2730/4588/2730 2742/4609/2742
f 2729/4587/2729 2742/4609/2742 2741/4608/2741
f 2730/4588/2730 2731/4589/2731 2743/4610/2743
f 2730/4588/2730 2743/4610/2743 2742/4609/2742
f 2731/4589/2731 2732/4591/2732 2744/4612/2744
f 2731/4589/2731 2744/4612/2744 2743/4610/2743
f 2732/4590/2732 2733/4592/2733 2745/4613/2745
f 2732/4590/2732 2745/4613/2745 2744/4611/2744
f 2733/4592/2733 2734/4594/2734 2746/4614/2746
f 2733/4592/2733 2746/4614/2746 2745/4613/2745
f 2734/4594/2734 2735/4595/2735 2747/4615/2747
f 2734/4594/2734 2747/4615/2747 2746/4614/2746
f 2735/4595/2735 2736/4596/2736 2748/4616/2748
f 2735/4595/2735 2748/4616/2748 2747/4615/2747
f 2736/4597/2736 2737/4599/2737 2749/4619/2749
f 2736/4597/2736 2749/4619/2749 2748/4617/2748
f 2737/4599/2737 2738/4601/2738 2750/4621/2750
f 2737/4598/2737 2750/4620/2750 2749/4618/2749
f 2738/4601/2738 2739/4604/2739 2751/4623/2751
f 2738/4601/2738 2751/4623/2751 2750/4621/2750
f 2739/4603/2739 2728/4585/2728 2740/4606/2740
f 2739/4603/2739 2740/4606/2740 2751/4622/2751
f 2740/4606/2740 2741/4607/2741 2752/4624/2752
f 2741/4608/2741 2742/4609/2742 2752/4625/2752
f 2742/4609/2742 2743/4610/2743 2752/4625/2752
f 2743/4610/2743 2744/4612/2744 2752/4625/2752
f 2744/4611/2744 2745/4613/2745 2752/4624/2752
f 2745/4613/2745 2746/4614/2746 2752/4624/2752
f 2746/4614/2746 2747/4615/2747 2752/4624/2752
f 2747/4615/2747 2748/4616/2748 2752/4624/2752
f 2748/4617/2748 2749/4619/2749 2752/4625/2752
f 2749/4618/2749 2750/4620/2750 2752/4624/2752
f 2750/4621/2750 2751/4623/2751 2752/4625/2752
f 2751/4622/2751 2740/4606/2740 2752/4624/2752
f 2753/4626/2753 2754/4627/2754 2766/4645/2766
f 2753/4626/2753 2766/4645/2766 2765/4644/2765
f 2754/4627/2754 2755/4628/2755 2767/4647/2767
f 2754/4627/2754 2767/4647/2767 2766/4645/2766
f 2755/4629/2755 2756/4630/2756 2768/4649/2768
f 2755/4629/2755 2768/4649/2768 2767/4648/2767
f 2756/4630/2756 2757/4631/2757 2769/4650/2769
f 2756/4630/2756 2769/4650/2769 2768/4649/2768
f 2757/4631/2757 2758/4633/2758 2770/4652/2770
f 2757/4631/2757 2770/4652/2770 2769/4650/2769
f 2758/4632/2758 2759/4634/2759 2771/4653/2771
f 2758/4632/2758 2771/4653/2771 2770/4651/2770
f 2759/4634/2759 2760/4635/2760 2772/4654/2772
f 2759/4634/2759 2772/4654/2772 2771/4653/2771
f 2760/4636/2760 2761/4638/2761 2773/4656/2773
f 2760/4636/2760 2773/4656/2773 2772/4655/2772
f 2761/4637/2761 2762/4639/2762 2774/4657/2774
f 2761/4638/2761 2774/4658/2774 2773/4656/2773
f 2762/4640/2762 2763/4642/2763 2775/4660/2775
f 2762/4640/2762 2775/4660/2775 2774/4658/2774
f 2763/4641/2763 2764/4643/2764 2776/4661/2776
f 2763/4641/2763 2776/4661/2776 2775/4659/2775
f 2764/4643/2764 2753/4626/2753 2765/4644/2765
f 2764/4643/2764 2765/4644/2765 2776/4661/2776
f 2765/4644/2765 2766/4645/2766 2778/4663/2778
f 2765/4644/2765 2778/4663/2778 2777/4662/2777
f 2766/4645/2766 2767/4647/2767 2779/4665/2779
f 2766/4646/2766 2779/4666/2779 2778/4664/2778
f 2767/4648/2767 2768/4649/2768 2780/4667/2780
f 2767/4648/2767 2780/4667/2780 2779/4666/2779
f 2768/4649/2768 2769/4650/2769 2781/4668/2781
f 2768/4649/2768 2781/4668/2781 2780/4667/2780
f 2769/4650/2769 2770/4652/2770 2782/4670/2782
f 2769/4650/2769 2782/4670/2782 2781/4668/2781
f 2770/4651/2770 2771/4653/2771 2783/4671/2783
f 2770/4651/2770 2783/4671/2783 2782/4669/2782
f 2771/4653/2771 2772/4654/2772 2784/4672/2784
f 2771/4653/2771 2784/4672/2784 2783/4671/2783
f 2772/4655/2772 2773/4656/2773 2785/4674/2785
f 2772/4654/2772 2785/4673/2785 2784/4672/2784
f 2773/4656/2773 2774/4658/2774 2786/4675/2786
f 2773/4656/2773 2786/4675/2786 2785/4674/2785
f 2774/4658/2774 2775/4660/2775 2787/4677/2787
f 2774/4658/2774 2787/4677/2787 2786/4675/2786
f 2775/4659/2775 2776/4661/2776 2788/4678/2788
f 2775/4659/2775 2788/4678/2788 2787/4676/2787
f 2776/4661/2776 2765/4644/2765 2777/4662/2777
f 2776/4661/2776 2777/4662/2777 2788/4678/2788
f 2777/4662/2777 2778/4663/2778 2790/4682/2790
f 2777/4662/2777 2790/4682/2790 2789/4680/2789
f 2778/4664/2778 2779/4666/2779 2791/4684/2791
f 2778/4664/2778 2791/4684/2791 2790/4683/2790
f 2779/4666/2779 2780/4667/2780 2792/4685/2792
f 2779/4666/2779 2792/4685/2792 2791/4684/2791
f 2780/4667/2780 2781/4668/2781 2793/4687/2793
f 2780/4667/2780 2793/4687/2793 2792/4685/2792
f 2781/4668/2781 2782/4670/2782 2794/4689/2794
f 2781/4668/2781 2794/4689/2794 2793/4687/2793
f 2782/4669/2782 2783/4671/2783 2795/4690/2795
f 2782/4669/2782 2795/4690/2795 2794/4688/2794
f 2783/4671/2783 2784/4672/2784 2796/4691/2796
f 2783/4671/2783 2796/4691/2796 2795/4690/2795
f 2784/4672/2784 2785/4673/2785 2797/4692/2797
f 2784/4672/2784 2797/4692/2797 2796/4691/2796
f 2785/4674/2785 2786/4675/2786 2798/4694/2798
f 2785/4674/2785 2798/4694/2798 2797/4693/2797
f 2786/4675/2786 2787/4677/2787 2799/4696/2799
f 2786/4675/2786 2799/4696/2799 2798/4694/2798
f 2787/4676/2787 2788/4678/2788 2800/4697/2800
f 2787/4676/2787 2800/4697/2800 2799/4695/2799
f 2788/4678/2788 2777/4662/2777 2789/4680/2789
f 2788/4679/2788 2789/4681/2789 2800/4698/2800
f 2789/4680/2789 2790/4682/2790 2802/4701/2802
f 2789/4680/2789 2802/4701/2802 2801/4699/2801
f 2790/4683/2790 2791/4684/2791 2803/4703/2803
f 2790/4683/2790 2803/4703/2803 2802/4702/2802
f 2791/4684/2791 2792/4685/2792 2804/4704/2804
f 2791/4684/2791 2804/4704/2804 2803/4703/2803
f 2792/4685/2792 2793/4687/2793 2805/4706/2805
f 2792/4685/2792 2805/4706/2805 2804/4704/2804
f 2793/4687/2793 2794/4689/2794 2806/4708/2806
f 2793/4686/2793 2806/4707/2806 2805/4705/2805
f 2794/4688/2794 2795/4690/2795 2807/4709/2807
f 2794/4688/2794 2807/4709/2807 2806/4707/2806
f 2795/4690/2795 2796/4691/2796 2808/4710/2808
f 2795/4690/2795 2808/4710/2808 2807/4709/2807
f 2796/4691/2796 2797/4692/2797 2809/4711/2809
f 2796/4691/2796 2809/4711/2809 2808/4710/2808
f 2797/4693/2797 2798/4694/2798 2810/4713/2810
f 2797/4693/2797 2810/4713/2810 2809/4712/2809
f 2798/4694/2798 2799/4696/2799 2811/4714/2811
f 2798/4694/2798 2811/4714/2811 2810/4713/2810
f 2799/4695/2799 2800/4697/2800 2812/4715/2812
f 2799/4696/2799 2812/4716/2812 2811/4714/2811
f 2800/4698/2800 2789/4681/2789 2801/4700/2801
f 2800/4697/2800 2801/4699/2801 2812/4715/2812
f 2801/4699/2801 2802/4701/2802 2814/4719/2814
f 2801/4699/2801 2814/4719/2814 2813/4717/2813
f 2802/4702/2802 2803/4703/2803 2815/4721/2815
f 2802/4702/2802 2815/4721/2815 2814/4720/2814
f 2803/4703/2803 2804/4704/2804 2816/4722/2816
f 2803/4703/2803 2816/4722/2816 2815/4721/2815
f 2804/4704/2804 2805/4706/2805 2817/4724/2817
f 2804/4704/2804 2817/4724/2817 2816/4722/2816
f 2805/4705/2805 2806/4707/2806 2818/4725/2818
f 2805/4705/2805 2818/4725/2818 2817/4723/2817
f 2806/4707/2806 2807/4709/2807 2819/4726/2819
f 2806/4707/2806 2819/4726/2819 2818/4725/2818
f 2807/4709/2807 2808/4710/2808 2820/4727/2820
f 2807/4709/2807 2820/4727/2820 2819/4726/2819
f 2808/4710/2808 2809/4711/2809 2821/4729/2821
f 2808/4710/2808 2821/4729/2821 2820/4727/2820
f 2809/4712/2809 2810/4713/2810 2822/4731/2822
f 2809/4712/2809 2822/4731/2822 2821/4730/2821
f 2810/4713/2810 2811/4714/2811 2823/4732/2823
f 2810/4713/2810 2823/4732/2823 2822/4731/2822
f 2811/4714/2811 2812/4716/2812 2824/4734/2824
f 2811/4714/2811 2824/4734/2824 2823/4732/2823
f 2812/4715/2812 2801/4699/2801 2813/4717/2813
f 2812/4715/2812 2813/4717/2813 2824/4733/2824
f 2813/4717/2813 2814/4719/2814 2826/4737/2826
f 2813/4718/2813 2826/4738/2826 2825/4736/2825
f 2814/4720/2814 2815/4721/2815 2827/4740/2827
f 2814/4719/2814 2827/4739/2827 2826/4737/2826
f 2815/4721/2815 2816/4722/2816 2828/4741/2828
f 2815/4721/2815 2828/4741/2828 2827/4740/2827
f 2816/4722/2816 2817/4724/2817 2829/4743/2829
f 2816/4722/2816 2829/4743/2829 2828/4741/2828
f 2817/4723/2817 2818/4725/2818 2830/4744/2830
f 2817/4723/2817 2830/4744/2830 2829/4742/2829
f 2818/4725/2818 2819/4726/2819 2831/4745/2831
f 2818/4725/2818 2831/4745/2831 2830/4744/2830
f 2819/4726/2819 2820/4727/2820 2832/4746/2832
f 2819/4726/2819 2832/4746/2832 2831/4745/2831
f 2820/4727/2820 2821/4729/2821 2833/4748/2833
f 2820/4728/2820 2833/4749/2833 2832/4747/2832
f 2821/4730/2821 2822/4731/2822 2834/4750/2834
f 2821/4730/2821 2834/4750/2834 2833/4749/2833
f 2822/4731/2822 2823/4732/2823 2835/4751/2835
f 2822/4731/2822 2835/4751/2835 2834/4750/2834
f 2823/4732/2823 2824/4734/2824 2836/4753/2836
f 2823/4732/2823 2836/4753/2836 2835/4751/2835
f 2824/4733/2824 2813/4717/2813 2825/4735/2825
f 2824/4733/2824 2825/4735/2825 2836/4752/2836
f 2825/4736/2825 2826/4738/2826 2838/4757/2838
f 2825/4736/2825 2838/4757/2838 2837/4755/2837
f 2826/4737/2826 2827/4739/2827 2839/4758/2839
f 2826/4737/2826 2839/4758/2839 2838/4756/2838
f 2827/4740/2827 2828/4741/2828 2840/4760/2840
f 2827/4740/2827 2840/4760/2840 2839/4759/2839
f 2828/4741/2828 2829/4743/2829 2841/4762/2841
f 2828/4741/2828 2841/4762/2841 2840/4760/2840
f 2829/4742/2829 2830/4744/2830 2842/4763/2842
f 2829/4742/2829 2842/4763/2842 2841/4761/2841
f 2830/4744/2830 2831/4745/2831 2843/4764/2843
f 2830/4744/2830 2843/4764/2843 2842/4763/2842
f 2831/4745/2831 2832/4746/2832 2844/4765/2844
f 2831/4745/2831 2844/4765/2844 2843/4764/2843
f 2832/4747/2832 2833/4749/2833 2845/4767/2845
f 2832/4747/2832 2845/4767/2845 2844/4766/2844
f 2833/4749/2833 2834/4750/2834 2846/4768/2846
f 2833/4749/2833 2846/4768/2846 2845/4767/2845
f 2834/4750/2834 2835/4751/2835 2847/4769/2847
f 2834/4750/2834 2847/4769/2847 2846/4768/2846
f 2835/4751/2835 2836/4753/2836 2848/4771/2848
f 2835/4751/2835 2848/4771/2848 2847/4769/2847
f 2836/4752/2836 2825/4735/2825 2837/4754/2837
f 2836/4752/2836 2837/4754/2837 2848/4770/2848
f 2837/4755/2837 2838/4757/2838 2850/4775/2850
f 2837/4755/2837 2850/4775/2850 2849/4773/2849
f 2838/4756/2838 2839/4758/2839 2851/4776/2851
f 2838/4756/2838 2851/4776/2851 2850/4774/2850
f 2839/4759/2839 2840/4760/2840 2852/4778/2852
f 2839/4759/2839 2852/4778/2852 2851/4777/2851
f 2840/4760/2840 2841/4762/2841 2853/4780/2853
f 2840/4760/2840 2853/4780/2853 2852/4778/2852
f 2841/4761/2841 2842/4763/2842 2854/4781/2854
f 2841/4761/2841 2854/4781/2854 2853/4779/2853
f 2842/4763/2842 2843/4764/2843 2855/4782/2855
f 2842/4763/2842 2855/4782/2855 2854/4781/2854
f 2843/4764/2843 2844/4765/2844 2856/4783/2856
f 2843/4764/2843 2856/4783/2856 2855/4782/2855
f 2844/4766/2844 2845/4767/2845 2857/4785/2857
f 2844/4766/2844 2857/4785/2857 2856/4784/2856
f 2845/4767/2845 2846/4768/2846 2858/4786/2858
f 2845/4767/2845 2858/4786/2858 2857/4785/2857
f 2846/4768/2846 2847/4769/2847 2859/4787/2859
f 2846/4768/2846 2859/4787/2859 2858/4786/2858
f 2847/4769/2847 2848/4771/2848 2860/4789/2860
f 2847/4769/2847 2860/4789/2860 2859/4787/2859
f 2848/4770/2848 2837/4754/2837 2849/4772/2849
f 2848/4770/2848 2849/4772/2849 2860/4788/2860
f 2849/4773/2849 2850/4775/2850 2862/4792/2862
f 2849/4772/2849 2862/4791/2862 2861/4790/2861
f 2850/4774/2850 2851/4776/2851 2863/4793/2863
f 2850/4774/2850 2863/4793/2863 2862/4791/2862
f 2851/4777/2851 2852/4778/2852 2864/4795/2864
f 2851/4777/2851 2864/4795/2864 2863/4794/2863
f 2852/4778/2852 2853/4780/2853 2865/4797/2865
f 2852/4778/2852 2865/4797/2865 2864/4795/2864
f 2853/4779/2853 2854/4781/2854 2866/4798/2866
f 2853/4779/2853 2866/4798/2866 2865/4796/2865
f 2854/4781/2854 2855/4782/2855 2867/4799/2867
f 2854/4781/2854 2867/4799/2867 2866/4798/2866
f 2855/4782/2855 2856/4783/2856 2868/4800/2868
f 2855/4782/2855 2868/4800/2868 2867/4799/2867
f 2856/4784/2856 2857/4785/2857 2869/4802/2869
f 2856/4784/2856 2869/4802/2869 2868/4801/2868
f 2857/4785/2857 2858/4786/2858 2870/4803/2870
f 2857/4785/2857 2870/4803/2870 2869/4802/2869
f 2858/4786/2858 2859/4787/2859 2871/4804/2871
f 2858/4786/2858 2871/4804/2871 2870/4803/2870
f 2859/4787/2859 2860/4789/2860 2872/4806/2872
f 2859/4787/2859 2872/4806/2872 2871/4804/2871
f 2860/4788/2860 2849/4772/2849 2861/4790/2861
f 2860/4788/2860 2861/4790/2861 2872/4805/2872
f 2861/4790/2861 2862/4791/2862 2873/4807/2873
f 2862/4791/2862 2863/4793/2863 2873/4807/2873
f 2863/4794/2863 2864/4795/2864 2873/4808/2873
f 2864/4795/2864 2865/4797/2865 2873/4808/2873
f 2865/4796/2865 2866/4798/2866 2873/4807/2873
f 2866/4798/2866 2867/4799/2867 2873/4807/2873
f 2867/4799/2867 2868/4800/2868 2873/4807/2873
f 2868/4801/2868 2869/4802/2869 2873/4808/2873
f 2869/4802/2869 2870/4803/2870 2873/4808/2873
f 2870/4803/2870 2871/4804/2871 2873/4808/2873
f 2871/4804/2871 2872/4806/2872 2873/4808/2873
f 2872/4805/2872 2861/4790/2861 2873/4807/2873
f 2874/4809/2874 2875/4810/2875 2887/4828/2887
f 2874/4809/2874 2887/4828/2887 2886/4827/2886
f 2875/4811/2875 2876/4813/2876 2888/4831/2888
f 2875/4811/2875 2888/4831/2888 2887/4829/2887
f 2876/4813/2876 2877/4814/2877 2889/4833/2889
f 2876/4812/2876 2889/4832/2889 2888/4830/2888
f 2877/4814/2877 2878/4816/2878 2890/4835/2890
f 2877/4814/2877 2890/4835/2890 2889/4833/2889
f 2878/4816/2878 2879/4818/2879 2891/4837/2891
f 2878/4815/2878 2891/4836/2891 2890/4834/2890
f 2879/4817/2879 2880/4819/2880 2892/4838/2892
f 2879/4817/2879 2892/4838/2892 2891/4836/2891
f 2880/4819/2880 2881/4820/2881 2893/4839/2893
f 2880/4819/2880 2893/4839/2893 2892/4838/2892
f 2881/4820/2881 2882/4821/2882 2894/4840/2894
f 2881/4820/2881 2894/4840/2894 2893/4839/2893
f 2882/4822/2882 2883/4823/2883 2895/4842/2895
f 2882/4822/2882 2895/4842/2895 2894/4841/2894
f 2883/4823/2883 2884/4825/2884 2896/4843/2896
f 2883/4823/2883 2896/4843/2896 2895/4842/2895
f 2884/4824/2884 2885/4826/2885 2897/4844/2897
f 2884/4825/2884 2897/4845/2897 2896/4843/2896
f 2885/4826/2885 2874/4809/2874 2886/4827/2886
f 2885/4826/2885 2886/4827/2886 2897/4844/2897
f 2886/4827/2886 2887/4828/2887 2899/4847/2899
f 2886/4827/2886 2899/4847/2899 2898/4846/2898
f 2887/4829/2887 2888/4831/2888 2900/4850/2900
f 2887/4829/2887 2900/4850/2900 2899/4848/2899
f 2888/4830/2888 2889/4832/2889 2901/4851/2901
f 2888/4830/2888 2901/4851/2901 2900/4849/2900
f 2889/4833/2889 2890/4835/2890 2902/4854/2902
f 2889/4833/2889 2902/4854/2902 2901/4852/2901
f 2890/4834/2890 2891/4836/2891 2903/4855/2903
f 2890/4834/2890 2903/4855/2903 2902/4853/2902
f 2891/4836/2891 2892/4838/2892 2904/4856/2904
f 2891/4836/2891 2904/4856/2904 2903/4855/2903
f 2892/4838/2892 2893/4839/2893 2905/4857/2905
f 2892/4838/2892 2905/4857/2905 2904/4856/2904
f 2893/4839/2893 2894/4840/2894 2906/4858/2906
f 2893/4839/2893 2906/4858/2906 2905/4857/2905
f 2894/4841/2894 2895/4842/2895 2907/4860/2907
f 2894/4841/2894 2907/4860/2907 2906/4859/2906
f 2895/4842/2895 2896/4843/2896 2908/4861/2908
f 2895/4842/2895 2908/4861/2908 2907/4860/2907
f 2896/4843/2896 2897/4845/2897 2909/4863/2909
f 2896/4843/2896 2909/4863/2909 2908/4861/2908
f 2897/4844/2897 2886/4827/2886 2898/4846/2898
f 2897/4844/2897 2898/4846/2898 2909/4862/2909
f 2898/4846/2898 2899/4847/2899 2911/4865/2911
f 2898/4846/2898 2911/4865/2911 2910/4864/2910
f 2899/4848/2899 2900/4850/2900 2912/4868/2912
f 2899/4848/2899 2912/4868/2912 2911/4866/2911
f 2900/4849/2900 2901/4851/2901 2913/4869/2913
f 2900/4849/2900 2913/4869/2913 2912/4867/2912
f 2901/4852/2901 2902/4854/2902 2914/4872/2914
f 2901/4852/2901 2914/4872/2914 2913/4870/2913
f 2902/4853/2902 2903/4855/2903 2915/4873/2915
f 2902/4853/2902 2915/4873/2915 2914/4871/2914
f 2903/4855/2903 2904/4856/2904 2916/4874/2916
f 2903/4855/2903 2916/4874/2916 2915/4873/2915
f 2904/4856/2904 2905/4857/2905 2917/4875/2917
f 2904/4856/2904 2917/4875/2917 2916/4874/2916
f 2905/4857/2905 2906/4858/2906 2918/4876/2918
f 2905/4857/2905 2918/4876/2918 2917/4875/2917
f 2906/4859/2906 2907/4860/2907 2919/4878/2919
f 2906/4859/2906 2919/4878/2919 2918/4877/2918
f 2907/4860/2907 2908/4861/2908 2920/4879/2920
f 2907/4860/2907 2920/4879/2920 2919/4878/2919
f 2908/4861/2908 2909/4863/2909 2921/4881/2921
f 2908/4861/2908 2921/4881/2921 2920/4879/2920
f 2909/4862/2909 2898/4846/2898 2910/4864/2910
f 2909/4862/2909 2910/4864/2910 2921/4880/2921
f 2910/4864/2910 2911/4865/2911 2923/4883/2923
f 2910/4864/2910 2923/4883/2923 2922/4882/2922
f 2911/4866/2911 2912/4868/2912 2924/4886/2924
f 2911/4866/2911 2924/4886/2924 2923/4884/2923
f 2912/4867/2912 2913/4869/2913 2925/4887/2925
f 2912/4867/2912 2925/4887/2925 2924/4885/2924
f 2913/4870/2913 2914/4872/2914 2926/4890/2926
f 2913/4870/2913 2926/4890/2926 2925/4888/2925
f 2914/4871/2914 2915/4873/2915 2927/4891/2927
f 2914/4871/2914 2927/4891/2927 2926/4889/2926
f 2915/4873/2915 2916/4874/2916 2928/4892/2928
f 2915/4873/2915 2928/4892/2928 2927/4891/2927
f 2916/4874/2916 2917/4875/2917 2929/4893/2929
f 2916/4874/2916 2929/4893/2929 2928/4892/2928
f 2917/4875/2917 2918/4876/2918 2930/4895/2930
f 2917/4875/2917 2930/4895/2930 2929/4893/2929
f 2918/4877/2918 2919/4878/2919 2931/4897/2931
f 2918/4877/2918 2931/4897/2931 2930/4896/2930
f 2919/4878/2919 2920/4879/2920 2932/4898/2932
f 2919/4878/2919 2932/4898/2932 2931/4897/2931
f 2920/4879/2920 2921/4881/2921 2933/4900/2933
f 2920/4879/2920 2933/4900/2933 2932/4898/2932
f 2921/4880/2921 2910/4864/2910 2922/4882/2922
f 2921/4880/2921 2922/4882/2922 2933/4899/2933
f 2922/4882/2922 2923/4883/2923 2935/4902/2935
f 2922/4882/2922 2935/4902/2935 2934/4901/2934
f 2923/4884/2923 2924/4886/2924 2936/4904/2936
f 2923/4883/2923 2936/4903/2936 2935/4902/2935
f 2924/4885/2924 2925/4887/2925 2937/4905/2937
f 2924/4886/2924 2937/4906/2937 2936/4904/2936
f 2925/4888/2925 2926/4890/2926 2938/4908/2938
f 2925/4888/2925 2938/4908/2938 2937/4906/2937
f 2926/4889/2926 2927/4891/2927 2939/4909/2939
f 2926/4889/2926 2939/4909/2939 2938/4907/2938
f 2927/4891/2927 2928/4892/2928 2940/4910/2940
f 2927/4891/2927 2940/4910/2940 2939/4909/2939
f 2928/4892/2928 2929/4893/2929 2941/4911/2941
f 2928/4892/2928 2941/4911/2941 2940/4910/2940
f 2929/4893/2929 2930/4895/2930 2942/4913/2942
f 2929/4894/2929 2942/4914/2942 2941/4912/2941
f 2930/4896/2930 2931/4897/2931 2943/4915/2943
f 2930/4896/2930 2943/4915/2943 2942/4914/2942
f 2931/4897/2931 2932/4898/2932 2944/4917/2944
f 2931/4897/2931 2944/4917/2944 2943/4915/2943
f 2932/4898/2932 2933/4900/2933 2945/4919/2945
f 2932/4898/2932 2945/4919/2945 2944/4917/2944
f 2933/4899/2933 2922/4882/2922 2934/4901/2934
f 2933/4899/2933 2934/4901/2934 2945/4918/2945
f 2934/4901/2934 2935/4902/2935 2947/4921/2947
f 2934/4901/2934 2947/4921/2947 2946/4920/2946
f 2935/4902/2935 2936/4903/2936 2948/4922/2948
f 2935/4902/2935 2948/4922/2948 2947/4921/2947
f 2936/4904/2936 2937/4906/2937 2949/4925/2949
f 2936/4904/2936 2949/4925/2949 2948/4923/2948
f 2937/4906/2937 2938/4908/2938 2950/4927/2950
f 2937/4905/2937 2950/4926/2950 2949/4924/2949
f 2938/4907/2938 2939/4909/2939 2951/4928/2951
f 2938/4908/2938 2951/4929/2951 2950/4927/2950
f 2939/4909/2939 2940/4910/2940 2952/4930/2952
f 2939/4909/2939 2952/4930/2952 2951/4928/2951
f 2940/4910/2940 2941/4911/2941 2953/4931/2953
f 2940/4910/2940 2953/4931/2953 2952/4930/2952
f 2941/4912/2941 2942/4914/2942 2954/4933/2954
f 2941/4912/2941 2954/4933/2954 2953/4932/2953
f 2942/4914/2942 2943/4915/2943 2955/4934/2955
f 2942/4914/2942 2955/4934/2955 2954/4933/2954
f 2943/4915/2943 2944/4917/2944 2956/4936/2956
f 2943/4915/2943 2956/4936/2956 2955/4934/2955
f 2944/4917/2944 2945/4919/2945 2957/4938/2957
f 2944/4916/2944 2957/4937/2957 2956/4935/2956
f 2945/4918/2945 2934/4901/2934 2946/4920/2946
f 2945/4918/2945 2946/4920/2946 2957/4937/2957
f 2946/4920/2946 2947/4921/2947 2959/4940/2959
f 2946/4920/2946 2959/4940/2959 2958/4939/2958
f 2947/4921/2947 2948/4922/2948 2960/4941/2960
f 2947/4921/2947 2960/4941/2960 2959/4940/2959
f 2948/4923/2948 2949/4925/2949 2961/4944/2961
f 2948/4923/2948 2961/4944/2961 2960/4942/2960
f 2949/4924/2949 2950/4926/2950 2962/4945/2962
f 2949/4924/2949 2962/4945/2962 2961/4943/2961
f 2950/4927/2950 2951/4929/2951 2963/4948/2963
f 2950/4927/2950 2963/4948/2963 2962/4946/2962
f 2951/4928/2951 2952/4930/2952 2964/4949/2964
f 2951/4928/2951 2964/4949/2964 2963/4947/2963
f 2952/4930/2952 2953/4931/2953 2965/4950/2965
f 2952/4930/2952 2965/4950/2965 2964/4949/2964
f 2953/4932/2953 2954/4933/2954 2966/4952/2966
f 2953/4932/2953 2966/4952/2966 2965/4951/2965
f 2954/4933/2954 2955/4934/2955 2967/4953/2967
f 2954/4933/2954 2967/4953/2967 2966/4952/2966
f 2955/4934/2955 2956/4936/2956 2968/4955/2968
f 2955/4934/2955 2968/4955/2968 2967/4953/2967
f 2956/4935/2956 2957/4937/2957 2969/4956/2969
f 2956/4935/2956 2969/4956/2969 2968/4954/2968
f 2957/4937/2957 2946/4920/2946 2958/4939/2958
f 2957/4937/2957 2958/4939/2958 2969/4956/2969
f 2958/4939/2958 2959/4940/2959 2971/4958/2971
f 2958/4939/2958 2971/4958/2971 2970/4957/2970
f 2959/4940/2959 2960/4941/2960 2972/4960/2972
f 2959/4940/2959 2972/4960/2972 2971/4958/2971
f 2960/4942/2960 2961/4944/2961 2973/4963/2973
f 2960/4942/2960 2973/4963/2973 2972/4961/2972
f 2961/4943/2961 2962/4945/2962 2974/4964/2974
f 2961/4943/2961 2974/4964/2974 2973/4962/2973
f 2962/4946/2962 2963/4948/2963 2975/4967/2975
f 2962/4946/2962 2975/4967/2975 2974/4965/2974
f 2963/4947/2963 2964/4949/2964 2976/4968/2976
f 2963/4947/2963 2976/4968/2976 2975/4966/2975
f 2964/4949/2964 2965/4950/2965 2977/4969/2977
f 2964/4949/2964 2977/4969/2977 2976/4968/2976
f 2965/4951/2965 2966/4952/2966 2978/4971/2978
f 2965/4951/2965 2978/4971/2978 2977/4970/2977
f 2966/4952/2966 2967/4953/2967 2979/4972/2979
f 2966/4952/2966 2979/4972/2979 2978/4971/2978
f 2967/4953/2967 2968/4955/2968 2980/4974/2980
f 2967/4953/2967 2980/4974/2980 2979/4972/2979
f 2968/4954/2968 2969/4956/2969 2981/4975/2981
f 2968/4954/2968 2981/4975/2981 2980/4973/2980
f 2969/4956/2969 2958/4939/2958 2970/4957/2970
f 2969/4956/2969 2970/4957/2970 2981/4975/2981
f 2970/4957/2970 2971/4958/2971 2983/4977/2983
f 2970/4957/2970 2983/4977/2983 2982/4976/2982
f 2971/4958/2971 2972/4960/2972 2984/4979/2984
f 2971/4959/2971 2984/4980/2984 2983/4978/2983
f 2972/4961/2972 2973/4963/2973 2985/4981/2985
f 2972/4961/2972 2985/4981/2985 2984/4980/2984
f 2973/4962/2973 2974/4964/2974 2986/4982/2986
f 2973/4963/2973 2986/4983/2986 2985/4981/2985
f 2974/4965/2974 2975/4967/2975 2987/4985/2987
f 2974/4965/2974 2987/4985/2987 2986/4983/2986
f 2975/4966/2975 2976/4968/2976 2988/4986/2988
f 2975/4966/2975 2988/4986/2988 2987/4984/2987
f 2976/4968/2976 2977/4969/2977 2989/4987/2989
f 2976/4968/2976 2989/4987/2989 2988/4986/2988
f 2977/4970/2977 2978/4971/2978 2990/4989/2990
f 2977/4969/2977 2990/4988/2990 2989/4987/2989
f 2978/4971/2978 2979/4972/2979 2991/4990/2991
f 2978/4971/2978 2991/4990/2991 2990/4989/2990
f 2979/4972/2979 2980/4974/2980 2992/4992/2992
f 2979/4972/2979 2992/4992/2992 2991/4990/2991
f 2980/4973/2980 2981/4975/2981 2993/4993/2993
f 2980/4973/2980 2993/4993/2993 2992/4991/2992
f 2981/4975/2981 2970/4957/2970 2982/4976/2982
f 2981/4975/2981 2982/4976/2982 2993/4993/2993
f 2982/4976/2982 2983/4977/2983 2994/4994/2994
f 2983/4978/2983 2984/4980/2984 2994/4995/2994
f 2984/4980/2984 2985/4981/2985 2994/4995/2994
f 2985/4981/2985 2986/4983/2986 2994/4995/2994
f 2986/4983/2986 2987/4985/2987 2994/4995/2994
f 2987/4984/2987 2988/4986/2988 2994/4994/2994
f 2988/4986/2988 2989/4987/2989 2994/4994/2994
f 2989/4987/2989 2990/4988/2990 2994/4994/2994
f 2990/4989/2990 2991/4990/2991 2994/4995/2994
f 2991/4990/2991 2992/4992/2992 2994/4995/2994
f 2992/4991/2992 2993/4993/2993 2994/4994/2994
f 2993/4993/2993 2982/4976/2982 2994/4994/2994
f 2995/4996/2995 2996/4997/2996 3008/5014/3008
f 2995/4996/2995 3008/5014/3008 3007/5013/3007
f 2996/4997/2996 2997/4998/2997 3009/5015/3009
f 2996/4997/2996 3009/5015/3009 3008/5014/3008
f 2997/4999/2997 2998/5001/2998 3010/5018/3010
f 2997/4999/2997 3010/5018/3010 3009/5016/3009
f 2998/5001/2998 2999/5002/2999 3011/5020/3011
f 2998/5000/2998 3011/5019/3011 3010/5017/3010
f 2999/5002/2999 3000/5004/3000 3012/5022/3012
f 2999/5002/2999 3012/5022/3012 3011/5020/3011
f 3000/5003/3000 3001/5005/3001 3013/5023/3013
f 3000/5003/3000 3013/5023/3013 3012/5021/3012
f 3001/5005/3001 3002/5006/3002 3014/5024/3014
f 3001/5005/3001 3014/5024/3014 3013/5023/3013
f 3002/5007/3002 3003/5008/3003 3015/5026/3015
f 3002/5007/3002 3015/5026/3015 3014/5025/3014
f 3003/5008/3003 3004/5009/3004 3016/5027/3016
f 3003/5008/3003 3016/5027/3016 3015/5026/3015
f 3004/5009/3004 3005/5011/3005 3017/5029/3017
f 3004/5009/3004 3017/5029/3017 3016/5027/3016
f 3005/5010/3005 3006/5012/3006 3018/5030/3018
f 3005/5010/3005 3018/5030/3018 3017/5028/3017
f 3006/5012/3006 2995/4996/2995 3007/5013/3007
f 3006/5012/3006 3007/5013/3007 3018/5030/3018
f 3007/5013/3007 3008/5014/3008 3020/5032/3020
f 3007/5013/3007 3020/5032/3020 3019/5031/3019
f 3008/5014/3008 3009/5015/3009 3021/5033/3021
f 3008/5014/3008 3021/5033/3021 3020/5032/3020
f 3009/5016/3009 3010/5018/3010 3022/5035/3022
f 3009/5016/3009 3022/5035/3022 3021/5034/3021
f 3010/5017/3010 3011/5019/3011 3023/5036/3023
f 3010/5018/3010 3023/5037/3023 3022/5035/3022
f 3011/5020/3011 3012/5022/3012 3024/5039/3024
f 3011/5020/3011 3024/5039/3024 3023/5037/3023
f 3012/5021/3012 3013/5023/3013 3025/5040/3025
f 3012/5021/3012 3025/5040/3025 3024/5038/3024
f 3013/5023/3013 3014/5024/3014 3026/5041/3026
f 3013/5023/3013 3026/5041/3026 3025/5040/3025
f 3014/5025/3014 3015/5026/3015 3027/5043/3027
f 3014/5025/3014 3027/5043/3027 3026/5042/3026
f 3015/5026/3015 3016/5027/3016 3028/5044/3028
f 3015/5026/3015 3028/5044/3028 3027/5043/3027
f 3016/5027/3016 3017/5029/3017 3029/5046/3029
f 3016/5027/3016 3029/5046/3029 3028/5044/3028
f 3017/5028/3017 3018/5030/3018 3030/5047/3030
f 3017/5028/3017 3030/5047/3030 3029/5045/3029
f 3018/5030/3018 3007/5013/3007 3019/5031/3019
f 3018/5030/3018 3019/5031/3019 3030/5047/3030
f 3019/5031/3019 3020/5032/3020 3032/5049/3032
f 3019/5031/3019 3032/5049/3032 3031/5048/3031
f 3020/5032/3020 3021/5033/3021 3033/5050/3033
f 3020/5032/3020 3033/5050/3033 3032/5049/3032
f 3021/5034/3021 3022/5035/3022 3034/5052/3034
f 3021/5034/3021 3034/5052/3034 3033/5051/3033
f 3022/5035/3022 3023/5037/3023 3035/5053/3035
f 3022/5035/3022 3035/5053/3035 3034/5052/3034
f 3023/5037/3023 3024/5039/3024 3036/5055/3036
f 3023/5037/3023 3036/5055/3036 3035/5053/3035
f 3024/5038/3024 3025/5040/3025 3037/5056/3037
f 3024/5038/3024 3037/5056/3037 3036/5054/3036
f 3025/5040/3025 3026/5041/3026 3038/5057/3038
f 3025/5040/3025 3038/5057/3038 3037/5056/3037
f 3026/5042/3026 3027/5043/3027 3039/5059/3039
f 3026/5042/3026 3039/5059/3039 3038/5058/3038
f 3027/5043/3027 3028/5044/3028 3040/5060/3040
f 3027/5043/3027 3040/5060/3040 3039/5059/3039
f 3028/5044/3028 3029/5046/3029 3041/5062/3041
f 3028/5044/3028 3041/5062/3041 3040/5060/3040
f 3029/5045/3029 3030/5047/3030 3042/5063/3042
f 3029/5045/3029 3042/5063/3042 3041/5061/3041
f 3030/5047/3030 3019/5031/3019 3031/5048/3031
f 3030/5047/3030 3031/5048/3031 3042/5063/3042
f 3031/5048/3031 3032/5049/3032 3044/5065/3044
f 3031/5048/3031 3044/5065/3044 3043/5064/3043
f 3032/5049/3032 3033/5050/3033 3045/5067/3045
f 3032/5049/3032 3045/5067/3045 3044/5065/3044
f 3033/5051/3033 3034/5052/3034 3046/5069/3046
f 3033/5051/3033 3046/5069/3046 3045/5068/3045
f 3034/5052/3034 3035/5053/3035 3047/5070/3047
f 3034/5052/3034 3047/5070/3047 3046/5069/3046
f 3035/5053/3035 3036/5055/3036 3048/5072/3048
f 3035/5053/3035 3048/5072/3048 3047/5070/3047
f 3036/5054/3036 3037/5056/3037 3049/5073/3049
f 3036/5054/3036 3049/5073/3049 3048/5071/3048
f 3037/5056/3037 3038/5057/3038 3050/5074/3050
f 3037/5056/3037 3050/5074/3050 3049/5073/3049
f 3038/5058/3038 3039/5059/3039 3051/5076/3051
f 3038/5058/3038 3051/5076/3051 3050/5075/3050
f 3039/5059/3039 3040/5060/3040 3052/5077/3052
f 3039/5059/3039 3052/5077/3052 3051/5076/3051
f 3040/5060/3040 3041/5062/3041 3053/5079/3053
f 3040/5060/3040 3053/5079/3053 3052/5077/3052
f 3041/5061/3041 3042/5063/3042 3054/5080/3054
f 3041/5061/3041 3054/5080/3054 3053/5078/3053
f 3042/5063/3042 3031/5048/3031 3043/5064/3043
f 3042/5063/3042 3043/5064/3043 3054/5080/3054
f 3043/5064/3043 3044/5065/3044 3056/5082/3056
f 3043/5064/3043 3056/5082/3056 3055/5081/3055
f 3044/5065/3044 3045/5067/3045 3057/5084/3057
f 3044/5066/3044 3057/5085/3057 3056/5083/3056
f 3045/5068/3045 3046/5069/3046 3058/5086/3058
f 3045/5068/3045 3058/5086/3058 3057/5085/3057
f 3046/5069/3046 3047/5070/3047 3059/5087/3059
f 3046/5069/3046 3059/5087/3059 3058/5086/3058
f 3047/5070/3047 3048/5072/3048 3060/5089/3060
f 3047/5070/3047 3060/5089/3060 3059/5087/3059
f 3048/5071/3048 3049/5073/3049 3061/5090/3061
f 3048/5071/3048 3061/5090/3061 3060/5088/3060
f 3049/5073/3049 3050/5074/3050 3062/5091/3062
f 3049/5073/3049 3062/5091/3062 3061/5090/3061
f 3050/5075/3050 3051/5076/3051 3063/5093/3063
f 3050/5074/3050 3063/5092/3063 3062/5091/3062
f 3051/5076/3051 3052/5077/3052 3064/5094/3064
f 3051/5076/3051 3064/5094/3064 3063/5093/3063
f 3052/5077/3052 3053/5079/3053 3065/5096/3065
f 3052/5077/3052 3065/5096/3065 3064/5094/3064
f 3053/5078/3053 3054/5080/3054 3066/5097/3066
f 3053/5078/3053 3066/5097/3066 3065/5095/3065
f 3054/5080/3054 3043/5064/3043 3055/5081/3055
f 3054/5080/3054 3055/5081/3055 3066/5097/3066
f 3055/5081/3055 3056/5082/3056 3068/5101/3068
f 3055/5081/3055 3068/5101/3068 3067/5099/3067
f 3056/5083/3056 3057/5085/3057 3069/5103/3069
f 3056/5083/3056 3069/5103/3069 3068/5102/3068
f 3057/5085/3057 3058/5086/3058 3070/5104/3070
f 3057/5085/3057 3070/5104/3070 3069/5103/3069
f 3058/5086/3058 3059/5087/3059 3071/5105/3071
f 3058/5086/3058 3071/5105/3071 3070/5104/3070
f 3059/5087/3059 3060/5089/3060 3072/5107/3072
f 3059/5087/3059 3072/5107/3072 3071/5105/3071
f 3060/5088/3060 3061/5090/3061 3073/5108/3073
f 3060/5088/3060 3073/5108/3073 3072/5106/3072
f 3061/5090/3061 3062/5091/3062 3074/5109/3074
f 3061/5090/3061 3074/5109/3074 3073/5108/3073
f 3062/5091/3062 3063/5092/3063 3075/5110/3075
f 3062/5091/3062 3075/5110/3075 3074/5109/3074
f 3063/5093/3063 3064/5094/3064 3076/5112/3076
f 3063/5093/3063 3076/5112/3076 3075/5111/3075
f 3064/5094/3064 3065/5096/3065 3077/5114/3077
f 3064/5094/3064 3077/5114/3077 3076/5112/3076
f 3065/5095/3065 3066/5097/3066 3078/5115/3078
f 3065/5095/3065 3078/5115/3078 3077/5113/3077
f 3066/5097/3066 3055/5081/3055 3067/5099/3067
f 3066/5098/3066 3067/5100/3067 3078/5116/3078
f 3067/5099/3067 3068/5101/3068 3080/5119/3080
f 3067/5099/3067 3080/5119/3080 3079/5117/3079
f 3068/5102/3068 3069/5103/3069 3081/5121/3081
f 3068/5102/3068 3081/5121/3081 3080/5120/3080
f 3069/5103/3069 3070/5104/3070 3082/5122/3082
f 3069/5103/3069 3082/5122/3082 3081/5121/3081
f 3070/5104/3070 3071/5105/3071 3083/5123/3083
f 3070/5104/3070 3083/5123/3083 3082/5122/3082
f 3071/5105/3071 3072/5107/3072 3084/5125/3084
f 3071/5105/3071 3084/5125/3084 3083/5123/3083
f 3072/5106/3072 3073/5108/3073 3085/5126/3085
f 3072/5106/3072 3085/5126/3085 3084/5124/3084
f 3073/5108/3073 3074/5109/3074 3086/5127/3086
f 3073/5108/3073 3086/5127/3086 3085/5126/3085
f 3074/5109/3074 3075/5110/3075 3087/5128/3087
f 3074/5109/3074 3087/5128/3087 3086/5127/3086
f 3075/5111/3075 3076/5112/3076 3088/5130/3088
f 3075/5111/3075 3088/5130/3088 3087/5129/3087
f 3076/5112/3076 3077/5114/3077 3089/5132/3089
f 3076/5112/3076 3089/5132/3089 3088/5130/3088
f 3077/5113/3077 3078/5115/3078 3090/5133/3090
f 3077/5113/3077 3090/5133/3090 3089/5131/3089
f 3078/5116/3078 3067/5100/3067 3079/5118/3079
f 3078/5116/3078 3079/5118/3079 3090/5134/3090
f 3079/5117/3079 3080/5119/3080 3092/5137/3092
f 3079/5117/3079 3092/5137/3092 3091/5135/3091
f 3080/5120/3080 3081/5121/3081 3093/5139/3093
f 3080/5120/3080 3093/5139/3093 3092/5138/3092
f 3081/5121/3081 3082/5122/3082 3094/5140/3094
f 3081/5121/3081 3094/5140/3094 3093/5139/3093
f 3082/5122/3082 3083/5123/3083 3095/5141/3095
f 3082/5122/3082 3095/5141/3095 3094/5140/3094
f 3083/5123/3083 3084/5125/3084 3096/5143/3096
f 3083/5123/3083 3096/5143/3096 3095/5141/3095
f 3084/5124/3084 3085/5126/3085 3097/5144/3097
f 3084/5124/3084 3097/5144/3097 3096/5142/3096
f 3085/5126/3085 3086/5127/3086 3098/5145/3098
f 3085/5126/3085 3098/5145/3098 3097/5144/3097
f 3086/5127/3086 3087/5128/3087 3099/5146/3099
f 3086/5127/3086 3099/5146/3099 3098/5145/3098
f 3087/5129/3087 3088/5130/3088 3100/5148/3100
f 3087/5129/3087 3100/5148/3100 3099/5147/3099
f 3088/5130/3088 3089/5132/3089 3101/5150/3101
f 3088/5130/3088 3101/5150/3101 3100/5148/3100
f 3089/5131/3089 3090/5133/3090 3102/5151/3102
f 3089/5131/3089 3102/5151/3102 3101/5149/3101
f 3090/5134/3090 3079/5118/3079 3091/5136/3091
f 3090/5134/3090 3091/5136/3091 3102/5152/3102
f 3091/5135/3091 3092/5137/3092 3104/5155/3104
f 3091/5135/3091 3104/5155/3104 3103/5153/3103
f 3092/5138/3092 3093/5139/3093 3105/5157/3105
f 3092/5138/3092 3105/5157/3105 3104/5156/3104
f 3093/5139/3093 3094/5140/3094 3106/5158/3106
f 3093/5139/3093 3106/5158/3106 3105/5157/3105
f 3094/5140/3094 3095/5141/3095 3107/5159/3107
f 3094/5140/3094 3107/5159/3107 3106/5158/3106
f 3095/5141/3095 3096/5143/3096 3108/5161/3108
f 3095/5141/3095 3108/5161/3108 3107/5159/3107
f 3096/5142/3096 3097/5144/3097 3109/5162/3109
f 3096/5142/3096 3109/5162/3109 3108/5160/3108
f 3097/5144/3097 3098/5145/3098 3110/5163/3110
f 3097/5144/3097 3110/5163/3110 3109/5162/3109
f 3098/5145/3098 3099/5146/3099 3111/5164/3111
f 3098/5145/3098 3111/5164/3111 3110/5163/3110
f 3099/5147/3099 3100/5148/3100 3112/5166/3112
f 3099/5147/3099 3112/5166/3112 3111/5165/3111
f 3100/5148/3100 3101/5150/3101 3113/5168/3113
f 3100/5148/3100 3113/5168/3113 3112/5166/3112
f 3101/5149/3101 3102/5151/3102 3114/5169/3114
f 3101/5149/3101 3114/5169/3114 3113/5167/3113
f 3102/5152/3102 3091/5136/3091 3103/5154/3103
f 3102/5152/3102 3103/5154/3103 3114/5170/3114
f 3103/5153/3103 3104/5155/3104 3115/5171/3115
f 3104/5156/3104 3105/5157/3105 3115/5172/3115
f 3105/5157/3105 3106/5158/3106 3115/5172/3115
f 3106/5158/3106 3107/5159/3107 3115/5172/3115
f 3107/5159/3107 3108/5161/3108 3115/5172/3115
f 3108/5160/3108 3109/5162/3109 3115/5171/3115
f 3109/5162/3109 3110/5163/3110 3115/5171/3115
f 3110/5163/3110 3111/5164/3111 3115/5171/3115
f 3111/5165/3111 3112/5166/3112 3115/5172/3115
f 3112/5166/3112 3113/5168/3113 3115/5172/3115
f 3113/5167/3113 3114/5169/3114 3115/5171/3115
f 3114/5170/3114 3103/5154/3103 3115/5172/3115
f 3116/5173/3116 3117/5174/3117 3129/5191/3129
f 3116/5173/3116 3129/5191/3129 3128/5190/3128
f 3117/5174/3117 3118/5175/3118 3130/5192/3130
f 3117/5174/3117 3130/5192/3130 3129/5191/3129
f 3118/5176/3118 3119/5178/3119 3131/5195/3131
f 3118/5176/3118 3131/5195/3131 3130/5193/3130
f 3119/5178/3119 3120/5179/3120 3132/5197/3132
f 3119/5177/3119 3132/5196/3132 3131/5194/3131
f 3120/5179/3120 3121/5181/3121 3133/5199/3133
f 3120/5179/3120 3133/5199/3133 3132/5197/3132
f 3121/5180/3121 3122/5182/3122 3134/5200/3134
f 3121/5180/3121 3134/5200/3134 3133/5198/3133
f 3122/5182/3122 3123/5183/3123 3135/5201/3135
f 3122/5182/3122 3135/5201/3135 3134/5200/3134
f 3123/5184/3123 3124/5185/3124 3136/5203/3136
f 3123/5184/3123 3136/5203/3136 3135/5202/3135
f 3124/5185/3124 3125/5186/3125 3137/5204/3137
f 3124/5185/3124 3137/5204/3137 3136/5203/3136
f 3125/5186/3125 3126/5188/3126 3138/5206/3138
f 3125/5186/3125 3138/5206/3138 3137/5204/3137
f 3126/5187/3126 3127/5189/3127 3139/5207/3139
f 3126/5187/3126 3139/5207/3139 3138/5205/3138
f 3127/5189/3127 3116/5173/3116 3128/5190/3128
f 3127/5189/3127 3128/5190/3128 3139/5207/3139
f 3128/5190/3128 3129/5191/3129 3141/5209/3141
f 3128/5190/3128 3141/5209/3141 3140/5208/3140
f 3129/5191/3129 3130/5192/3130 3142/5210/3142
f 3129/5191/3129 3142/5210/3142 3141/5209/3141
f 3130/5193/3130 3131/5195/3131 3143/5213/3143
f 3130/5193/3130 3143/5213/3143 3142/5211/3142
f 3131/5194/3131 3132/5196/3132 3144/5214/3144
f 3131/5194/3131 3144/5214/3144 3143/5212/3143
f 3132/5197/3132 3133/5199/3133 3145/5217/3145
f 3132/5197/3132 3145/5217/3145 3144/5215/3144
f 3133/5198/3133 3134/5200/3134 3146/5218/3146
f 3133/5198/3133 3146/5218/3146 3145/5216/3145
f 3134/5200/3134 3135/5201/3135 3147/5219/3147
f 3134/5200/3134 3147/5219/3147 3146/5218/3146
f 3135/5202/3135 3136/5203/3136 3148/5221/3148
f 3135/5202/3135 3148/5221/3148 3147/5220/3147
f 3136/5203/3136 3137/5204/3137 3149/5222/3149
f 3136/5203/3136 3149/5222/3149 3148/5221/3148
f 3137/5204/3137 3138/5206/3138 3150/5224/3150
f 3137/5204/3137 3150/5224/3150 3149/5222/3149
f 3138/5205/3138 3139/5207/3139 3151/5225/3151
f 3138/5205/3138 3151/5225/3151 3150/5223/3150
f 3139/5207/3139 3128/5190/3128 3140/5208/3140
f 3139/5207/3139 3140/5208/3140 3151/5225/3151
f 3140/5208/3140 3141/5209/3141 3153/5227/3153
f 3140/5208/3140 3153/5227/3153 3152/5226/3152
f 3141/5209/3141 3142/5210/3142 3154/5228/3154
f 3141/5209/3141 3154/5228/3154 3153/5227/3153
f 3142/5211/3142 3143/5213/3143 3155/5230/3155
f 3142/5211/3142 3155/5230/3155 3154/5229/3154
f 3143/5212/3143 3144/5214/3144 3156/5231/3156
f 3143/5213/3143 3156/5232/3156 3155/5230/3155
f 3144/5215/3144 3145/5217/3145 3157/5234/3157
f 3144/5215/3144 3157/5234/3157 3156/5232/3156
f 3145/5216/3145 3146/5218/3146 3158/5235/3158
f 3145/5216/3145 3158/5235/3158 3157/5233/3157
f 3146/5218/3146 3147/5219/3147 3159/5236/3159
f 3146/5218/3146 3159/5236/3159 3158/5235/3158
f 3147/5220/3147 3148/5221/3148 3160/5238/3160
f 3147/5220/3147 3160/5238/3160 3159/5237/3159
f 3148/5221/3148 3149/5222/3149 3161/5239/3161
f 3148/5221/3148 3161/5239/3161 3160/5238/3160
f 3149/5222/3149 3150/5224/3150 3162/5241/3162
f 3149/5222/3149 3162/5241/3162 3161/5239/3161
f 3150/5223/3150 3151/5225/3151 3163/5242/3163
f 3150/5223/3150 3163/5242/3163 3162/5240/3162
f 3151/5225/3151 3140/5208/3140 3152/5226/3152
f 3151/5225/3151 3152/5226/3152 3163/5242/3163
f 3152/5226/3152 3153/5227/3153 3165/5244/3165
f 3152/5226/3152 3165/5244/3165 3164/5243/3164
f 3153/5227/3153 3154/5228/3154 3166/5245/3166
f 3153/5227/3153 3166/5245/3166 3165/5244/3165
f 3154/5229/3154 3155/5230/3155 3167/5247/3167
f 3154/5229/3154 3167/5247/3167 3166/5246/3166
f 3155/5230/3155 3156/5232/3156 3168/5248/3168
f 3155/5230/3155 3168/5248/3168 3167/5247/3167
f 3156/5232/3156 3157/5234/3157 3169/5250/3169
f 3156/5232/3156 3169/5250/3169 3168/5248/3168
f 3157/5233/3157 3158/5235/3158 3170/5251/3170
f 3157/5233/3157 3170/5251/3170 3169/5249/3169
f 3158/5235/3158 3159/5236/3159 3171/5252/3171
f 3158/5235/3158 3171/5252/3171 3170/5251/3170
f 3159/5237/3159 3160/5238/3160 3172/5254/3172
f 3159/5237/3159 3172/5254/3172 3171/5253/3171
f 3160/5238/3160 3161/5239/3161 3173/5255/3173
f 3160/5238/3160 3173/5255/3173 3172/5254/3172
f 3161/5239/3161 3162/5241/3162 3174/5257/3174
f 3161/5239/3161 3174/5257/3174 3173/5255/3173
f 3162/5240/3162 3163/5242/3163 3175/5258/3175
f 3162/5240/3162 3175/5258/3175 3174/5256/3174
f 3163/5242/3163 3152/5226/3152 3164/5243/3164
f 3163/5242/3163 3164/5243/3164 3175/5258/3175
f 3164/5243/3164 3165/5244/3165 3177/5260/3177
f 3164/5243/3164 3177/5260/3177 3176/5259/3176
f 3165/5244/3165 3166/5245/3166 3178/5262/3178
f 3165/5244/3165 3178/5262/3178 3177/5260/3177
f 3166/5246/3166 3167/5247/3167 3179/5264/3179
f 3166/5246/3166 3179/5264/3179 3178/5263/3178
f 3167/5247/3167 3168/5248/3168 3180/5265/3180
f 3167/5247/3167 3180/5265/3180 3179/5264/3179
f 3168/5248/3168 3169/5250/3169 3181/5267/3181
f 3168/5248/3168 3181/5267/3181 3180/5265/3180
f 3169/5249/3169 3170/5251/3170 3182/5268/3182
f 3169/5249/3169 3182/5268/3182 3181/5266/3181
f 3170/5251/3170 3171/5252/3171 3183/5269/3183
f 3170/5251/3170 3183/5269/3183 3182/5268/3182
f 3171/5253/3171 3172/5254/3172 3184/5271/3184
f 3171/5253/3171 3184/5271/3184 3183/5270/3183
f 3172/5254/3172 3173/5255/3173 3185/5272/3185
f 3172/5254/3172 3185/5272/3185 3184/5271/3184
f 3173/5255/3173 3174/5257/3174 3186/5274/3186
f 3173/5255/3173 3186/5274/3186 3185/5272/3185
f 3174/5256/3174 3175/5258/3175 3187/5275/3187
f 3174/5256/3174 3187/5275/3187 3186/5273/3186
f 3175/5258/3175 3164/5243/3164 3176/5259/3176
f 3175/5258/3175 3176/5259/3176 3187/5275/3187
f 3176/5259/3176 3177/5260/3177 3189/5277/3189
f 3176/5259/3176 3189/5277/3189 3188/5276/3188
f 3177/5260/3177 3178/5262/3178 3190/5279/3190
f 3177/5261/3177 3190/5280/3190 3189/5278/3189
f 3178/5263/3178 3179/5264/3179 3191/5281/3191
f 3178/5263/3178 3191/5281/3191 3190/5280/3190
f 3179/5264/3179 3180/5265/3180 3192/5282/3192
f 3179/5264/3179 3192/5282/3192 3191/5281/3191
f 3180/5265/3180 3181/5267/3181 3193/5284/3193
f 3180/5265/3180 3193/5284/3193 3192/5282/3192
f 3181/5266/3181 3182/5268/3182 3194/5285/3194
f 3181/5266/3181 3194/5285/3194 3193/5283/3193
f 3182/5268/3182 3183/5269/3183 3195/5286/3195
f 3182/5268/3182 3195/5286/3195 3194/5285/3194
f 3183/5270/3183 3184/5271/3184 3196/5288/3196
f 3183/5269/3183 3196/5287/3196 3195/5286/3195
f 3184/5271/3184 3185/5272/3185 3197/5289/3197
f 3184/5271/3184 3197/5289/3197 3196/5288/3196
f 3185/5272/3185 3186/5274/3186 3198/5291/3198
f 3185/5272/3185 3198/5291/3198 3197/5289/3197
f 3186/5273/3186 3187/5275/3187 3199/5292/3199
f 3186/5273/3186 3199/5292/3199 3198/5290/3198
f 3187/5275/3187 3176/5259/3176 3188/5276/3188
f 3187/5275/3187 3188/5276/3188 3199/5292/3199
f 3188/5276/3188 3189/5277/3189 3201/5296/3201
f 3188/5276/3188 3201/5296/3201 3200/5294/3200
f 3189/5278/3189 3190/5280/3190 3202/5298/3202
f 3189/5278/3189 3202/5298/3202 3201/5297/3201
f 3190/5280/3190 3191/5281/3191 3203/5299/3203
f 3190/5280/3190 3203/5299/3203 3202/5298/3202
f 3191/5281/3191 3192/5282/3192 3204/5300/3204
f 3191/5281/3191 3204/5300/3204 3203/5299/3203
f 3192/5282/3192 3193/5284/3193 3205/5302/3205
f 3192/5282/3192 3205/5302/3205 3204/5300/3204
f 3193/5283/3193 3194/5285/3194 3206/5303/3206
f 3193/5283/3193 3206/5303/3206 3205/5301/3205
f 3194/5285/3194 3195/5286/3195 3207/5304/3207
f 3194/5285/3194 3207/5304/3207 3206/5303/3206
f 3195/5286/3195 3196/5287/3196 3208/5305/3208
f 3195/5286/3195 3208/5305/3208 3207/5304/3207
f 3196/5288/3196 3197/5289/3197 3209/5308/3209
f 3196/5288/3196 3209/5308/3209 3208/5306/3208
f 3197/5289/3197 3198/5291/3198 3210/5311/3210
f 3197/5289/3197 3210/5311/3210 3209/5308/3209
f 3198/5290/3198 3199/5292/3199 3211/5313/3211
f 3198/5290/3198 3211/5313/3211 3210/5310/3210
f 3199/5292/3199 3188/5276/3188 3200/5294/3200
f 3199/5293/3199 3200/5295/3200 3211/5314/3211
f 3200/5294/3200 3201/5296/3201 3213/5317/3213
f 3200/5294/3200 3213/5317/3213 3212/5315/3212
f 3201/5297/3201 3202/5298/3202 3214/5319/3214
f 3201/5297/3201 3214/5319/3214 3213/5318/3213
f 3202/5298/3202 3203/5299/3203 3215/5320/3215
f 3202/5298/3202 3215/5320/3215 3214/5319/3214
f 3203/5299/3203 3204/5300/3204 3216/5321/3216
f 3203/5299/3203 3216/5321/3216 3215/5320/3215
f 3204/5300/3204 3205/5302/3205 3217/5323/3217
f 3204/5300/3204 3217/5323/3217 3216/5321/3216
f 3205/5301/3205 3206/5303/3206 3218/5324/3218
f 3205/5301/3205 3218/5324/3218 3217/5322/3217
f 3206/5303/3206 3207/5304/3207 3219/5325/3219
f 3206/5303/3206 3219/5325/3219 3218/5324/3218
f 3207/5304/3207 3208/5305/3208 3220/5326/3220
f 3207/5304/3207 3220/5326/3220 3219/5325/3219
f 3208/5307/3208 3209/5309/3209 3221/5329/3221
f 3208/5306/3208 3221/5328/3221 3220/5327/3220
f 3209/5309/3209 3210/5312/3210 3222/5332/3222
f 3209/5309/3209 3222/5332/3222 3221/5329/3221
f 3210/5310/3210 3211/5313/3211 3223/5333/3223
f 3210/5310/3210 3223/5333/3223 3222/5330/3222
f 3211/5314/3211 3200/5295/3200 3212/5316/3212
f 3211/5314/3211 3212/5316/3212 3223/5334/3223
f 3212/5315/3212 3213/5317/3213 3225/5337/3225
f 3212/5315/3212 3225/5337/3225 3224/5335/3224
f 3213/5318/3213 3214/5319/3214 3226/5339/3226
f 3213/5318/3213 3226/5339/3226 3225/5338/3225
f 3214/5319/3214 3215/5320/3215 3227/5340/3227
f 3214/5319/3214 3227/5340/3227 3226/5339/3226
f 3215/5320/3215 3216/5321/3216 3228/5341/3228
f 3215/5320/3215 3228/5341/3228 3227/5340/3227
f 3216/5321/3216 3217/5323/3217 3229/5343/3229
f 3216/5321/3216 3229/5343/3229 3228/5341/3228
f 3217/5322/3217 3218/5324/3218 3230/5344/3230
f 3217/5322/3217 3230/5344/3230 3229/5342/3229
f 3218/5324/3218 3219/5325/3219 3231/5345/3231
f 3218/5324/3218 3231/5345/3231 3230/5344/3230
f 3219/5325/3219 3220/5326/3220 3232/5346/3232
f 3219/5325/3219 3232/5346/3232 3231/5345/3231
f 3220/5327/3220 3221/5328/3221 3233/5348/3233
f 3220/5327/3220 3233/5348/3233 3232/5347/3232
f 3221/5328/3221 3222/5331/3222 3234/5350/3234
f 3221/5328/3221 3234/5350/3234 3233/5348/3233
f 3222/5330/3222 3223/5333/3223 3235/5351/3235
f 3222/5330/3222 3235/5351/3235 3234/5349/3234
f 3223/5334/3223 3212/5316/3212 3224/5336/3224
f 3223/5334/3223 3224/5336/3224 3235/5352/3235
f 3224/5335/3224 3225/5337/3225 3236/5353/3236
f 3225/5338/3225 3226/5339/3226 3236/5354/3236
f 3226/5339/3226 3227/5340/3227 3236/5354/3236
f 3227/5340/3227 3228/5341/3228 3236/5354/3236
f 3228/5341/3228 3229/5343/3229 3236/5354/3236
f 3229/5342/3229 3230/5344/3230 3236/5353/3236
f 3230/5344/3230 3231/5345/3231 3236/5353/3236
f 3231/5345/3231 3232/5346/3232 3236/5353/3236
f 3232/5347/3232 3233/5348/3233 3236/5354/3236
f 3233/5348/3233 3234/5350/3234 3236/5354/3236
f 3234/5349/3234 3235/5351/3235 3236/5353/3236
f 3235/5352/3235 3224/5336/3224 3236/5354/3236
f 3237/5355/3237 3238/5356/3238 3250/5373/3250
f 3237/5355/3237 3250/5373/3250 3249/5372/3249
f 3238/5357/3238 3239/5358/3239 3251/5375/3251
f 3238/5356/3238 3251/5374/3251 3250/5373/3250
f 3239/5358/3239 3240/5359/3240 3252/5376/3252
f 3239/5358/3239 3252/5376/3252 3251/5375/3251
f 3240/5359/3240 3241/5361/3241 3253/5378/3253
f 3240/5359/3240 3253/5378/3253 3252/5376/3252
f 3241/5360/3241 3242/5362/3242 3254/5379/3254
f 3241/5360/3241 3254/5379/3254 3253/5377/3253
f 3242/5362/3242 3243/5363/3243 3255/5381/3255
f 3242/5362/3242 3255/5381/3255 3254/5379/3254
f 3243/5363/3243 3244/5364/3244 3256/5382/3256
f 3243/5363/3243 3256/5382/3256 3255/5381/3255
f 3244/5364/3244 3245/5366/3245 3257/5384/3257
f 3244/5365/3244 3257/5385/3257 3256/5383/3256
f 3245/5367/3245 3246/5368/3246 3258/5386/3258
f 3245/5367/3245 3258/5386/3258 3257/5385/3257
f 3246/5368/3246 3247/5369/3247 3259/5387/3259
f 3246/5368/3246 3259/5387/3259 3258/5386/3258
f 3247/5369/3247 3248/5371/3248 3260/5389/3260
f 3247/5369/3247 3260/5389/3260 3259/5387/3259
f 3248/5370/3248 3237/5355/3237 3249/5372/3249
f 3248/5370/3248 3249/5372/3249 3260/5388/3260
f 3249/5372/3249 3250/5373/3250 3262/5391/3262
f 3249/5372/3249 3262/5391/3262 3261/5390/3261
f 3250/5373/3250 3251/5374/3251 3263/5392/3263
f 3250/5373/3250 3263/5392/3263 3262/5391/3262
f 3251/5375/3251 3252/5376/3252 3264/5394/3264
f 3251/5375/3251 3264/5394/3264 3263/5393/3263
f 3252/5376/3252 3253/5378/3253 3265/5396/3265
f 3252/5376/3252 3265/5396/3265 3264/5394/3264
f 3253/5377/3253 3254/5379/3254 3266/5397/3266
f 3253/5377/3253 3266/5397/3266 3265/5395/3265
f 3254/5379/3254 3255/5381/3255 3267/5399/3267
f 3254/5380/3254 3267/5400/3267 3266/5398/3266
f 3255/5381/3255 3256/5382/3256 3268/5401/3268
f 3255/5381/3255 3268/5401/3268 3267/5399/3267
f 3256/5383/3256 3257/5385/3257 3269/5403/3269
f 3256/5383/3256 3269/5403/3269 3268/5402/3268
f 3257/5385/3257 3258/5386/3258 3270/5404/3270
f 3257/5385/3257 3270/5404/3270 3269/5403/3269
f 3258/5386/3258 3259/5387/3259 3271/5405/3271
f 3258/5386/3258 3271/5405/3271 3270/5404/3270
f 3259/5387/3259 3260/5389/3260 3272/5407/3272
f 3259/5387/3259 3272/5407/3272 3271/5405/3271
f 3260/5388/3260 3249/5372/3249 3261/5390/3261
f 3260/5388/3260 3261/5390/3261 3272/5406/3272
f 3261/5390/3261 3262/5391/3262 3274/5409/3274
f 3261/5390/3261 3274/5409/3274 3273/5408/3273
f 3262/5391/3262 3263/5392/3263 3275/5410/3275
f 3262/5391/3262 3275/5410/3275 3274/5409/3274
f 3263/5393/3263 3264/5394/3264 3276/5412/3276
f 3263/5393/3263 3276/5412/3276 3275/5411/3275
f 3264/5394/3264 3265/5396/3265 3277/5414/3277
f 3264/5394/3264 3277/5414/3277 3276/5412/3276
f 3265/5395/3265 3266/5397/3266 3278/5415/3278
f 3265/5395/3265 3278/5415/3278 3277/5413/3277
f 3266/5398/3266 3267/5400/3267 3279/5418/3279
f 3266/5398/3266 3279/5418/3279 3278/5416/3278
f 3267/5399/3267 3268/5401/3268 3280/5419/3280
f 3267/5399/3267 3280/5419/3280 3279/5417/3279
f 3268/5402/3268 3269/5403/3269 3281/5421/3281
f 3268/5402/3268 3281/5421/3281 3280/5420/3280
f 3269/5403/3269 3270/5404/3270 3282/5422/3282
f 3269/5403/3269 3282/5422/3282 3281/5421/3281
f 3270/5404/3270 3271/5405/3271 3283/5423/3283
f 3270/5404/3270 3283/5423/3283 3282/5422/3282
f 3271/5405/3271 3272/5407/3272 3284/5425/3284
f 3271/5405/3271 3284/5425/3284 3283/5423/3283
f 3272/5406/3272 3261/5390/3261 3273/5408/3273
f 3272/5406/3272 3273/5408/3273 3284/5424/3284
f 3273/5408/3273 3274/5409/3274 3286/5427/3286
f 3273/5408/3273 3286/5427/3286 3285/5426/3285
f 3274/5409/3274 3275/5410/3275 3287/5428/3287
f 3274/5409/3274 3287/5428/3287 3286/5427/3286
f 3275/5411/3275 3276/5412/3276 3288/5430/3288
f 3275/5411/3275 3288/5430/3288 3287/5429/3287
f 3276/5412/3276 3277/5414/3277 3289/5432/3289
f 3276/5412/3276 3289/5432/3289 3288/5430/3288
f 3277/5413/3277 3278/5415/3278 3290/5433/3290
f 3277/5413/3277 3290/5433/3290 3289/5431/3289
f 3278/5416/3278 3279/5418/3279 3291/5436/3291
f 3278/5416/3278 3291/5436/3291 3290/5434/3290
f 3279/5417/3279 3280/5419/3280 3292/5437/3292
f 3279/5417/3279 3292/5437/3292 3291/5435/3291
f 3280/5420/3280 3281/5421/3281 3293/5439/3293
f 3280/5420/3280 3293/5439/3293 3292/5438/3292
f 3281/5421/3281 3282/5422/3282 3294/5440/3294
f 3281/5421/3281 3294/5440/3294 3293/5439/3293
f 3282/5422/3282 3283/5423/3283 3295/5441/3295
f 3282/5422/3282 3295/5441/3295 3294/5440/3294
f 3283/5423/3283 3284/5425/3284 3296/5443/3296
f 3283/5423/3283 3296/5443/3296 3295/5441/3295
f 3284/5424/3284 3273/5408/3273 3285/5426/3285
f 3284/5424/3284 3285/5426/3285 3296/5442/3296
f 3285/5426/3285 3286/5427/3286 3298/5445/3298
f 3285/5426/3285 3298/5445/3298 3297/5444/3297
f 3286/5427/3286 3287/5428/3287 3299/5446/3299
f 3286/5427/3286 3299/5446/3299 3298/5445/3298
f 3287/5429/3287 3288/5430/3288 3300/5448/3300
f 3287/5429/3287 3300/5448/3300 3299/5447/3299
f 3288/5430/3288 3289/5432/3289 3301/5450/3301
f 3288/5430/3288 3301/5450/3301 3300/5448/3300
f 3289/5431/3289 3290/5433/3290 3302/5451/3302
f 3289/5431/3289 3302/5451/3302 3301/5449/3301
f 3290/5434/3290 3291/5436/3291 3303/5453/3303
f 3290/5433/3290 3303/5452/3303 3302/5451/3302
f 3291/5435/3291 3292/5437/3292 3304/5454/3304
f 3291/5435/3291 3304/5454/3304 3303/5452/3303
f 3292/5438/3292 3293/5439/3293 3305/5456/3305
f 3292/5438/3292 3305/5456/3305 3304/5455/3304
f 3293/5439/3293 3294/5440/3294 3306/5457/3306
f 3293/5439/3293 3306/5457/3306 3305/5456/3305
f 3294/5440/3294 3295/5441/3295 3307/5459/3307
f 3294/5440/3294 3307/5459/3307 3306/5457/3306
f 3295/5441/3295 3296/5443/3296 3308/5461/3308
f 3295/5441/3295 3308/5461/3308 3307/5459/3307
f 3296/5442/3296 3285/5426/3285 3297/5444/3297
f 3296/5442/3296 3297/5444/3297 3308/5460/3308
f 3297/5444/3297 3298/5445/3298 3310/5463/3310
f 3297/5444/3297 3310/5463/3310 3309/5462/3309
f 3298/5445/3298 3299/5446/3299 3311/5464/3311
f 3298/5445/3298 3311/5464/3311 3310/5463/3310
f 3299/5447/3299 3300/5448/3300 3312/5466/3312
f 3299/5447/3299 3312/5466/3312 3311/5465/3311
f 3300/5448/3300 3301/5450/3301 3313/5467/3313
f 3300/5448/3300 3313/5467/3313 3312/5466/3312
f 3301/5449/3301 3302/5451/3302 3314/5468/3314
f 3301/5450/3301 3314/5469/3314 3313/5467/3313
f 3302/5451/3302 3303/5452/3303 3315/5470/3315
f 3302/5451/3302 3315/5470/3315 3314/5468/3314
f 3303/5452/3303 3304/5454/3304 3316/5471/3316
f 3303/5452/3303 3316/5471/3316 3315/5470/3315
f 3304/5455/3304 3305/5456/3305 3317/5473/3317
f 3304/5455/3304 3317/5473/3317 3316/5472/3316
f 3305/5456/3305 3306/5457/3306 3318/5474/3318
f 3305/5456/3305 3318/5474/3318 3317/5473/3317
f 3306/5457/3306 3307/5459/3307 3319/5476/3319
f 3306/5457/3306 3319/5476/3319 3318/5474/3318
f 3307/5459/3307 3308/5461/3308 3320/5478/3320
f 3307/5458/3307 3320/5477/3320 3319/5475/3319
f 3308/5460/3308 3297/5444/3297 3309/5462/3309
f 3308/5460/3308 3309/5462/3309 3320/5477/3320
f 3309/5462/3309 3310/5463/3310 3322/5480/3322
f 3309/5462/3309 3322/5480/3322 3321/5479/3321
f 3310/5463/3310 3311/5464/3311 3323/5482/3323
f 3310/5463/3310 3323/5482/3323 3322/5480/3322
f 3311/5465/3311 3312/5466/3312 3324/5484/3324
f 3311/5465/3311 3324/5484/3324 3323/5483/3323
f 3312/5466/3312 3313/5467/3313 3325/5485/3325
f 3312/5466/3312 3325/5485/3325 3324/5484/3324
f 3313/5467/3313 3314/5469/3314 3326/5487/3326
f 3313/5467/3313 3326/5487/3326 3325/5485/3325
f 3314/5468/3314 3315/5470/3315 3327/5488/3327
f 3314/5468/3314 3327/5488/3327 3326/5486/3326
f 3315/5470/3315 3316/5471/3316 3328/5489/3328
f 3315/5470/3315 3328/5489/3328 3327/5488/3327
f 3316/5472/3316 3317/5473/3317 3329/5491/3329
f 3316/5472/3316 3329/5491/3329 3328/5490/3328
f 3317/5473/3317 3318/5474/3318 3330/5492/3330
f 3317/5473/3317 3330/5492/3330 3329/5491/3329
f 3318/5474/3318 3319/5476/3319 3331/5494/3331
f 3318/5474/3318 3331/5494/3331 3330/5492/3330
f 3319/5475/3319 3320/5477/3320 3332/5495/3332
f 3319/5475/3319 3332/5495/3332 3331/5493/3331
f 3320/5477/3320 3309/5462/3309 3321/5479/3321
f 3320/5477/3320 3321/5479/3321 3332/5495/3332
f 3321/5479/3321 3322/5480/3322 3334/5497/3334
f 3321/5479/3321 3334/5497/3334 3333/5496/3333
f 3322/5480/3322 3323/5482/3323 3335/5499/3335
f 3322/5481/3322 3335/5500/3335 3334/5498/3334
f 3323/5483/3323 3324/5484/3324 3336/5501/3336
f 3323/5483/3323 3336/5501/3336 3335/5500/3335
f 3324/5484/3324 3325/5485/3325 3337/5502/3337
f 3324/5484/3324 3337/5502/3337 3336/5501/3336
f 3325/5485/3325 3326/5487/3326 3338/5504/3338
f 3325/5485/3325 3338/5504/3338 3337/5502/3337
f 3326/5486/3326 3327/5488/3327 3339/5505/3339
f 3326/5486/3326 3339/5505/3339 3338/5503/3338
f 3327/5488/3327 3328/5489/3328 3340/5506/3340
f 3327/5488/3327 3340/5506/3340 3339/5505/3339
f 3328/5490/3328 3329/5491/3329 3341/5508/3341
f 3328/5489/3328 3341/5507/3341 3340/5506/3340
f 3329/5491/3329 3330/5492/3330 3342/5509/3342
f 3329/5491/3329 3342/5509/3342 3341/5508/3341
f 3330/5492/3330 3331/5494/3331 3343/5511/3343
f 3330/5492/3330 3343/5511/3343 3342/5509/3342
f 3331/5493/3331 3332/5495/3332 3344/5512/3344
f 3331/5493/3331 3344/5512/3344 3343/5510/3343
f 3332/5495/3332 3321/5479/3321 3333/5496/3333
f 3332/5495/3332 3333/5496/3333 3344/5512/3344
f 3333/5496/3333 3334/5497/3334 3346/5514/3346
f 3333/5496/3333 3346/5514/3346 3345/5513/3345
f 3334/5498/3334 3335/5500/3335 3347/5516/3347
f 3334/5498/3334 3347/5516/3347 3346/5515/3346
f 3335/5500/3335 3336/5501/3336 3348/5517/3348
f 3335/5500/3335 3348/5517/3348 3347/5516/3347
f 3336/5501/3336 3337/5502/3337 3349/5518/3349
f 3336/5501/3336 3349/5518/3349 3348/5517/3348
f 3337/5502/3337 3338/5504/3338 3350/5520/3350
f 3337/5502/3337 3350/5520/3350 3349/5518/3349
f 3338/5503/3338 3339/5505/3339 3351/5521/3351
f 3338/5503/3338 3351/5521/3351 3350/5519/3350
f 3339/5505/3339 3340/5506/3340 3352/5522/3352
f 3339/5505/3339 3352/5522/3352 3351/5521/3351
f 3340/5506/3340 3341/5507/3341 3353/5523/3353
f 3340/5506/3340 3353/5523/3353 3352/5522/3352
f 3341/5508/3341 3342/5509/3342 3354/5525/3354
f 3341/5508/3341 3354/5525/3354 3353/5524/3353
f 3342/5509/3342 3343/5511/3343 3355/5527/3355
f 3342/5509/3342 3355/5527/3355 3354/5525/3354
f 3343/5510/3343 3344/5512/3344 3356/5528/3356
f 3343/5510/3343 3356/5528/3356 3355/5526/3355
f 3344/5512/3344 3333/5496/3333 3345/5513/3345
f 3344/5512/3344 3345/5513/3345 3356/5528/3356
f 3345/5513/3345 3346/5514/3346 3357/5529/3357
f 3346/5515/3346 3347/5516/3347 3357/5530/3357
f 3347/5516/3347 3348/5517/3348 3357/5530/3357
f 3348/5517/3348 3349/5518/3349 3357/5530/3357
f 3349/5518/3349 3350/5520/3350 3357/5530/3357
f 3350/5519/3350 3351/5521/3351 3357/5529/3357
f 3351/5521/3351 3352/5522/3352 3357/5529/3357
f 3352/5522/3352 3353/5523/3353 3357/5529/3357
f 3353/5524/3353 3354/5525/3354 3357/5530/3357
f 3354/5525/3354 3355/5527/3355 3357/5530/3357
f 3355/5526/3355 3356/5528/3356 3357/5529/3357
f 3356/5528/3356 3345/5513/3345 3357/5529/3357
f 3358/5531/3358 3359/5533/3359 3371/5551/3371
f 3358/5532/3358 3371/5552/3371 3370/5550/3370
f 3359/5534/3359 3360/5535/3360 3372/5554/3372
f 3359/5533/3359 3372/5553/3372 3371/5551/3371
f 3360/5535/3360 3361/5536/3361 3373/5555/3373
f 3360/5535/3360 3373/5555/3373 3372/5554/3372
f 3361/5536/3361 3362/5538/3362 3374/5557/3374
f 3361/5536/3361 3374/5557/3374 3373/5555/3373
f 3362/5537/3362 3363/5539/3363 3375/5558/3375
f 3362/5537/3362 3375/5558/3375 3374/5556/3374
f 3363/5539/3363 3364/5540/3364 3376/5559/3376
f 3363/5539/3363 3376/5559/3376 3375/5558/3375
f 3364/5540/3364 3365/5541/3365 3377/5560/3377
f 3364/5540/3364 3377/5560/3377 3376/5559/3376
f 3365/5541/3365 3366/5543/3366 3378/5562/3378
f 3365/5542/3365 3378/5563/3378 3377/5561/3377
f 3366/5544/3366 3367/5545/3367 3379/5564/3379
f 3366/5544/3366 3379/5564/3379 3378/5563/3378
f 3367/5545/3367 3368/5546/3368 3380/5565/3380
f 3367/5545/3367 3380/5565/3380 3379/5564/3379
f 3368/5546/3368 3369/5548/3369 3381/5567/3381
f 3368/5546/3368 3381/5567/3381 3380/5565/3380
f 3369/5547/3369 3358/5531/3358 3370/5549/3370
f 3369/5547/3369 3370/5549/3370 3381/5566/3381
f 3370/5550/3370 3371/5552/3371 3383/5571/3383
f 3370/5550/3370 3383/5571/3383 3382/5569/3382
f 3371/5551/3371 3372/5553/3372 3384/5572/3384
f 3371/5551/3371 3384/5572/3384 3383/5570/3383
f 3372/5554/3372 3373/5555/3373 3385/5574/3385
f 3372/5554/3372 3385/5574/3385 3384/5573/3384
f 3373/5555/3373 3374/5557/3374 3386/5576/3386
f 3373/5555/3373 3386/5576/3386 3385/5574/3385
f 3374/5556/3374 3375/5558/3375 3387/5577/3387
f 3374/5556/3374 3387/5577/3387 3386/5575/3386
f 3375/5558/3375 3376/5559/3376 3388/5578/3388
f 3375/5558/3375 3388/5578/3388 3387/5577/3387
f 3376/5559/3376 3377/5560/3377 3389/5579/3389
f 3376/5559/3376 3389/5579/3389 3388/5578/3388
f 3377/5561/3377 3378/5563/3378 3390/5581/3390
f 3377/5561/3377 3390/5581/3390 3389/5580/3389
f 3378/5563/3378 3379/5564/3379 3391/5582/3391
f 3378/5563/3378 3391/5582/3391 3390/5581/3390
f 3379/5564/3379 3380/5565/3380 3392/5583/3392
f 3379/5564/3379 3392/5583/3392 3391/5582/3391
f 3380/5565/3380 3381/5567/3381 3393/5585/3393
f 3380/5565/3380 3393/5585/3393 3392/5583/3392
f 3381/5566/3381 3370/5549/3370 3382/5568/3382
f 3381/5566/3381 3382/5568/3382 3393/5584/3393
f 3382/5569/3382 3383/5571/3383 3395/5589/3395
f 3382/5569/3382 3395/5589/3395 3394/5587/3394
f 3383/5570/3383 3384/5572/3384 3396/5590/3396
f 3383/5570/3383 3396/5590/3396 3395/5588/3395
f 3384/5573/3384 3385/5574/3385 3397/5592/3397
f 3384/5573/3384 3397/5592/3397 3396/5591/3396
f 3385/5574/3385 3386/5576/3386 3398/5594/3398
f 3385/5574/3385 3398/5594/3398 3397/5592/3397
f 3386/5575/3386 3387/5577/3387 3399/5595/3399
f 3386/5575/3386 3399/5595/3399 3398/5593/3398
f 3387/5577/3387 3388/5578/3388 3400/5596/3400
f 3387/5577/3387 3400/5596/3400 3399/5595/3399
f 3388/5578/3388 3389/5579/3389 3401/5597/3401
f 3388/5578/3388 3401/5597/3401 3400/5596/3400
f 3389/5580/3389 3390/5581/3390 3402/5599/3402
f 3389/5580/3389 3402/5599/3402 3401/5598/3401
f 3390/5581/3390 3391/5582/3391 3403/5600/3403
f 3390/5581/3390 3403/5600/3403 3402/5599/3402
f 3391/5582/3391 3392/5583/3392 3404/5602/3404
f 3391/5582/3391 3404/5602/3404 3403/5600/3403
f 3392/5583/3392 3393/5585/3393 3405/5604/3405
f 3392/5583/3392 3405/5604/3405 3404/5602/3404
f 3393/5584/3393 3382/5568/3382 3394/5586/3394
f 3393/5584/3393 3394/5586/3394 3405/5603/3405
f 3394/5587/3394 3395/5589/3395 3407/5607/3407
f 3394/5586/3394 3407/5606/3407 3406/5605/3406
f 3395/5588/3395 3396/5590/3396 3408/5608/3408
f 3395/5588/3395 3408/5608/3408 3407/5606/3407
f 3396/5591/3396 3397/5592/3397 3409/5610/3409
f 3396/5591/3396 3409/5610/3409 3408/5609/3408
f 3397/5592/3397 3398/5594/3398 3410/5611/3410
f 3397/5592/3397 3410/5611/3410 3409/5610/3409
f 3398/5593/3398 3399/5595/3399 3411/5612/3411
f 3398/5594/3398 3411/5613/3411 3410/5611/3410
f 3399/5595/3399 3400/5596/3400 3412/5614/3412
f 3399/5595/3399 3412/5614/3412 3411/5612/3411
f 3400/5596/3400 3401/5597/3401 3413/5615/3413
f 3400/5596/3400 3413/5615/3413 3412/5614/3412
f 3401/5598/3401 3402/5599/3402 3414/5617/3414
f 3401/5598/3401 3414/5617/3414 3413/5616/3413
f 3402/5599/3402 3403/5600/3403 3415/5618/3415
f 3402/5599/3402 3415/5618/3415 3414/5617/3414
f 3403/5600/3403 3404/5602/3404 3416/5620/3416
f 3403/5600/3403 3416/5620/3416 3415/5618/3415
f 3404/5602/3404 3405/5604/3405 3417/5622/3417
f 3404/5601/3404 3417/5621/3417 3416/5619/3416
f 3405/5603/3405 3394/5586/3394 3406/5605/3406
f 3405/5603/3405 3406/5605/3406 3417/5621/3417
f 3406/5605/3406 3407/5606/3407 3419/5624/3419
f 3406/5605/3406 3419/5624/3419 3418/5623/3418
f 3407/5606/3407 3408/5608/3408 3420/5625/3420
f 3407/5606/3407 3420/5625/3420 3419/5624/3419
f 3408/5609/3408 3409/5610/3409 3421/5627/3421
f 3408/5609/3408 3421/5627/3421 3420/5626/3420
f 3409/5610/3409 3410/5611/3410 3422/5628/3422
f 3409/5610/3409 3422/5628/3422 3421/5627/3421
f 3410/5611/3410 3411/5613/3411 3423/5630/3423
f 3410/5611/3410 3423/5630/3423 3422/5628/3422
f 3411/5612/3411 3412/5614/3412 3424/5631/3424
f 3411/5612/3411 3424/5631/3424 3423/5629/3423
f 3412/5614/3412 3413/5615/3413 3425/5632/3425
f 3412/5614/3412 3425/5632/3425 3424/5631/3424
f 3413/5616/3413 3414/5617/3414 3426/5634/3426
f 3413/5616/3413 3426/5634/3426 3425/5633/3425
f 3414/5617/3414 3415/5618/3415 3427/5635/3427
f 3414/5617/3414 3427/5635/3427 3426/5634/3426
f 3415/5618/3415 3416/5620/3416 3428/5637/3428
f 3415/5618/3415 3428/5637/3428 3427/5635/3427
f 3416/5619/3416 3417/5621/3417 3429/5638/3429
f 3416/5619/3416 3429/5638/3429 3428/5636/3428
f 3417/5621/3417 3406/5605/3406 3418/5623/3418
f 3417/5621/3417 3418/5623/3418 3429/5638/3429
f 3418/5623/3418 3419/5624/3419 3431/5640/3431
f 3418/5623/3418 3431/5640/3431 3430/5639/3430
f 3419/5624/3419 3420/5625/3420 3432/5641/3432
f 3419/5624/3419 3432/5641/3432 3431/5640/3431
f 3420/5626/3420 3421/5627/3421 3433/5643/3433
f 3420/5626/3420 3433/5643/3433 3432/5642/3432
f 3421/5627/3421 3422/5628/3422 3434/5644/3434
f 3421/5627/3421 3434/5644/3434 3433/5643/3433
f 3422/5628/3422 3423/5630/3423 3435/5646/3435
f 3422/5628/3422 3435/5646/3435 3434/5644/3434
f 3423/5629/3423 3424/5631/3424 3436/5647/3436
f 3423/5629/3423 3436/5647/3436 3435/5645/3435
f 3424/5631/3424 3425/5632/3425 3437/5648/3437
f 3424/5631/3424 3437/5648/3437 3436/5647/3436
f 3425/5633/3425 3426/5634/3426 3438/5650/3438
f 3425/5633/3425 3438/5650/3438 3437/5649/3437
f 3426/5634/3426 3427/5635/3427 3439/5651/3439
f 3426/5634/3426 3439/5651/3439 3438/5650/3438
f 3427/5635/3427 3428/5637/3428 3440/5653/3440
f 3427/5635/3427 3440/5653/3440 3439/5651/3439
f 3428/5636/3428 3429/5638/3429 3441/5654/3441
f 3428/5636/3428 3441/5654/3441 3440/5652/3440
f 3429/5638/3429 3418/5623/3418 3430/5639/3430
f 3429/5638/3429 3430/5639/3430 3441/5654/3441
f 3430/5639/3430 3431/5640/3431 3443/5656/3443
f 3430/5639/3430 3443/5656/3443 3442/5655/3442
f 3431/5640/3431 3432/5641/3432 3444/5657/3444
f 3431/5640/3431 3444/5657/3444 3443/5656/3443
f 3432/5642/3432 3433/5643/3433 3445/5659/3445
f 3432/5642/3432 3445/5659/3445 3444/5658/3444
f 3433/5643/3433 3434/5644/3434 3446/5660/3446
f 3433/5643/3433 3446/5660/3446 3445/5659/3445
f 3434/5644/3434 3435/5646/3435 3447/5662/3447
f 3434/5644/3434 3447/5662/3447 3446/5660/3446
f 3435/5645/3435 3436/5647/3436 3448/5663/3448
f 3435/5645/3435 3448/5663/3448 3447/5661/3447
f 3436/5647/3436 3437/5648/3437 3449/5664/3449
f 3436/5647/3436 3449/5664/3449 3448/5663/3448
f 3437/5649/3437 3438/5650/3438 3450/5666/3450
f 3437/5649/3437 3450/5666/3450 3449/5665/3449
f 3438/5650/3438 3439/5651/3439 3451/5667/3451
f 3438/5650/3438 3451/5667/3451 3450/5666/3450
f 3439/5651/3439 3440/5653/3440 3452/5669/3452
f 3439/5651/3439 3452/5669/3452 3451/5667/3451
f 3440/5652/3440 3441/5654/3441 3453/5670/3453
f 3440/5652/3440 3453/5670/3453 3452/5668/3452
f 3441/5654/3441 3430/5639/3430 3442/5655/3442
f 3441/5654/3441 3442/5655/3442 3453/5670/3453
f 3442/5655/3442 3443/5656/3443 3455/5672/3455
f 3442/5655/3442 3455/5672/3455 3454/5671/3454
f 3443/5656/3443 3444/5657/3444 3456/5673/3456
f 3443/5656/3443 3456/5673/3456 3455/5672/3455
f 3444/5658/3444 3445/5659/3445 3457/5675/3457
f 3444/5658/3444 3457/5675/3457 3456/5674/3456
f 3445/5659/3445 3446/5660/3446 3458/5676/3458
f 3445/5659/3445 3458/5676/3458 3457/5675/3457
f 3446/5660/3446 3447/5662/3447 3459/5678/3459
f 3446/5660/3446 3459/5678/3459 3458/5676/3458
f 3447/5661/3447 3448/5663/3448 3460/5679/3460
f 3447/5661/3447 3460/5679/3460 3459/5677/3459
f 3448/5663/3448 3449/5664/3449 3461/5680/3461
f 3448/5663/3448 3461/5680/3461 3460/5679/3460
f 3449/5665/3449 3450/5666/3450 3462/5682/3462
f 3449/5665/3449 3462/5682/3462 3461/5681/3461
f 3450/5666/3450 3451/5667/3451 3463/5683/3463
f 3450/5666/3450 3463/5683/3463 3462/5682/3462
f 3451/5667/3451 3452/5669/3452 3464/5685/3464
f 3451/5667/3451 3464/5685/3464 3463/5683/3463
f 3452/5668/3452 3453/5670/3453 3465/5686/3465
f 3452/5668/3452 3465/5686/3465 3464/5684/3464
f 3453/5670/3453 3442/5655/3442 3454/5671/3454
f 3453/5670/3453 3454/5671/3454 3465/5686/3465
f 3454/5671/3454 3455/5672/3455 3467/5688/3467
f 3454/5671/3454 3467/5688/3467 3466/5687/3466
f 3455/5672/3455 3456/5673/3456 3468/5689/3468
f 3455/5672/3455 3468/5689/3468 3467/5688/3467
f 3456/5674/3456 3457/5675/3457 3469/5691/3469
f 3456/5674/3456 3469/5691/3469 3468/5690/3468
f 3457/5675/3457 3458/5676/3458 3470/5692/3470
f 3457/5675/3457 3470/5692/3470 3469/5691/3469
f 3458/5676/3458 3459/5678/3459 3471/5694/3471
f 3458/5676/3458 3471/5694/3471 3470/5692/3470
f 3459/5677/3459 3460/5679/3460 3472/5695/3472
f 3459/5677/3459 3472/5695/3472 3471/5693/3471
f 3460/5679/3460 3461/5680/3461 3473/5696/3473
f 3460/5679/3460 3473/5696/3473 3472/5695/3472
f 3461/5681/3461 3462/5682/3462 3474/5698/3474
f 3461/5681/3461 3474/5698/3474 3473/5697/3473
f 3462/5682/3462 3463/5683/3463 3475/5699/3475
f 3462/5682/3462 3475/5699/3475 3474/5698/3474
f 3463/5683/3463 3464/5685/3464 3476/5701/3476
f 3463/5683/3463 3476/5701/3476 3475/5699/3475
f 3464/5684/3464 3465/5686/3465 3477/5702/3477
f 3464/5684/3464 3477/5702/3477 3476/5700/3476
f 3465/5686/3465 3454/5671/3454 3466/5687/3466
f 3465/5686/3465 3466/5687/3466 3477/5702/3477
f 3466/5687/3466 3467/5688/3467 3478/5703/3478
f 3467/5688/3467 3468/5689/3468 3478/5703/3478
f 3468/5690/3468 3469/5691/3469 3478/5704/3478
f 3469/5691/3469 3470/5692/3470 3478/5704/3478
f 3470/5692/3470 3471/5694/3471 3478/5704/3478
f 3471/5693/3471 3472/5695/3472 3478/5703/3478
f 3472/5695/3472 3473/5696/3473 3478/5703/3478
f 3473/5697/3473 3474/5698/3474 3478/5704/3478
f 3474/5698/3474 3475/5699/3475 3478/5704/3478
f 3475/5699/3475 3476/5701/3476 3478/5704/3478
f 3476/5700/3476 3477/5702/3477 3478/5703/3478
f 3477/5702/3477 3466/5687/3466 3478/5703/3478
f 3479/5705/3479 3480/5706/3480 3492/5724/3492
f 3479/5705/3479 3492/5724/3492 3491/5723/3491
f 3480/5707/3480 3481/5708/3481 3493/5726/3493
f 3480/5707/3480 3493/5726/3493 3492/5725/3492
f 3481/5708/3481 3482/5709/3482 3494/5727/3494
f 3481/5708/3481 3494/5727/3494 3493/5726/3493
f 3482/5709/3482 3483/5711/3483 3495/5729/3495
f 3482/5709/3482 3495/5729/3495 3494/5727/3494
f 3483/5711/3483 3484/5713/3484 3496/5731/3496
f 3483/5710/3483 3496/5730/3496 3495/5728/3495
f 3484/5712/3484 3485/5714/3485 3497/5732/3497
f 3484/5712/3484 3497/5732/3497 3496/5730/3496
f 3485/5714/3485 3486/5715/3486 3498/5733/3498
f 3485/5714/3485 3498/5733/3498 3497/5732/3497
f 3486/5715/3486 3487/5716/3487 3499/5734/3499
f 3486/5715/3486 3499/5734/3499 3498/5733/3498
f 3487/5717/3487 3488/5719/3488 3500/5737/3500
f 3487/5717/3487 3500/5737/3500 3499/5735/3499
f 3488/5719/3488 3489/5721/3489 3501/5739/3501
f 3488/5718/3488 3501/5738/3501 3500/5736/3500
f 3489/5720/3489 3490/5722/3490 3502/5740/3502
f 3489/5721/3489 3502/5741/3502 3501/5739/3501
f 3490/5722/3490 3479/5705/3479 3491/5723/3491
f 3490/5722/3490 3491/5723/3491 3502/5740/3502
f 3491/5723/3491 3492/5724/3492 3504/5743/3504
f 3491/5723/3491 3504/5743/3504 3503/5742/3503
f 3492/5725/3492 3493/5726/3493 3505/5745/3505
f 3492/5725/3492 3505/5745/3505 3504/5744/3504
f 3493/5726/3493 3494/5727/3494 3506/5746/3506
f 3493/5726/3493 3506/5746/3506 3505/5745/3505
f 3494/5727/3494 3495/5729/3495 3507/5748/3507
f 3494/5727/3494 3507/5748/3507 3506/5746/3506
f 3495/5728/3495 3496/5730/3496 3508/5749/3508
f 3495/5728/3495 3508/5749/3508 3507/5747/3507
f 3496/5730/3496 3497/5732/3497 3509/5750/3509
f 3496/5730/3496 3509/5750/3509 3508/5749/3508
f 3497/5732/3497 3498/5733/3498 3510/5751/3510
f 3497/5732/3497 3510/5751/3510 3509/5750/3509
f 3498/5733/3498 3499/5734/3499 3511/5753/3511
f 3498/5733/3498 3511/5753/3511 3510/5751/3510
f 3499/5735/3499 3500/5737/3500 3512/5755/3512
f 3499/5735/3499 3512/5755/3512 3511/5754/3511
f 3500/5736/3500 3501/5738/3501 3513/5756/3513
f 3500/5737/3500 3513/5757/3513 3512/5755/3512
f 3501/5739/3501 3502/5741/3502 3514/5759/3514
f 3501/5739/3501 3514/5759/3514 3513/5757/3513
f 3502/5740/3502 3491/5723/3491 3503/5742/3503
f 3502/5740/3502 3503/5742/3503 3514/5758/3514
f 3503/5742/3503 3504/5743/3504 3516/5762/3516
f 3503/5742/3503 3516/5762/3516 3515/5760/3515
f 3504/5744/3504 3505/5745/3505 3517/5764/3517
f 3504/5743/3504 3517/5763/3517 3516/5762/3516
f 3505/5745/3505 3506/5746/3506 3518/5765/3518
f 3505/5745/3505 3518/5765/3518 3517/5764/3517
f 3506/5746/3506 3507/5748/3507 3519/5767/3519
f 3506/5746/3506 3519/5767/3519 3518/5765/3518
f 3507/5747/3507 3508/5749/3508 3520/5768/3520
f 3507/5747/3507 3520/5768/3520 3519/5766/3519
f 3508/5749/3508 3509/5750/3509 3521/5769/3521
f 3508/5749/3508 3521/5769/3521 3520/5768/3520
f 3509/5750/3509 3510/5751/3510 3522/5770/3522
f 3509/5750/3509 3522/5770/3522 3521/5769/3521
f 3510/5751/3510 3511/5753/3511 3523/5772/3523
f 3510/5752/3510 3523/5773/3523 3522/5771/3522
f 3511/5754/3511 3512/5755/3512 3524/5774/3524
f 3511/5754/3511 3524/5774/3524 3523/5773/3523
f 3512/5755/3512 3513/5757/3513 3525/5775/3525
f 3512/5755/3512 3525/5775/3525 3524/5774/3524
f 3513/5757/3513 3514/5759/3514 3526/5777/3526
f 3513/5757/3513 3526/5777/3526 3525/5775/3525
f 3514/5758/3514 3503/5742/3503 3515/5760/3515
f 3514/5758/3514 3515/5760/3515 3526/5776/3526
f 3515/5760/3515 3516/5762/3516 3528/5780/3528
f 3515/5761/3515 3528/5781/3528 3527/5779/3527
f 3516/5762/3516 3517/5763/3517 3529/5782/3529
f 3516/5762/3516 3529/5782/3529 3528/5780/3528
f 3517/5764/3517 3518/5765/3518 3530/5784/3530
f 3517/5764/3517 3530/5784/3530 3529/5783/3529
f 3518/5765/3518 3519/5767/3519 3531/5786/3531
f 3518/5765/3518 3531/5786/3531 3530/5784/3530
f 3519/5766/3519 3520/5768/3520 3532/5787/3532
f 3519/5766/3519 3532/5787/3532 3531/5785/3531
f 3520/5768/3520 3521/5769/3521 3533/5788/3533
f 3520/5768/3520 3533/5788/3533 3532/5787/3532
f 3521/5769/3521 3522/5770/3522 3534/5789/3534
f 3521/5769/3521 3534/5789/3534 3533/5788/3533
f 3522/5771/3522 3523/5773/3523 3535/5791/3535
f 3522/5771/3522 3535/5791/3535 3534/5790/3534
f 3523/5773/3523 3524/5774/3524 3536/5792/3536
f 3523/5773/3523 3536/5792/3536 3535/5791/3535
f 3524/5774/3524 3525/5775/3525 3537/5793/3537
f 3524/5774/3524 3537/5793/3537 3536/5792/3536
f 3525/5775/3525 3526/5777/3526 3538/5795/3538
f 3525/5775/3525 3538/5795/3538 3537/5793/3537
f 3526/5776/3526 3515/5760/3515 3527/5778/3527
f 3526/5776/3526 3527/5778/3527 3538/5794/3538
f 3527/5779/3527 3528/5781/3528 3540/5799/3540
f 3527/5779/3527 3540/5799/3540 3539/5797/3539
f 3528/5780/3528 3529/5782/3529 3541/5800/3541
f 3528/5780/3528 3541/5800/3541 3540/5798/3540
f 3529/5783/3529 3530/5784/3530 3542/5802/3542
f 3529/5783/3529 3542/5802/3542 3541/5801/3541
f 3530/5784/3530 3531/5786/3531 3543/5804/3543
f 3530/5784/3530 3543/5804/3543 3542/5802/3542
f 3531/5785/3531 3532/5787/3532 3544/5805/3544
f 3531/5785/3531 3544/5805/3544 3543/5803/3543
f 3532/5787/3532 3533/5788/3533 3545/5806/3545
f 3532/5787/3532 3545/5806/3545 3544/5805/3544
f 3533/5788/3533 3534/5789/3534 3546/5807/3546
f 3533/5788/3533 3546/5807/3546 3545/5806/3545
f 3534/5790/3534 3535/5791/3535 3547/5809/3547
f 3534/5790/3534 3547/5809/3547 3546/5808/3546
f 3535/5791/3535 3536/5792/3536 3548/5810/3548
f 3535/5791/3535 3548/5810/3548 3547/5809/3547
f 3536/5792/3536 3537/5793/3537 3549/5811/3549
f 3536/5792/3536 3549/5811/3549 3548/5810/3548
f 3537/5793/3537 3538/5795/3538 3550/5813/3550
f 3537/5793/3537 3550/5813/3550 3549/5811/3549
f 3538/5794/3538 3527/5778/3527 3539/5796/3539
f 3538/5794/3538 3539/5796/3539 3550/5812/3550
f 3539/5797/3539 3540/5799/3540 3552/5816/3552
f 3539/5796/3539 3552/5815/3552 3551/5814/3551
f 3540/5798/3540 3541/5800/3541 3553/5817/3553
f 3540/5798/3540 3553/5817/3553 3552/5815/3552
f 3541/5801/3541 3542/5802/3542 3554/5819/3554
f 3541/5801/3541 3554/5819/3554 3553/5818/3553
f 3542/5802/3542 3543/5804/3543 3555/5821/3555
f 3542/5802/3542 3555/5821/3555 3554/5819/3554
f 3543/5803/3543 3544/5805/3544 3556/5822/3556
f 3543/5803/3543 3556/5822/3556 3555/5820/3555
f 3544/5805/3544 3545/5806/3545 3557/5823/3557
f 3544/5805/3544 3557/5823/3557 3556/5822/3556
f 3545/5806/3545 3546/5807/3546 3558/5824/3558
f 3545/5806/3545 3558/5824/3558 3557/5823/3557
f 3546/5808/3546 3547/5809/3547 3559/5826/3559
f 3546/5808/3546 3559/5826/3559 3558/5825/3558
f 3547/5809/3547 3548/5810/3548 3560/5827/3560
f 3547/5809/3547 3560/5827/3560 3559/5826/3559
f 3548/5810/3548 3549/5811/3549 3561/5828/3561
f 3548/5810/3548 3561/5828/3561 3560/5827/3560
f 3549/5811/3549 3550/5813/3550 3562/5830/3562
f 3549/5811/3549 3562/5830/3562 3561/5828/3561
f 3550/5812/3550 3539/5796/3539 3551/5814/3551
f 3550/5812/3550 3551/5814/3551 3562/5829/3562
f 3551/5814/3551 3552/5815/3552 3564/5832/3564
f 3551/5814/3551 3564/5832/3564 3563/5831/3563
f 3552/5815/3552 3553/5817/3553 3565/5833/3565
f 3552/5815/3552 3565/5833/3565 3564/5832/3564
f 3553/5818/3553 3554/5819/3554 3566/5835/3566
f 3553/5818/3553 3566/5835/3566 3565/5834/3565
f 3554/5819/3554 3555/5821/3555 3567/5838/3567
f 3554/5819/3554 3567/5838/3567 3566/5835/3566
f 3555/5820/3555 3556/5822/3556 3568/5840/3568
f 3555/5820/3555 3568/5840/3568 3567/5837/3567
f 3556/5822/3556 3557/5823/3557 3569/5841/3569
f 3556/5822/3556 3569/5841/3569 3568/5840/3568
f 3557/5823/3557 3558/5824/3558 3570/5842/3570
f 3557/5823/3557 3570/5842/3570 3569/5841/3569
f 3558/5825/3558 3559/5826/3559 3571/5844/3571
f 3558/5825/3558 3571/5844/3571 3570/5843/3570
f 3559/5826/3559 3560/5827/3560 3572/5845/3572
f 3559/5826/3559 3572/5845/3572 3571/5844/3571
f 3560/5827/3560 3561/5828/3561 3573/5846/3573
f 3560/5827/3560 3573/5846/3573 3572/5845/3572
f 3561/5828/3561 3562/5830/3562 3574/5849/3574
f 3561/5828/3561 3574/5849/3574 3573/5846/3573
f 3562/5829/3562 3551/5814/3551 3563/5831/3563
f 3562/5829/3562 3563/5831/3563 3574/5848/3574
f 3563/5831/3563 3564/5832/3564 3576/5852/3576
f 3563/5831/3563 3576/5852/3576 3575/5851/3575
f 3564/5832/3564 3565/5833/3565 3577/5853/3577
f 3564/5832/3564 3577/5853/3577 3576/5852/3576
f 3565/5834/3565 3566/5835/3566 3578/5855/3578
f 3565/5834/3565 3578/5855/3578 3577/5854/3577
f 3566/5836/3566 3567/5839/3567 3579/5858/3579
f 3566/5836/3566 3579/5858/3579 3578/5856/3578
f 3567/5837/3567 3568/5840/3568 3580/5859/3580
f 3567/5839/3567 3580/5861/3580 3579/5858/3579
f 3568/5840/3568 3569/5841/3569 3581/5862/3581
f 3568/5840/3568 3581/5862/3581 3580/5859/3580
f 3569/5841/3569 3570/5842/3570 3582/5863/3582
f 3569/5841/3569 3582/5863/3582 3581/5862/3581
f 3570/5843/3570 3571/5844/3571 3583/5865/3583
f 3570/5843/3570 3583/5865/3583 3582/5864/3582
f 3571/5844/3571 3572/5845/3572 3584/5866/3584
f 3571/5844/3571 3584/5866/3584 3583/5865/3583
f 3572/5845/3572 3573/5846/3573 3585/5868/3585
f 3572/5845/3572 3585/5868/3585 3584/5866/3584
f 3573/5847/3573 3574/5850/3574 3586/5871/3586
f 3573/5847/3573 3586/5871/3586 3585/5869/3585
f 3574/5848/3574 3563/5831/3563 3575/5851/3575
f 3574/5848/3574 3575/5851/3575 3586/5870/3586
f 3575/5851/3575 3576/5852/3576 3588/5873/3588
f 3575/5851/3575 3588/5873/3588 3587/5872/3587
f 3576/5852/3576 3577/5853/3577 3589/5874/3589
f 3576/5852/3576 3589/5874/3589 3588/5873/3588
f 3577/5854/3577 3578/5855/3578 3590/5876/3590
f 3577/5854/3577 3590/5876/3590 3589/5875/3589
f 3578/5855/3578 3579/5857/3579 3591/5877/3591
f 3578/5855/3578 3591/5877/3591 3590/5876/3590
f 3579/5857/3579 3580/5860/3580 3592/5879/3592
f 3579/5857/3579 3592/5879/3592 3591/5877/3591
f 3580/5859/3580 3581/5862/3581 3593/5880/3593
f 3580/5859/3580 3593/5880/3593 3592/5878/3592
f 3581/5862/3581 3582/5863/3582 3594/5881/3594
f 3581/5862/3581 3594/5881/3594 3593/5880/3593
f 3582/5864/3582 3583/5865/3583 3595/5883/3595
f 3582/5864/3582 3595/5883/3595 3594/5882/3594
f 3583/5865/3583 3584/5866/3584 3596/5884/3596
f 3583/5865/3583 3596/5884/3596 3595/5883/3595
f 3584/5866/3584 3585/5868/3585 3597/5886/3597
f 3584/5866/3584 3597/5886/3597 3596/5884/3596
f 3585/5867/3585 3586/5870/3586 3598/5887/3598
f 3585/5867/3585 3598/5887/3598 3597/5885/3597
f 3586/5870/3586 3575/5851/3575 3587/5872/3587
f 3586/5870/3586 3587/5872/3587 3598/5887/3598
f 3587/5872/3587 3588/5873/3588 3599/5888/3599
f 3588/5873/3588 3589/5874/3589 3599/5888/3599
f 3589/5875/3589 3590/5876/3590 3599/5889/3599
f 3590/5876/3590 3591/5877/3591 3599/5889/3599
f 3591/5877/3591 3592/5879/3592 3599/5889/3599
f 3592/5878/3592 3593/5880/3593 3599/5888/3599
f 3593/5880/3593 3594/5881/3594 3599/5888/3599
f 3594/5882/3594 3595/5883/3595 3599/5889/3599
f 3595/5883/3595 3596/5884/3596 3599/5889/3599
f 3596/5884/3596 3597/5886/3597 3599/5889/3599
f 3597/5885/3597 3598/5887/3598 3599/5888/3599
f 3598/5887/3598 3587/5872/3587 3599/5888/3599
f 3600/5890/3600 3601/5891/3601 3613/5909/3613
f 3600/5890/3600 3613/5909/3613 3612/5908/3612
f 3601/5892/3601 3602/5894/3602 3614/5912/3614
f 3601/5892/3601 3614/5912/3614 3613/5910/3613
f 3602/5893/3602 3603/5895/3603 3615/5913/3615
f 3602/5893/3602 3615/5913/3615 3614/5911/3614
f 3603/5896/3603 3604/5898/3604 3616/5916/3616
f 3603/5896/3603 3616/5916/3616 3615/5914/3615
f 3604/5897/3604 3605/5899/3605 3617/5917/3617
f 3604/5897/3604 3617/5917/3617 3616/5915/3616
f 3605/5899/3605 3606/5900/3606 3618/5918/3618
f 3605/5899/3605 3618/5918/3618 3617/5917/3617
f 3606/5900/3606 3607/5901/3607 3619/5919/3619
f 3606/5900/3606 3619/5919/3619 3618/5918/3618
f 3607/5901/3607 3608/5902/3608 3620/5921/3620
f 3607/5901/3607 3620/5921/3620 3619/5919/3619
f 3608/5903/3608 3609/5904/3609 3621/5923/3621
f 3608/5903/3608 3621/5923/3621 3620/5922/3620
f 3609/5904/3609 3610/5905/3610 3622/5924/3622
f 3609/5904/3609 3622/5924/3622 3621/5923/3621
f 3610/5905/3610 3611/5907/3611 3623/5926/3623
f 3610/5905/3610 3623/5926/3623 3622/5924/3622
f 3611/5906/3611 3600/5890/3600 3612/5908/3612
f 3611/5906/3611 3612/5908/3612 3623/5925/3623
f 3612/5908/3612 3613/5909/3613 3625/5928/3625
f 3612/5908/3612 3625/5928/3625 3624/5927/3624
f 3613/5910/3613 3614/5912/3614 3626/5930/3626
f 3613/5909/3613 3626/5929/3626 3625/5928/3625
f 3614/5911/3614 3615/5913/3615 3627/5931/3627
f 3614/5912/3614 3627/5932/3627 3626/5930/3626
f 3615/5914/3615 3616/5916/3616 3628/5934/3628
f 3615/5914/3615 3628/5934/3628 3627/5932/3627
f 3616/5915/3616 3617/5917/3617 3629/5935/3629
f 3616/5915/3616 3629/5935/3629 3628/5933/3628
f 3617/5917/3617 3618/5918/3618 3630/5936/3630
f 3617/5917/3617 3630/5936/3630 3629/5935/3629
f 3618/5918/3618 3619/5919/3619 3631/5937/3631
f 3618/5918/3618 3631/5937/3631 3630/5936/3630
f 3619/5919/3619 3620/5921/3620 3632/5939/3632
f 3619/5920/3619 3632/5940/3632 3631/5938/3631
f 3620/5922/3620 3621/5923/3621 3633/5941/3633
f 3620/5922/3620 3633/5941/3633 3632/5940/3632
f 3621/5923/3621 3622/5924/3622 3634/5942/3634
f 3621/5923/3621 3634/5942/3634 3633/5941/3633
f 3622/5924/3622 3623/5926/3623 3635/5944/3635
f 3622/5924/3622 3635/5944/3635 3634/5942/3634
f 3623/5925/3623 3612/5908/3612 3624/5927/3624
f 3623/5925/3623 3624/5927/3624 3635/5943/3635
f 3624/5927/3624 3625/5928/3625 3637/5946/3637
f 3624/5927/3624 3637/5946/3637 3636/5945/3636
f 3625/5928/3625 3626/5929/3626 3638/5947/3638
f 3625/5928/3625 3638/5947/3638 3637/5946/3637
f 3626/5930/3626 3627/5932/3627 3639/5949/3639
f 3626/5930/3626 3639/5949/3639 3638/5948/3638
f 3627/5932/3627 3628/5934/3628 3640/5951/3640
f 3627/5932/3627 3640/5951/3640 3639/5949/3639
f 3628/5933/3628 3629/5935/3629 3641/5952/3641
f 3628/5933/3628 3641/5952/3641 3640/5950/3640
f 3629/5935/3629 3630/5936/3630 3642/5953/3642
f 3629/5935/3629 3642/5953/3642 3641/5952/3641
f 3630/5936/3630 3631/5937/3631 3643/5954/3643
f 3630/5936/3630 3643/5954/3643 3642/5953/3642
f 3631/5938/3631 3632/5940/3632 3644/5956/3644
f 3631/5938/3631 3644/5956/3644 3643/5955/3643
f 3632/5940/3632 3633/5941/3633 3645/5957/3645
f 3632/5940/3632 3645/5957/3645 3644/5956/3644
f 3633/5941/3633 3634/5942/3634 3646/5959/3646
f 3633/5941/3633 3646/5959/3646 3645/5957/3645
f 3634/5942/3634 3635/5944/3635 3647/5961/3647
f 3634/5942/3634 3647/5961/3647 3646/5959/3646
f 3635/5943/3635 3624/5927/3624 3636/5945/3636
f 3635/5943/3635 3636/5945/3636 3647/5960/3647
f 3636/5945/3636 3637/5946/3637 3649/5963/3649
f 3636/5945/3636 3649/5963/3649 3648/5962/3648
f 3637/5946/3637 3638/5947/3638 3650/5964/3650
f 3637/5946/3637 3650/5964/3650 3649/5963/3649
f 3638/5948/3638 3639/5949/3639 3651/5966/3651
f 3638/5948/3638 3651/5966/3651 3650/5965/3650
f 3639/5949/3639 3640/5951/3640 3652/5967/3652
f 3639/5949/3639 3652/5967/3652 3651/5966/3651
f 3640/5950/3640 3641/5952/3641 3653/5968/3653
f 3640/5951/3640 3653/5969/3653 3652/5967/3652
f 3641/5952/3641 3642/5953/3642 3654/5970/3654
f 3641/5952/3641 3654/5970/3654 3653/5968/3653
f 3642/5953/3642 3643/5954/3643 3655/5971/3655
f 3642/5953/3642 3655/5971/3655 3654/5970/3654
f 3643/5955/3643 3644/5956/3644 3656/5973/3656
f 3643/5955/3643 3656/5973/3656 3655/5972/3655
f 3644/5956/3644 3645/5957/3645 3657/5974/3657
f 3644/5956/3644 3657/5974/3657 3656/5973/3656
f 3645/5957/3645 3646/5959/3646 3658/5976/3658
f 3645/5957/3645 3658/5976/3658 3657/5974/3657
f 3646/5959/3646 3647/5961/3647 3659/5978/3659
f 3646/5958/3646 3659/5977/3659 3658/5975/3658
f 3647/5960/3647 3636/5945/3636 3648/5962/3648
f 3647/5960/3647 3648/5962/3648 3659/5977/3659
f 3648/5962/3648 3649/5963/3649 3661/5980/3661
f 3648/5962/3648 3661/5980/3661 3660/5979/3660
f 3649/5963/3649 3650/5964/3650 3662/5982/3662
f 3649/5963/3649 3662/5982/3662 3661/5980/3661
f 3650/5965/3650 3651/5966/3651 3663/5984/3663
f 3650/5965/3650 3663/5984/3663 3662/5983/3662
f 3651/5966/3651 3652/5967/3652 3664/5985/3664
f 3651/5966/3651 3664/5985/3664 3663/5984/3663
f 3652/5967/3652 3653/5969/3653 3665/5987/3665
f 3652/5967/3652 3665/5987/3665 3664/5985/3664
f 3653/5968/3653 3654/5970/3654 3666/5988/3666
f 3653/5968/3653 3666/5988/3666 3665/5986/3665
f 3654/5970/3654 3655/5971/3655 3667/5989/3667
f 3654/5970/3654 3667/5989/3667 3666/5988/3666
f 3655/5972/3655 3656/5973/3656 3668/5991/3668
f 3655/5972/3655 3668/5991/3668 3667/5990/3667
f 3656/5973/3656 3657/5974/3657 3669/5992/3669
f 3656/5973/3656 3669/5992/3669 3668/5991/3668
f 3657/5974/3657 3658/5976/3658 3670/5994/3670
f 3657/5974/3657 3670/5994/3670 3669/5992/3669
f 3658/5975/3658 3659/5977/3659 3671/5995/3671
f 3658/5975/3658 3671/5995/3671 3670/5993/3670
f 3659/5977/3659 3648/5962/3648 3660/5979/3660
f 3659/5977/3659 3660/5979/3660 3671/5995/3671
f 3660/5979/3660 3661/5980/3661 3673/5997/3673
f 3660/5979/3660 3673/5997/3673 3672/5996/3672
f 3661/5980/3661 3662/5982/3662 3674/5999/3674
f 3661/5981/3661 3674/6000/3674 3673/5998/3673
f 3662/5983/3662 3663/5984/3663 3675/6001/3675
f 3662/5983/3662 3675/6001/3675 3674/6000/3674
f 3663/5984/3663 3664/5985/3664 3676/6002/3676
f 3663/5984/3663 3676/6002/3676 3675/6001/3675
f 3664/5985/3664 3665/5987/3665 3677/6004/3677
f 3664/5985/3664 3677/6004/3677 3676/6002/3676
f 3665/5986/3665 3666/5988/3666 3678/6005/3678
f 3665/5986/3665 3678/6005/3678 3677/6003/3677
f 3666/5988/3666 3667/5989/3667 3679/6007/3679
f 3666/5988/3666 3679/6007/3679 3678/6005/3678
f 3667/5990/3667 3668/5991/3668 3680/6009/3680
f 3667/5989/3667 3680/6008/3680 3679/6007/3679
f 3668/5991/3668 3669/5992/3669 3681/6010/3681
f 3668/5991/3668 3681/6010/3681 3680/6009/3680
f 3669/5992/3669 3670/5994/3670 3682/6012/3682
f 3669/5992/3669 3682/6012/3682 3681/6010/3681
f 3670/5993/3670 3671/5995/3671 3683/6013/3683
f 3670/5993/3670 3683/6013/3683 3682/6011/3682
f 3671/5995/3671 3660/5979/3660 3672/5996/3672
f 3671/5995/3671 3672/5996/3672 3683/6013/3683
f 3672/5996/3672 3673/5997/3673 3685/6015/3685
f 3672/5996/3672 3685/6015/3685 3684/6014/3684
f 3673/5998/3673 3674/6000/3674 3686/6017/3686
f 3673/5998/3673 3686/6017/3686 3685/6016/3685
f 3674/6000/3674 3675/6001/3675 3687/6018/3687
f 3674/6000/3674 3687/6018/3687 3686/6017/3686
f 3675/6001/3675 3676/6002/3676 3688/6019/3688
f 3675/6001/3675 3688/6019/3688 3687/6018/3687
f 3676/6002/3676 3677/6004/3677 3689/6021/3689
f 3676/6002/3676 3689/6021/3689 3688/6019/3688
f 3677/6003/3677 3678/6005/3678 3690/6022/3690
f 3677/6003/3677 3690/6022/3690 3689/6020/3689
f 3678/6005/3678 3679/6007/3679 3691/6024/3691
f 3678/6006/3678 3691/6025/3691 3690/6023/3690
f 3679/6007/3679 3680/6008/3680 3692/6026/3692
f 3679/6007/3679 3692/6026/3692 3691/6024/3691
f 3680/6009/3680 3681/6010/3681 3693/6028/3693
f 3680/6009/3680 3693/6028/3693 3692/6027/3692
f 3681/6010/3681 3682/6012/3682 3694/6030/3694
f 3681/6010/3681 3694/6030/3694 3693/6028/3693
f 3682/6011/3682 3683/6013/3683 3695/6031/3695
f 3682/6011/3682 3695/6031/3695 3694/6029/3694
f 3683/6013/3683 3672/5996/3672 3684/6014/3684
f 3683/6013/3683 3684/6014/3684 3695/6031/3695
f 3684/6014/3684 3685/6015/3685 3697/6033/3697
f 3684/6014/3684 3697/6033/3697 3696/6032/3696
f 3685/6016/3685 3686/6017/3686 3698/6035/3698
f 3685/6016/3685 3698/6035/3698 3697/6034/3697
f 3686/6017/3686 3687/6018/3687 3699/6036/3699
f 3686/6017/3686 3699/6036/3699 3698/6035/3698
f 3687/6018/3687 3688/6019/3688 3700/6037/3700
f 3687/6018/3687 3700/6037/3700 3699/6036/3699
f 3688/6019/3688 3689/6021/3689 3701/6039/3701
f 3688/6019/3688 3701/6039/3701 3700/6037/3700
f 3689/6020/3689 3690/6022/3690 3702/6040/3702
f 3689/6020/3689 3702/6040/3702 3701/6038/3701
f 3690/6023/3690 3691/6025/3691 3703/6043/3703
f 3690/6023/3690 3703/6043/3703 3702/6041/3702
f 3691/6024/3691 3692/6026/3692 3704/6044/3704
f 3691/6024/3691 3704/6044/3704 3703/6042/3703
f 3692/6027/3692 3693/6028/3693 3705/6046/3705
f 3692/6027/3692 3705/6046/3705 3704/6045/3704
f 3693/6028/3693 3694/6030/3694 3706/6048/3706
f 3693/6028/3693 3706/6048/3706 3705/6046/3705
f 3694/6029/3694 3695/6031/3695 3707/6049/3707
f 3694/6029/3694 3707/6049/3707 3706/6047/3706
f 3695/6031/3695 3684/6014/3684 3696/6032/3696
f 3695/6031/3695 3696/6032/3696 3707/6049/3707
f 3696/6032/3696 3697/6033/3697 3709/6051/3709
f 3696/6032/3696 3709/6051/3709 3708/6050/3708
f 3697/6034/3697 3698/6035/3698 3710/6053/3710
f 3697/6034/3697 3710/6053/3710 3709/6052/3709
f 3698/6035/3698 3699/6036/3699 3711/6054/3711
f 3698/6035/3698 3711/6054/3711 3710/6053/3710
f 3699/6036/3699 3700/6037/3700 3712/6055/3712
f 3699/6036/3699 3712/6055/3712 3711/6054/3711
f 3700/6037/3700 3701/6039/3701 3713/6057/3713
f 3700/6037/3700 3713/6057/3713 3712/6055/3712
f 3701/6038/3701 3702/6040/3702 3714/6058/3714
f 3701/6038/3701 3714/6058/3714 3713/6056/3713
f 3702/6041/3702 3703/6043/3703 3715/6060/3715
f 3702/6040/3702 3715/6059/3715 3714/6058/3714
f 3703/6042/3703 3704/6044/3704 3716/6061/3716
f 3703/6042/3703 3716/6061/3716 3715/6059/3715
f 3704/6045/3704 3705/6046/3705 3717/6063/3717
f 3704/6045/3704 3717/6063/3717 3716/6062/3716
f 3705/6046/3705 3706/6048/3706 3718/6065/3718
f 3705/6046/3705 3718/6065/3718 3717/6063/3717
f 3706/6047/3706 3707/6049/3707 3719/6066/3719
f 3706/6047/3706 3719/6066/3719 3718/6064/3718
f 3707/6049/3707 3696/6032/3696 3708/6050/3708
f 3707/6049/3707 3708/6050/3708 3719/6066/3719
f 3708/6050/3708 3709/6051/3709 3720/6067/3720
f 3709/6052/3709 3710/6053/3710 3720/6068/3720
f 3710/6053/3710 3711/6054/3711 3720/6068/3720
f 3711/6054/3711 3712/6055/3712 3720/6068/3720
f 3712/6055/3712 3713/6057/3713 3720/6068/3720
f 3713/6056/3713 3714/6058/3714 3720/6067/3720
f 3714/6058/3714 3715/6059/3715 3720/6067/3720
f 3715/6059/3715 3716/6061/3716 3720/6067/3720
f 3716/6062/3716 3717/6063/3717 3720/6068/3720
f 3717/6063/3717 3718/6065/3718 3720/6068/3720
f 3718/6064/3718 3719/6066/3719 3720/6067/3720
f 3719/6066/3719 3708/6050/3708 3720/6067/3720
f 3721/6069/3721 3722/6070/3722 3734/6088/3734
f 3721/6069/3721 3734/6088/3734 3733/6087/3733
f 3722/6070/3722 3723/6071/3723 3735/6090/3735
f 3722/6070/3722 3735/6090/3735 3734/6088/3734
f 3723/6072/3723 3724/6073/3724 3736/6092/3736
f 3723/6072/3723 3736/6092/3736 3735/6091/3735
f 3724/6073/3724 3725/6074/3725 3737/6093/3737
f 3724/6073/3724 3737/6093/3737 3736/6092/3736
f 3725/6074/3725 3726/6076/3726 3738/6095/3738
f 3725/6074/3725 3738/6095/3738 3737/6093/3737
f 3726/6075/3726 3727/6077/3727 3739/6096/3739
f 3726/6075/3726 3739/6096/3739 3738/6094/3738
f 3727/6077/3727 3728/6078/3728 3740/6097/3740
f 3727/6077/3727 3740/6097/3740 3739/6096/3739
f 3728/6079/3728 3729/6081/3729 3741/6100/3741
f 3728/6079/3728 3741/6100/3741 3740/6098/3740
f 3729/6080/3729 3730/6082/3730 3742/6101/3742
f 3729/6080/3729 3742/6101/3742 3741/6099/3741
f 3730/6083/3730 3731/6085/3731 3743/6104/3743
f 3730/6083/3730 3743/6104/3743 3742/6102/3742
f 3731/6084/3731 3732/6086/3732 3744/6105/3744
f 3731/6084/3731 3744/6105/3744 3743/6103/3743
f 3732/6086/3732 3721/6069/3721 3733/6087/3733
f 3732/6086/3732 3733/6087/3733 3744/6105/3744
f 3733/6087/3733 3734/6088/3734 3746/6107/3746
f 3733/6087/3733 3746/6107/3746 3745/6106/3745
f 3734/6088/3734 3735/6090/3735 3747/6109/3747
f 3734/6089/3734 3747/6110/3747 3746/6108/3746
f 3735/6091/3735 3736/6092/3736 3748/6111/3748
f 3735/6091/3735 3748/6111/3748 3747/6110/3747
f 3736/6092/3736 3737/6093/3737 3749/6113/3749
f 3736/6092/3736 3749/6113/3749 3748/6111/3748
f 3737/6093/3737 3738/6095/3738 3750/6115/3750
f 3737/6093/3737 3750/6115/3750 3749/6113/3749
f 3738/6094/3738 3739/6096/3739 3751/6116/3751
f 3738/6094/3738 3751/6116/3751 3750/6114/3750
f 3739/6096/3739 3740/6097/3740 3752/6117/3752
f 3739/6096/3739 3752/6117/3752 3751/6116/3751
f 3740/6098/3740 3741/6100/3741 3753/6119/3753
f 3740/6097/3740 3753/6118/3753 3752/6117/3752
f 3741/6099/3741 3742/6101/3742 3754/6120/3754
f 3741/6100/3741 3754/6121/3754 3753/6119/3753
f 3742/6102/3742 3743/6104/3743 3755/6123/3755
f 3742/6102/3742 3755/6123/3755 3754/6121/3754
f 3743/6103/3743 3744/6105/3744 3756/6124/3756
f 3743/6103/3743 3756/6124/3756 3755/6122/3755
f 3744/6105/3744 3733/6087/3733 3745/6106/3745
f 3744/6105/3744 3745/6106/3745 3756/6124/3756
f 3745/6106/3745 3746/6107/3746 3758/6126/3758
f 3745/6106/3745 3758/6126/3758 3757/6125/3757
f 3746/6108/3746 3747/6110/3747 3759/6128/3759
f 3746/6108/3746 3759/6128/3759 3758/6127/3758
f 3747/6110/3747 3748/6111/3748 3760/6129/3760
f 3747/6110/3747 3760/6129/3760 3759/6128/3759
f 3748/6111/3748 3749/6113/3749 3761/6131/3761
f 3748/6111/3748 3761/6131/3761 3760/6129/3760
f 3749/6113/3749 3750/6115/3750 3762/6133/3762
f 3749/6112/3749 3762/6132/3762 3761/6130/3761
f 3750/6114/3750 3751/6116/3751 3763/6134/3763
f 3750/6114/3750 3763/6134/3763 3762/6132/3762
f 3751/6116/3751 3752/6117/3752 3764/6135/3764
f 3751/6116/3751 3764/6135/3764 3763/6134/3763
f 3752/6117/3752 3753/6118/3753 3765/6136/3765
f 3752/6117/3752 3765/6136/3765 3764/6135/3764
f 3753/6119/3753 3754/6121/3754 3766/6139/3766
f 3753/6119/3753 3766/6139/3766 3765/6137/3765
f 3754/6121/3754 3755/6123/3755 3767/6140/3767
f 3754/6121/3754 3767/6140/3767 3766/6139/3766
f 3755/6122/3755 3756/6124/3756 3768/6141/3768
f 3755/6123/3755 3768/6142/3768 3767/6140/3767
f 3756/6124/3756 3745/6106/3745 3757/6125/3757
f 3756/6124/3756 3757/6125/3757 3768/6141/3768
f 3757/6125/3757 3758/6126/3758 3770/6144/3770
f 3757/6125/3757 3770/6144/3770 3769/6143/3769
f 3758/6127/3758 3759/6128/3759 3771/6146/3771
f 3758/6127/3758 3771/6146/3771 3770/6145/3770
f 3759/6128/3759 3760/6129/3760 3772/6147/3772
f 3759/6128/3759 3772/6147/3772 3771/6146/3771
f 3760/6129/3760 3761/6131/3761 3773/6149/3773
f 3760/6129/3760 3773/6149/3773 3772/6147/3772
f 3761/6130/3761 3762/6132/3762 3774/6150/3774
f 3761/6130/3761 3774/6150/3774 3773/6148/3773
f 3762/6132/3762 3763/6134/3763 3775/6151/3775
f 3762/6132/3762 3775/6151/3775 3774/6150/3774
f 3763/6134/3763 3764/6135/3764 3776/6152/3776
f 3763/6134/3763 3776/6152/3776 3775/6151/3775
f 3764/6135/3764 3765/6136/3765 3777/6153/3777
f 3764/6135/3764 3777/6153/3777 3776/6152/3776
f 3765/6137/3765 3766/6139/3766 3778/6156/3778
f 3765/6137/3765 3778/6156/3778 3777/6154/3777
f 3766/6139/3766 3767/6140/3767 3779/6158/3779
f 3766/6138/3766 3779/6157/3779 3778/6155/3778
f 3767/6140/3767 3768/6142/3768 3780/6160/3780
f 3767/6140/3767 3780/6160/3780 3779/6158/3779
f 3768/6141/3768 3757/6125/3757 3769/6143/3769
f 3768/6141/3768 3769/6143/3769 3780/6159/3780
f 3769/6143/3769 3770/6144/3770 3782/6162/3782
f 3769/6143/3769 3782/6162/3782 3781/6161/3781
f 3770/6145/3770 3771/6146/3771 3783/6164/3783
f 3770/6145/3770 3783/6164/3783 3782/6163/3782
f 3771/6146/3771 3772/6147/3772 3784/6165/3784
f 3771/6146/3771 3784/6165/3784 3783/6164/3783
f 3772/6147/3772 3773/6149/3773 3785/6167/3785
f 3772/6147/3772 3785/6167/3785 3784/6165/3784
f 3773/6148/3773 3774/6150/3774 3786/6168/3786
f 3773/6148/3773 3786/6168/3786 3785/6166/3785
f 3774/6150/3774 3775/6151/3775 3787/6169/3787
f 3774/6150/3774 3787/6169/3787 3786/6168/3786
f 3775/6151/3775 3776/6152/3776 3788/6170/3788
f 3775/6151/3775 3788/6170/3788 3787/6169/3787
f 3776/6152/3776 3777/6153/3777 3789/6171/3789
f 3776/6152/3776 3789/6171/3789 3788/6170/3788
f 3777/6154/3777 3778/6156/3778 3790/6174/3790
f 3777/6154/3777 3790/6174/3790 3789/6172/3789
f 3778/6155/3778 3779/6157/3779 3791/6175/3791
f 3778/6155/3778 3791/6175/3791 3790/6173/3790
f 3779/6158/3779 3780/6160/3780 3792/6178/3792
f 3779/6158/3779 3792/6178/3792 3791/6176/3791
f 3780/6159/3780 3769/6143/3769 3781/6161/3781
f 3780/6159/3780 3781/6161/3781 3792/6177/3792
f 3781/6161/3781 3782/6162/3782 3794/6180/3794
f 3781/6161/3781 3794/6180/3794 3793/6179/3793
f 3782/6163/3782 3783/6164/3783 3795/6182/3795
f 3782/6163/3782 3795/6182/3795 3794/6181/3794
f 3783/6164/3783 3784/6165/3784 3796/6183/3796
f 3783/6164/3783 3796/6183/3796 3795/6182/3795
f 3784/6165/3784 3785/6167/3785 3797/6185/3797
f 3784/6165/3784 3797/6185/3797 3796/6183/3796
f 3785/6166/3785 3786/6168/3786 3798/6186/3798
f 3785/6166/3785 3798/6186/3798 3797/6184/3797
f 3786/6168/3786 3787/6169/3787 3799/6187/3799
f 3786/6168/3786 3799/6187/3799 3798/6186/3798
f 3787/6169/3787 3788/6170/3788 3800/6188/3800
f 3787/6169/3787 3800/6188/3800 3799/6187/3799
f 3788/6170/3788 3789/6171/3789 3801/6189/3801
f 3788/6170/3788 3801/6189/3801 3800/6188/3800
f 3789/6172/3789 3790/6174/3790 3802/6192/3802
f 3789/6172/3789 3802/6192/3802 3801/6190/3801
f 3790/6173/3790 3791/6175/3791 3803/6193/3803
f 3790/6173/3790 3803/6193/3803 3802/6191/3802
f 3791/6176/3791 3792/6178/3792 3804/6196/3804
f 3791/6176/3791 3804/6196/3804 3803/6194/3803
f 3792/6177/3792 3781/6161/3781 3793/6179/3793
f 3792/6177/3792 3793/6179/3793 3804/6195/3804
f 3793/6179/3793 3794/6180/3794 3806/6199/3806
f 3793/6179/3793 3806/6199/3806 3805/6197/3805
f 3794/6181/3794 3795/6182/3795 3807/6202/3807
f 3794/6181/3794 3807/6202/3807 3806/6200/3806
f 3795/6182/3795 3796/6183/3796 3808/6203/3808
f 3795/6182/3795 3808/6203/3808 3807/6202/3807
f 3796/6183/3796 3797/6185/3797 3809/6205/3809
f 3796/6183/3796 3809/6205/3809 3808/6203/3808
f 3797/6184/3797 3798/6186/3798 3810/6206/3810
f 3797/6184/3797 3810/6206/3810 3809/6204/3809
f 3798/6186/3798 3799/6187/3799 3811/6207/3811
f 3798/6186/3798 3811/6207/3811 3810/6206/3810
f 3799/6187/3799 3800/6188/3800 3812/6208/3812
f 3799/6187/3799 3812/6208/3812 3811/6207/3811
f 3800/6188/3800 3801/6189/3801 3813/6210/3813
f 3800/6188/3800 3813/6210/3813 3812/6208/3812
f 3801/6190/3801 3802/6192/3802 3814/6213/3814
f 3801/6190/3801 3814/6213/3814 3813/6211/3813
f 3802/6191/3802 3803/6193/3803 3815/6215/3815
f 3802/6192/3802 3815/6216/3815 3814/6213/3814
f 3803/6194/3803 3804/6196/3804 3816/6219/3816
f 3803/6194/3803 3816/6219/3816 3815/6216/3815
f 3804/6195/3804 3793/6179/3793 3805/6197/3805
f 3804/6195/3804 3805/6197/3805 3816/6218/3816
f 3805/6198/3805 3806/6201/3806 3818/6224/3818
f 3805/6198/3805 3818/6224/3818 3817/6222/3817
f 3806/6200/3806 3807/6202/3807 3819/6226/3819
f 3806/6201/3806 3819/6227/3819 3818/6224/3818
f 3807/6202/3807 3808/6203/3808 3820/6228/3820
f 3807/6202/3807 3820/6228/3820 3819/6226/3819
f 3808/6203/3808 3809/6205/3809 3821/6230/3821
f 3808/6203/3808 3821/6230/3821 3820/6228/3820
f 3809/6204/3809 3810/6206/3810 3822/6231/3822
f 3809/6204/3809 3822/6231/3822 3821/6229/3821
f 3810/6206/3810 3811/6207/3811 3823/6232/3823
f 3810/6206/3810 3823/6232/3823 3822/6231/3822
f 3811/6207/3811 3812/6208/3812 3824/6233/3824
f 3811/6207/3811 3824/6233/3824 3823/6232/3823
f 3812/6209/3812 3813/6212/3813 3825/6237/3825
f 3812/6209/3812 3825/6237/3825 3824/6235/3824
f 3813/6212/3813 3814/6214/3814 3826/6239/3826
f 3813/6212/3813 3826/6239/3826 3825/6237/3825
f 3814/6214/3814 3815/6217/3815 3827/6241/3827
f 3814/6214/3814 3827/6241/3827 3826/6239/3826
f 3815/6216/3815 3816/6219/3816 3828/6243/3828
f 3815/6216/3815 3828/6243/3828 3827/6240/3827
f 3816/6220/3816 3805/6198/3805 3817/6222/3817
f 3816/6218/3816 3817/6221/3817 3828/6242/3828
f 3817/6221/3817 3818/6223/3818 3830/6245/3830
f 3817/6221/3817 3830/6245/3830 3829/6244/3829
f 3818/6223/3818 3819/6225/3819 3831/6246/3831
f 3818/6223/3818 3831/6246/3831 3830/6245/3830
f 3819/6226/3819 3820/6228/3820 3832/6248/3832
f 3819/6226/3819 3832/6248/3832 3831/6247/3831
f 3820/6228/3820 3821/6230/3821 3833/6250/3833
f 3820/6228/3820 3833/6250/3833 3832/6248/3832
f 3821/6229/3821 3822/6231/3822 3834/6251/3834
f 3821/6229/3821 3834/6251/3834 3833/6249/3833
f 3822/6231/3822 3823/6232/3823 3835/6252/3835
f 3822/6231/3822 3835/6252/3835 3834/6251/3834
f 3823/6232/3823 3824/6233/3824 3836/6253/3836
f 3823/6232/3823 3836/6253/3836 3835/6252/3835
f 3824/6234/3824 3825/6236/3825 3837/6255/3837
f 3824/6234/3824 3837/6255/3837 3836/6254/3836
f 3825/6236/3825 3826/6238/3826 3838/6256/3838
f 3825/6236/3825 3838/6256/3838 3837/6255/3837
f 3826/6238/3826 3827/6240/3827 3839/6257/3839
f 3826/6238/3826 3839/6257/3839 3838/6256/3838
f 3827/6240/3827 3828/6243/3828 3840/6259/3840
f 3827/6240/3827 3840/6259/3840 3839/6257/3839
f 3828/6242/3828 3817/6221/3817 3829/6244/3829
f 3828/6242/3828 3829/6244/3829 3840/6258/3840
f 3829/6244/3829 3830/6245/3830 3841/6260/3841
f 3830/6245/3830 3831/6246/3831 3841/6260/3841
f 3831/6247/3831 3832/6248/3832 3841/6261/3841
f 3832/6248/3832 3833/6250/3833 3841/6261/3841
f 3833/6249/3833 3834/6251/3834 3841/6260/3841
f 3834/6251/3834 3835/6252/3835 3841/6260/3841
f 3835/6252/3835 3836/6253/3836 3841/6260/3841
f 3836/6254/3836 3837/6255/3837 3841/6261/3841
f 3837/6255/3837 3838/6256/3838 3841/6261/3841
f 3838/6256/3838 3839/6257/3839 3841/6261/3841
f 3839/6257/3839 3840/6259/3840 3841/6261/3841
f 3840/6258/3840 3829/6244/3829 3841/6260/3841
f 3842/6262/3842 3843/6263/3843 3855/6279/3855
f 3842/6262/3842 3855/6279/3855 3854/6278/3854
f 3843/6263/3843 3844/6264/3844 3856/6280/3856
f 3843/6263/3843 3856/6280/3856 3855/6279/3855
f 3844/6265/3844 3845/6266/3845 3857/6282/3857
f 3844/6265/3844 3857/6282/3857 3856/6281/3856
f 3845/6266/3845 3846/6267/3846 3858/6283/3858
f 3845/6266/3845 3858/6283/3858 3857/6282/3857
f 3846/6267/3846 3847/6269/3847 3859/6285/3859
f 3846/6267/3846 3859/6285/3859 3858/6283/3858
f 3847/6268/3847 3848/6270/3848 3860/6286/3860
f 3847/6268/3847 3860/6286/3860 3859/6284/3859
f 3848/6270/3848 3849/6271/3849 3861/6287/3861
f 3848/6270/3848 3861/6287/3861 3860/6286/3860
f 3849/6272/3849 3850/6273/3850 3862/6289/3862
f 3849/6272/3849 3862/6289/3862 3861/6288/3861
f 3850/6273/3850 3851/6274/3851 3863/6290/3863
f 3850/6273/3850 3863/6290/3863 3862/6289/3862
f 3851/6274/3851 3852/6276/3852 3864/6292/3864
f 3851/6274/3851 3864/6292/3864 3863/6290/3863
f 3852/6275/3852 3853/6277/3853 3865/6293/3865
f 3852/6275/3852 3865/6293/3865 3864/6291/3864
f 3853/6277/3853 3842/6262/3842 3854/6278/3854
f 3853/6277/3853 3854/6278/3854 3865/6293/3865
f 3854/6278/3854 3855/6279/3855 3867/6295/3867
f 3854/6278/3854 3867/6295/3867 3866/6294/3866
f 3855/6279/3855 3856/6280/3856 3868/6297/3868
f 3855/6279/3855 3868/6297/3868 3867/6295/3867
f 3856/6281/3856 3857/6282/3857 3869/6299/3869
f 3856/6281/3856 3869/6299/3869 3868/6298/3868
f 3857/6282/3857 3858/6283/3858 3870/6300/3870
f 3857/6282/3857 3870/6300/3870 3869/6299/3869
f 3858/6283/3858 3859/6285/3859 3871/6302/3871
f 3858/6283/3858 3871/6302/3871 3870/6300/3870
f 3859/6284/3859 3860/6286/3860 3872/6303/3872
f 3859/6284/3859 3872/6303/3872 3871/6301/3871
f 3860/6286/3860 3861/6287/3861 3873/6304/3873
f 3860/6286/3860 3873/6304/3873 3872/6303/3872
f 3861/6288/3861 3862/6289/3862 3874/6306/3874
f 3861/6288/3861 3874/6306/3874 3873/6305/3873
f 3862/6289/3862 3863/6290/3863 3875/6307/3875
f 3862/6289/3862 3875/6307/3875 3874/6306/3874
f 3863/6290/3863 3864/6292/3864 3876/6309/3876
f 3863/6290/3863 3876/6309/3876 3875/6307/3875
f 3864/6291/3864 3865/6293/3865 3877/6310/3877
f 3864/6291/3864 3877/6310/3877 3876/6308/3876
f 3865/6293/3865 3854/6278/3854 3866/6294/3866
f 3865/6293/3865 3866/6294/3866 3877/6310/3877
f 3866/6294/3866 3867/6295/3867 3879/6314/3879
f 3866/6294/3866 3879/6314/3879 3878/6312/3878
f 3867/6295/3867 3868/6297/3868 3880/6316/3880
f 3867/6296/3867 3880/6317/3880 3879/6315/3879
f 3868/6298/3868 3869/6299/3869 3881/6318/3881
f 3868/6298/3868 3881/6318/3881 3880/6317/3880
f 3869/6299/3869 3870/6300/3870 3882/6319/3882
f 3869/6299/3869 3882/6319/3882 3881/6318/3881
f 3870/6300/3870 3871/6302/3871 3883/6321/3883
f 3870/6300/3870 3883/6321/3883 3882/6319/3882
f 3871/6301/3871 3872/6303/3872 3884/6322/3884
f 3871/6301/3871 3884/6322/3884 3883/6320/3883
f 3872/6303/3872 3873/6304/3873 3885/6323/3885
f 3872/6303/3872 3885/6323/3885 3884/6322/3884
f 3873/6305/3873 3874/6306/3874 3886/6325/3886
f 3873/6304/3873 3886/6324/3886 3885/6323/3885
f 3874/6306/3874 3875/6307/3875 3887/6326/3887
f 3874/6306/3874 3887/6326/3887 3886/6325/3886
f 3875/6307/3875 3876/6309/3876 3888/6328/3888
f 3875/6307/3875 3888/6328/3888 3887/6326/3887
f 3876/6308/3876 3877/6310/3877 3889/6329/3889
f 3876/6308/3876 3889/6329/3889 3888/6327/3888
f 3877/6310/3877 3866/6294/3866 3878/6312/3878
f 3877/6311/3877 3878/6313/3878 3889/6330/3889
f 3878/6312/3878 3879/6314/3879 3891/6333/3891
f 3878/6312/3878 3891/6333/3891 3890/6331/3890
f 3879/6315/3879 3880/6317/3880 3892/6335/3892
f 3879/6315/3879 3892/6335/3892 3891/6334/3891
f 3880/6317/3880 3881/6318/3881 3893/6336/3893
f 3880/6317/3880 3893/6336/3893 3892/6335/3892
f 3881/6318/3881 3882/6319/3882 3894/6337/3894
f 3881/6318/3881 3894/6337/3894 3893/6336/3893
f 3882/6319/3882 3883/6321/3883 3895/6339/3895
f 3882/6319/3882 3895/6339/3895 3894/6337/3894
f 3883/6320/3883 3884/6322/3884 3896/6340/3896
f 3883/6320/3883 3896/6340/3896 3895/6338/3895
f 3884/6322/3884 3885/6323/3885 3897/6341/3897
f 3884/6322/3884 3897/6341/3897 3896/6340/3896
f 3885/6323/3885 3886/6324/3886 3898/6342/3898
f 3885/6323/3885 3898/6342/3898 3897/6341/3897
f 3886/6325/3886 3887/6326/3887 3899/6344/3899
f 3886/6325/3886 3899/6344/3899 3898/6343/3898
f 3887/6326/3887 3888/6328/3888 3900/6346/3900
f 3887/6326/3887 3900/6346/3900 3899/6344/3899
f 3888/6327/3888 3889/6329/3889 3901/6347/3901
f 3888/6327/3888 3901/6347/3901 3900/6345/3900
f 3889/6330/3889 3878/6313/3878 3890/6332/3890
f 3889/6330/3889 3890/6332/3890 3901/6348/3901
f 3890/6331/3890 3891/6333/3891 3903/6351/3903
f 3890/6331/3890 3903/6351/3903 3902/6349/3902
f 3891/6334/3891 3892/6335/3892 3904/6353/3904
f 3891/6334/3891 3904/6353/3904 3903/6352/3903
f 3892/6335/3892 3893/6336/3893 3905/6354/3905
f 3892/6335/3892 3905/6354/3905 3904/6353/3904
f 3893/6336/3893 3894/6337/3894 3906/6356/3906
f 3893/6336/3893 3906/6356/3906 3905/6354/3905
f 3894/6337/3894 3895/6339/3895 3907/6358/3907
f 3894/6337/3894 3907/6358/3907 3906/6356/3906
f 3895/6338/3895 3896/6340/3896 3908/6359/3908
f 3895/6338/3895 3908/6359/3908 3907/6357/3907
f 3896/6340/3896 3897/6341/3897 3909/6360/3909
f 3896/6340/3896 3909/6360/3909 3908/6359/3908
f 3897/6341/3897 3898/6342/3898 3910/6361/3910
f 3897/6341/3897 3910/6361/3910 3909/6360/3909
f 3898/6343/3898 3899/6344/3899 3911/6363/3911
f 3898/6343/3898 3911/6363/3911 3910/6362/3910
f 3899/6344/3899 3900/6346/3900 3912/6365/3912
f 3899/6344/3899 3912/6365/3912 3911/6363/3911
f 3900/6345/3900 3901/6347/3901 3913/6366/3913
f 3900/6345/3900 3913/6366/3913 3912/6364/3912
f 3901/6348/3901 3890/6332/3890 3902/6350/3902
f 3901/6348/3901 3902/6350/3902 3913/6367/3913
f 3902/6349/3902 3903/6351/3903 3915/6370/3915
f 3902/6349/3902 3915/6370/3915 3914/6368/3914
f 3903/6352/3903 3904/6353/3904 3916/6372/3916
f 3903/6352/3903 3916/6372/3916 3915/6371/3915
f 3904/6353/3904 3905/6354/3905 3917/6373/3917
f 3904/6353/3904 3917/6373/3917 3916/6372/3916
f 3905/6354/3905 3906/6356/3906 3918/6375/3918
f 3905/6354/3905 3918/6375/3918 3917/6373/3917
f 3906/6356/3906 3907/6358/3907 3919/6377/3919
f 3906/6355/3906 3919/6376/3919 3918/6374/3918
f 3907/6357/3907 3908/6359/3908 3920/6378/3920
f 3907/6357/3907 3920/6378/3920 3919/6376/3919
f 3908/6359/3908 3909/6360/3909 3921/6379/3921
f 3908/6359/3908 3921/6379/3921 3920/6378/3920
f 3909/6360/3909 3910/6361/3910 3922/6381/3922
f 3909/6360/3909 3922/6381/3922 3921/6379/3921
f 3910/6362/3910 3911/6363/3911 3923/6383/3923
f 3910/6362/3910 3923/6383/3923 3922/6382/3922
f 3911/6363/3911 3912/6365/3912 3924/6384/3924
f 3911/6363/3911 3924/6384/3924 3923/6383/3923
f 3912/6364/3912 3913/6366/3913 3925/6385/3925
f 3912/6365/3912 3925/6386/3925 3924/6384/3924
f 3913/6367/3913 3902/6350/3902 3914/6369/3914
f 3913/6366/3913 3914/6368/3914 3925/6385/3925
f 3914/6368/3914 3915/6370/3915 3927/6389/3927
f 3914/6369/3914 3927/6390/3927 3926/6388/3926
f 3915/6371/3915 3916/6372/3916 3928/6392/3928
f 3915/6370/3915 3928/6391/3928 3927/6389/3927
f 3916/6372/3916 3917/6373/3917 3929/6393/3929
f 3916/6372/3916 3929/6393/3929 3928/6392/3928
f 3917/6373/3917 3918/6375/3918 3930/6395/3930
f 3917/6373/3917 3930/6395/3930 3929/6393/3929
f 3918/6374/3918 3919/6376/3919 3931/6396/3931
f 3918/6374/3918 3931/6396/3931 3930/6394/3930
f 3919/6376/3919 3920/6378/3920 3932/6397/3932
f 3919/6376/3919 3932/6397/3932 3931/6396/3931
f 3920/6378/3920 3921/6379/3921 3933/6398/3933
f 3920/6378/3920 3933/6398/3933 3932/6397/3932
f 3921/6379/3921 3922/6381/3922 3934/6401/3934
f 3921/6380/3921 3934/6402/3934 3933/6399/3933
f 3922/6382/3922 3923/6383/3923 3935/6404/3935
f 3922/6382/3922 3935/6404/3935 3934/6402/3934
f 3923/6383/3923 3924/6384/3924 3936/6405/3936
f 3923/6383/3923 3936/6405/3936 3935/6404/3935
f 3924/6384/3924 3925/6386/3925 3937/6407/3937
f 3924/6384/3924 3937/6407/3937 3936/6405/3936
f 3925/6385/3925 3914/6368/3914 3926/6387/3926
f 3925/6385/3925 3926/6387/3926 3937/6406/3937
f 3926/6388/3926 3927/6390/3927 3939/6411/3939
f 3926/6388/3926 3939/6411/3939 3938/6409/3938
f 3927/6389/3927 3928/6391/3928 3940/6412/3940
f 3927/6389/3927 3940/6412/3940 3939/6410/3939
f 3928/6392/3928 3929/6393/3929 3941/6414/3941
f 3928/6392/3928 3941/6414/3941 3940/6413/3940
f 3929/6393/3929 3930/6395/3930 3942/6416/3942
f 3929/6393/3929 3942/6416/3942 3941/6414/3941
f 3930/6394/3930 3931/6396/3931 3943/6417/3943
f 3930/6394/3930 3943/6417/3943 3942/6415/3942
f 3931/6396/3931 3932/6397/3932 3944/6418/3944
f 3931/6396/3931 3944/6418/3944 3943/6417/3943
f 3932/6397/3932 3933/6398/3933 3945/6419/3945
f 3932/6397/3932 3945/6419/3945 3944/6418/3944
f 3933/6400/3933 3934/6403/3934 3946/6422/3946
f 3933/6399/3933 3946/6421/3946 3945/6420/3945
f 3934/6402/3934 3935/6404/3935 3947/6423/3947
f 3934/6402/3934 3947/6423/3947 3946/6421/3946
f 3935/6404/3935 3936/6405/3936 3948/6424/3948
f 3935/6404/3935 3948/6424/3948 3947/6423/3947
f 3936/6405/3936 3937/6407/3937 3949/6426/3949
f 3936/6405/3936 3949/6426/3949 3948/6424/3948
f 3937/6406/3937 3926/6387/3926 3938/6408/3938
f 3937/6406/3937 3938/6408/3938 3949/6425/3949
f 3938/6409/3938 3939/6411/3939 3951/6430/3951
f 3938/6409/3938 3951/6430/3951 3950/6428/3950
f 3939/6410/3939 3940/6412/3940 3952/6431/3952
f 3939/6410/3939 3952/6431/3952 3951/6429/3951
f 3940/6413/3940 3941/6414/3941 3953/6433/3953
f 3940/6413/3940 3953/6433/3953 3952/6432/3952
f 3941/6414/3941 3942/6416/3942 3954/6435/3954
f 3941/6414/3941 3954/6435/3954 3953/6433/3953
f 3942/6415/3942 3943/6417/3943 3955/6436/3955
f 3942/6415/3942 3955/6436/3955 3954/6434/3954
f 3943/6417/3943 3944/6418/3944 3956/6437/3956
f 3943/6417/3943 3956/6437/3956 3955/6436/3955
f 3944/6418/3944 3945/6419/3945 3957/6438/3957
f 3944/6418/3944 3957/6438/3957 3956/6437/3956
f 3945/6420/3945 3946/6421/3946 3958/6440/3958
f 3945/6420/3945 3958/6440/3958 3957/6439/3957
f 3946/6421/3946 3947/6423/3947 3959/6441/3959
f 3946/6421/3946 3959/6441/3959 3958/6440/3958
f 3947/6423/3947 3948/6424/3948 3960/6442/3960
f 3947/6423/3947 3960/6442/3960 3959/6441/3959
f 3948/6424/3948 3949/6426/3949 3961/6444/3961
f 3948/6424/3948 3961/6444/3961 3960/6442/3960
f 3949/6425/3949 3938/6408/3938 3950/6427/3950
f 3949/6425/3949 3950/6427/3950 3961/6443/3961
f 3950/6428/3950 3951/6430/3951 3962/6446/3962
f 3951/6429/3951 3952/6431/3952 3962/6445/3962
f 3952/6432/3952 3953/6433/3953 3962/6446/3962
f 3953/6433/3953 3954/6435/3954 3962/6446/3962
f 3954/6434/3954 3955/6436/3955 3962/6445/3962
f 3955/6436/3955 3956/6437/3956 3962/6445/3962
f 3956/6437/3956 3957/6438/3957 3962/6445/3962
f 3957/6439/3957 3958/6440/3958 3962/6446/3962
f 3958/6440/3958 3959/6441/3959 3962/6446/3962
f 3959/6441/3959 3960/6442/3960 3962/6446/3962
f 3960/6442/3960 3961/6444/3961 3962/6446/3962
f 3961/6443/3961 3950/6427/3950 3962/6445/3962
f 3963/6447/3963 3964/6449/3964 3976/6466/3976
f 3963/6448/3963 3976/6467/3976 3975/6465/3975
f 3964/6449/3964 3965/6450/3965 3977/6468/3977
f 3964/6449/3964 3977/6468/3977 3976/6466/3976
f 3965/6451/3965 3966/6452/3966 3978/6470/3978
f 3965/6451/3965 3978/6470/3978 3977/6469/3977
f 3966/6452/3966 3967/6454/3967 3979/6472/3979
f 3966/6452/3966 3979/6472/3979 3978/6470/3978
f 3967/6453/3967 3968/6455/3968 3980/6473/3980
f 3967/6453/3967 3980/6473/3980 3979/6471/3979
f 3968/6455/3968 3969/6456/3969 3981/6474/3981
f 3968/6455/3968 3981/6474/3981 3980/6473/3980
f 3969/6456/3969 3970/6457/3970 3982/6475/3982
f 3969/6456/3969 3982/6475/3982 3981/6474/3981
f 3970/6458/3970 3971/6459/3971 3983/6477/3983
f 3970/6458/3970 3983/6477/3983 3982/6476/3982
f 3971/6459/3971 3972/6460/3972 3984/6478/3984
f 3971/6459/3971 3984/6478/3984 3983/6477/3983
f 3972/6460/3972 3973/6461/3973 3985/6479/3985
f 3972/6460/3972 3985/6479/3985 3984/6478/3984
f 3973/6461/3973 3974/6463/3974 3986/6481/3986
f 3973/6461/3973 3986/6481/3986 3985/6479/3985
f 3974/6462/3974 3963/6447/3963 3975/6464/3975
f 3974/6462/3974 3975/6464/3975 3986/6480/3986
f 3975/6465/3975 3976/6467/3976 3988/6485/3988
f 3975/6465/3975 3988/6485/3988 3987/6483/3987
f 3976/6466/3976 3977/6468/3977 3989/6486/3989
f 3976/6466/3976 3989/6486/3989 3988/6484/3988
f 3977/6469/3977 3978/6470/3978 3990/6488/3990
f 3977/6469/3977 3990/6488/3990 3989/6487/3989
f 3978/6470/3978 3979/6472/3979 3991/6490/3991
f 3978/6470/3978 3991/6490/3991 3990/6488/3990
f 3979/6471/3979 3980/6473/3980 3992/6491/3992
f 3979/6471/3979 3992/6491/3992 3991/6489/3991
f 3980/6473/3980 3981/6474/3981 3993/6492/3993
f 3980/6473/3980 3993/6492/3993 3992/6491/3992
f 3981/6474/3981 3982/6475/3982 3994/6493/3994
f 3981/6474/3981 3994/6493/3994 3993/6492/3993
f 3982/6476/3982 3983/6477/3983 3995/6495/3995
f 3982/6476/3982 3995/6495/3995 3994/6494/3994
f 3983/6477/3983 3984/6478/3984 3996/6496/3996
f 3983/6477/3983 3996/6496/3996 3995/6495/3995
f 3984/6478/3984 3985/6479/3985 3997/6497/3997
f 3984/6478/3984 3997/6497/3997 3996/6496/3996
f 3985/6479/3985 3986/6481/3986 3998/6499/3998
f 3985/6479/3985 3998/6499/3998 3997/6497/3997
f 3986/6480/3986 3975/6464/3975 3987/6482/3987
f 3986/6480/3986 3987/6482/3987 3998/6498/3998
f 3987/6483/3987 3988/6485/3988 4000/6503/4000
f 3987/6483/3987 4000/6503/4000 3999/6501/3999
f 3988/6484/3988 3989/6486/3989 4001/6504/4001
f 3988/6484/3988 4001/6504/4001 4000/6502/4000
f 3989/6487/3989 3990/6488/3990 4002/6506/4002
f 3989/6487/3989 4002/6506/4002 4001/6505/4001
f 3990/6488/3990 3991/6490/3991 4003/6508/4003
f 3990/6488/3990 4003/6508/4003 4002/6506/4002
f 3991/6489/3991 3992/6491/3992 4004/6509/4004
f 3991/6489/3991 4004/6509/4004 4003/6507/4003
f 3992/6491/3992 3993/6492/3993 4005/6510/4005
f 3992/6491/3992 4005/6510/4005 4004/6509/4004
f 3993/6492/3993 3994/6493/3994 4006/6511/4006
f 3993/6492/3993 4006/6511/4006 4005/6510/4005
f 3994/6494/3994 3995/6495/3995 4007/6513/4007
f 3994/6494/3994 4007/6513/4007 4006/6512/4006
f 3995/6495/3995 3996/6496/3996 4008/6514/4008
f 3995/6495/3995 4008/6514/4008 4007/6513/4007
f 3996/6496/3996 3997/6497/3997 4009/6515/4009
f 3996/6496/3996 4009/6515/4009 4008/6514/4008
f 3997/6497/3997 3998/6499/3998 4010/6517/4010
f 3997/6497/3997 4010/6517/4010 4009/6515/4009
f 3998/6498/3998 3987/6482/3987 3999/6500/3999
f 3998/6498/3998 3999/6500/3999 4010/6516/4010
f 3999/6501/3999 4000/6503/4000 4012/6520/4012
f 3999/6500/3999 4012/6519/4012 4011/6518/4011
f 4000/6502/4000 4001/6504/4001 4013/6521/4013
f 4000/6502/4000 4013/6521/4013 4012/6519/4012
f 4001/6505/4001 4002/6506/4002 4014/6523/4014
f 4001/6505/4001 4014/6523/4014 4013/6522/4013
f 4002/6506/4002 4003/6508/4003 4015/6525/4015
f 4002/6506/4002 4015/6525/4015 4014/6523/4014
f 4003/6507/4003 4004/6509/4004 4016/6526/4016
f 4003/6507/4003 4016/6526/4016 4015/6524/4015
f 4004/6509/4004 4005/6510/4005 4017/6527/4017
f 4004/6509/4004 4017/6527/4017 4016/6526/4016
f 4005/6510/4005 4006/6511/4006 4018/6528/4018
f 4005/6510/4005 4018/6528/4018 4017/6527/4017
f 4006/6512/4006 4007/6513/4007 4019/6530/4019
f 4006/6512/4006 4019/6530/4019 4018/6529/4018
f 4007/6513/4007 4008/6514/4008 4020/6531/4020
f 4007/6513/4007 4020/6531/4020 4019/6530/4019
f 4008/6514/4008 4009/6515/4009 4021/6533/4021
f 4008/6514/4008 4021/6533/4021 4020/6531/4020
f 4009/6515/4009 4010/6517/4010 4022/6535/4022
f 4009/6515/4009 4022/6535/4022 4021/6533/4021
f 4010/6516/4010 3999/6500/3999 4011/6518/4011
f 4010/6516/4010 4011/6518/4011 4022/6534/4022
f 4011/6518/4011 4012/6519/4012 4024/6537/4024
f 4011/6518/4011 4024/6537/4024 4023/6536/4023
f 4012/6519/4012 4013/6521/4013 4025/6538/4025
f 4012/6519/4012 4025/6538/4025 4024/6537/4024
f 4013/6522/4013 4014/6523/4014 4026/6540/4026
f 4013/6522/4013 4026/6540/4026 4025/6539/4025
f 4014/6523/4014 4015/6525/4015 4027/6541/4027
f 4014/6523/4014 4027/6541/4027 4026/6540/4026
f 4015/6524/4015 4016/6526/4016 4028/6542/4028
f 4015/6525/4015 4028/6543/4028 4027/6541/4027
f 4016/6526/4016 4017/6527/4017 4029/6544/4029
f 4016/6526/4016 4029/6544/4029 4028/6542/4028
f 4017/6527/4017 4018/6528/4018 4030/6545/4030
f 4017/6527/4017 4030/6545/4030 4029/6544/4029
f 4018/6529/4018 4019/6530/4019 4031/6547/4031
f 4018/6529/4018 4031/6547/4031 4030/6546/4030
f 4019/6530/4019 4020/6531/4020 4032/6548/4032
f 4019/6530/4019 4032/6548/4032 4031/6547/4031
f 4020/6531/4020 4021/6533/4021 4033/6550/4033
f 4020/6531/4020 4033/6550/4033 4032/6548/4032
f 4021/6533/4021 4022/6535/4022 4034/6552/4034
f 4021/6532/4021 4034/6551/4034 4033/6549/4033
f 4022/6534/4022 4011/6518/4011 4023/6536/4023
f 4022/6534/4022 4023/6536/4023 4034/6551/4034
f 4023/6536/4023 4024/6537/4024 4036/6554/4036
f 4023/6536/4023 4036/6554/4036 4035/6553/4035
f 4024/6537/4024 4025/6538/4025 4037/6555/4037
f 4024/6537/4024 4037/6555/4037 4036/6554/4036
f 4025/6539/4025 4026/6540/4026 4038/6557/4038
f 4025/6539/4025 4038/6557/4038 4037/6556/4037
f 4026/6540/4026 4027/6541/4027 4039/6558/4039
f 4026/6540/4026 4039/6558/4039 4038/6557/4038
f 4027/6541/4027 4028/6543/4028 4040/6560/4040
f 4027/6541/4027 4040/6560/4040 4039/6558/4039
f 4028/6542/4028 4029/6544/4029 4041/6561/4041
f 4028/6542/4028 4041/6561/4041 4040/6559/4040
f 4029/6544/4029 4030/6545/4030 4042/6562/4042
f 4029/6544/4029 4042/6562/4042 4041/6561/4041
f 4030/6546/4030 4031/6547/4031 4043/6565/4043
f 4030/6546/4030 4043/6565/4043 4042/6563/4042
f 4031/6547/4031 4032/6548/4032 4044/6566/4044
f 4031/6547/4031 4044/6566/4044 4043/6565/4043
f 4032/6548/4032 4033/6550/4033 4045/6568/4045
f 4032/6548/4032 4045/6568/4045 4044/6566/4044
f 4033/6549/4033 4034/6551/4034 4046/6569/4046
f 4033/6549/4033 4046/6569/4046 4045/6567/4045
f 4034/6551/4034 4023/6536/4023 4035/6553/4035
f 4034/6551/4034 4035/6553/4035 4046/6569/4046
f 4035/6553/4035 4036/6554/4036 4048/6571/4048
f 4035/6553/4035 4048/6571/4048 4047/6570/4047
f 4036/6554/4036 4037/6555/4037 4049/6572/4049
f 4036/6554/4036 4049/6572/4049 4048/6571/4048
f 4037/6556/4037 4038/6557/4038 4050/6574/4050
f 4037/6556/4037 4050/6574/4050 4049/6573/4049
f 4038/6557/4038 4039/6558/4039 4051/6575/4051
f 4038/6557/4038 4051/6575/4051 4050/6574/4050
f 4039/6558/4039 4040/6560/4040 4052/6577/4052
f 4039/6558/4039 4052/6577/4052 4051/6575/4051
f 4040/6559/4040 4041/6561/4041 4053/6578/4053
f 4040/6559/4040 4053/6578/4053 4052/6576/4052
f 4041/6561/4041 4042/6562/4042 4054/6579/4054
f 4041/6561/4041 4054/6579/4054 4053/6578/4053
f 4042/6563/4042 4043/6565/4043 4055/6582/4055
f 4042/6563/4042 4055/6582/4055 4054/6580/4054
f 4043/6565/4043 4044/6566/4044 4056/6584/4056
f 4043/6564/4043 4056/6583/4056 4055/6581/4055
f 4044/6566/4044 4045/6568/4045 4057/6586/4057
f 4044/6566/4044 4057/6586/4057 4056/6584/4056
f 4045/6567/4045 4046/6569/4046 4058/6587/4058
f 4045/6567/4045 4058/6587/4058 4057/6585/4057
f 4046/6569/4046 4035/6553/4035 4047/6570/4047
f 4046/6569/4046 4047/6570/4047 4058/6587/4058
f 4047/6570/4047 4048/6571/4048 4060/6589/4060
f 4047/6570/4047 4060/6589/4060 4059/6588/4059
f 4048/6571/4048 4049/6572/4049 4061/6590/4061
f 4048/6571/4048 4061/6590/4061 4060/6589/4060
f 4049/6573/4049 4050/6574/4050 4062/6592/4062
f 4049/6573/4049 4062/6592/4062 4061/6591/4061
f 4050/6574/4050 4051/6575/4051 4063/6593/4063
f 4050/6574/4050 4063/6593/4063 4062/6592/4062
f 4051/6575/4051 4052/6577/4052 4064/6595/4064
f 4051/6575/4051 4064/6595/4064 4063/6593/4063
f 4052/6576/4052 4053/6578/4053 4065/6596/4065
f 4052/6576/4052 4065/6596/4065 4064/6594/4064
f 4053/6578/4053 4054/6579/4054 4066/6597/4066
f 4053/6578/4053 4066/6597/4066 4065/6596/4065
f 4054/6580/4054 4055/6582/4055 4067/6600/4067
f 4054/6580/4054 4067/6600/4067 4066/6598/4066
f 4055/6581/4055 4056/6583/4056 4068/6601/4068
f 4055/6581/4055 4068/6601/4068 4067/6599/4067
f 4056/6584/4056 4057/6586/4057 4069/6604/4069
f 4056/6584/4056 4069/6604/4069 4068/6602/4068
f 4057/6585/4057 4058/6587/4058 4070/6605/4070
f 4057/6585/4057 4070/6605/4070 4069/6603/4069
f 4058/6587/4058 4047/6570/4047 4059/6588/4059
f 4058/6587/4058 4059/6588/4059 4070/6605/4070
f 4059/6588/4059 4060/6589/4060 4072/6607/4072
f 4059/6588/4059 4072/6607/4072 4071/6606/4071
f 4060/6589/4060 4061/6590/4061 4073/6608/4073
f 4060/6589/4060 4073/6608/4073 4072/6607/4072
f 4061/6591/4061 4062/6592/4062 4074/6610/4074
f 4061/6591/4061 4074/6610/4074 4073/6609/4073
f 4062/6592/4062 4063/6593/4063 4075/6611/4075
f 4062/6592/4062 4075/6611/4075 4074/6610/4074
f 4063/6593/4063 4064/6595/4064 4076/6613/4076
f 4063/6593/4063 4076/6613/4076 4075/6611/4075
f 4064/6594/4064 4065/6596/4065 4077/6614/4077
f 4064/6594/4064 4077/6614/4077 4076/6612/4076
f 4065/6596/4065 4066/6597/4066 4078/6615/4078
f 4065/6596/4065 4078/6615/4078 4077/6614/4077
f 4066/6598/4066 4067/6600/4067 4079/6618/4079
f 4066/6598/4066 4079/6618/4079 4078/6616/4078
f 4067/6599/4067 4068/6601/4068 4080/6619/4080
f 4067/6599/4067 4080/6619/4080 4079/6617/4079
f 4068/6602/4068 4069/6604/4069 4081/6622/4081
f 4068/6602/4068 4081/6622/4081 4080/6620/4080
f 4069/6603/4069 4070/6605/4070 4082/6623/4082
f 4069/6603/4069 4082/6623/4082 4081/6621/4081
f 4070/6605/4070 4059/6588/4059 4071/6606/4071
f 4070/6605/4070 4071/6606/4071 4082/6623/4082
f 4071/6606/4071 4072/6607/4072 4083/6624/4083
f 4072/6607/4072 4073/6608/4073 4083/6624/4083
f 4073/6609/4073 4074/6610/4074 4083/6625/4083
f 4074/6610/4074 4075/6611/4075 4083/6625/4083
f 4075/6611/4075 4076/6613/4076 4083/6625/4083
f 4076/6612/4076 4077/6614/4077 4083/6624/4083
f 4077/6614/4077 4078/6615/4078 4083/6624/4083
f 4078/6616/4078 4079/6618/4079 4083/6625/4083
f 4079/6617/4079 4080/6619/4080 4083/6624/4083
f 4080/6620/4080 4081/6622/4081 4083/6625/4083
f 4081/6621/4081 4082/6623/4082 4083/6624/4083
f 4082/6623/4082 4071/6606/4071 4083/6624/4083
f 4084/6626/4084 4085/6627/4085 4097/6646/4097
f 4084/6626/4084 4097/6646/4097 4096/6645/4096
f 4085/6628/4085 4086/6630/4086 4098/6648/4098
f 4085/6627/4085 4098/6647/4098 4097/6646/4097
f 4086/6629/4086 4087/6631/4087 4099/6649/4099
f 4086/6630/4086 4099/6650/4099 4098/6648/4098
f 4087/6632/4087 4088/6634/4088 4100/6652/4100
f 4087/6632/4087 4100/6652/4100 4099/6650/4099
f 4088/6633/4088 4089/6635/4089 4101/6653/4101
f 4088/6633/4088 4101/6653/4101 4100/6651/4100
f 4089/6635/4089 4090/6636/4090 4102/6654/4102
f 4089/6635/4089 4102/6654/4102 4101/6653/4101
f 4090/6636/4090 4091/6637/4091 4103/6655/4103
f 4090/6636/4090 4103/6655/4103 4102/6654/4102
f 4091/6637/4091 4092/6639/4092 4104/6657/4104
f 4091/6638/4091 4104/6658/4104 4103/6656/4103
f 4092/6640/4092 4093/6641/4093 4105/6659/4105
f 4092/6640/4092 4105/6659/4105 4104/6658/4104
f 4093/6641/4093 4094/6642/4094 4106/6661/4106
f 4093/6641/4093 4106/6661/4106 4105/6659/4105
f 4094/6642/4094 4095/6644/4095 4107/6663/4107
f 4094/6642/4094 4107/6663/4107 4106/6661/4106
f 4095/6643/4095 4084/6626/4084 4096/6645/4096
f 4095/6643/4095 4096/6645/4096 4107/6662/4107
f 4096/6645/4096 4097/6646/4097 4109/6665/4109
f 4096/6645/4096 4109/6665/4109 4108/6664/4108
f 4097/6646/4097 4098/6647/4098 4110/6666/4110
f 4097/6646/4097 4110/6666/4110 4109/6665/4109
f 4098/6648/4098 4099/6650/4099 4111/6669/4111
f 4098/6648/4098 4111/6669/4111 4110/6667/4110
f 4099/6650/4099 4100/6652/4100 4112/6670/4112
f 4099/6650/4099 4112/6670/4112 4111/6669/4111
f 4100/6651/4100 4101/6653/4101 4113/6671/4113
f 4100/6652/4100 4113/6672/4113 4112/6670/4112
f 4101/6653/4101 4102/6654/4102 4114/6673/4114
f 4101/6653/4101 4114/6673/4114 4113/6671/4113
f 4102/6654/4102 4103/6655/4103 4115/6674/4115
f 4102/6654/4102 4115/6674/4115 4114/6673/4114
f 4103/6656/4103 4104/6658/4104 4116/6676/4116
f 4103/6656/4103 4116/6676/4116 4115/6675/4115
f 4104/6658/4104 4105/6659/4105 4117/6677/4117
f 4104/6658/4104 4117/6677/4117 4116/6676/4116
f 4105/6659/4105 4106/6661/4106 4118/6679/4118
f 4105/6659/4105 4118/6679/4118 4117/6677/4117
f 4106/6661/4106 4107/6663/4107 4119/6681/4119
f 4106/6660/4106 4119/6680/4119 4118/6678/4118
f 4107/6662/4107 4096/6645/4096 4108/6664/4108
f 4107/6662/4107 4108/6664/4108 4119/6680/4119
f 4108/6664/4108 4109/6665/4109 4121/6683/4121
f 4108/6664/4108 4121/6683/4121 4120/6682/4120
f 4109/6665/4109 4110/6666/4110 4122/6684/4122
f 4109/6665/4109 4122/6684/4122 4121/6683/4121
f 4110/6667/4110 4111/6669/4111 4123/6687/4123
f 4110/6667/4110 4123/6687/4123 4122/6685/4122
f 4111/6669/4111 4112/6670/4112 4124/6689/4124
f 4111/6668/4111 4124/6688/4124 4123/6686/4123
f 4112/6670/4112 4113/6672/4113 4125/6691/4125
f 4112/6670/4112 4125/6691/4125 4124/6689/4124
f 4113/6671/4113 4114/6673/4114 4126/6692/4126
f 4113/6671/4113 4126/6692/4126 4125/6690/4125
f 4114/6673/4114 4115/6674/4115 4127/6693/4127
f 4114/6673/4114 4127/6693/4127 4126/6692/4126
f 4115/6675/4115 4116/6676/4116 4128/6695/4128
f 4115/6675/4115 4128/6695/4128 4127/6694/4127
f 4116/6676/4116 4117/6677/4117 4129/6696/4129
f 4116/6676/4116 4129/6696/4129 4128/6695/4128
f 4117/6677/4117 4118/6679/4118 4130/6698/4130
f 4117/6677/4117 4130/6698/4130 4129/6696/4129
f 4118/6678/4118 4119/6680/4119 4131/6699/4131
f 4118/6678/4118 4131/6699/4131 4130/6697/4130
f 4119/6680/4119 4108/6664/4108 4120/6682/4120
f 4119/6680/4119 4120/6682/4120 4131/6699/4131
f 4120/6682/4120 4121/6683/4121 4133/6701/4133
f 4120/6682/4120 4133/6701/4133 4132/6700/4132
f 4121/6683/4121 4122/6684/4122 4134/6702/4134
f 4121/6683/4121 4134/6702/4134 4133/6701/4133
f 4122/6685/4122 4123/6687/4123 4135/6705/4135
f 4122/6685/4122 4135/6705/4135 4134/6703/4134
f 4123/6686/4123 4124/6688/4124 4136/6706/4136
f 4123/6686/4123 4136/6706/4136 4135/6704/4135
f 4124/6689/4124 4125/6691/4125 4137/6709/4137
f 4124/6689/4124 4137/6709/4137 4136/6707/4136
f 4125/6690/4125 4126/6692/4126 4138/6710/4138
f 4125/6690/4125 4138/6710/4138 4137/6708/4137
f 4126/6692/4126 4127/6693/4127 4139/6711/4139
f 4126/6692/4126 4139/6711/4139 4138/6710/4138
f 4127/6694/4127 4128/6695/4128 4140/6713/4140
f 4127/6694/4127 4140/6713/4140 4139/6712/4139
f 4128/6695/4128 4129/6696/4129 4141/6714/4141
f 4128/6695/4128 4141/6714/4141 4140/6713/4140
f 4129/6696/4129 4130/6698/4130 4142/6716/4142
f 4129/6696/4129 4142/6716/4142 4141/6714/4141
f 4130/6697/4130 4131/6699/4131 4143/6717/4143
f 4130/6697/4130 4143/6717/4143 4142/6715/4142
f 4131/6699/4131 4120/6682/4120 4132/6700/4132
f 4131/6699/4131 4132/6700/4132 4143/6717/4143
f 4132/6700/4132 4133/6701/4133 4145/6719/4145
f 4132/6700/4132 4145/6719/4145 4144/6718/4144
f 4133/6701/4133 4134/6702/4134 4146/6720/4146
f 4133/6701/4133 4146/6720/4146 4145/6719/4145
f 4134/6703/4134 4135/6705/4135 4147/6723/4147
f 4134/6703/4134 4147/6723/4147 4146/6721/4146
f 4135/6704/4135 4136/6706/4136 4148/6724/4148
f 4135/6704/4135 4148/6724/4148 4147/6722/4147
f 4136/6707/4136 4137/6709/4137 4149/6727/4149
f 4136/6707/4136 4149/6727/4149 4148/6725/4148
f 4137/6708/4137 4138/6710/4138 4150/6728/4150
f 4137/6708/4137 4150/6728/4150 4149/6726/4149
f 4138/6710/4138 4139/6711/4139 4151/6729/4151
f 4138/6710/4138 4151/6729/4151 4150/6728/4150
f 4139/6712/4139 4140/6713/4140 4152/6731/4152
f 4139/6712/4139 4152/6731/4152 4151/6730/4151
f 4140/6713/4140 4141/6714/4141 4153/6732/4153
f 4140/6713/4140 4153/6732/4153 4152/6731/4152
f 4141/6714/4141 4142/6716/4142 4154/6734/4154
f 4141/6714/4141 4154/6734/4154 4153/6732/4153
f 4142/6715/4142 4143/6717/4143 4155/6735/4155
f 4142/6715/4142 4155/6735/4155 4154/6733/4154
f 4143/6717/4143 4132/6700/4132 4144/6718/4144
f 4143/6717/4143 4144/6718/4144 4155/6735/4155
f 4144/6718/4144 4145/6719/4145 4157/6737/4157
f 4144/6718/4144 4157/6737/4157 4156/6736/4156
f 4145/6719/4145 4146/6720/4146 4158/6739/4158
f 4145/6719/4145 4158/6739/4158 4157/6737/4157
f 4146/6721/4146 4147/6723/4147 4159/6741/4159
f 4146/6721/4146 4159/6741/4159 4158/6740/4158
f 4147/6722/4147 4148/6724/4148 4160/6742/4160
f 4147/6723/4147 4160/6743/4160 4159/6741/4159
f 4148/6725/4148 4149/6727/4149 4161/6745/4161
f 4148/6725/4148 4161/6745/4161 4160/6743/4160
f 4149/6726/4149 4150/6728/4150 4162/6746/4162
f 4149/6726/4149 4162/6746/4162 4161/6744/4161
f 4150/6728/4150 4151/6729/4151 4163/6747/4163
f 4150/6728/4150 4163/6747/4163 4162/6746/4162
f 4151/6730/4151 4152/6731/4152 4164/6749/4164
f 4151/6730/4151 4164/6749/4164 4163/6748/4163
f 4152/6731/4152 4153/6732/4153 4165/6750/4165
f 4152/6731/4152 4165/6750/4165 4164/6749/4164
f 4153/6732/4153 4154/6734/4154 4166/6752/4166
f 4153/6732/4153 4166/6752/4166 4165/6750/4165
f 4154/6733/4154 4155/6735/4155 4167/6753/4167
f 4154/6733/4154 4167/6753/4167 4166/6751/4166
f 4155/6735/4155 4144/6718/4144 4156/6736/4156
f 4155/6735/4155 4156/6736/4156 4167/6753/4167
f 4156/6736/4156 4157/6737/4157 4169/6755/4169
f 4156/6736/4156 4169/6755/4169 4168/6754/4168
f 4157/6737/4157 4158/6739/4158 4170/6757/4170
f 4157/6738/4157 4170/6758/4170 4169/6756/4169
f 4158/6740/4158 4159/6741/4159 4171/6759/4171
f 4158/6740/4158 4171/6759/4171 4170/6758/4170
f 4159/6741/4159 4160/6743/4160 4172/6760/4172
f 4159/6741/4159 4172/6760/4172 4171/6759/4171
f 4160/6743/4160 4161/6745/4161 4173/6762/4173
f 4160/6743/4160 4173/6762/4173 4172/6760/4172
f 4161/6744/4161 4162/6746/4162 4174/6763/4174
f 4161/6744/4161 4174/6763/4174 4173/6761/4173
f 4162/6746/4162 4163/6747/4163 4175/6764/4175
f 4162/6746/4162 4175/6764/4175 4174/6763/4174
f 4163/6748/4163 4164/6749/4164 4176/6766/4176
f 4163/6747/4163 4176/6765/4176 4175/6764/4175
f 4164/6749/4164 4165/6750/4165 4177/6767/4177
f 4164/6749/4164 4177/6767/4177 4176/6766/4176
f 4165/6750/4165 4166/6752/4166 4178/6769/4178
f 4165/6750/4165 4178/6769/4178 4177/6767/4177
f 4166/6751/4166 4167/6753/4167 4179/6770/4179
f 4166/6751/4166 4179/6770/4179 4178/6768/4178
f 4167/6753/4167 4156/6736/4156 4168/6754/4168
f 4167/6753/4167 4168/6754/4168 4179/6770/4179
f 4168/6754/4168 4169/6755/4169 4181/6772/4181
f 4168/6754/4168 4181/6772/4181 4180/6771/4180
f 4169/6756/4169 4170/6758/4170 4182/6774/4182
f 4169/6756/4169 4182/6774/4182 4181/6773/4181
f 4170/6758/4170 4171/6759/4171 4183/6775/4183
f 4170/6758/4170 4183/6775/4183 4182/6774/4182
f 4171/6759/4171 4172/6760/4172 4184/6776/4184
f 4171/6759/4171 4184/6776/4184 4183/6775/4183
f 4172/6760/4172 4173/6762/4173 4185/6778/4185
f 4172/6760/4172 4185/6778/4185 4184/6776/4184
f 4173/6761/4173 4174/6763/4174 4186/6779/4186
f 4173/6761/4173 4186/6779/4186 4185/6777/4185
f 4174/6763/4174 4175/6764/4175 4187/6780/4187
f 4174/6763/4174 4187/6780/4187 4186/6779/4186
f 4175/6764/4175 4176/6765/4176 4188/6781/4188
f 4175/6764/4175 4188/6781/4188 4187/6780/4187
f 4176/6766/4176 4177/6767/4177 4189/6783/4189
f 4176/6766/4176 4189/6783/4189 4188/6782/4188
f 4177/6767/4177 4178/6769/4178 4190/6785/4190
f 4177/6767/4177 4190/6785/4190 4189/6783/4189
f 4178/6768/4178 4179/6770/4179 4191/6786/4191
f 4178/6768/4178 4191/6786/4191 4190/6784/4190
f 4179/6770/4179 4168/6754/4168 4180/6771/4180
f 4179/6770/4179 4180/6771/4180 4191/6786/4191
f 4180/6771/4180 4181/6772/4181 4193/6788/4193
f 4180/6771/4180 4193/6788/4193 4192/6787/4192
f 4181/6773/4181 4182/6774/4182 4194/6790/4194
f 4181/6773/4181 4194/6790/4194 4193/6789/4193
f 4182/6774/4182 4183/6775/4183 4195/6791/4195
f 4182/6774/4182 4195/6791/4195 4194/6790/4194
f 4183/6775/4183 4184/6776/4184 4196/6792/4196
f 4183/6775/4183 4196/6792/4196 4195/6791/4195
f 4184/6776/4184 4185/6778/4185 4197/6794/4197
f 4184/6776/4184 4197/6794/4197 4196/6792/4196
f 4185/6777/4185 4186/6779/4186 4198/6795/4198
f 4185/6777/4185 4198/6795/4198 4197/6793/4197
f 4186/6779/4186 4187/6780/4187 4199/6796/4199
f 4186/6779/4186 4199/6796/4199 4198/6795/4198
f 4187/6780/4187 4188/6781/4188 4200/6797/4200
f 4187/6780/4187 4200/6797/4200 4199/6796/4199
f 4188/6782/4188 4189/6783/4189 4201/6799/4201
f 4188/6782/4188 4201/6799/4201 4200/6798/4200
f 4189/6783/4189 4190/6785/4190 4202/6801/4202
f 4189/6783/4189 4202/6801/4202 4201/6799/4201
f 4190/6784/4190 4191/6786/4191 4203/6802/4203
f 4190/6784/4190 4203/6802/4203 4202/6800/4202
f 4191/6786/4191 4180/6771/4180 4192/6787/4192
f 4191/6786/4191 4192/6787/4192 4203/6802/4203
f 4192/6787/4192 4193/6788/4193 4204/6803/4204
f 4193/6789/4193 4194/6790/4194 4204/6804/4204
f 4194/6790/4194 4195/6791/4195 4204/6804/4204
f 4195/6791/4195 4196/6792/4196 4204/6804/4204
f 4196/6792/4196 4197/6794/4197 4204/6804/4204
f 4197/6793/4197 4198/6795/4198 4204/6803/4204
f 4198/6795/4198 4199/6796/4199 4204/6803/4204
f 4199/6796/4199 4200/6797/4200 4204/6803/4204
f 4200/6798/4200 4201/6799/4201 4204/6804/4204
f 4201/6799/4201 4202/6801/4202 4204/6804/4204
f 4202/6800/4202 4203/6802/4203 4204/6803/4204
f 4203/6802/4203 4192/6787/4192 4204/6803/4204
f 4205/6805/4205 4206/6806/4206 4218/6822/4218
f 4205/6805/4205 4218/6822/4218 4217/6821/4217
f 4206/6806/4206 4207/6807/4207 4219/6823/4219
f 4206/6806/4206 4219/6823/4219 4218/6822/4218
f 4207/6808/4207 4208/6809/4208 4220/6825/4220
f 4207/6808/4207 4220/6825/4220 4219/6824/4219
f 4208/6809/4208 4209/6810/4209 4221/6826/4221
f 4208/6809/4208 4221/6826/4221 4220/6825/4220
f 4209/6810/4209 4210/6812/4210 4222/6828/4222
f 4209/6810/4209 4222/6828/4222 4221/6826/4221
f 4210/6811/4210 4211/6813/4211 4223/6829/4223
f 4210/6811/4210 4223/6829/4223 4222/6827/4222
f 4211/6813/4211 4212/6814/4212 4224/6830/4224
f 4211/6813/4211 4224/6830/4224 4223/6829/4223
f 4212/6815/4212 4213/6816/4213 4225/6832/4225
f 4212/6815/4212 4225/6832/4225 4224/6831/4224
f 4213/6816/4213 4214/6817/4214 4226/6833/4226
f 4213/6816/4213 4226/6833/4226 4225/6832/4225
f 4214/6817/4214 4215/6819/4215 4227/6835/4227
f 4214/6817/4214 4227/6835/4227 4226/6833/4226
f 4215/6818/4215 4216/6820/4216 4228/6836/4228
f 4215/6818/4215 4228/6836/4228 4227/6834/4227
f 4216/6820/4216 4205/6805/4205 4217/6821/4217
f 4216/6820/4216 4217/6821/4217 4228/6836/4228
f 4217/6821/4217 4218/6822/4218 4230/6838/4230
f 4217/6821/4217 4230/6838/4230 4229/6837/4229
f 4218/6822/4218 4219/6823/4219 4231/6840/4231
f 4218/6822/4218 4231/6840/4231 4230/6838/4230
f 4219/6824/4219 4220/6825/4220 4232/6842/4232
f 4219/6824/4219 4232/6842/4232 4231/6841/4231
f 4220/6825/4220 4221/6826/4221 4233/6843/4233
f 4220/6825/4220 4233/6843/4233 4232/6842/4232
f 4221/6826/4221 4222/6828/4222 4234/6845/4234
f 4221/6826/4221 4234/6845/4234 4233/6843/4233
f 4222/6827/4222 4223/6829/4223 4235/6846/4235
f 4222/6827/4222 4235/6846/4235 4234/6844/4234
f 4223/6829/4223 4224/6830/4224 4236/6847/4236
f 4223/6829/4223 4236/6847/4236 4235/6846/4235
f 4224/6831/4224 4225/6832/4225 4237/6849/4237
f 4224/6831/4224 4237/6849/4237 4236/6848/4236
f 4225/6832/4225 4226/6833/4226 4238/6850/4238
f 4225/6832/4225 4238/6850/4238 4237/6849/4237
f 4226/6833/4226 4227/6835/4227 4239/6852/4239
f 4226/6833/4226 4239/6852/4239 4238/6850/4238
f 4227/6834/4227 4228/6836/4228 4240/6853/4240
f 4227/6834/4227 4240/6853/4240 4239/6851/4239
f 4228/6836/4228 4217/6821/4217 4229/6837/4229
f 4228/6836/4228 4229/6837/4229 4240/6853/4240
f 4229/6837/4229 4230/6838/4230 4242/6857/4242
f 4229/6837/4229 4242/6857/4242 4241/6855/4241
f 4230/6838/4230 4231/6840/4231 4243/6859/4243
f 4230/6839/4230 4243/6860/4243 4242/6858/4242
f 4231/6841/4231 4232/6842/4232 4244/6861/4244
f 4231/6841/4231 4244/6861/4244 4243/6860/4243
f 4232/6842/4232 4233/6843/4233 4245/6862/4245
f 4232/6842/4232 4245/6862/4245 4244/6861/4244
f 4233/6843/4233 4234/6845/4234 4246/6864/4246
f 4233/6843/4233 4246/6864/4246 4245/6862/4245
f 4234/6844/4234 4235/6846/4235 4247/6865/4247
f 4234/6844/4234 4247/6865/4247 4246/6863/4246
f 4235/6846/4235 4236/6847/4236 4248/6866/4248
f 4235/6846/4235 4248/6866/4248 4247/6865/4247
f 4236/6848/4236 4237/6849/4237 4249/6868/4249
f 4236/6847/4236 4249/6867/4249 4248/6866/4248
f 4237/6849/4237 4238/6850/4238 4250/6869/4250
f 4237/6849/4237 4250/6869/4250 4249/6868/4249
f 4238/6850/4238 4239/6852/4239 4251/6871/4251
f 4238/6850/4238 4251/6871/4251 4250/6869/4250
f 4239/6851/4239 4240/6853/4240 4252/6872/4252
f 4239/6851/4239 4252/6872/4252 4251/6870/4251
f 4240/6853/4240 4229/6837/4229 4241/6855/4241
f 4240/6854/4240 4241/6856/4241 4252/6873/4252
f 4241/6855/4241 4242/6857/4242 4254/6876/4254
f 4241/6855/4241 4254/6876/4254 4253/6874/4253
f 4242/6858/4242 4243/6860/4243 4255/6878/4255
f 4242/6858/4242 4255/6878/4255 4254/6877/4254
f 4243/6860/4243 4244/6861/4244 4256/6879/4256
f 4243/6860/4243 4256/6879/4256 4255/6878/4255
f 4244/6861/4244 4245/6862/4245 4257/6880/4257
f 4244/6861/4244 4257/6880/4257 4256/6879/4256
f 4245/6862/4245 4246/6864/4246 4258/6882/4258
f 4245/6862/4245 4258/6882/4258 4257/6880/4257
f 4246/6863/4246 4247/6865/4247 4259/6883/4259
f 4246/6863/4246 4259/6883/4259 4258/6881/4258
f 4247/6865/4247 4248/6866/4248 4260/6884/4260
f 4247/6865/4247 4260/6884/4260 4259/6883/4259
f 4248/6866/4248 4249/6867/4249 4261/6885/4261
f 4248/6866/4248 4261/6885/4261 4260/6884/4260
f 4249/6868/4249 4250/6869/4250 4262/6887/4262
f 4249/6868/4249 4262/6887/4262 4261/6886/4261
f 4250/6869/4250 4251/6871/4251 4263/6889/4263
f 4250/6869/4250 4263/6889/4263 4262/6887/4262
f 4251/6870/4251 4252/6872/4252 4264/6890/4264
f 4251/6870/4251 4264/6890/4264 4263/6888/4263
f 4252/6873/4252 4241/6856/4241 4253/6875/4253
f 4252/6873/4252 4253/6875/4253 4264/6891/4264
f 4253/6874/4253 4254/6876/4254 4266/6894/4266
f 4253/6874/4253 4266/6894/4266 4265/6892/4265
f 4254/6877/4254 4255/6878/4255 4267/6896/4267
f 4254/6877/4254 4267/6896/4267 4266/6895/4266
f 4255/6878/4255 4256/6879/4256 4268/6897/4268
f 4255/6878/4255 4268/6897/4268 4267/6896/4267
f 4256/6879/4256 4257/6880/4257 4269/6899/4269
f 4256/6879/4256 4269/6899/4269 4268/6897/4268
f 4257/6880/4257 4258/6882/4258 4270/6901/4270
f 4257/6880/4257 4270/6901/4270 4269/6899/4269
f 4258/6881/4258 4259/6883/4259 4271/6902/4271
f 4258/6881/4258 4271/6902/4271 4270/6900/4270
f 4259/6883/4259 4260/6884/4260 4272/6903/4272
f 4259/6883/4259 4272/6903/4272 4271/6902/4271
f 4260/6884/4260 4261/6885/4261 4273/6904/4273
f 4260/6884/4260 4273/6904/4273 4272/6903/4272
f 4261/6886/4261 4262/6887/4262 4274/6906/4274
f 4261/6886/4261 4274/6906/4274 4273/6905/4273
f 4262/6887/4262 4263/6889/4263 4275/6908/4275
f 4262/6887/4262 4275/6908/4275 4274/6906/4274
f 4263/6888/4263 4264/6890/4264 4276/6909/4276
f 4263/6888/4263 4276/6909/4276 4275/6907/4275
f 4264/6891/4264 4253/6875/4253 4265/6893/4265
f 4264/6891/4264 4265/6893/4265 4276/6910/4276
f 4265/6892/4265 4266/6894/4266 4278/6913/4278
f 4265/6892/4265 4278/6913/4278 4277/6911/4277
f 4266/6895/4266 4267/6896/4267 4279/6915/4279
f 4266/6895/4266 4279/6915/4279 4278/6914/4278
f 4267/6896/4267 4268/6897/4268 4280/6916/4280
f 4267/6896/4267 4280/6916/4280 4279/6915/4279
f 4268/6897/4268 4269/6899/4269 4281/6918/4281
f 4268/6897/4268 4281/6918/4281 4280/6916/4280
f 4269/6899/4269 4270/6901/4270 4282/6920/4282
f 4269/6898/4269 4282/6919/4282 4281/6917/4281
f 4270/6900/4270 4271/6902/4271 4283/6921/4283
f 4270/6900/4270 4283/6921/4283 4282/6919/4282
f 4271/6902/4271 4272/6903/4272 4284/6922/4284
f 4271/6902/4271 4284/6922/4284 4283/6921/4283
f 4272/6903/4272 4273/6904/4273 4285/6924/4285
f 4272/6903/4272 4285/6924/4285 4284/6922/4284
f 4273/6905/4273 4274/6906/4274 4286/6926/4286
f 4273/6905/4273 4286/6926/4286 4285/6925/4285
f 4274/6906/4274 4275/6908/4275 4287/6927/4287
f 4274/6906/4274 4287/6927/4287 4286/6926/4286
f 4275/6907/4275 4276/6909/4276 4288/6928/4288
f 4275/6908/4275 4288/6929/4288 4287/6927/4287
f 4276/6910/4276 4265/6893/4265 4277/6912/4277
f 4276/6909/4276 4277/6911/4277 4288/6928/4288
f 4277/6911/4277 4278/6913/4278 4290/6932/4290
f 4277/6912/4277 4290/6933/4290 4289/6931/4289
f 4278/6914/4278 4279/6915/4279 4291/6935/4291
f 4278/6913/4278 4291/6934/4291 4290/6932/4290
f 4279/6915/4279 4280/6916/4280 4292/6936/4292
f 4279/6915/4279 4292/6936/4292 4291/6935/4291
f 4280/6916/4280 4281/6918/4281 4293/6938/4293
f 4280/6916/4280 4293/6938/4293 4292/6936/4292
f 4281/6917/4281 4282/6919/4282 4294/6939/4294
f 4281/6917/4281 4294/6939/4294 4293/6937/4293
f 4282/6919/4282 4283/6921/4283 4295/6940/4295
f 4282/6919/4282 4295/6940/4295 4294/6939/4294
f 4283/6921/4283 4284/6922/4284 4296/6941/4296
f 4283/6921/4283 4296/6941/4296 4295/6940/4295
f 4284/6922/4284 4285/6924/4285 4297/6943/4297
f 4284/6923/4284 4297/6944/4297 4296/6942/4296
f 4285/6925/4285 4286/6926/4286 4298/6945/4298
f 4285/6925/4285 4298/6945/4298 4297/6944/4297
f 4286/6926/4286 4287/6927/4287 4299/6946/4299
f 4286/6926/4286 4299/6946/4299 4298/6945/4298
f 4287/6927/4287 4288/6929/4288 4300/6948/4300
f 4287/6927/4287 4300/6948/4300 4299/6946/4299
f 4288/6928/4288 4277/6911/4277 4289/6930/4289
f 4288/6928/4288 4289/6930/4289 4300/6947/4300
f 4289/6931/4289 4290/6933/4290 4302/6952/4302
f 4289/6931/4289 4302/6952/4302 4301/6950/4301
f 4290/6932/4290 4291/6934/4291 4303/6953/4303
f 4290/6932/4290 4303/6953/4303 4302/6951/4302
f 4291/6935/4291 4292/6936/4292 4304/6955/4304
f 4291/6935/4291 4304/6955/4304 4303/6954/4303
f 4292/6936/4292 4293/6938/4293 4305/6957/4305
f 4292/6936/4292 4305/6957/4305 4304/6955/4304
f 4293/6937/4293 4294/6939/4294 4306/6958/4306
f 4293/6937/4293 4306/6958/4306 4305/6956/4305
f 4294/6939/4294 4295/6940/4295 4307/6959/4307
f 4294/6939/4294 4307/6959/4307 4306/6958/4306
f 4295/6940/4295 4296/6941/4296 4308/6960/4308
f 4295/6940/4295 4308/6960/4308 4307/6959/4307
f 4296/6942/4296 4297/6944/4297 4309/6962/4309
f 4296/6942/4296 4309/6962/4309 4308/6961/4308
f 4297/6944/4297 4298/6945/4298 4310/6963/4310
f 4297/6944/4297 4310/6963/4310 4309/6962/4309
f 4298/6945/4298 4299/6946/4299 4311/6964/4311
f 4298/6945/4298 4311/6964/4311 4310/6963/4310
f 4299/6946/4299 4300/6948/4300 4312/6966/4312
f 4299/6946/4299 4312/6966/4312 4311/6964/4311
f 4300/6947/4300 4289/6930/4289 4301/6949/4301
f 4300/6947/4300 4301/6949/4301 4312/6965/4312
f 4301/6950/4301 4302/6952/4302 4314/6970/4314
f 4301/6950/4301 4314/6970/4314 4313/6968/4313
f 4302/6951/4302 4303/6953/4303 4315/6971/4315
f 4302/6951/4302 4315/6971/4315 4314/6969/4314
f 4303/6954/4303 4304/6955/4304 4316/6973/4316
f 4303/6954/4303 4316/6973/4316 4315/6972/4315
f 4304/6955/4304 4305/6957/4305 4317/6975/4317
f 4304/6955/4304 4317/6975/4317 4316/6973/4316
f 4305/6956/4305 4306/6958/4306 4318/6976/4318
f 4305/6956/4305 4318/6976/4318 4317/6974/4317
f 4306/6958/4306 4307/6959/4307 4319/6977/4319
f 4306/6958/4306 4319/6977/4319 4318/6976/4318
f 4307/6959/4307 4308/6960/4308 4320/6978/4320
f 4307/6959/4307 4320/6978/4320 4319/6977/4319
f 4308/6961/4308 4309/6962/4309 4321/6980/4321
f 4308/6961/4308 4321/6980/4321 4320/6979/4320
f 4309/6962/4309 4310/6963/4310 4322/6981/4322
f 4309/6962/4309 4322/6981/4322 4321/6980/4321
f 4310/6963/4310 4311/6964/4311 4323/6982/4323
f 4310/6963/4310 4323/6982/4323 4322/6981/4322
f 4311/6964/4311 4312/6966/4312 4324/6984/4324
f 4311/6964/4311 4324/6984/4324 4323/6982/4323
f 4312/6965/4312 4301/6949/4301 4313/6967/4313
f 4312/6965/4312 4313/6967/4313 4324/6983/4324
f 4313/6968/4313 4314/6970/4314 4325/6986/4325
f 4314/6969/4314 4315/6971/4315 4325/6985/4325
f 4315/6972/4315 4316/6973/4316 4325/6986/4325
f 4316/6973/4316 4317/6975/4317 4325/6986/4325
f 4317/6974/4317 4318/6976/4318 4325/6985/4325
f 4318/6976/4318 4319/6977/4319 4325/6985/4325
f 4319/6977/4319 4320/6978/4320 4325/6985/4325
f 4320/6979/4320 4321/6980/4321 4325/6986/4325
f 4321/6980/4321 4322/6981/4322 4325/6986/4325
f 4322/6981/4322 4323/6982/4323 4325/6986/4325
f 4323/6982/4323 4324/6984/4324 4325/6986/4325
f 4324/6983/4324 4313/6967/4313 4325/6985/4325
f 4326/6987/4326 4327/6988/4327 4339/7004/4339
f 4326/6987/4326 4339/7004/4339 4338/7003/4338
f 4327/6989/4327 4328/6990/4328 4340/7006/4340
f 4327/6989/4327 4340/7006/4340 4339/7005/4339
f 4328/6990/4328 4329/6991/4329 4341/7007/4341
f 4328/6990/4328 4341/7007/4341 4340/7006/4340
f 4329/6991/4329 4330/6992/4330 4342/7008/4342
f 4329/6991/4329 4342/7008/4342 4341/7007/4341
f 4330/6992/4330 4331/6994/4331 4343/7010/4343
f 4330/6992/4330 4343/7010/4343 4342/7008/4342
f 4331/6993/4331 4332/6995/4332 4344/7011/4344
f 4331/6993/4331 4344/7011/4344 4343/7009/4343
f 4332/6995/4332 4333/6996/4333 4345/7012/4345
f 4332/6995/4332 4345/7012/4345 4344/7011/4344
f 4333/6996/4333 4334/6997/4334 4346/7013/4346
f 4333/6996/4333 4346/7013/4346 4345/7012/4345
f 4334/6998/4334 4335/6999/4335 4347/7015/4347
f 4334/6998/4334 4347/7015/4347 4346/7014/4346
f 4335/6999/4335 4336/7001/4336 4348/7017/4348
f 4335/6999/4335 4348/7017/4348 4347/7015/4347
f 4336/7000/4336 4337/7002/4337 4349/7018/4349
f 4336/7000/4336 4349/7018/4349 4348/7016/4348
f 4337/7002/4337 4326/6987/4326 4338/7003/4338
f 4337/7002/4337 4338/7003/4338 4349/7018/4349
f 4338/7003/4338 4339/7004/4339 4351/7020/4351
f 4338/7003/4338 4351/7020/4351 4350/7019/4350
f 4339/7005/4339 4340/7006/4340 4352/7022/4352
f 4339/7005/4339 4352/7022/4352 4351/7021/4351
f 4340/7006/4340 4341/7007/4341 4353/7023/4353
f 4340/7006/4340 4353/7023/4353 4352/7022/4352
f 4341/7007/4341 4342/7008/4342 4354/7024/4354
f 4341/7007/4341 4354/7024/4354 4353/7023/4353
f 4342/7008/4342 4343/7010/4343 4355/7026/4355
f 4342/7008/4342 4355/7026/4355 4354/7024/4354
f 4343/7009/4343 4344/7011/4344 4356/7027/4356
f 4343/7009/4343 4356/7027/4356 4355/7025/4355
f 4344/7011/4344 4345/7012/4345 4357/7028/4357
f 4344/7011/4344 4357/7028/4357 4356/7027/4356
f 4345/7012/4345 4346/7013/4346 4358/7029/4358
f 4345/7012/4345 4358/7029/4358 4357/7028/4357
f 4346/7014/4346 4347/7015/4347 4359/7031/4359
f 4346/7014/4346 4359/7031/4359 4358/7030/4358
f 4347/7015/4347 4348/7017/4348 4360/7033/4360
f 4347/7015/4347 4360/7033/4360 4359/7031/4359
f 4348/7016/4348 4349/7018/4349 4361/7034/4361
f 4348/7016/4348 4361/7034/4361 4360/7032/4360
f 4349/7018/4349 4338/7003/4338 4350/7019/4350
f 4349/7018/4349 4350/7019/4350 4361/7034/4361
f 4350/7019/4350 4351/7020/4351 4363/7036/4363
f 4350/7019/4350 4363/7036/4363 4362/7035/4362
f 4351/7021/4351 4352/7022/4352 4364/7038/4364
f 4351/7021/4351 4364/7038/4364 4363/7037/4363
f 4352/7022/4352 4353/7023/4353 4365/7039/4365
f 4352/7022/4352 4365/7039/4365 4364/7038/4364
f 4353/7023/4353 4354/7024/4354 4366/7041/4366
f 4353/7023/4353 4366/7041/4366 4365/7039/4365
f 4354/7024/4354 4355/7026/4355 4367/7043/4367
f 4354/7024/4354 4367/7043/4367 4366/7041/4366
f 4355/7025/4355 4356/7027/4356 4368/7044/4368
f 4355/7025/4355 4368/7044/4368 4367/7042/4367
f 4356/7027/4356 4357/7028/4357 4369/7045/4369
f 4356/7027/4356 4369/7045/4369 4368/7044/4368
f 4357/7028/4357 4358/7029/4358 4370/7046/4370
f 4357/7028/4357 4370/7046/4370 4369/7045/4369
f 4358/7030/4358 4359/7031/4359 4371/7048/4371
f 4358/7030/4358 4371/7048/4371 4370/7047/4370
f 4359/7031/4359 4360/7033/4360 4372/7050/4372
f 4359/7031/4359 4372/7050/4372 4371/7048/4371
f 4360/7032/4360 4361/7034/4361 4373/7051/4373
f 4360/7032/4360 4373/7051/4373 4372/7049/4372
f 4361/7034/4361 4350/7019/4350 4362/7035/4362
f 4361/7034/4361 4362/7035/4362 4373/7051/4373
f 4362/7035/4362 4363/7036/4363 4375/7053/4375
f 4362/7035/4362 4375/7053/4375 4374/7052/4374
f 4363/7037/4363 4364/7038/4364 4376/7056/4376
f 4363/7037/4363 4376/7056/4376 4375/7054/4375
f 4364/7038/4364 4365/7039/4365 4377/7057/4377
f 4364/7038/4364 4377/7057/4377 4376/7056/4376
f 4365/7039/4365 4366/7041/4366 4378/7059/4378
f 4365/7039/4365 4378/7059/4378 4377/7057/4377
f 4366/7041/4366 4367/7043/4367 4379/7061/4379
f 4366/7040/4366 4379/7060/4379 4378/7058/4378
f 4367/7042/4367 4368/7044/4368 4380/7062/4380
f 4367/7042/4367 4380/7062/4380 4379/7060/4379
f 4368/7044/4368 4369/7045/4369 4381/7063/4381
f 4368/7044/4368 4381/7063/4381 4380/7062/4380
f 4369/7045/4369 4370/7046/4370 4382/7064/4382
f 4369/7045/4369 4382/7064/4382 4381/7063/4381
f 4370/7047/4370 4371/7048/4371 4383/7066/4383
f 4370/7047/4370 4383/7066/4383 4382/7065/4382
f 4371/7048/4371 4372/7050/4372 4384/7067/4384
f 4371/7048/4371 4384/7067/4384 4383/7066/4383
f 4372/7049/4372 4373/7051/4373 4385/7068/4385
f 4372/7050/4372 4385/7069/4385 4384/7067/4384
f 4373/7051/4373 4362/7035/4362 4374/7052/4374
f 4373/7051/4373 4374/7052/4374 4385/7068/4385
f 4374/7052/4374 4375/7053/4375 4387/7071/4387
f 4374/7052/4374 4387/7071/4387 4386/7070/4386
f 4375/7054/4375 4376/7056/4376 4388/7074/4388
f 4375/7054/4375 4388/7074/4388 4387/7072/4387
f 4376/7056/4376 4377/7057/4377 4389/7076/4389
f 4376/7055/4376 4389/7075/4389 4388/7073/4388
f 4377/7057/4377 4378/7059/4378 4390/7078/4390
f 4377/7057/4377 4390/7078/4390 4389/7076/4389
f 4378/7058/4378 4379/7060/4379 4391/7079/4391
f 4378/7058/4378 4391/7079/4391 4390/7077/4390
f 4379/7060/4379 4380/7062/4380 4392/7080/4392
f 4379/7060/4379 4392/7080/4392 4391/7079/4391
f 4380/7062/4380 4381/7063/4381 4393/7081/4393
f 4380/7062/4380 4393/7081/4393 4392/7080/4392
f 4381/7063/4381 4382/7064/4382 4394/7082/4394
f 4381/7063/4381 4394/7082/4394 4393/7081/4393
f 4382/7065/4382 4383/7066/4383 4395/7084/4395
f 4382/7065/4382 4395/7084/4395 4394/7083/4394
f 4383/7066/4383 4384/7067/4384 4396/7085/4396
f 4383/7066/4383 4396/7085/4396 4395/7084/4395
f 4384/7067/4384 4385/7069/4385 4397/7087/4397
f 4384/7067/4384 4397/7087/4397 4396/7085/4396
f 4385/7068/4385 4374/7052/4374 4386/7070/4386
f 4385/7068/4385 4386/7070/4386 4397/7086/4397
f 4386/7070/4386 4387/7071/4387 4399/7089/4399
f 4386/7070/4386 4399/7089/4399 4398/7088/4398
f 4387/7072/4387 4388/7074/4388 4400/7092/4400
f 4387/7072/4387 4400/7092/4400 4399/7090/4399
f 4388/7073/4388 4389/7075/4389 4401/7093/4401
f 4388/7073/4388 4401/7093/4401 4400/7091/4400
f 4389/7076/4389 4390/7078/4390 4402/7096/4402
f 4389/7076/4389 4402/7096/4402 4401/7094/4401
f 4390/7077/4390 4391/7079/4391 4403/7097/4403
f 4390/7077/4390 4403/7097/4403 4402/7095/4402
f 4391/7079/4391 4392/7080/4392 4404/7098/4404
f 4391/7079/4391 4404/7098/4404 4403/7097/4403
f 4392/7080/4392 4393/7081/4393 4405/7099/4405
f 4392/7080/4392 4405/7099/4405 4404/7098/4404
f 4393/7081/4393 4394/7082/4394 4406/7100/4406
f 4393/7081/4393 4406/7100/4406 4405/7099/4405
f 4394/7083/4394 4395/7084/4395 4407/7102/4407
f 4394/7083/4394 4407/7102/4407 4406/7101/4406
f 4395/7084/4395 4396/7085/4396 4408/7103/4408
f 4395/7084/4395 4408/7103/4408 4407/7102/4407
f 4396/7085/4396 4397/7087/4397 4409/7105/4409
f 4396/7085/4396 4409/7105/4409 4408/7103/4408
f 4397/7086/4397 4386/7070/4386 4398/7088/4398
f 4397/7086/4397 4398/7088/4398 4409/7104/4409
f 4398/7088/4398 4399/7089/4399 4411/7107/4411
f 4398/7088/4398 4411/7107/4411 4410/7106/4410
f 4399/7090/4399 4400/7092/4400 4412/7111/4412
f 4399/7090/4399 4412/7111/4412 4411/7108/4411
f 4400/7091/4400 4401/7093/4401 4413/7112/4413
f 4400/7091/4400 4413/7112/4413 4412/7110/4412
f 4401/7094/4401 4402/7096/4402 4414/7115/4414
f 4401/7094/4401 4414/7115/4414 4413/7113/4413
f 4402/7095/4402 4403/7097/4403 4415/7116/4415
f 4402/7095/4402 4415/7116/4415 4414/7114/4414
f 4403/7097/4403 4404/7098/4404 4416/7117/4416
f 4403/7097/4403 4416/7117/4416 4415/7116/4415
f 4404/7098/4404 4405/7099/4405 4417/7118/4417
f 4404/7098/4404 4417/7118/4417 4416/7117/4416
f 4405/7099/4405 4406/7100/4406 4418/7119/4418
f 4405/7099/4405 4418/7119/4418 4417/7118/4417
f 4406/7101/4406 4407/7102/4407 4419/7121/4419
f 4406/7101/4406 4419/7121/4419 4418/7120/4418
f 4407/7102/4407 4408/7103/4408 4420/7122/4420
f 4407/7102/4407 4420/7122/4420 4419/7121/4419
f 4408/7103/4408 4409/7105/4409 4421/7124/4421
f 4408/7103/4408 4421/7124/4421 4420/7122/4420
f 4409/7104/4409 4398/7088/4398 4410/7106/4410
f 4409/7104/4409 4410/7106/4410 4421/7123/4421
f 4410/7106/4410 4411/7107/4411 4423/7126/4423
f 4410/7106/4410 4423/7126/4423 4422/7125/4422
f 4411/7108/4411 4412/7111/4412 4424/7129/4424
f 4411/7109/4411 4424/7130/4424 4423/7128/4423
f 4412/7110/4412 4413/7112/4413 4425/7131/4425
f 4412/7111/4412 4425/7132/4425 4424/7129/4424
f 4413/7113/4413 4414/7115/4414 4426/7134/4426
f 4413/7113/4413 4426/7134/4426 4425/7132/4425
f 4414/7114/4414 4415/7116/4415 4427/7135/4427
f 4414/7114/4414 4427/7135/4427 4426/7133/4426
f 4415/7116/4415 4416/7117/4416 4428/7136/4428
f 4415/7116/4415 4428/7136/4428 4427/7135/4427
f 4416/7117/4416 4417/7118/4417 4429/7137/4429
f 4416/7117/4416 4429/7137/4429 4428/7136/4428
f 4417/7118/4417 4418/7119/4418 4430/7139/4430
f 4417/7118/4417 4430/7139/4430 4429/7137/4429
f 4418/7120/4418 4419/7121/4419 4431/7141/4431
f 4418/7120/4418 4431/7141/4431 4430/7140/4430
f 4419/7121/4419 4420/7122/4420 4432/7142/4432
f 4419/7121/4419 4432/7142/4432 4431/7141/4431
f 4420/7122/4420 4421/7124/4421 4433/7144/4433
f 4420/7122/4420 4433/7144/4433 4432/7142/4432
f 4421/7123/4421 4410/7106/4410 4422/7125/4422
f 4421/7123/4421 4422/7125/4422 4433/7143/4433
f 4422/7125/4422 4423/7126/4423 4435/7146/4435
f 4422/7125/4422 4435/7146/4435 4434/7145/4434
f 4423/7127/4423 4424/7129/4424 4436/7148/4436
f 4423/7126/4423 4436/7147/4436 4435/7146/4435
f 4424/7129/4424 4425/7132/4425 4437/7149/4437
f 4424/7129/4424 4437/7149/4437 4436/7148/4436
f 4425/7132/4425 4426/7134/4426 4438/7151/4438
f 4425/7132/4425 4438/7151/4438 4437/7149/4437
f 4426/7133/4426 4427/7135/4427 4439/7152/4439
f 4426/7133/4426 4439/7152/4439 4438/7150/4438
f 4427/7135/4427 4428/7136/4428 4440/7153/4440
f 4427/7135/4427 4440/7153/4440 4439/7152/4439
f 4428/7136/4428 4429/7137/4429 4441/7154/4441
f 4428/7136/4428 4441/7154/4441 4440/7153/4440
f 4429/7137/4429 4430/7139/4430 4442/7156/4442
f 4429/7138/4429 4442/7157/4442 4441/7155/4441
f 4430/7140/4430 4431/7141/4431 4443/7158/4443
f 4430/7140/4430 4443/7158/4443 4442/7157/4442
f 4431/7141/4431 4432/7142/4432 4444/7159/4444
f 4431/7141/4431 4444/7159/4444 4443/7158/4443
f 4432/7142/4432 4433/7144/4433 4445/7161/4445
f 4432/7142/4432 4445/7161/4445 4444/7159/4444
f 4433/7143/4433 4422/7125/4422 4434/7145/4434
f 4433/7143/4433 4434/7145/4434 4445/7160/4445
f 4434/7145/4434 4435/7146/4435 4446/7162/4446
f 4435/7146/4435 4436/7147/4436 4446/7162/4446
f 4436/7148/4436 4437/7149/4437 4446/7163/4446
f 4437/7149/4437 4438/7151/4438 4446/7163/4446
f 4438/7150/4438 4439/7152/4439 4446/7162/4446
f 4439/7152/4439 4440/7153/4440 4446/7162/4446
f 4440/7153/4440 4441/7154/4441 4446/7162/4446
f 4441/7155/4441 4442/7157/4442 4446/7163/4446
f 4442/7157/4442 4443/7158/4443 4446/7163/4446
f 4443/7158/4443 4444/7159/4444 4446/7163/4446
f 4444/7159/4444 4445/7161/4445 4446/7163/4446
f 4445/7160/4445 4434/7145/4434 4446/7162/4446
f 4447/7164/4447 4448/7165/4448 4460/7182/4460
f 4447/7164/4447 4460/7182/4460 4459/7181/4459
f 4448/7165/4448 4449/7166/4449 4461/7183/4461
f 4448/7165/4448 4461/7183/4461 4460/7182/4460
f 4449/7167/4449 4450/7168/4450 4462/7185/4462
f 4449/7167/4449 4462/7185/4462 4461/7184/4461
f 4450/7168/4450 4451/7170/4451 4463/7186/4463
f 4450/7168/4450 4463/7186/4463 4462/7185/4462
f 4451/7169/4451 4452/7171/4452 4464/7187/4464
f 4451/7170/4451 4464/7188/4464 4463/7186/4463
f 4452/7171/4452 4453/7172/4453 4465/7189/4465
f 4452/7171/4452 4465/7189/4465 4464/7187/4464
f 4453/7172/4453 4454/7173/4454 4466/7190/4466
f 4453/7172/4453 4466/7190/4466 4465/7189/4465
f 4454/7174/4454 4455/7175/4455 4467/7192/4467
f 4454/7174/4454 4467/7192/4467 4466/7191/4466
f 4455/7175/4455 4456/7176/4456 4468/7193/4468
f 4455/7175/4455 4468/7193/4468 4467/7192/4467
f 4456/7176/4456 4457/7178/4457 4469/7195/4469
f 4456/7176/4456 4469/7195/4469 4468/7193/4468
f 4457/7178/4457 4458/7180/4458 4470/7197/4470
f 4457/7177/4457 4470/7196/4470 4469/7194/4469
f 4458/7179/4458 4447/7164/4447 4459/7181/4459
f 4458/7179/4458 4459/7181/4459 4470/7196/4470
f 4459/7181/4459 4460/7182/4460 4472/7199/4472
f 4459/7181/4459 4472/7199/4472 4471/7198/4471
f 4460/7182/4460 4461/7183/4461 4473/7200/4473
f 4460/7182/4460 4473/7200/4473 4472/7199/4472
f 4461/7184/4461 4462/7185/4462 4474/7202/4474
f 4461/7184/4461 4474/7202/4474 4473/7201/4473
f 4462/7185/4462 4463/7186/4463 4475/7203/4475
f 4462/7185/4462 4475/7203/4475 4474/7202/4474
f 4463/7186/4463 4464/7188/4464 4476/7205/4476
f 4463/7186/4463 4476/7205/4476 4475/7203/4475
f 4464/7187/4464 4465/7189/4465 4477/7206/4477
f 4464/7187/4464 4477/7206/4477 4476/7204/4476
f 4465/7189/4465 4466/7190/4466 4478/7207/4478
f 4465/7189/4465 4478/7207/4478 4477/7206/4477
f 4466/7191/4466 4467/7192/4467 4479/7210/4479
f 4466/7191/4466 4479/7210/4479 4478/7208/4478
f 4467/7192/4467 4468/7193/4468 4480/7211/4480
f 4467/7192/4467 4480/7211/4480 4479/7210/4479
f 4468/7193/4468 4469/7195/4469 4481/7213/4481
f 4468/7193/4468 4481/7213/4481 4480/7211/4480
f 4469/7194/4469 4470/7196/4470 4482/7214/4482
f 4469/7194/4469 4482/7214/4482 4481/7212/4481
f 4470/7196/4470 4459/7181/4459 4471/7198/4471
f 4470/7196/4470 4471/7198/4471 4482/7214/4482
f 4471/7198/4471 4472/7199/4472 4484/7216/4484
f 4471/7198/4471 4484/7216/4484 4483/7215/4483
f 4472/7199/4472 4473/7200/4473 4485/7217/4485
f 4472/7199/4472 4485/7217/4485 4484/7216/4484
f 4473/7201/4473 4474/7202/4474 4486/7219/4486
f 4473/7201/4473 4486/7219/4486 4485/7218/4485
f 4474/7202/4474 4475/7203/4475 4487/7220/4487
f 4474/7202/4474 4487/7220/4487 4486/7219/4486
f 4475/7203/4475 4476/7205/4476 4488/7222/4488
f 4475/7203/4475 4488/7222/4488 4487/7220/4487
f 4476/7204/4476 4477/7206/4477 4489/7223/4489
f 4476/7204/4476 4489/7223/4489 4488/7221/4488
f 4477/7206/4477 4478/7207/4478 4490/7224/4490
f 4477/7206/4477 4490/7224/4490 4489/7223/4489
f 4478/7208/4478 4479/7210/4479 4491/7227/4491
f 4478/7208/4478 4491/7227/4491 4490/7225/4490
f 4479/7210/4479 4480/7211/4480 4492/7229/4492
f 4479/7209/4479 4492/7228/4492 4491/7226/4491
f 4480/7211/4480 4481/7213/4481 4493/7231/4493
f 4480/7211/4480 4493/7231/4493 4492/7229/4492
f 4481/7212/4481 4482/7214/4482 4494/7232/4494
f 4481/7212/4481 4494/7232/4494 4493/7230/4493
f 4482/7214/4482 4471/7198/4471 4483/7215/4483
f 4482/7214/4482 4483/7215/4483 4494/7232/4494
f 4483/7215/4483 4484/7216/4484 4496/7234/4496
f 4483/7215/4483 4496/7234/4496 4495/7233/4495
f 4484/7216/4484 4485/7217/4485 4497/7235/4497
f 4484/7216/4484 4497/7235/4497 4496/7234/4496
f 4485/7218/4485 4486/7219/4486 4498/7237/4498
f 4485/7218/4485 4498/7237/4498 4497/7236/4497
f 4486/7219/4486 4487/7220/4487 4499/7238/4499
f 4486/7219/4486 4499/7238/4499 4498/7237/4498
f 4487/7220/4487 4488/7222/4488 4500/7240/4500
f 4487/7220/4487 4500/7240/4500 4499/7238/4499
f 4488/7221/4488 4489/7223/4489 4501/7241/4501
f 4488/7221/4488 4501/7241/4501 4500/7239/4500
f 4489/7223/4489 4490/7224/4490 4502/7242/4502
f 4489/7223/4489 4502/7242/4502 4501/7241/4501
f 4490/7225/4490 4491/7227/4491 4503/7245/4503
f 4490/7225/4490 4503/7245/4503 4502/7243/4502
f 4491/7226/4491 4492/7228/4492 4504/7246/4504
f 4491/7226/4491 4504/7246/4504 4503/7244/4503
f 4492/7229/4492 4493/7231/4493 4505/7249/4505
f 4492/7229/4492 4505/7249/4505 4504/7247/4504
f 4493/7230/4493 4494/7232/4494 4506/7250/4506
f 4493/7230/4493 4506/7250/4506 4505/7248/4505
f 4494/7232/4494 4483/7215/4483 4495/7233/4495
f 4494/7232/4494 4495/7233/4495 4506/7250/4506
f 4495/7233/4495 4496/7234/4496 4508/7252/4508
f 4495/7233/4495 4508/7252/4508 4507/7251/4507
f 4496/7234/4496 4497/7235/4497 4509/7254/4509
f 4496/7234/4496 4509/7254/4509 4508/7252/4508
f 4497/7236/4497 4498/7237/4498 4510/7256/4510
f 4497/7236/4497 4510/7256/4510 4509/7255/4509
f 4498/7237/4498 4499/7238/4499 4511/7257/4511
f 4498/7237/4498 4511/7257/4511 4510/7256/4510
f 4499/7238/4499 4500/7240/4500 4512/7259/4512
f 4499/7238/4499 4512/7259/4512 4511/7257/4511
f 4500/7239/4500 4501/7241/4501 4513/7260/4513
f 4500/7239/4500 4513/7260/4513 4512/7258/4512
f 4501/7241/4501 4502/7242/4502 4514/7261/4514
f 4501/7241/4501 4514/7261/4514 4513/7260/4513
f 4502/7243/4502 4503/7245/4503 4515/7263/4515
f 4502/7243/4502 4515/7263/4515 4514/7262/4514
f 4503/7244/4503 4504/7246/4504 4516/7264/4516
f 4503/7245/4503 4516/7265/4516 4515/7263/4515
f 4504/7247/4504 4505/7249/4505 4517/7267/4517
f 4504/7247/4504 4517/7267/4517 4516/7265/4516
f 4505/7248/4505 4506/7250/4506 4518/7268/4518
f 4505/7248/4505 4518/7268/4518 4517/7266/4517
f 4506/7250/4506 4495/7233/4495 4507/7251/4507
f 4506/7250/4506 4507/7251/4507 4518/7268/4518
f 4507/7251/4507 4508/7252/4508 4520/7270/4520
f 4507/7251/4507 4520/7270/4520 4519/7269/4519
f 4508/7252/4508 4509/7254/4509 4521/7272/4521
f 4508/7253/4508 4521/7273/4521 4520/7271/4520
f 4509/7255/4509 4510/7256/4510 4522/7274/4522
f 4509/7255/4509 4522/7274/4522 4521/7273/4521
f 4510/7256/4510 4511/7257/4511 4523/7275/4523
f 4510/7256/4510 4523/7275/4523 4522/7274/4522
f 4511/7257/4511 4512/7259/4512 4524/7277/4524
f 4511/7257/4511 4524/7277/4524 4523/7275/4523
f 4512/7258/4512 4513/7260/4513 4525/7278/4525
f 4512/7258/4512 4525/7278/4525 4524/7276/4524
f 4513/7260/4513 4514/7261/4514 4526/7279/4526
f 4513/7260/4513 4526/7279/4526 4525/7278/4525
f 4514/7262/4514 4515/7263/4515 4527/7281/4527
f 4514/7261/4514 4527/7280/4527 4526/7279/4526
f 4515/7263/4515 4516/7265/4516 4528/7282/4528
f 4515/7263/4515 4528/7282/4528 4527/7281/4527
f 4516/7265/4516 4517/7267/4517 4529/7284/4529
f 4516/7265/4516 4529/7284/4529 4528/7282/4528
f 4517/7266/4517 4518/7268/4518 4530/7285/4530
f 4517/7266/4517 4530/7285/4530 4529/7283/4529
f 4518/7268/4518 4507/7251/4507 4519/7269/4519
f 4518/7268/4518 4519/7269/4519 4530/7285/4530
f 4519/7269/4519 4520/7270/4520 4532/7287/4532
f 4519/7269/4519 4532/7287/4532 4531/7286/4531
f 4520/7271/4520 4521/7273/4521 4533/7289/4533
f 4520/7271/4520 4533/7289/4533 4532/7288/4532
f 4521/7273/4521 4522/7274/4522 4534/7290/4534
f 4521/7273/4521 4534/7290/4534 4533/7289/4533
f 4522/7274/4522 4523/7275/4523 4535/7292/4535
f 4522/7274/4522 4535/7292/4535 4534/7290/4534
f 4523/7275/4523 4524/7277/4524 4536/7294/4536
f 4523/7275/4523 4536/7294/4536 4535/7292/4535
f 4524/7276/4524 4525/7278/4525 4537/7295/4537
f 4524/7276/4524 4537/7295/4537 4536/7293/4536
f 4525/7278/4525 4526/7279/4526 4538/7296/4538
f 4525/7278/4525 4538/7296/4538 4537/7295/4537
f 4526/7279/4526 4527/7280/4527 4539/7297/4539
f 4526/7279/4526 4539/7297/4539 4538/7296/4538
f 4527/7281/4527 4528/7282/4528 4540/7299/4540
f 4527/7281/4527 4540/7299/4540 4539/7298/4539
f 4528/7282/4528 4529/7284/4529 4541/7301/4541
f 4528/7282/4528 4541/7301/4541 4540/7299/4540
f 4529/7283/4529 4530/7285/4530 4542/7302/4542
f 4529/7283/4529 4542/7302/4542 4541/7300/4541
f 4530/7285/4530 4519/7269/4519 4531/7286/4531
f 4530/7285/4530 4531/7286/4531 4542/7302/4542
f 4531/7286/4531 4532/7287/4532 4544/7304/4544
f 4531/7286/4531 4544/7304/4544 4543/7303/4543
f 4532/7288/4532 4533/7289/4533 4545/7306/4545
f 4532/7288/4532 4545/7306/4545 4544/7305/4544
f 4533/7289/4533 4534/7290/4534 4546/7307/4546
f 4533/7289/4533 4546/7307/4546 4545/7306/4545
f 4534/7290/4534 4535/7292/4535 4547/7309/4547
f 4534/7290/4534 4547/7309/4547 4546/7307/4546
f 4535/7292/4535 4536/7294/4536 4548/7311/4548
f 4535/7291/4535 4548/7310/4548 4547/7308/4547
f 4536/7293/4536 4537/7295/4537 4549/7312/4549
f 4536/7293/4536 4549/7312/4549 4548/7310/4548
f 4537/7295/4537 4538/7296/4538 4550/7313/4550
f 4537/7295/4537 4550/7313/4550 4549/7312/4549
f 4538/7296/4538 4539/7297/4539 4551/7314/4551
f 4538/7296/4538 4551/7314/4551 4550/7313/4550
f 4539/7298/4539 4540/7299/4540 4552/7316/4552
f 4539/7298/4539 4552/7316/4552 4551/7315/4551
f 4540/7299/4540 4541/7301/4541 4553/7317/4553
f 4540/7299/4540 4553/7317/4553 4552/7316/4552
f 4541/7300/4541 4542/7302/4542 4554/7318/4554
f 4541/7301/4541 4554/7319/4554 4553/7317/4553
f 4542/7302/4542 4531/7286/4531 4543/7303/4543
f 4542/7302/4542 4543/7303/4543 4554/7318/4554
f 4543/7303/4543 4544/7304/4544 4556/7321/4556
f 4543/7303/4543 4556/7321/4556 4555/7320/4555
f 4544/7305/4544 4545/7306/4545 4557/7323/4557
f 4544/7305/4544 4557/7323/4557 4556/7322/4556
f 4545/7306/4545 4546/7307/4546 4558/7324/4558
f 4545/7306/4545 4558/7324/4558 4557/7323/4557
f 4546/7307/4546 4547/7309/4547 4559/7326/4559
f 4546/7307/4546 4559/7326/4559 4558/7324/4558
f 4547/7308/4547 4548/7310/4548 4560/7327/4560
f 4547/7308/4547 4560/7327/4560 4559/7325/4559
f 4548/7310/4548 4549/7312/4549 4561/7328/4561
f 4548/7310/4548 4561/7328/4561 4560/7327/4560
f 4549/7312/4549 4550/7313/4550 4562/7329/4562
f 4549/7312/4549 4562/7329/4562 4561/7328/4561
f 4550/7313/4550 4551/7314/4551 4563/7330/4563
f 4550/7313/4550 4563/7330/4563 4562/7329/4562
f 4551/7315/4551 4552/7316/4552 4564/7332/4564
f 4551/7315/4551 4564/7332/4564 4563/7331/4563
f 4552/7316/4552 4553/7317/4553 4565/7333/4565
f 4552/7316/4552 4565/7333/4565 4564/7332/4564
f 4553/7317/4553 4554/7319/4554 4566/7335/4566
f 4553/7317/4553 4566/7335/4566 4565/7333/4565
f 4554/7318/4554 4543/7303/4543 4555/7320/4555
f 4554/7318/4554 4555/7320/4555 4566/7334/4566
f 4555/7320/4555 4556/7321/4556 4567/7336/4567
f 4556/7322/4556 4557/7323/4557 4567/7337/4567
f 4557/7323/4557 4558/7324/4558 4567/7337/4567
f 4558/7324/4558 4559/7326/4559 4567/7337/4567
f 4559/7325/4559 4560/7327/4560 4567/7336/4567
f 4560/7327/4560 4561/7328/4561 4567/7336/4567
f 4561/7328/4561 4562/7329/4562 4567/7336/4567
f 4562/7329/4562 4563/7330/4563 4567/7336/4567
f 4563/7331/4563 4564/7332/4564 4567/7337/4567
f 4564/7332/4564 4565/7333/4565 4567/7337/4567
f 4565/7333/4565 4566/7335/4566 4567/7337/4567
f 4566/7334/4566 4555/7320/4555 4567/7336/4567
f 4568/7338/4568 4569/7339/4569 4581/7357/4581
f 4568/7338/4568 4581/7357/4581 4580/7356/4580
f 4569/7339/4569 4570/7340/4570 4582/7358/4582
f 4569/7339/4569 4582/7358/4582 4581/7357/4581
f 4570/7341/4570 4571/7342/4571 4583/7360/4583
f 4570/7341/4570 4583/7360/4583 4582/7359/4582
f 4571/7342/4571 4572/7343/4572 4584/7361/4584
f 4571/7342/4571 4584/7361/4584 4583/7360/4583
f 4572/7343/4572 4573/7345/4573 4585/7363/4585
f 4572/7343/4572 4585/7363/4585 4584/7361/4584
f 4573/7344/4573 4574/7346/4574 4586/7364/4586
f 4573/7344/4573 4586/7364/4586 4585/7362/4585
f 4574/7346/4574 4575/7347/4575 4587/7365/4587
f 4574/7346/4574 4587/7365/4587 4586/7364/4586
f 4575/7348/4575 4576/7350/4576 4588/7368/4588
f 4575/7348/4575 4588/7368/4588 4587/7366/4587
f 4576/7349/4576 4577/7351/4577 4589/7369/4589
f 4576/7349/4576 4589/7369/4589 4588/7367/4588
f 4577/7352/4577 4578/7354/4578 4590/7372/4590
f 4577/7352/4577 4590/7372/4590 4589/7370/4589
f 4578/7353/4578 4579/7355/4579 4591/7373/4591
f 4578/7353/4578 4591/7373/4591 4590/7371/4590
f 4579/7355/4579 4568/7338/4568 4580/7356/4580
f 4579/7355/4579 4580/7356/4580 4591/7373/4591
f 4580/7356/4580 4581/7357/4581 4593/7375/4593
f 4580/7356/4580 4593/7375/4593 4592/7374/4592
f 4581/7357/4581 4582/7358/4582 4594/7377/4594
f 4581/7357/4581 4594/7377/4594 4593/7375/4593
f 4582/7359/4582 4583/7360/4583 4595/7379/4595
f 4582/7359/4582 4595/7379/4595 4594/7378/4594
f 4583/7360/4583 4584/7361/4584 4596/7380/4596
f 4583/7360/4583 4596/7380/4596 4595/7379/4595
f 4584/7361/4584 4585/7363/4585 4597/7382/4597
f 4584/7361/4584 4597/7382/4597 4596/7380/4596
f 4585/7362/4585 4586/7364/4586 4598/7383/4598
f 4585/7362/4585 4598/7383/4598 4597/7381/4597
f 4586/7364/4586 4587/7365/4587 4599/7384/4599
f 4586/7364/4586 4599/7384/4599 4598/7383/4598
f 4587/7366/4587 4588/7368/4588 4600/7387/4600
f 4587/7366/4587 4600/7387/4600 4599/7385/4599
f 4588/7367/4588 4589/7369/4589 4601/7388/4601
f 4588/7367/4588 4601/7388/4601 4600/7386/4600
f 4589/7370/4589 4590/7372/4590 4602/7391/4602
f 4589/7370/4589 4602/7391/4602 4601/7389/4601
f 4590/7371/4590 4591/7373/4591 4603/7392/4603
f 4590/7371/4590 4603/7392/4603 4602/7390/4602
f 4591/7373/4591 4580/7356/4580 4592/7374/4592
f 4591/7373/4591 4592/7374/4592 4603/7392/4603
f 4592/7374/4592 4593/7375/4593 4605/7394/4605
f 4592/7374/4592 4605/7394/4605 4604/7393/4604
f 4593/7375/4593 4594/7377/4594 4606/7396/4606
f 4593/7376/4593 4606/7397/4606 4605/7395/4605
f 4594/7378/4594 4595/7379/4595 4607/7398/4607
f 4594/7378/4594 4607/7398/4607 4606/7397/4606
f 4595/7379/4595 4596/7380/4596 4608/7400/4608
f 4595/7379/4595 4608/7400/4608 4607/7398/4607
f 4596/7380/4596 4597/7382/4597 4609/7402/4609
f 4596/7380/4596 4609/7402/4609 4608/7400/4608
f 4597/7381/4597 4598/7383/4598 4610/7403/4610
f 4597/7381/4597 4610/7403/4610 4609/7401/4609
f 4598/7383/4598 4599/7384/4599 4611/7404/4611
f 4598/7383/4598 4611/7404/4611 4610/7403/4610
f 4599/7385/4599 4600/7387/4600 4612/7406/4612
f 4599/7384/4599 4612/7405/4612 4611/7404/4611
f 4600/7386/4600 4601/7388/4601 4613/7407/4613
f 4600/7387/4600 4613/7408/4613 4612/7406/4612
f 4601/7389/4601 4602/7391/4602 4614/7410/4614
f 4601/7389/4601 4614/7410/4614 4613/7408/4613
f 4602/7390/4602 4603/7392/4603 4615/7411/4615
f 4602/7390/4602 4615/7411/4615 4614/7409/4614
f 4603/7392/4603 4592/7374/4592 4604/7393/4604
f 4603/7392/4603 4604/7393/4604 4615/7411/4615
f 4604/7393/4604 4605/7394/4605 4617/7413/4617
f 4604/7393/4604 4617/7413/4617 4616/7412/4616
f 4605/7395/4605 4606/7397/4606 4618/7415/4618
f 4605/7395/4605 4618/7415/4618 4617/7414/4617
f 4606/7397/4606 4607/7398/4607 4619/7416/4619
f 4606/7397/4606 4619/7416/4619 4618/7415/4618
f 4607/7398/4607 4608/7400/4608 4620/7418/4620
f 4607/7398/4607 4620/7418/4620 4619/7416/4619
f 4608/7400/4608 4609/7402/4609 4621/7420/4621
f 4608/7399/4608 4621/7419/4621 4620/7417/4620
f 4609/7401/4609 4610/7403/4610 4622/7421/4622
f 4609/7401/4609 4622/7421/4622 4621/7419/4621
f 4610/7403/4610 4611/7404/4611 4623/7422/4623
f 4610/7403/4610 4623/7422/4623 4622/7421/4622
f 4611/7404/4611 4612/7405/4612 4624/7423/4624
f 4611/7404/4611 4624/7423/4624 4623/7422/4623
f 4612/7406/4612 4613/7408/4613 4625/7426/4625
f 4612/7406/4612 4625/7426/4625 4624/7424/4624
f 4613/7408/4613 4614/7410/4614 4626/7428/4626
f 4613/7407/4613 4626/7427/4626 4625/7425/4625
f 4614/7409/4614 4615/7411/4615 4627/7429/4627
f 4614/7410/4614 4627/7430/4627 4626/7428/4626
f 4615/7411/4615 4604/7393/4604 4616/7412/4616
f 4615/7411/4615 4616/7412/4616 4627/7429/4627
f 4616/7412/4616 4617/7413/4617 4629/7432/4629
f 4616/7412/4616 4629/7432/4629 4628/7431/4628
f 4617/7414/4617 4618/7415/4618 4630/7434/4630
f 4617/7414/4617 4630/7434/4630 4629/7433/4629
f 4618/7415/4618 4619/7416/4619 4631/7435/4631
f 4618/7415/4618 4631/7435/4631 4630/7434/4630
f 4619/7416/4619 4620/7418/4620 4632/7437/4632
f 4619/7416/4619 4632/7437/4632 4631/7435/4631
f 4620/7417/4620 4621/7419/4621 4633/7438/4633
f 4620/7417/4620 4633/7438/4633 4632/7436/4632
f 4621/7419/4621 4622/7421/4622 4634/7439/4634
f 4621/7419/4621 4634/7439/4634 4633/7438/4633
f 4622/7421/4622 4623/7422/4623 4635/7440/4635
f 4622/7421/4622 4635/7440/4635 4634/7439/4634
f 4623/7422/4623 4624/7423/4624 4636/7441/4636
f 4623/7422/4623 4636/7441/4636 4635/7440/4635
f 4624/7424/4624 4625/7426/4625 4637/7444/4637
f 4624/7424/4624 4637/7444/4637 4636/7442/4636
f 4625/7425/4625 4626/7427/4626 4638/7445/4638
f 4625/7425/4625 4638/7445/4638 4637/7443/4637
f 4626/7428/4626 4627/7430/4627 4639/7448/4639
f 4626/7428/4626 4639/7448/4639 4638/7446/4638
f 4627/7429/4627 4616/7412/4616 4628/7431/4628
f 4627/7429/4627 4628/7431/4628 4639/7447/4639
f 4628/7431/4628 4629/7432/4629 4641/7450/4641
f 4628/7431/4628 4641/7450/4641 4640/7449/4640
f 4629/7433/4629 4630/7434/4630 4642/7452/4642
f 4629/7433/4629 4642/7452/4642 4641/7451/4641
f 4630/7434/4630 4631/7435/4631 4643/7453/4643
f 4630/7434/4630 4643/7453/4643 4642/7452/4642
f 4631/7435/4631 4632/7437/4632 4644/7455/4644
f 4631/7435/4631 4644/7455/4644 4643/7453/4643
f 4632/7436/4632 4633/7438/4633 4645/7456/4645
f 4632/7436/4632 4645/7456/4645 4644/7454/4644
f 4633/7438/4633 4634/7439/4634 4646/7457/4646
f 4633/7438/4633 4646/7457/4646 4645/7456/4645
f 4634/7439/4634 4635/7440/4635 4647/7458/4647
f 4634/7439/4634 4647/7458/4647 4646/7457/4646
f 4635/7440/4635 4636/7441/4636 4648/7460/4648
f 4635/7440/4635 4648/7460/4648 4647/7458/4647
f 4636/7442/4636 4637/7444/4637 4649/7463/4649
f 4636/7442/4636 4649/7463/4649 4648/7461/4648
f 4637/7443/4637 4638/7445/4638 4650/7464/4650
f 4637/7443/4637 4650/7464/4650 4649/7462/4649
f 4638/7446/4638 4639/7448/4639 4651/7467/4651
f 4638/7446/4638 4651/7467/4651 4650/7465/4650
f 4639/7447/4639 4628/7431/4628 4640/7449/4640
f 4639/7447/4639 4640/7449/4640 4651/7466/4651
f 4640/7449/4640 4641/7450/4641 4653/7469/4653
f 4640/7449/4640 4653/7469/4653 4652/7468/4652
f 4641/7451/4641 4642/7452/4642 4654/7471/4654
f 4641/7450/4641 4654/7470/4654 4653/7469/4653
f 4642/7452/4642 4643/7453/4643 4655/7472/4655
f 4642/7452/4642 4655/7472/4655 4654/7471/4654
f 4643/7453/4643 4644/7455/4644 4656/7474/4656
f 4643/7453/4643 4656/7474/4656 4655/7472/4655
f 4644/7454/4644 4645/7456/4645 4657/7475/4657
f 4644/7454/4644 4657/7475/4657 4656/7473/4656
f 4645/7456/4645 4646/7457/4646 4658/7476/4658
f 4645/7456/4645 4658/7476/4658 4657/7475/4657
f 4646/7457/4646 4647/7458/4647 4659/7477/4659
f 4646/7457/4646 4659/7477/4659 4658/7476/4658
f 4647/7458/4647 4648/7460/4648 4660/7479/4660
f 4647/7459/4647 4660/7480/4660 4659/7478/4659
f 4648/7461/4648 4649/7463/4649 4661/7481/4661
f 4648/7461/4648 4661/7481/4661 4660/7480/4660
f 4649/7462/4649 4650/7464/4650 4662/7482/4662
f 4649/7463/4649 4662/7483/4662 4661/7481/4661
f 4650/7465/4650 4651/7467/4651 4663/7485/4663
f 4650/7465/4650 4663/7485/4663 4662/7483/4662
f 4651/7466/4651 4640/7449/4640 4652/7468/4652
f 4651/7466/4651 4652/7468/4652 4663/7484/4663
f 4652/7468/4652 4653/7469/4653 4665/7487/4665
f 4652/7468/4652 4665/7487/4665 4664/7486/4664
f 4653/7469/4653 4654/7470/4654 4666/7488/4666
f 4653/7469/4653 4666/7488/4666 4665/7487/4665
f 4654/7471/4654 4655/7472/4655 4667/7490/4667
f 4654/7471/4654 4667/7490/4667 4666/7489/4666
f 4655/7472/4655 4656/7474/4656 4668/7492/4668
f 4655/7472/4655 4668/7492/4668 4667/7490/4667
f 4656/7473/4656 4657/7475/4657 4669/7493/4669
f 4656/7473/4656 4669/7493/4669 4668/7491/4668
f 4657/7475/4657 4658/7476/4658 4670/7494/4670
f 4657/7475/4657 4670/7494/4670 4669/7493/4669
f 4658/7476/4658 4659/7477/4659 4671/7495/4671
f 4658/7476/4658 4671/7495/4671 4670/7494/4670
f 4659/7478/4659 4660/7480/4660 4672/7497/4672
f 4659/7478/4659 4672/7497/4672 4671/7496/4671
f 4660/7480/4660 4661/7481/4661 4673/7498/4673
f 4660/7480/4660 4673/7498/4673 4672/7497/4672
f 4661/7481/4661 4662/7483/4662 4674/7499/4674
f 4661/7481/4661 4674/7499/4674 4673/7498/4673
f 4662/7483/4662 4663/7485/4663 4675/7501/4675
f 4662/7483/4662 4675/7501/4675 4674/7499/4674
f 4663/7484/4663 4652/7468/4652 4664/7486/4664
f 4663/7484/4663 4664/7486/4664 4675/7500/4675
f 4664/7486/4664 4665/7487/4665 4677/7503/4677
f 4664/7486/4664 4677/7503/4677 4676/7502/4676
f 4665/7487/4665 4666/7488/4666 4678/7504/4678
f 4665/7487/4665 4678/7504/4678 4677/7503/4677
f 4666/7489/4666 4667/7490/4667 4679/7506/4679
f 4666/7489/4666 4679/7506/4679 4678/7505/4678
f 4667/7490/4667 4668/7492/4668 4680/7508/4680
f 4667/7490/4667 4680/7508/4680 4679/7506/4679
f 4668/7491/4668 4669/7493/4669 4681/7509/4681
f 4668/7491/4668 4681/7509/4681 4680/7507/4680
f 4669/7493/4669 4670/7494/4670 4682/7510/4682
f 4669/7493/4669 4682/7510/4682 4681/7509/4681
f 4670/7494/4670 4671/7495/4671 4683/7511/4683
f 4670/7494/4670 4683/7511/4683 4682/7510/4682
f 4671/7496/4671 4672/7497/4672 4684/7513/4684
f 4671/7496/4671 4684/7513/4684 4683/7512/4683
f 4672/7497/4672 4673/7498/4673 4685/7514/4685
f 4672/7497/4672 4685/7514/4685 4684/7513/4684
f 4673/7498/4673 4674/7499/4674 4686/7515/4686
f 4673/7498/4673 4686/7515/4686 4685/7514/4685
f 4674/7499/4674 4675/7501/4675 4687/7517/4687
f 4674/7499/4674 4687/7517/4687 4686/7515/4686
f 4675/7500/4675 4664/7486/4664 4676/7502/4676
f 4675/7500/4675 4676/7502/4676 4687/7516/4687
f 4676/7502/4676 4677/7503/4677 4688/7518/4688
f 4677/7503/4677 4678/7504/4678 4688/7518/4688
f 4678/7505/4678 4679/7506/4679 4688/7519/4688
f 4679/7506/4679 4680/7508/4680 4688/7519/4688
f 4680/7507/4680 4681/7509/4681 4688/7518/4688
f 4681/7509/4681 4682/7510/4682 4688/7518/4688
f 4682/7510/4682 4683/7511/4683 4688/7518/4688
f 4683/7512/4683 4684/7513/4684 4688/7519/4688
f 4684/7513/4684 4685/7514/4685 4688/7519/4688
f 4685/7514/4685 4686/7515/4686 4688/7519/4688
f 4686/7515/4686 4687/7517/4687 4688/7519/4688
f 4687/7516/4687 4676/7502/4676 4688/7518/4688
f 4689/7520/4689 4690/7521/4690 4702/7538/4702
f 4689/7520/4689 4702/7538/4702 4701/7537/4701
f 4690/7521/4690 4691/7522/4691 4703/7539/4703
f 4690/7521/4690 4703/7539/4703 4702/7538/4702
f 4691/7523/4691 4692/7525/4692 4704/7542/4704
f 4691/7523/4691 4704/7542/4704 4703/7540/4703
f 4692/7525/4692 4693/7526/4693 4705/7544/4705
f 4692/7524/4692 4705/7543/4705 4704/7541/4704
f 4693/7526/4693 4694/7528/4694 4706/7546/4706
f 4693/7526/4693 4706/7546/4706 4705/7544/4705
f 4694/7527/4694 4695/7529/4695 4707/7547/4707
f 4694/7527/4694 4707/7547/4707 4706/7545/4706
f 4695/7529/4695 4696/7530/4696 4708/7548/4708
f 4695/7529/4695 4708/7548/4708 4707/7547/4707
f 4696/7531/4696 4697/7532/4697 4709/7550/4709
f 4696/7531/4696 4709/7550/4709 4708/7549/4708
f 4697/7532/4697 4698/7533/4698 4710/7551/4710
f 4697/7532/4697 4710/7551/4710 4709/7550/4709
f 4698/7533/4698 4699/7535/4699 4711/7553/4711
f 4698/7533/4698 4711/7553/4711 4710/7551/4710
f 4699/7534/4699 4700/7536/4700 4712/7554/4712
f 4699/7534/4699 4712/7554/4712 4711/7552/4711
f 4700/7536/4700 4689/7520/4689 4701/7537/4701
f 4700/7536/4700 4701/7537/4701 4712/7554/4712
f 4701/7537/4701 4702/7538/4702 4714/7556/4714
f 4701/7537/4701 4714/7556/4714 4713/7555/4713
f 4702/7538/4702 4703/7539/4703 4715/7557/4715
f 4702/7538/4702 4715/7557/4715 4714/7556/4714
f 4703/7540/4703 4704/7542/4704 4716/7559/4716
f 4703/7540/4703 4716/7559/4716 4715/7558/4715
f 4704/7541/4704 4705/7543/4705 4717/7560/4717
f 4704/7542/4704 4717/7561/4717 4716/7559/4716
f 4705/7544/4705 4706/7546/4706 4718/7563/4718
f 4705/7544/4705 4718/7563/4718 4717/7561/4717
f 4706/7545/4706 4707/7547/4707 4719/7564/4719
f 4706/7545/4706 4719/7564/4719 4718/7562/4718
f 4707/7547/4707 4708/7548/4708 4720/7565/4720
f 4707/7547/4707 4720/7565/4720 4719/7564/4719
f 4708/7549/4708 4709/7550/4709 4721/7567/4721
f 4708/7549/4708 4721/7567/4721 4720/7566/4720
f 4709/7550/4709 4710/7551/4710 4722/7568/4722
f 4709/7550/4709 4722/7568/4722 4721/7567/4721
f 4710/7551/4710 4711/7553/4711 4723/7570/4723
f 4710/7551/4710 4723/7570/4723 4722/7568/4722
f 4711/7552/4711 4712/7554/4712 4724/7571/4724
f 4711/7552/4711 4724/7571/4724 4723/7569/4723
f 4712/7554/4712 4701/7537/4701 4713/7555/4713
f 4712/7554/4712 4713/7555/4713 4724/7571/4724
f 4713/7555/4713 4714/7556/4714 4726/7573/4726
f 4713/7555/4713 4726/7573/4726 4725/7572/4725
f 4714/7556/4714 4715/7557/4715 4727/7574/4727
f 4714/7556/4714 4727/7574/4727 4726/7573/4726
f 4715/7558/4715 4716/7559/4716 4728/7576/4728
f 4715/7558/4715 4728/7576/4728 4727/7575/4727
f 4716/7559/4716 4717/7561/4717 4729/7577/4729
f 4716/7559/4716 4729/7577/4729 4728/7576/4728
f 4717/7561/4717 4718/7563/4718 4730/7579/4730
f 4717/7561/4717 4730/7579/4730 4729/7577/4729
f 4718/7562/4718 4719/7564/4719 4731/7580/4731
f 4718/7562/4718 4731/7580/4731 4730/7578/4730
f 4719/7564/4719 4720/7565/4720 4732/7581/4732
f 4719/7564/4719 4732/7581/4732 4731/7580/4731
f 4720/7566/4720 4721/7567/4721 4733/7583/4733
f 4720/7566/4720 4733/7583/4733 4732/7582/4732
f 4721/7567/4721 4722/7568/4722 4734/7584/4734
f 4721/7567/4721 4734/7584/4734 4733/7583/4733
f 4722/7568/4722 4723/7570/4723 4735/7586/4735
f 4722/7568/4722 4735/7586/4735 4734/7584/4734
f 4723/7569/4723 4724/7571/4724 4736/7587/4736
f 4723/7569/4723 4736/7587/4736 4735/7585/4735
f 4724/7571/4724 4713/7555/4713 4725/7572/4725
f 4724/7571/4724 4725/7572/4725 4736/7587/4736
f 4725/7572/4725 4726/7573/4726 4738/7589/4738
f 4725/7572/4725 4738/7589/4738 4737/7588/4737
f 4726/7573/4726 4727/7574/4727 4739/7591/4739
f 4726/7573/4726 4739/7591/4739 4738/7589/4738
f 4727/7575/4727 4728/7576/4728 4740/7593/4740
f 4727/7575/4727 4740/7593/4740 4739/7592/4739
f 4728/7576/4728 4729/7577/4729 4741/7594/4741
f 4728/7576/4728 4741/7594/4741 4740/7593/4740
f 4729/7577/4729 4730/7579/4730 4742/7596/4742
f 4729/7577/4729 4742/7596/4742 4741/7594/4741
f 4730/7578/4730 4731/7580/4731 4743/7597/4743
f 4730/7578/4730 4743/7597/4743 4742/7595/4742
f 4731/7580/4731 4732/7581/4732 4744/7598/4744
f 4731/7580/4731 4744/7598/4744 4743/7597/4743
f 4732/7582/4732 4733/7583/4733 4745/7600/4745
f 4732/7582/4732 4745/7600/4745 4744/7599/4744
f 4733/7583/4733 4734/7584/4734 4746/7601/4746
f 4733/7583/4733 4746/7601/4746 4745/7600/4745
f 4734/7584/4734 4735/7586/4735 4747/7603/4747
f 4734/7584/4734 4747/7603/4747 4746/7601/4746
f 4735/7585/4735 4736/7587/4736 4748/7604/4748
f 4735/7585/4735 4748/7604/4748 4747/7602/4747
f 4736/7587/4736 4725/7572/4725 4737/7588/4737
f 4736/7587/4736 4737/7588/4737 4748/7604/4748
f 4737/7588/4737 4738/7589/4738 4750/7606/4750
f 4737/7588/4737 4750/7606/4750 4749/7605/4749
f 4738/7589/4738 4739/7591/4739 4751/7608/4751
f 4738/7590/4738 4751/7609/4751 4750/7607/4750
f 4739/7592/4739 4740/7593/4740 4752/7610/4752
f 4739/7592/4739 4752/7610/4752 4751/7609/4751
f 4740/7593/4740 4741/7594/4741 4753/7611/4753
f 4740/7593/4740 4753/7611/4753 4752/7610/4752
f 4741/7594/4741 4742/7596/4742 4754/7613/4754
f 4741/7594/4741 4754/7613/4754 4753/7611/4753
f 4742/7595/4742 4743/7597/4743 4755/7614/4755
f 4742/7595/4742 4755/7614/4755 4754/7612/4754
f 4743/7597/4743 4744/7598/4744 4756/7615/4756
f 4743/7597/4743 4756/7615/4756 4755/7614/4755
f 4744/7599/4744 4745/7600/4745 4757/7617/4757
f 4744/7598/4744 4757/7616/4757 4756/7615/4756
f 4745/7600/4745 4746/7601/4746 4758/7618/4758
f 4745/7600/4745 4758/7618/4758 4757/7617/4757
f 4746/7601/4746 4747/7603/4747 4759/7620/4759
f 4746/7601/4746 4759/7620/4759 4758/7618/4758
f 4747/7602/4747 4748/7604/4748 4760/7621/4760
f 4747/7602/4747 4760/7621/4760 4759/7619/4759
f 4748/7604/4748 4737/7588/4737 4749/7605/4749
f 4748/7604/4748 4749/7605/4749 4760/7621/4760
f 4749/7605/4749 4750/7606/4750 4762/7625/4762
f 4749/7605/4749 4762/7625/4762 4761/7623/4761
f 4750/7607/4750 4751/7609/4751 4763/7627/4763
f 4750/7607/4750 4763/7627/4763 4762/7626/4762
f 4751/7609/4751 4752/7610/4752 4764/7628/4764
f 4751/7609/4751 4764/7628/4764 4763/7627/4763
f 4752/7610/4752 4753/7611/4753 4765/7629/4765
f 4752/7610/4752 4765/7629/4765 4764/7628/4764
f 4753/7611/4753 4754/7613/4754 4766/7631/4766
f 4753/7611/4753 4766/7631/4766 4765/7629/4765
f 4754/7612/4754 4755/7614/4755 4767/7632/4767
f 4754/7612/4754 4767/7632/4767 4766/7630/4766
f 4755/7614/4755 4756/7615/4756 4768/7633/4768
f 4755/7614/4755 4768/7633/4768 4767/7632/4767
f 4756/7615/4756 4757/7616/4757 4769/7634/4769
f 4756/7615/4756 4769/7634/4769 4768/7633/4768
f 4757/7617/4757 4758/7618/4758 4770/7636/4770
f 4757/7617/4757 4770/7636/4770 4769/7635/4769
f 4758/7618/4758 4759/7620/4759 4771/7638/4771
f 4758/7618/4758 4771/7638/4771 4770/7636/4770
f 4759/7619/4759 4760/7621/4760 4772/7639/4772
f 4759/7619/4759 4772/7639/4772 4771/7637/4771
f 4760/7621/4760 4749/7605/4749 4761/7623/4761
f 4760/7622/4760 4761/7624/4761 4772/7640/4772
f 4761/7623/4761 4762/7625/4762 4774/7643/4774
f 4761/7623/4761 4774/7643/4774 4773/7641/4773
f 4762/7626/4762 4763/7627/4763 4775/7645/4775
f 4762/7626/4762 4775/7645/4775 4774/7644/4774
f 4763/7627/4763 4764/7628/4764 4776/7646/4776
f 4763/7627/4763 4776/7646/4776 4775/7645/4775
f 4764/7628/4764 4765/7629/4765 4777/7647/4777
f 4764/7628/4764 4777/7647/4777 4776/7646/4776
f 4765/7629/4765 4766/7631/4766 4778/7649/4778
f 4765/7629/4765 4778/7649/4778 4777/7647/4777
f 4766/7630/4766 4767/7632/4767 4779/7650/4779
f 4766/7630/4766 4779/7650/4779 4778/7648/4778
f 4767/7632/4767 4768/7633/4768 4780/7651/4780
f 4767/7632/4767 4780/7651/4780 4779/7650/4779
f 4768/7633/4768 4769/7634/4769 4781/7652/4781
f 4768/7633/4768 4781/7652/4781 4780/7651/4780
f 4769/7635/4769 4770/7636/4770 4782/7654/4782
f 4769/7635/4769 4782/7654/4782 4781/7653/4781
f 4770/7636/4770 4771/7638/4771 4783/7656/4783
f 4770/7636/4770 4783/7656/4783 4782/7654/4782
f 4771/7637/4771 4772/7639/4772 4784/7657/4784
f 4771/7637/4771 4784/7657/4784 4783/7655/4783
f 4772/7640/4772 4761/7624/4761 4773/7642/4773
f 4772/7640/4772 4773/7642/4773 4784/7658/4784
f 4773/7641/4773 4774/7643/4774 4786/7661/4786
f 4773/7641/4773 4786/7661/4786 4785/7659/4785
f 4774/7644/4774 4775/7645/4775 4787/7663/4787
f 4774/7644/4774 4787/7663/4787 4786/7662/4786
f 4775/7645/4775 4776/7646/4776 4788/7664/4788
f 4775/7645/4775 4788/7664/4788 4787/7663/4787
f 4776/7646/4776 4777/7647/4777 4789/7665/4789
f 4776/7646/4776 4789/7665/4789 4788/7664/4788
f 4777/7647/4777 4778/7649/4778 4790/7667/4790
f 4777/7647/4777 4790/7667/4790 4789/7665/4789
f 4778/7648/4778 4779/7650/4779 4791/7668/4791
f 4778/7648/4778 4791/7668/4791 4790/7666/4790
f 4779/7650/4779 4780/7651/4780 4792/7669/4792
f 4779/7650/4779 4792/7669/4792 4791/7668/4791
f 4780/7651/4780 4781/7652/4781 4793/7670/4793
f 4780/7651/4780 4793/7670/4793 4792/7669/4792
f 4781/7653/4781 4782/7654/4782 4794/7672/4794
f 4781/7653/4781 4794/7672/4794 4793/7671/4793
f 4782/7654/4782 4783/7656/4783 4795/7674/4795
f 4782/7654/4782 4795/7674/4795 4794/7672/4794
f 4783/7655/4783 4784/7657/4784 4796/7675/4796
f 4783/7655/4783 4796/7675/4796 4795/7673/4795
f 4784/7658/4784 4773/7642/4773 4785/7660/4785
f 4784/7658/4784 4785/7660/4785 4796/7676/4796
f 4785/7659/4785 4786/7661/4786 4798/7679/4798
f 4785/7659/4785 4798/7679/4798 4797/7677/4797
f 4786/7662/4786 4787/7663/4787 4799/7681/4799
f 4786/7662/4786 4799/7681/4799 4798/7680/4798
f 4787/7663/4787 4788/7664/4788 4800/7682/4800
f 4787/7663/4787 4800/7682/4800 4799/7681/4799
f 4788/7664/4788 4789/7665/4789 4801/7683/4801
f 4788/7664/4788 4801/7683/4801 4800/7682/4800
f 4789/7665/4789 4790/7667/4790 4802/7685/4802
f 4789/7665/4789 4802/7685/4802 4801/7683/4801
f 4790/7666/4790 4791/7668/4791 4803/7686/4803
f 4790/7666/4790 4803/7686/4803 4802/7684/4802
f 4791/7668/4791 4792/7669/4792 4804/7687/4804
f 4791/7668/4791 4804/7687/4804 4803/7686/4803
f 4792/7669/4792 4793/7670/4793 4805/7688/4805
f 4792/7669/4792 4805/7688/4805 4804/7687/4804
f 4793/7671/4793 4794/7672/4794 4806/7690/4806
f 4793/7671/4793 4806/7690/4806 4805/7689/4805
f 4794/7672/4794 4795/7674/4795 4807/7692/4807
f 4794/7672/4794 4807/7692/4807 4806/7690/4806
f 4795/7673/4795 4796/7675/4796 4808/7693/4808
f 4795/7673/4795 4808/7693/4808 4807/7691/4807
f 4796/7676/4796 4785/7660/4785 4797/7678/4797
f 4796/7675/4796 4797/7677/4797 4808/7693/4808
f 4797/7677/4797 4798/7679/4798 4809/7694/4809
f 4798/7680/4798 4799/7681/4799 4809/7695/4809
f 4799/7681/4799 4800/7682/4800 4809/7695/4809
f 4800/7682/4800 4801/7683/4801 4809/7695/4809
f 4801/7683/4801 4802/7685/4802 4809/7695/4809
f 4802/7684/4802 4803/7686/4803 4809/7694/4809
f 4803/7686/4803 4804/7687/4804 4809/7694/4809
f 4804/7687/4804 4805/7688/4805 4809/7694/4809
f 4805/7689/4805 4806/7690/4806 4809/7695/4809
f 4806/7690/4806 4807/7692/4807 4809/7695/4809
f 4807/7691/4807 4808/7693/4808 4809/7694/4809
f 4808/7693/4808 4797/7677/4797 4809/7694/4809
f 4810/7696/4810 4811/7697/4811 4823/7715/4823
f 4810/7696/4810 4823/7715/4823 4822/7714/4822
f 4811/7697/4811 4812/7698/4812 4824/7717/4824
f 4811/7697/4811 4824/7717/4824 4823/7715/4823
f 4812/7699/4812 4813/7701/4813 4825/7719/4825
f 4812/7699/4812 4825/7719/4825 4824/7718/4824
f 4813/7700/4813 4814/7702/4814 4826/7720/4826
f 4813/7701/4813 4826/7721/4826 4825/7719/4825
f 4814/7703/4814 4815/7705/4815 4827/7723/4827
f 4814/7703/4814 4827/7723/4827 4826/7721/4826
f 4815/7704/4815 4816/7706/4816 4828/7724/4828
f 4815/7704/4815 4828/7724/4828 4827/7722/4827
f 4816/7706/4816 4817/7707/4817 4829/7725/4829
f 4816/7706/4816 4829/7725/4829 4828/7724/4828
f 4817/7708/4817 4818/7709/4818 4830/7727/4830
f 4817/7708/4817 4830/7727/4830 4829/7726/4829
f 4818/7709/4818 4819/7710/4819 4831/7728/4831
f 4818/7709/4818 4831/7728/4831 4830/7727/4830
f 4819/7710/4819 4820/7712/4820 4832/7730/4832
f 4819/7710/4819 4832/7730/4832 4831/7728/4831
f 4820/7711/4820 4821/7713/4821 4833/7731/4833
f 4820/7711/4820 4833/7731/4833 4832/7729/4832
f 4821/7713/4821 4810/7696/4810 4822/7714/4822
f 4821/7713/4821 4822/7714/4822 4833/7731/4833
f 4822/7714/4822 4823/7715/4823 4835/7733/4835
f 4822/7714/4822 4835/7733/4835 4834/7732/4834
f 4823/7715/4823 4824/7717/4824 4836/7735/4836
f 4823/7716/4823 4836/7736/4836 4835/7734/4835
f 4824/7718/4824 4825/7719/4825 4837/7737/4837
f 4824/7718/4824 4837/7737/4837 4836/7736/4836
f 4825/7719/4825 4826/7721/4826 4838/7738/4838
f 4825/7719/4825 4838/7738/4838 4837/7737/4837
f 4826/7721/4826 4827/7723/4827 4839/7740/4839
f 4826/7721/4826 4839/7740/4839 4838/7738/4838
f 4827/7722/4827 4828/7724/4828 4840/7741/4840
f 4827/7722/4827 4840/7741/4840 4839/7739/4839
f 4828/7724/4828 4829/7725/4829 4841/7742/4841
f 4828/7724/4828 4841/7742/4841 4840/7741/4840
f 4829/7726/4829 4830/7727/4830 4842/7744/4842
f 4829/7725/4829 4842/7743/4842 4841/7742/4841
f 4830/7727/4830 4831/7728/4831 4843/7745/4843
f 4830/7727/4830 4843/7745/4843 4842/7744/4842
f 4831/7728/4831 4832/7730/4832 4844/7747/4844
f 4831/7728/4831 4844/7747/4844 4843/7745/4843
f 4832/7729/4832 4833/7731/4833 4845/7748/4845
f 4832/7729/4832 4845/7748/4845 4844/7746/4844
f 4833/7731/4833 4822/7714/4822 4834/7732/4834
f 4833/7731/4833 4834/7732/4834 4845/7748/4845
f 4834/7732/4834 4835/7733/4835 4847/7750/4847
f 4834/7732/4834 4847/7750/4847 4846/7749/4846
f 4835/7734/4835 4836/7736/4836 4848/7752/4848
f 4835/7734/4835 4848/7752/4848 4847/7751/4847
f 4836/7736/4836 4837/7737/4837 4849/7753/4849
f 4836/7736/4836 4849/7753/4849 4848/7752/4848
f 4837/7737/4837 4838/7738/4838 4850/7754/4850
f 4837/7737/4837 4850/7754/4850 4849/7753/4849
f 4838/7738/4838 4839/7740/4839 4851/7756/4851
f 4838/7738/4838 4851/7756/4851 4850/7754/4850
f 4839/7739/4839 4840/7741/4840 4852/7757/4852
f 4839/7739/4839 4852/7757/4852 4851/7755/4851
f 4840/7741/4840 4841/7742/4841 4853/7758/4853
f 4840/7741/4840 4853/7758/4853 4852/7757/4852
f 4841/7742/4841 4842/7743/4842 4854/7759/4854
f 4841/7742/4841 4854/7759/4854 4853/7758/4853
f 4842/7744/4842 4843/7745/4843 4855/7761/4855
f 4842/7744/4842 4855/7761/4855 4854/7760/4854
f 4843/7745/4843 4844/7747/4844 4856/7763/4856
f 4843/7745/4843 4856/7763/4856 4855/7761/4855
f 4844/7746/4844 4845/7748/4845 4857/7764/4857
f 4844/7746/4844 4857/7764/4857 4856/7762/4856
f 4845/7748/4845 4834/7732/4834 4846/7749/4846
f 4845/7748/4845 4846/7749/4846 4857/7764/4857
f 4846/7749/4846 4847/7750/4847 4859/7768/4859
f 4846/7749/4846 4859/7768/4859 4858/7766/4858
f 4847/7751/4847 4848/7752/4848 4860/7770/4860
f 4847/7751/4847 4860/7770/4860 4859/7769/4859
f 4848/7752/4848 4849/7753/4849 4861/7771/4861
f 4848/7752/4848 4861/7771/4861 4860/7770/4860
f 4849/7753/4849 4850/7754/4850 4862/7772/4862
f 4849/7753/4849 4862/7772/4862 4861/7771/4861
f 4850/7754/4850 4851/7756/4851 4863/7774/4863
f 4850/7754/4850 4863/7774/4863 4862/7772/4862
f 4851/7755/4851 4852/7757/4852 4864/7775/4864
f 4851/7755/4851 4864/7775/4864 4863/7773/4863
f 4852/7757/4852 4853/7758/4853 4865/7776/4865
f 4852/7757/4852 4865/7776/4865 4864/7775/4864
f 4853/7758/4853 4854/7759/4854 4866/7777/4866
f 4853/7758/4853 4866/7777/4866 4865/7776/4865
f 4854/7760/4854 4855/7761/4855 4867/7779/4867
f 4854/7760/4854 4867/7779/4867 4866/7778/4866
f 4855/7761/4855 4856/7763/4856 4868/7781/4868
f 4855/7761/4855 4868/7781/4868 4867/7779/4867
f 4856/7762/4856 4857/7764/4857 4869/7782/4869
f 4856/7762/4856 4869/7782/4869 4868/7780/4868
f 4857/7764/4857 4846/7749/4846 4858/7766/4858
f 4857/7765/4857 4858/7767/4858 4869/7783/4869
f 4858/7766/4858 4859/7768/4859 4871/7786/4871
f 4858/7766/4858 4871/7786/4871 4870/7784/4870
f 4859/7769/4859 4860/7770/4860 4872/7788/4872
f 4859/7769/4859 4872/7788/4872 4871/7787/4871
f 4860/7770/4860 4861/7771/4861 4873/7789/4873
f 4860/7770/4860 4873/7789/4873 4872/7788/4872
f 4861/7771/4861 4862/7772/4862 4874/7790/4874
f 4861/7771/4861 4874/7790/4874 4873/7789/4873
f 4862/7772/4862 4863/7774/4863 4875/7792/4875
f 4862/7772/4862 4875/7792/4875 4874/7790/4874
f 4863/7773/4863 4864/7775/4864 4876/7793/4876
f 4863/7773/4863 4876/7793/4876 4875/7791/4875
f 4864/7775/4864 4865/7776/4865 4877/7794/4877
f 4864/7775/4864 4877/7794/4877 4876/7793/4876
f 4865/7776/4865 4866/7777/4866 4878/7795/4878
f 4865/7776/4865 4878/7795/4878 4877/7794/4877
f 4866/7778/4866 4867/7779/4867 4879/7797/4879
f 4866/7778/4866 4879/7797/4879 4878/7796/4878
f 4867/7779/4867 4868/7781/4868 4880/7799/4880
f 4867/7779/4867 4880/7799/4880 4879/7797/4879
f 4868/7780/4868 4869/7782/4869 4881/7800/4881
f 4868/7780/4868 4881/7800/4881 4880/7798/4880
f 4869/7783/4869 4858/7767/4858 4870/7785/4870
f 4869/7783/4869 4870/7785/4870 4881/7801/4881
f 4870/7784/4870 4871/7786/4871 4883/7804/4883
f 4870/7784/4870 4883/7804/4883 4882/7802/4882
f 4871/7787/4871 4872/7788/4872 4884/7806/4884
f 4871/7787/4871 4884/7806/4884 4883/7805/4883
f 4872/7788/4872 4873/7789/4873 4885/7807/4885
f 4872/7788/4872 4885/7807/4885 4884/7806/4884
f 4873/7789/4873 4874/7790/4874 4886/7809/4886
f 4873/7789/4873 4886/7809/4886 4885/7807/4885
f 4874/7790/4874 4875/7792/4875 4887/7811/4887
f 4874/7790/4874 4887/7811/4887 4886/7809/4886
f 4875/7791/4875 4876/7793/4876 4888/7812/4888
f 4875/7791/4875 4888/7812/4888 4887/7810/4887
f 4876/7793/4876 4877/7794/4877 4889/7813/4889
f 4876/7793/4876 4889/7813/4889 4888/7812/4888
f 4877/7794/4877 4878/7795/4878 4890/7814/4890
f 4877/7794/4877 4890/7814/4890 4889/7813/4889
f 4878/7796/4878 4879/7797/4879 4891/7816/4891
f 4878/7796/4878 4891/7816/4891 4890/7815/4890
f 4879/7797/4879 4880/7799/4880 4892/7818/4892
f 4879/7797/4879 4892/7818/4892 4891/7816/4891
f 4880/7798/4880 4881/7800/4881 4893/7819/4893
f 4880/7798/4880 4893/7819/4893 4892/7817/4892
f 4881/7801/4881 4870/7785/4870 4882/7803/4882
f 4881/7800/4881 4882/7802/4882 4893/7819/4893
f 4882/7802/4882 4883/7804/4883 4895/7821/4895
f 4882/7802/4882 4895/7821/4895 4894/7820/4894
f 4883/7805/4883 4884/7806/4884 4896/7824/4896
f 4883/7805/4883 4896/7824/4896 4895/7822/4895
f 4884/7806/4884 4885/7807/4885 4897/7825/4897
f 4884/7806/4884 4897/7825/4897 4896/7824/4896
f 4885/7807/4885 4886/7809/4886 4898/7827/4898
f 4885/7807/4885 4898/7827/4898 4897/7825/4897
f 4886/7809/4886 4887/7811/4887 4899/7829/4899
f 4886/7808/4886 4899/7828/4899 4898/7826/4898
f 4887/7810/4887 4888/7812/4888 4900/7830/4900
f 4887/7810/4887 4900/7830/4900 4899/7828/4899
f 4888/7812/4888 4889/7813/4889 4901/7831/4901
f 4888/7812/4888 4901/7831/4901 4900/7830/4900
f 4889/7813/4889 4890/7814/4890 4902/7832/4902
f 4889/7813/4889 4902/7832/4902 4901/7831/4901
f 4890/7815/4890 4891/7816/4891 4903/7834/4903
f 4890/7815/4890 4903/7834/4903 4902/7833/4902
f 4891/7816/4891 4892/7818/4892 4904/7835/4904
f 4891/7816/4891 4904/7835/4904 4903/7834/4903
f 4892/7817/4892 4893/7819/4893 4905/7836/4905
f 4892/7818/4892 4905/7837/4905 4904/7835/4904
f 4893/7819/4893 4882/7802/4882 4894/7820/4894
f 4893/7819/4893 4894/7820/4894 4905/7836/4905
f 4894/7820/4894 4895/7821/4895 4907/7839/4907
f 4894/7820/4894 4907/7839/4907 4906/7838/4906
f 4895/7822/4895 4896/7824/4896 4908/7842/4908
f 4895/7822/4895 4908/7842/4908 4907/7840/4907
f 4896/7824/4896 4897/7825/4897 4909/7844/4909
f 4896/7823/4896 4909/7843/4909 4908/7841/4908
f 4897/7825/4897 4898/7827/4898 4910/7846/4910
f 4897/7825/4897 4910/7846/4910 4909/7844/4909
f 4898/7826/4898 4899/7828/4899 4911/7847/4911
f 4898/7826/4898 4911/7847/4911 4910/7845/4910
f 4899/7828/4899 4900/7830/4900 4912/7848/4912
f 4899/7828/4899 4912/7848/4912 4911/7847/4911
f 4900/7830/4900 4901/7831/4901 4913/7849/4913
f 4900/7830/4900 4913/7849/4913 4912/7848/4912
f 4901/7831/4901 4902/7832/4902 4914/7850/4914
f 4901/7831/4901 4914/7850/4914 4913/7849/4913
f 4902/7833/4902 4903/7834/4903 4915/7852/4915
f 4902/7833/4902 4915/7852/4915 4914/7851/4914
f 4903/7834/4903 4904/7835/4904 4916/7853/4916
f 4903/7834/4903 4916/7853/4916 4915/7852/4915
f 4904/7835/4904 4905/7837/4905 4917/7855/4917
f 4904/7835/4904 4917/7855/4917 4916/7853/4916
f 4905/7836/4905 4894/7820/4894 4906/7838/4906
f 4905/7836/4905 4906/7838/4906 4917/7854/4917
f 4906/7838/4906 4907/7839/4907 4919/7857/4919
f 4906/7838/4906 4919/7857/4919 4918/7856/4918
f 4907/7840/4907 4908/7842/4908 4920/7859/4920
f 4907/7840/4907 4920/7859/4920 4919/7858/4919
f 4908/7841/4908 4909/7843/4909 4921/7860/4921
f 4908/7842/4908 4921/7861/4921 4920/7859/4920
f 4909/7844/4909 4910/7846/4910 4922/7863/4922
f 4909/7844/4909 4922/7863/4922 4921/7861/4921
f 4910/7845/4910 4911/7847/4911 4923/7864/4923
f 4910/7845/4910 4923/7864/4923 4922/7862/4922
f 4911/7847/4911 4912/7848/4912 4924/7865/4924
f 4911/7847/4911 4924/7865/4924 4923/7864/4923
f 4912/7848/4912 4913/7849/4913 4925/7866/4925
f 4912/7848/4912 4925/7866/4925 4924/7865/4924
f 4913/7849/4913 4914/7850/4914 4926/7867/4926
f 4913/7849/4913 4926/7867/4926 4925/7866/4925
f 4914/7851/4914 4915/7852/4915 4927/7869/4927
f 4914/7851/4914 4927/7869/4927 4926/7868/4926
f 4915/7852/4915 4916/7853/4916 4928/7870/4928
f 4915/7852/4915 4928/7870/4928 4927/7869/4927
f 4916/7853/4916 4917/7855/4917 4929/7872/4929
f 4916/7853/4916 4929/7872/4929 4928/7870/4928
f 4917/7854/4917 4906/7838/4906 4918/7856/4918
f 4917/7854/4917 4918/7856/4918 4929/7871/4929
f 4918/7856/4918 4919/7857/4919 4930/7873/4930
f 4919/7858/4919 4920/7859/4920 4930/7874/4930
f 4920/7859/4920 4921/7861/4921 4930/7874/4930
f 4921/7861/4921 4922/7863/4922 4930/7874/4930
f 4922/7862/4922 4923/7864/4923 4930/7873/4930
f 4923/7864/4923 4924/7865/4924 4930/7873/4930
f 4924/7865/4924 4925/7866/4925 4930/7873/4930
f 4925/7866/4925 4926/7867/4926 4930/7873/4930
f 4926/7868/4926 4927/7869/4927 4930/7874/4930
f 4927/7869/4927 4928/7870/4928 4930/7874/4930
f 4928/7870/4928 4929/7872/4929 4930/7874/4930
f 4929/7871/4929 4918/7856/4918 4930/7873/4930
f 4931/7875/4931 4932/7876/4932 4944/7892/4944
f 4931/7875/4931 4944/7892/4944 4943/7891/4943
f 4932/7876/4932 4933/7877/4933 4945/7893/4945
f 4932/7876/4932 4945/7893/4945 4944/7892/4944
f 4933/7878/4933 4934/7879/4934 4946/7895/4946
f 4933/7878/4933 4946/7895/4946 4945/7894/4945
f 4934/7879/4934 4935/7881/4935 4947/7897/4947
f 4934/7879/4934 4947/7897/4947 4946/7895/4946
f 4935/7880/4935 4936/7882/4936 4948/7898/4948
f 4935/7880/4935 4948/7898/4948 4947/7896/4947
f 4936/7882/4936 4937/7883/4937 4949/7899/4949
f 4936/7882/4936 4949/7899/4949 4948/7898/4948
f 4937/7883/4937 4938/7884/4938 4950/7900/4950
f 4937/7883/4937 4950/7900/4950 4949/7899/4949
f 4938/7885/4938 4939/7886/4939 4951/7902/4951
f 4938/7885/4938 4951/7902/4951 4950/7901/4950
f 4939/7886/4939 4940/7887/4940 4952/7903/4952
f 4939/7886/4939 4952/7903/4952 4951/7902/4951
f 4940/7887/4940 4941/7888/4941 4953/7904/4953
f 4940/7887/4940 4953/7904/4953 4952/7903/4952
f 4941/7888/4941 4942/7890/4942 4954/7906/4954
f 4941/7888/4941 4954/7906/4954 4953/7904/4953
f 4942/7889/4942 4931/7875/4931 4943/7891/4943
f 4942/7889/4942 4943/7891/4943 4954/7905/4954
f 4943/7891/4943 4944/7892/4944 4956/7908/4956
f 4943/7891/4943 4956/7908/4956 4955/7907/4955
f 4944/7892/4944 4945/7893/4945 4957/7909/4957
f 4944/7892/4944 4957/7909/4957 4956/7908/4956
f 4945/7894/4945 4946/7895/4946 4958/7911/4958
f 4945/7894/4945 4958/7911/4958 4957/7910/4957
f 4946/7895/4946 4947/7897/4947 4959/7913/4959
f 4946/7895/4946 4959/7913/4959 4958/7911/4958
f 4947/7896/4947 4948/7898/4948 4960/7914/4960
f 4947/7896/4947 4960/7914/4960 4959/7912/4959
f 4948/7898/4948 4949/7899/4949 4961/7915/4961
f 4948/7898/4948 4961/7915/4961 4960/7914/4960
f 4949/7899/4949 4950/7900/4950 4962/7916/4962
f 4949/7899/4949 4962/7916/4962 4961/7915/4961
f 4950/7901/4950 4951/7902/4951 4963/7918/4963
f 4950/7901/4950 4963/7918/4963 4962/7917/4962
f 4951/7902/4951 4952/7903/4952 4964/7919/4964
f 4951/7902/4951 4964/7919/4964 4963/7918/4963
f 4952/7903/4952 4953/7904/4953 4965/7920/4965
f 4952/7903/4952 4965/7920/4965 4964/7919/4964
f 4953/7904/4953 4954/7906/4954 4966/7922/4966
f 4953/7904/4953 4966/7922/4966 4965/7920/4965
f 4954/7905/4954 4943/7891/4943 4955/7907/4955
f 4954/7905/4954 4955/7907/4955 4966/7921/4966
f 4955/7907/4955 4956/7908/4956 4968/7924/4968
f 4955/7907/4955 4968/7924/4968 4967/7923/4967
f 4956/7908/4956 4957/7909/4957 4969/7925/4969
f 4956/7908/4956 4969/7925/4969 4968/7924/4968
f 4957/7910/4957 4958/7911/4958 4970/7927/4970
f 4957/7910/4957 4970/7927/4970 4969/7926/4969
f 4958/7911/4958 4959/7913/4959 4971/7929/4971
f 4958/7911/4958 4971/7929/4971 4970/7927/4970
f 4959/7912/4959 4960/7914/4960 4972/7930/4972
f 4959/7912/4959 4972/7930/4972 4971/7928/4971
f 4960/7914/4960 4961/7915/4961 4973/7931/4973
f 4960/7914/4960 4973/7931/4973 4972/7930/4972
f 4961/7915/4961 4962/7916/4962 4974/7932/4974
f 4961/7915/4961 4974/7932/4974 4973/7931/4973
f 4962/7917/4962 4963/7918/4963 4975/7934/4975
f 4962/7917/4962 4975/7934/4975 4974/7933/4974
f 4963/7918/4963 4964/7919/4964 4976/7935/4976
f 4963/7918/4963 4976/7935/4976 4975/7934/4975
f 4964/7919/4964 4965/7920/4965 4977/7937/4977
f 4964/7919/4964 4977/7937/4977 4976/7935/4976
f 4965/7920/4965 4966/7922/4966 4978/7939/4978
f 4965/7920/4965 4978/7939/4978 4977/7937/4977
f 4966/7921/4966 4955/7907/4955 4967/7923/4967
f 4966/7921/4966 4967/7923/4967 4978/7938/4978
f 4967/7923/4967 4968/7924/4968 4980/7941/4980
f 4967/7923/4967 4980/7941/4980 4979/7940/4979
f 4968/7924/4968 4969/7925/4969 4981/7942/4981
f 4968/7924/4968 4981/7942/4981 4980/7941/4980
f 4969/7926/4969 4970/7927/4970 4982/7944/4982
f 4969/7926/4969 4982/7944/4982 4981/7943/4981
f 4970/7927/4970 4971/7929/4971 4983/7945/4983
f 4970/7927/4970 4983/7945/4983 4982/7944/4982
f 4971/7928/4971 4972/7930/4972 4984/7946/4984
f 4971/7929/4971 4984/7947/4984 4983/7945/4983
f 4972/7930/4972 4973/7931/4973 4985/7948/4985
f 4972/7930/4972 4985/7948/4985 4984/7946/4984
f 4973/7931/4973 4974/7932/4974 4986/7949/4986
f 4973/7931/4973 4986/7949/4986 4985/7948/4985
f 4974/7933/4974 4975/7934/4975 4987/7952/4987
f 4974/7933/4974 4987/7952/4987 4986/7950/4986
f 4975/7934/4975 4976/7935/4976 4988/7953/4988
f 4975/7934/4975 4988/7953/4988 4987/7952/4987
f 4976/7935/4976 4977/7937/4977 4989/7955/4989
f 4976/7935/4976 4989/7955/4989 4988/7953/4988
f 4977/7937/4977 4978/7939/4978 4990/7957/4990
f 4977/7936/4977 4990/7956/4990 4989/7954/4989
f 4978/7938/4978 4967/7923/4967 4979/7940/4979
f 4978/7938/4978 4979/7940/4979 4990/7956/4990
f 4979/7940/4979 4980/7941/4980 4992/7959/4992
f 4979/7940/4979 4992/7959/4992 4991/7958/4991
f 4980/7941/4980 4981/7942/4981 4993/7960/4993
f 4980/7941/4980 4993/7960/4993 4992/7959/4992
f 4981/7943/4981 4982/7944/4982 4994/7962/4994
f 4981/7943/4981 4994/7962/4994 4993/7961/4993
f 4982/7944/4982 4983/7945/4983 4995/7963/4995
f 4982/7944/4982 4995/7963/4995 4994/7962/4994
f 4983/7945/4983 4984/7947/4984 4996/7965/4996
f 4983/7945/4983 4996/7965/4996 4995/7963/4995
f 4984/7946/4984 4985/7948/4985 4997/7966/4997
f 4984/7946/4984 4997/7966/4997 4996/7964/4996
f 4985/7948/4985 4986/7949/4986 4998/7967/4998
f 4985/7948/4985 4998/7967/4998 4997/7966/4997
f 4986/7950/4986 4987/7952/4987 4999/7970/4999
f 4986/7950/4986 4999/7970/4999 4998/7968/4998
f 4987/7952/4987 4988/7953/4988 5000/7972/5000
f 4987/7951/4987 5000/7971/5000 4999/7969/4999
f 4988/7953/4988 4989/7955/4989 5001/7974/5001
f 4988/7953/4988 5001/7974/5001 5000/7972/5000
f 4989/7954/4989 4990/7956/4990 5002/7975/5002
f 4989/7954/4989 5002/7975/5002 5001/7973/5001
f 4990/7956/4990 4979/7940/4979 4991/7958/4991
f 4990/7956/4990 4991/7958/4991 5002/7975/5002
f 4991/7958/4991 4992/7959/4992 5004/7977/5004
f 4991/7958/4991 5004/7977/5004 5003/7976/5003
f 4992/7959/4992 4993/7960/4993 5005/7978/5005
f 4992/7959/4992 5005/7978/5005 5004/7977/5004
f 4993/7961/4993 4994/7962/4994 5006/7980/5006
f 4993/7961/4993 5006/7980/5006 5005/7979/5005
f 4994/7962/4994 4995/7963/4995 5007/7981/5007
f 4994/7962/4994 5007/7981/5007 5006/7980/5006
f 4995/7963/4995 4996/7965/4996 5008/7983/5008
f 4995/7963/4995 5008/7983/5008 5007/7981/5007
f 4996/7964/4996 4997/7966/4997 5009/7984/5009
f 4996/7964/4996 5009/7984/5009 5008/7982/5008
f 4997/7966/4997 4998/7967/4998 5010/7985/5010
f 4997/7966/4997 5010/7985/5010 5009/7984/5009
f 4998/7968/4998 4999/7970/4999 5011/7988/5011
f 4998/7968/4998 5011/7988/5011 5010/7986/5010
f 4999/7969/4999 5000/7971/5000 5012/7989/5012
f 4999/7969/4999 5012/7989/5012 5011/7987/5011
f 5000/7972/5000 5001/7974/5001 5013/7992/5013
f 5000/7972/5000 5013/7992/5013 5012/7990/5012
f 5001/7973/5001 5002/7975/5002 5014/7993/5014
f 5001/7973/5001 5014/7993/5014 5013/7991/5013
f 5002/7975/5002 4991/7958/4991 5003/7976/5003
f 5002/7975/5002 5003/7976/5003 5014/7993/5014
f 5003/7976/5003 5004/7977/5004 5016/7995/5016
f 5003/7976/5003 5016/7995/5016 5015/7994/5015
f 5004/7977/5004 5005/7978/5005 5017/7997/5017
f 5004/7977/5004 5017/7997/5017 5016/7995/5016
f 5005/7979/5005 5006/7980/5006 5018/7999/5018
f 5005/7979/5005 5018/7999/5018 5017/7998/5017
f 5006/7980/5006 5007/7981/5007 5019/8000/5019
f 5006/7980/5006 5019/8000/5019 5018/7999/5018
f 5007/7981/5007 5008/7983/5008 5020/8002/5020
f 5007/7981/5007 5020/8002/5020 5019/8000/5019
f 5008/7982/5008 5009/7984/5009 5021/8003/5021
f 5008/7982/5008 5021/8003/5021 5020/8001/5020
f 5009/7984/5009 5010/7985/5010 5022/8004/5022
f 5009/7984/5009 5022/8004/5022 5021/8003/5021
f 5010/7986/5010 5011/7988/5011 5023/8007/5023
f 5010/7986/5010 5023/8007/5023 5022/8005/5022
f 5011/7987/5011 5012/7989/5012 5024/8008/5024
f 5011/7987/5011 5024/8008/5024 5023/8006/5023
f 5012/7990/5012 5013/7992/5013 5025/8011/5025
f 5012/7990/5012 5025/8011/5025 5024/8009/5024
f 5013/7991/5013 5014/7993/5014 5026/8012/5026
f 5013/7991/5013 5026/8012/5026 5025/8010/5025
f 5014/7993/5014 5003/7976/5003 5015/7994/5015
f 5014/7993/5014 5015/7994/5015 5026/8012/5026
f 5015/7994/5015 5016/7995/5016 5028/8014/5028
f 5015/7994/5015 5028/8014/5028 5027/8013/5027
f 5016/7995/5016 5017/7997/5017 5029/8016/5029
f 5016/7996/5016 5029/8017/5029 5028/8015/5028
f 5017/7998/5017 5018/7999/5018 5030/8018/5030
f 5017/7998/5017 5030/8018/5030 5029/8017/5029
f 5018/7999/5018 5019/8000/5019 5031/8020/5031
f 5018/7999/5018 5031/8020/5031 5030/8018/5030
f 5019/8000/5019 5020/8002/5020 5032/8022/5032
f 5019/8000/5019 5032/8022/5032 5031/8020/5031
f 5020/8001/5020 5021/8003/5021 5033/8023/5033
f 5020/8001/5020 5033/8023/5033 5032/8021/5032
f 5021/8003/5021 5022/8004/5022 5034/8024/5034
f 5021/8003/5021 5034/8024/5034 5033/8023/5033
f 5022/8005/5022 5023/8007/5023 5035/8026/5035
f 5022/8004/5022 5035/8025/5035 5034/8024/5034
f 5023/8006/5023 5024/8008/5024 5036/8027/5036
f 5023/8007/5023 5036/8028/5036 5035/8026/5035
f 5024/8009/5024 5025/8011/5025 5037/8030/5037
f 5024/8009/5024 5037/8030/5037 5036/8028/5036
f 5025/8010/5025 5026/8012/5026 5038/8031/5038
f 5025/8010/5025 5038/8031/5038 5037/8029/5037
f 5026/8012/5026 5015/7994/5015 5027/8013/5027
f 5026/8012/5026 5027/8013/5027 5038/8031/5038
f 5027/8013/5027 5028/8014/5028 5040/8033/5040
f 5027/8013/5027 5040/8033/5040 5039/8032/5039
f 5028/8015/5028 5029/8017/5029 5041/8035/5041
f 5028/8015/5028 5041/8035/5041 5040/8034/5040
f 5029/8017/5029 5030/8018/5030 5042/8036/5042
f 5029/8017/5029 5042/8036/5042 5041/8035/5041
f 5030/8018/5030 5031/8020/5031 5043/8038/5043
f 5030/8018/5030 5043/8038/5043 5042/8036/5042
f 5031/8020/5031 5032/8022/5032 5044/8040/5044
f 5031/8019/5031 5044/8039/5044 5043/8037/5043
f 5032/8021/5032 5033/8023/5033 5045/8041/5045
f 5032/8021/5032 5045/8041/5045 5044/8039/5044
f 5033/8023/5033 5034/8024/5034 5046/8042/5046
f 5033/8023/5033 5046/8042/5046 5045/8041/5045
f 5034/8024/5034 5035/8025/5035 5047/8043/5047
f 5034/8024/5034 5047/8043/5047 5046/8042/5046
f 5035/8026/5035 5036/8028/5036 5048/8046/5048
f 5035/8026/5035 5048/8046/5048 5047/8044/5047
f 5036/8028/5036 5037/8030/5037 5049/8048/5049
f 5036/8027/5036 5049/8047/5049 5048/8045/5048
f 5037/8029/5037 5038/8031/5038 5050/8049/5050
f 5037/8030/5037 5050/8050/5050 5049/8048/5049
f 5038/8031/5038 5027/8013/5027 5039/8032/5039
f 5038/8031/5038 5039/8032/5039 5050/8049/5050
f 5039/8032/5039 5040/8033/5040 5051/8051/5051
f 5040/8034/5040 5041/8035/5041 5051/8052/5051
f 5041/8035/5041 5042/8036/5042 5051/8052/5051
f 5042/8036/5042 5043/8038/5043 5051/8052/5051
f 5043/8037/5043 5044/8039/5044 5051/8051/5051
f 5044/8039/5044 5045/8041/5045 5051/8051/5051
f 5045/8041/5045 5046/8042/5046 5051/8051/5051
f 5046/8042/5046 5047/8043/5047 5051/8051/5051
f 5047/8044/5047 5048/8046/5048 5051/8052/5051
f 5048/8045/5048 5049/8047/5049 5051/8051/5051
f 5049/8048/5049 5050/8050/5050 5051/8052/5051
f 5050/8049/5050 5039/8032/5039 5051/8051/5051
f 5052/8053/5052 5053/8054/5053 5065/8073/5065
f 5052/8053/5052 5065/8073/5065 5064/8072/5064
f 5053/8054/5053 5054/8056/5054 5066/8075/5066
f 5053/8055/5053 5066/8076/5066 5065/8074/5065
f 5054/8057/5054 5055/8058/5055 5067/8077/5067
f 5054/8057/5054 5067/8077/5067 5066/8076/5066
f 5055/8058/5055 5056/8059/5056 5068/8079/5068
f 5055/8058/5055 5068/8079/5068 5067/8077/5067
f 5056/8059/5056 5057/8061/5057 5069/8081/5069
f 5056/8059/5056 5069/8081/5069 5068/8079/5068
f 5057/8060/5057 5058/8062/5058 5070/8082/5070
f 5057/8060/5057 5070/8082/5070 5069/8080/5069
f 5058/8062/5058 5059/8063/5059 5071/8083/5071
f 5058/8062/5058 5071/8083/5071 5070/8082/5070
f 5059/8064/5059 5060/8066/5060 5072/8085/5072
f 5059/8063/5059 5072/8084/5072 5071/8083/5071
f 5060/8065/5060 5061/8067/5061 5073/8086/5073
f 5060/8066/5060 5073/8087/5073 5072/8085/5072
f 5061/8068/5061 5062/8070/5062 5074/8089/5074
f 5061/8068/5061 5074/8089/5074 5073/8087/5073
f 5062/8069/5062 5063/8071/5063 5075/8090/5075
f 5062/8069/5062 5075/8090/5075 5074/8088/5074
f 5063/8071/5063 5052/8053/5052 5064/8072/5064
f 5063/8071/5063 5064/8072/5064 5075/8090/5075
f 5064/8072/5064 5065/8073/5065 5077/8092/5077
f 5064/8072/5064 5077/8092/5077 5076/8091/5076
f 5065/8074/5065 5066/8076/5066 5078/8094/5078
f 5065/8074/5065 5078/8094/5078 5077/8093/5077
f 5066/8076/5066 5067/8077/5067 5079/8095/5079
f 5066/8076/5066 5079/8095/5079 5078/8094/5078
f 5067/8077/5067 5068/8079/5068 5080/8097/5080
f 5067/8077/5067 5080/8097/5080 5079/8095/5079
f 5068/8079/5068 5069/8081/5069 5081/8099/5081
f 5068/8078/5068 5081/8098/5081 5080/8096/5080
f 5069/8080/5069 5070/8082/5070 5082/8100/5082
f 5069/8080/5069 5082/8100/5082 5081/8098/5081
f 5070/8082/5070 5071/8083/5071 5083/8101/5083
f 5070/8082/5070 5083/8101/5083 5082/8100/5082
f 5071/8083/5071 5072/8084/5072 5084/8102/5084
f 5071/8083/5071 5084/8102/5084 5083/8101/5083
f 5072/8085/5072 5073/8087/5073 5085/8105/5085
f 5072/8085/5072 5085/8105/5085 5084/8103/5084
f 5073/8087/5073 5074/8089/5074 5086/8107/5086
f 5073/8086/5073 5086/8106/5086 5085/8104/5085
f 5074/8088/5074 5075/8090/5075 5087/8108/5087
f 5074/8089/5074 5087/8109/5087 5086/8107/5086
f 5075/8090/5075 5064/8072/5064 5076/8091/5076
f 5075/8090/5075 5076/8091/5076 5087/8108/5087
f 5076/8091/5076 5077/8092/5077 5089/8111/5089
f 5076/8091/5076 5089/8111/5089 5088/8110/5088
f 5077/8093/5077 5078/8094/5078 5090/8113/5090
f 5077/8093/5077 5090/8113/5090 5089/8112/5089
f 5078/8094/5078 5079/8095/5079 5091/8114/5091
f 5078/8094/5078 5091/8114/5091 5090/8113/5090
f 5079/8095/5079 5080/8097/5080 5092/8116/5092
f 5079/8095/5079 5092/8116/5092 5091/8114/5091
f 5080/8096/5080 5081/8098/5081 5093/8117/5093
f 5080/8096/5080 5093/8117/5093 5092/8115/5092
f 5081/8098/5081 5082/8100/5082 5094/8118/5094
f 5081/8098/5081 5094/8118/5094 5093/8117/5093
f 5082/8100/5082 5083/8101/5083 5095/8119/5095
f 5082/8100/5082 5095/8119/5095 5094/8118/5094
f 5083/8101/5083 5084/8102/5084 5096/8120/5096
f 5083/8101/5083 5096/8120/5096 5095/8119/5095
f 5084/8103/5084 5085/8105/5085 5097/8123/5097
f 5084/8103/5084 5097/8123/5097 5096/8121/5096
f 5085/8104/5085 5086/8106/5086 5098/8124/5098
f 5085/8104/5085 5098/8124/5098 5097/8122/5097
f 5086/8107/5086 5087/8109/5087 5099/8127/5099
f 5086/8107/5086 5099/8127/5099 5098/8125/5098
f 5087/8108/5087 5076/8091/5076 5088/8110/5088
f 5087/8108/5087 5088/8110/5088 5099/8126/5099
f 5088/8110/5088 5089/8111/5089 5101/8129/5101
f 5088/8110/5088 5101/8129/5101 5100/8128/5100
f 5089/8112/5089 5090/8113/5090 5102/8131/5102
f 5089/8112/5089 5102/8131/5102 5101/8130/5101
f 5090/8113/5090 5091/8114/5091 5103/8132/5103
f 5090/8113/5090 5103/8132/5103 5102/8131/5102
f 5091/8114/5091 5092/8116/5092 5104/8134/5104
f 5091/8114/5091 5104/8134/5104 5103/8132/5103
f 5092/8115/5092 5093/8117/5093 5105/8135/5105
f 5092/8115/5092 5105/8135/5105 5104/8133/5104
f 5093/8117/5093 5094/8118/5094 5106/8136/5106
f 5093/8117/5093 5106/8136/5106 5105/8135/5105
f 5094/8118/5094 5095/8119/5095 5107/8137/5107
f 5094/8118/5094 5107/8137/5107 5106/8136/5106
f 5095/8119/5095 5096/8120/5096 5108/8139/5108
f 5095/8119/5095 5108/8139/5108 5107/8137/5107
f 5096/8121/5096 5097/8123/5097 5109/8142/5109
f 5096/8121/5096 5109/8142/5109 5108/8140/5108
f 5097/8122/5097 5098/8124/5098 5110/8143/5110
f 5097/8122/5097 5110/8143/5110 5109/8141/5109
f 5098/8125/5098 5099/8127/5099 5111/8146/5111
f 5098/8125/5098 5111/8146/5111 5110/8144/5110
f 5099/8126/5099 5088/8110/5088 5100/8128/5100
f 5099/8126/5099 5100/8128/5100 5111/8145/5111
f 5100/8128/5100 5101/8129/5101 5113/8148/5113
f 5100/8128/5100 5113/8148/5113 5112/8147/5112
f 5101/8130/5101 5102/8131/5102 5114/8150/5114
f 5101/8129/5101 5114/8149/5114 5113/8148/5113
f 5102/8131/5102 5103/8132/5103 5115/8151/5115
f 5102/8131/5102 5115/8151/5115 5114/8150/5114
f 5103/8132/5103 5104/8134/5104 5116/8153/5116
f 5103/8132/5103 5116/8153/5116 5115/8151/5115
f 5104/8133/5104 5105/8135/5105 5117/8154/5117
f 5104/8133/5104 5117/8154/5117 5116/8152/5116
f 5105/8135/5105 5106/8136/5106 5118/8155/5118
f 5105/8135/5105 5118/8155/5118 5117/8154/5117
f 5106/8136/5106 5107/8137/5107 5119/8156/5119
f 5106/8136/5106 5119/8156/5119 5118/8155/5118
f 5107/8137/5107 5108/8139/5108 5120/8158/5120
f 5107/8138/5107 5120/8159/5120 5119/8157/5119
f 5108/8140/5108 5109/8142/5109 5121/8160/5121
f 5108/8140/5108 5121/8160/5121 5120/8159/5120
f 5109/8141/5109 5110/8143/5110 5122/8161/5122
f 5109/8142/5109 5122/8162/5122 5121/8160/5121
f 5110/8144/5110 5111/8146/5111 5123/8164/5123
f 5110/8144/5110 5123/8164/5123 5122/8162/5122
f 5111/8145/5111 5100/8128/5100 5112/8147/5112
f 5111/8145/5111 5112/8147/5112 5123/8163/5123
f 5112/8147/5112 5113/8148/5113 5125/8166/5125
f 5112/8147/5112 5125/8166/5125 5124/8165/5124
f 5113/8148/5113 5114/8149/5114 5126/8167/5126
f 5113/8148/5113 5126/8167/5126 5125/8166/5125
f 5114/8150/5114 5115/8151/5115 5127/8169/5127
f 5114/8150/5114 5127/8169/5127 5126/8168/5126
f 5115/8151/5115 5116/8153/5116 5128/8171/5128
f 5115/8151/5115 5128/8171/5128 5127/8169/5127
f 5116/8152/5116 5117/8154/5117 5129/8172/5129
f 5116/8152/5116 5129/8172/5129 5128/8170/5128
f 5117/8154/5117 5118/8155/5118 5130/8173/5130
f 5117/8154/5117 5130/8173/5130 5129/8172/5129
f 5118/8155/5118 5119/8156/5119 5131/8174/5131
f 5118/8155/5118 5131/8174/5131 5130/8173/5130
f 5119/8157/5119 5120/8159/5120 5132/8176/5132
f 5119/8157/5119 5132/8176/5132 5131/8175/5131
f 5120/8159/5120 5121/8160/5121 5133/8177/5133
f 5120/8159/5120 5133/8177/5133 5132/8176/5132
f 5121/8160/5121 5122/8162/5122 5134/8178/5134
f 5121/8160/5121 5134/8178/5134 5133/8177/5133
f 5122/8162/5122 5123/8164/5123 5135/8180/5135
f 5122/8162/5122 5135/8180/5135 5134/8178/5134
f 5123/8163/5123 5112/8147/5112 5124/8165/5124
f 5123/8163/5123 5124/8165/5124 5135/8179/5135
f 5124/8165/5124 5125/8166/5125 5137/8182/5137
f 5124/8165/5124 5137/8182/5137 5136/8181/5136
f 5125/8166/5125 5126/8167/5126 5138/8183/5138
f 5125/8166/5125 5138/8183/5138 5137/8182/5137
f 5126/8168/5126 5127/8169/5127 5139/8185/5139
f 5126/8168/5126 5139/8185/5139 5138/8184/5138
f 5127/8169/5127 5128/8171/5128 5140/8187/5140
f 5127/8169/5127 5140/8187/5140 5139/8185/5139
f 5128/8170/5128 5129/8172/5129 5141/8188/5141
f 5128/8170/5128 5141/8188/5141 5140/8186/5140
f 5129/8172/5129 5130/8173/5130 5142/8189/5142
f 5129/8172/5129 5142/8189/5142 5141/8188/5141
f 5130/8173/5130 5131/8174/5131 5143/8190/5143
f 5130/8173/5130 5143/8190/5143 5142/8189/5142
f 5131/8175/5131 5132/8176/5132 5144/8192/5144
f 5131/8175/5131 5144/8192/5144 5143/8191/5143
f 5132/8176/5132 5133/8177/5133 5145/8193/5145
f 5132/8176/5132 5145/8193/5145 5144/8192/5144
f 5133/8177/5133 5134/8178/5134 5146/8194/5146
f 5133/8177/5133 5146/8194/5146 5145/8193/5145
f 5134/8178/5134 5135/8180/5135 5147/8196/5147
f 5134/8178/5134 5147/8196/5147 5146/8194/5146
f 5135/8179/5135 5124/8165/5124 5136/8181/5136
f 5135/8179/5135 5136/8181/5136 5147/8195/5147
f 5136/8181/5136 5137/8182/5137 5149/8198/5149
f 5136/8181/5136 5149/8198/5149 5148/8197/5148
f 5137/8182/5137 5138/8183/5138 5150/8199/5150
f 5137/8182/5137 5150/8199/5150 5149/8198/5149
f 5138/8184/5138 5139/8185/5139 5151/8201/5151
f 5138/8184/5138 5151/8201/5151 5150/8200/5150
f 5139/8185/5139 5140/8187/5140 5152/8203/5152
f 5139/8185/5139 5152/8203/5152 5151/8201/5151
f 5140/8186/5140 5141/8188/5141 5153/8204/5153
f 5140/8186/5140 5153/8204/5153 5152/8202/5152
f 5141/8188/5141 5142/8189/5142 5154/8205/5154
f 5141/8188/5141 5154/8205/5154 5153/8204/5153
f 5142/8189/5142 5143/8190/5143 5155/8206/5155
f 5142/8189/5142 5155/8206/5155 5154/8205/5154
f 5143/8191/5143 5144/8192/5144 5156/8208/5156
f 5143/8191/5143 5156/8208/5156 5155/8207/5155
f 5144/8192/5144 5145/8193/5145 5157/8209/5157
f 5144/8192/5144 5157/8209/5157 5156/8208/5156
f 5145/8193/5145 5146/8194/5146 5158/8210/5158
f 5145/8193/5145 5158/8210/5158 5157/8209/5157
f 5146/8194/5146 5147/8196/5147 5159/8212/5159
f 5146/8194/5146 5159/8212/5159 5158/8210/5158
f 5147/8195/5147 5136/8181/5136 5148/8197/5148
f 5147/8195/5147 5148/8197/5148 5159/8211/5159
f 5148/8197/5148 5149/8198/5149 5161/8214/5161
f 5148/8197/5148 5161/8214/5161 5160/8213/5160
f 5149/8198/5149 5150/8199/5150 5162/8215/5162
f 5149/8198/5149 5162/8215/5162 5161/8214/5161
f 5150/8200/5150 5151/8201/5151 5163/8217/5163
f 5150/8200/5150 5163/8217/5163 5162/8216/5162
f 5151/8201/5151 5152/8203/5152 5164/8219/5164
f 5151/8201/5151 5164/8219/5164 5163/8217/5163
f 5152/8202/5152 5153/8204/5153 5165/8220/5165
f 5152/8202/5152 5165/8220/5165 5164/8218/5164
f 5153/8204/5153 5154/8205/5154 5166/8221/5166
f 5153/8204/5153 5166/8221/5166 5165/8220/5165
f 5154/8205/5154 5155/8206/5155 5167/8222/5167
f 5154/8205/5154 5167/8222/5167 5166/8221/5166
f 5155/8207/5155 5156/8208/5156 5168/8224/5168
f 5155/8207/5155 5168/8224/5168 5167/8223/5167
f 5156/8208/5156 5157/8209/5157 5169/8225/5169
f 5156/8208/5156 5169/8225/5169 5168/8224/5168
f 5157/8209/5157 5158/8210/5158 5170/8226/5170
f 5157/8209/5157 5170/8226/5170 5169/8225/5169
f 5158/8210/5158 5159/8212/5159 5171/8228/5171
f 5158/8210/5158 5171/8228/5171 5170/8226/5170
f 5159/8211/5159 5148/8197/5148 5160/8213/5160
f 5159/8211/5159 5160/8213/5160 5171/8227/5171
f 5160/8213/5160 5161/8214/5161 5172/8229/5172
f 5161/8214/5161 5162/8215/5162 5172/8229/5172
f 5162/8216/5162 5163/8217/5163 5172/8230/5172
f 5163/8217/5163 5164/8219/5164 5172/8230/5172
f 5164/8218/5164 5165/8220/5165 5172/8229/5172
f 5165/8220/5165 5166/8221/5166 5172/8229/5172
f 5166/8221/5166 5167/8222/5167 5172/8229/5172
f 5167/8223/5167 5168/8224/5168 5172/8230/5172
f 5168/8224/5168 5169/8225/5169 5172/8230/5172
f 5169/8225/5169 5170/8226/5170 5172/8230/5172
f 5170/8226/5170 5171/8228/5171 5172/8230/5172
f 5171/8227/5171 5160/8213/5160 5172/8229/5172
f 5173/8231/5173 5174/8232/5174 5186/8250/5186
f 5173/8231/5173 5186/8250/5186 5185/8249/5185
f 5174/8232/5174 5175/8233/5175 5187/8251/5187
f 5174/8232/5174 5187/8251/5187 5186/8250/5186
f 5175/8234/5175 5176/8236/5176 5188/8253/5188
f 5175/8234/5175 5188/8253/5188 5187/8252/5187
f 5176/8235/5176 5177/8237/5177 5189/8254/5189
f 5176/8236/5176 5189/8255/5189 5188/8253/5188
f 5177/8238/5177 5178/8240/5178 5190/8257/5190
f 5177/8238/5177 5190/8257/5190 5189/8255/5189
f 5178/8239/5178 5179/8241/5179 5191/8258/5191
f 5178/8239/5178 5191/8258/5191 5190/8256/5190
f 5179/8241/5179 5180/8242/5180 5192/8259/5192
f 5179/8241/5179 5192/8259/5192 5191/8258/5191
f 5180/8243/5180 5181/8244/5181 5193/8261/5193
f 5180/8243/5180 5193/8261/5193 5192/8260/5192
f 5181/8244/5181 5182/8245/5182 5194/8262/5194
f 5181/8244/5181 5194/8262/5194 5193/8261/5193
f 5182/8245/5182 5183/8247/5183 5195/8264/5195
f 5182/8245/5182 5195/8264/5195 5194/8262/5194
f 5183/8246/5183 5184/8248/5184 5196/8265/5196
f 5183/8246/5183 5196/8265/5196 5195/8263/5195
f 5184/8248/5184 5173/8231/5173 5185/8249/5185
f 5184/8248/5184 5185/8249/5185 5196/8265/5196
f 5185/8249/5185 5186/8250/5186 5198/8267/5198
f 5185/8249/5185 5198/8267/5198 5197/8266/5197
f 5186/8250/5186 5187/8251/5187 5199/8269/5199
f 5186/8250/5186 5199/8269/5199 5198/8267/5198
f 5187/8252/5187 5188/8253/5188 5200/8271/5200
f 5187/8252/5187 5200/8271/5200 5199/8270/5199
f 5188/8253/5188 5189/8255/5189 5201/8272/5201
f 5188/8253/5188 5201/8272/5201 5200/8271/5200
f 5189/8255/5189 5190/8257/5190 5202/8274/5202
f 5189/8255/5189 5202/8274/5202 5201/8272/5201
f 5190/8256/5190 5191/8258/5191 5203/8275/5203
f 5190/8256/5190 5203/8275/5203 5202/8273/5202
f 5191/8258/5191 5192/8259/5192 5204/8276/5204
f 5191/8258/5191 5204/8276/5204 5203/8275/5203
f 5192/8260/5192 5193/8261/5193 5205/8278/5205
f 5192/8260/5192 5205/8278/5205 5204/8277/5204
f 5193/8261/5193 5194/8262/5194 5206/8279/5206
f 5193/8261/5193 5206/8279/5206 5205/8278/5205
f 5194/8262/5194 5195/8264/5195 5207/8281/5207
f 5194/8262/5194 5207/8281/5207 5206/8279/5206
f 5195/8263/5195 5196/8265/5196 5208/8282/5208
f 5195/8263/5195 5208/8282/5208 5207/8280/5207
f 5196/8265/5196 5185/8249/5185 5197/8266/5197
f 5196/8265/5196 5197/8266/5197 5208/8282/5208
f 5197/8266/5197 5198/8267/5198 5210/8284/5210
f 5197/8266/5197 5210/8284/5210 5209/8283/5209
f 5198/8267/5198 5199/8269/5199 5211/8286/5211
f 5198/8268/5198 5211/8287/5211 5210/8285/5210
f 5199/8270/5199 5200/8271/5200 5212/8288/5212
f 5199/8270/5199 5212/8288/5212 5211/8287/5211
f 5200/8271/5200 5201/8272/5201 5213/8289/5213
f 5200/8271/5200 5213/8289/5213 5212/8288/5212
f 5201/8272/5201 5202/8274/5202 5214/8291/5214
f 5201/8272/5201 5214/8291/5214 5213/8289/5213
f 5202/8273/5202 5203/8275/5203 5215/8292/5215
f 5202/8273/5202 5215/8292/5215 5214/8290/5214
f 5203/8275/5203 5204/8276/5204 5216/8293/5216
f 5203/8275/5203 5216/8293/5216 5215/8292/5215
f 5204/8277/5204 5205/8278/5205 5217/8295/5217
f 5204/8276/5204 5217/8294/5217 5216/8293/5216
f 5205/8278/5205 5206/8279/5206 5218/8296/5218
f 5205/8278/5205 5218/8296/5218 5217/8295/5217
f 5206/8279/5206 5207/8281/5207 5219/8298/5219
f 5206/8279/5206 5219/8298/5219 5218/8296/5218
f 5207/8280/5207 5208/8282/5208 5220/8299/5220
f 5207/8280/5207 5220/8299/5220 5219/8297/5219
f 5208/8282/5208 5197/8266/5197 5209/8283/5209
f 5208/8282/5208 5209/8283/5209 5220/8299/5220
f 5209/8283/5209 5210/8284/5210 5222/8301/5222
f 5209/8283/5209 5222/8301/5222 5221/8300/5221
f 5210/8285/5210 5211/8287/5211 5223/8303/5223
f 5210/8285/5210 5223/8303/5223 5222/8302/5222
f 5211/8287/5211 5212/8288/5212 5224/8304/5224
f 5211/8287/5211 5224/8304/5224 5223/8303/5223
f 5212/8288/5212 5213/8289/5213 5225/8305/5225
f 5212/8288/5212 5225/8305/5225 5224/8304/5224
f 5213/8289/5213 5214/8291/5214 5226/8307/5226
f 5213/8289/5213 5226/8307/5226 5225/8305/5225
f 5214/8290/5214 5215/8292/5215 5227/8308/5227
f 5214/8290/5214 5227/8308/5227 5226/8306/5226
f 5215/8292/5215 5216/8293/5216 5228/8309/5228
f 5215/8292/5215 5228/8309/5228 5227/8308/5227
f 5216/8293/5216 5217/8294/5217 5229/8310/5229
f 5216/8293/5216 5229/8310/5229 5228/8309/5228
f 5217/8295/5217 5218/8296/5218 5230/8312/5230
f 5217/8295/5217 5230/8312/5230 5229/8311/5229
f 5218/8296/5218 5219/8298/5219 5231/8314/5231
f 5218/8296/5218 5231/8314/5231 5230/8312/5230
f 5219/8297/5219 5220/8299/5220 5232/8315/5232
f 5219/8297/5219 5232/8315/5232 5231/8313/5231
f 5220/8299/5220 5209/8283/5209 5221/8300/5221
f 5220/8299/5220 5221/8300/5221 5232/8315/5232
f 5221/8300/5221 5222/8301/5222 5234/8319/5234
f 5221/8300/5221 5234/8319/5234 5233/8317/5233
f 5222/8302/5222 5223/8303/5223 5235/8321/5235
f 5222/8302/5222 5235/8321/5235 5234/8320/5234
f 5223/8303/5223 5224/8304/5224 5236/8322/5236
f 5223/8303/5223 5236/8322/5236 5235/8321/5235
f 5224/8304/5224 5225/8305/5225 5237/8323/5237
f 5224/8304/5224 5237/8323/5237 5236/8322/5236
f 5225/8305/5225 5226/8307/5226 5238/8325/5238
f 5225/8305/5225 5238/8325/5238 5237/8323/5237
f 5226/8306/5226 5227/8308/5227 5239/8326/5239
f 5226/8306/5226 5239/8326/5239 5238/8324/5238
f 5227/8308/5227 5228/8309/5228 5240/8327/5240
f 5227/8308/5227 5240/8327/5240 5239/8326/5239
f 5228/8309/5228 5229/8310/5229 5241/8328/5241
f 5228/8309/5228 5241/8328/5241 5240/8327/5240
f 5229/8311/5229 5230/8312/5230 5242/8330/5242
f 5229/8311/5229 5242/8330/5242 5241/8329/5241
f 5230/8312/5230 5231/8314/5231 5243/8332/5243
f 5230/8312/5230 5243/8332/5243 5242/8330/5242
f 5231/8313/5231 5232/8315/5232 5244/8333/5244
f 5231/8313/5231 5244/8333/5244 5243/8331/5243
f 5232/8315/5232 5221/8300/5221 5233/8317/5233
f 5232/8316/5232 5233/8318/5233 5244/8334/5244
f 5233/8317/5233 5234/8319/5234 5246/8337/5246
f 5233/8317/5233 5246/8337/5246 5245/8335/5245
f 5234/8320/5234 5235/8321/5235 5247/8339/5247
f 5234/8320/5234 5247/8339/5247 5246/8338/5246
f 5235/8321/5235 5236/8322/5236 5248/8340/5248
f 5235/8321/5235 5248/8340/5248 5247/8339/5247
f 5236/8322/5236 5237/8323/5237 5249/8341/5249
f 5236/8322/5236 5249/8341/5249 5248/8340/5248
f 5237/8323/5237 5238/8325/5238 5250/8343/5250
f 5237/8323/5237 5250/8343/5250 5249/8341/5249
f 5238/8324/5238 5239/8326/5239 5251/8344/5251
f 5238/8324/5238 5251/8344/5251 5250/8342/5250
f 5239/8326/5239 5240/8327/5240 5252/8345/5252
f 5239/8326/5239 5252/8345/5252 5251/8344/5251
f 5240/8327/5240 5241/8328/5241 5253/8346/5253
f 5240/8327/5240 5253/8346/5253 5252/8345/5252
f 5241/8329/5241 5242/8330/5242 5254/8348/5254
f 5241/8329/5241 5254/8348/5254 5253/8347/5253
f 5242/8330/5242 5243/8332/5243 5255/8350/5255
f 5242/8330/5242 5255/8350/5255 5254/8348/5254
f 5243/8331/5243 5244/8333/5244 5256/8351/5256
f 5243/8331/5243 5256/8351/5256 5255/8349/5255
f 5244/8334/5244 5233/8318/5233 5245/8336/5245
f 5244/8334/5244 5245/8336/5245 5256/8352/5256
f 5245/8335/5245 5246/8337/5246 5258/8355/5258
f 5245/8335/5245 5258/8355/5258 5257/8353/5257
f 5246/8338/5246 5247/8339/5247 5259/8357/5259
f 5246/8338/5246 5259/8357/5259 5258/8356/5258
f 5247/8339/5247 5248/8340/5248 5260/8358/5260
f 5247/8339/5247 5260/8358/5260 5259/8357/5259
f 5248/8340/5248 5249/8341/5249 5261/8360/5261
f 5248/8340/5248 5261/8360/5261 5260/8358/5260
f 5249/8341/5249 5250/8343/5250 5262/8362/5262
f 5249/8341/5249 5262/8362/5262 5261/8360/5261
f 5250/8342/5250 5251/8344/5251 5263/8363/5263
f 5250/8342/5250 5263/8363/5263 5262/8361/5262
f 5251/8344/5251 5252/8345/5252 5264/8364/5264
f 5251/8344/5251 5264/8364/5264 5263/8363/5263
f 5252/8345/5252 5253/8346/5253 5265/8365/5265
f 5252/8345/5252 5265/8365/5265 5264/8364/5264
f 5253/8347/5253 5254/8348/5254 5266/8367/5266
f 5253/8347/5253 5266/8367/5266 5265/8366/5265
f 5254/8348/5254 5255/8350/5255 5267/8369/5267
f 5254/8348/5254 5267/8369/5267 5266/8367/5266
f 5255/8349/5255 5256/8351/5256 5268/8370/5268
f 5255/8349/5255 5268/8370/5268 5267/8368/5267
f 5256/8352/5256 5245/8336/5245 5257/8354/5257
f 5256/8352/5256 5257/8354/5257 5268/8371/5268
f 5257/8353/5257 5258/8355/5258 5270/8374/5270
f 5257/8353/5257 5270/8374/5270 5269/8372/5269
f 5258/8356/5258 5259/8357/5259 5271/8376/5271
f 5258/8356/5258 5271/8376/5271 5270/8375/5270
f 5259/8357/5259 5260/8358/5260 5272/8377/5272
f 5259/8357/5259 5272/8377/5272 5271/8376/5271
f 5260/8358/5260 5261/8360/5261 5273/8379/5273
f 5260/8358/5260 5273/8379/5273 5272/8377/5272
f 5261/8360/5261 5262/8362/5262 5274/8381/5274
f 5261/8359/5261 5274/8380/5274 5273/8378/5273
f 5262/8361/5262 5263/8363/5263 5275/8382/5275
f 5262/8361/5262 5275/8382/5275 5274/8380/5274
f 5263/8363/5263 5264/8364/5264 5276/8383/5276
f 5263/8363/5263 5276/8383/5276 5275/8382/5275
f 5264/8364/5264 5265/8365/5265 5277/8384/5277
f 5264/8364/5264 5277/8384/5277 5276/8383/5276
f 5265/8366/5265 5266/8367/5266 5278/8386/5278
f 5265/8366/5265 5278/8386/5278 5277/8385/5277
f 5266/8367/5266 5267/8369/5267 5279/8387/5279
f 5266/8367/5266 5279/8387/5279 5278/8386/5278
f 5267/8368/5267 5268/8370/5268 5280/8388/5280
f 5267/8369/5267 5280/8389/5280 5279/8387/5279
f 5268/8371/5268 5257/8354/5257 5269/8373/5269
f 5268/8370/5268 5269/8372/5269 5280/8388/5280
f 5269/8372/5269 5270/8374/5270 5282/8391/5282
f 5269/8372/5269 5282/8391/5282 5281/8390/5281
f 5270/8375/5270 5271/8376/5271 5283/8393/5283
f 5270/8375/5270 5283/8393/5283 5282/8392/5282
f 5271/8376/5271 5272/8377/5272 5284/8394/5284
f 5271/8376/5271 5284/8394/5284 5283/8393/5283
f 5272/8377/5272 5273/8379/5273 5285/8396/5285
f 5272/8377/5272 5285/8396/5285 5284/8394/5284
f 5273/8378/5273 5274/8380/5274 5286/8397/5286
f 5273/8378/5273 5286/8397/5286 5285/8395/5285
f 5274/8380/5274 5275/8382/5275 5287/8398/5287
f 5274/8380/5274 5287/8398/5287 5286/8397/5286
f 5275/8382/5275 5276/8383/5276 5288/8399/5288
f 5275/8382/5275 5288/8399/5288 5287/8398/5287
f 5276/8383/5276 5277/8384/5277 5289/8400/5289
f 5276/8383/5276 5289/8400/5289 5288/8399/5288
f 5277/8385/5277 5278/8386/5278 5290/8402/5290
f 5277/8385/5277 5290/8402/5290 5289/8401/5289
f 5278/8386/5278 5279/8387/5279 5291/8403/5291
f 5278/8386/5278 5291/8403/5291 5290/8402/5290
f 5279/8387/5279 5280/8389/5280 5292/8405/5292
f 5279/8387/5279 5292/8405/5292 5291/8403/5291
f 5280/8388/5280 5269/8372/5269 5281/8390/5281
f 5280/8388/5280 5281/8390/5281 5292/8404/5292
f 5281/8390/5281 5282/8391/5282 5293/8406/5293
f 5282/8392/5282 5283/8393/5283 5293/8407/5293
f 5283/8393/5283 5284/8394/5284 5293/8407/5293
f 5284/8394/5284 5285/8396/5285 5293/8407/5293
f 5285/8395/5285 5286/8397/5286 5293/8406/5293
f 5286/8397/5286 5287/8398/5287 5293/8406/5293
f 5287/8398/5287 5288/8399/5288 5293/8406/5293
f 5288/8399/5288 5289/8400/5289 5293/8406/5293
f 5289/8401/5289 5290/8402/5290 5293/8407/5293
f 5290/8402/5290 5291/8403/5291 5293/8407/5293
f 5291/8403/5291 5292/8405/5292 5293/8407/5293
f 5292/8404/5292 5281/8390/5281 5293/8406/5293
f 5294/8408/5294 5295/8409/5295 5307/8426/5307
f 5294/8408/5294 5307/8426/5307 5306/8425/5306
f 5295/8410/5295 5296/8411/5296 5308/8428/5308
f 5295/8409/5295 5308/8427/5308 5307/8426/5307
f 5296/8411/5296 5297/8412/5297 5309/8429/5309
f 5296/8411/5296 5309/8429/5309 5308/8428/5308
f 5297/8412/5297 5298/8414/5298 5310/8431/5310
f 5297/8412/5297 5310/8431/5310 5309/8429/5309
f 5298/8413/5298 5299/8415/5299 5311/8432/5311
f 5298/8413/5298 5311/8432/5311 5310/8430/5310
f 5299/8415/5299 5300/8416/5300 5312/8433/5312
f 5299/8415/5299 5312/8433/5312 5311/8432/5311
f 5300/8416/5300 5301/8417/5301 5313/8434/5313
f 5300/8416/5300 5313/8434/5313 5312/8433/5312
f 5301/8417/5301 5302/8419/5302 5314/8436/5314
f 5301/8418/5301 5314/8437/5314 5313/8435/5313
f 5302/8420/5302 5303/8421/5303 5315/8438/5315
f 5302/8420/5302 5315/8438/5315 5314/8437/5314
f 5303/8421/5303 5304/8422/5304 5316/8440/5316
f 5303/8421/5303 5316/8440/5316 5315/8438/5315
f 5304/8422/5304 5305/8424/5305 5317/8442/5317
f 5304/8422/5304 5317/8442/5317 5316/8440/5316
f 5305/8423/5305 5294/8408/5294 5306/8425/5306
f 5305/8423/5305 5306/8425/5306 5317/8441/5317
f 5306/8425/5306 5307/8426/5307 5319/8444/5319
f 5306/8425/5306 5319/8444/5319 5318/8443/5318
f 5307/8426/5307 5308/8427/5308 5320/8445/5320
f 5307/8426/5307 5320/8445/5320 5319/8444/5319
f 5308/8428/5308 5309/8429/5309 5321/8447/5321
f 5308/8428/5308 5321/8447/5321 5320/8446/5320
f 5309/8429/5309 5310/8431/5310 5322/8448/5322
f 5309/8429/5309 5322/8448/5322 5321/8447/5321
f 5310/8430/5310 5311/8432/5311 5323/8449/5323
f 5310/8431/5310 5323/8450/5323 5322/8448/5322
f 5311/8432/5311 5312/8433/5312 5324/8451/5324
f 5311/8432/5311 5324/8451/5324 5323/8449/5323
f 5312/8433/5312 5313/8434/5313 5325/8452/5325
f 5312/8433/5312 5325/8452/5325 5324/8451/5324
f 5313/8435/5313 5314/8437/5314 5326/8454/5326
f 5313/8435/5313 5326/8454/5326 5325/8453/5325
f 5314/8437/5314 5315/8438/5315 5327/8455/5327
f 5314/8437/5314 5327/8455/5327 5326/8454/5326
f 5315/8438/5315 5316/8440/5316 5328/8457/5328
f 5315/8438/5315 5328/8457/5328 5327/8455/5327
f 5316/8440/5316 5317/8442/5317 5329/8459/5329
f 5316/8439/5316 5329/8458/5329 5328/8456/5328
f 5317/8441/5317 5306/8425/5306 5318/8443/5318
f 5317/8441/5317 5318/8443/5318 5329/8458/5329
f 5318/8443/5318 5319/8444/5319 5331/8461/5331
f 5318/8443/5318 5331/8461/5331 5330/8460/5330
f 5319/8444/5319 5320/8445/5320 5332/8463/5332
f 5319/8444/5319 5332/8463/5332 5331/8461/5331
f 5320/8446/5320 5321/8447/5321 5333/8465/5333
f 5320/8446/5320 5333/8465/5333 5332/8464/5332
f 5321/8447/5321 5322/8448/5322 5334/8466/5334
f 5321/8447/5321 5334/8466/5334 5333/8465/5333
f 5322/8448/5322 5323/8450/5323 5335/8468/5335
f 5322/8448/5322 5335/8468/5335 5334/8466/5334
f 5323/8449/5323 5324/8451/5324 5336/8469/5336
f 5323/8449/5323 5336/8469/5336 5335/8467/5335
f 5324/8451/5324 5325/8452/5325 5337/8470/5337
f 5324/8451/5324 5337/8470/5337 5336/8469/5336
f 5325/8453/5325 5326/8454/5326 5338/8472/5338
f 5325/8453/5325 5338/8472/5338 5337/8471/5337
f 5326/8454/5326 5327/8455/5327 5339/8473/5339
f 5326/8454/5326 5339/8473/5339 5338/8472/5338
f 5327/8455/5327 5328/8457/5328 5340/8475/5340
f 5327/8455/5327 5340/8475/5340 5339/8473/5339
f 5328/8456/5328 5329/8458/5329 5341/8476/5341
f 5328/8456/5328 5341/8476/5341 5340/8474/5340
f 5329/8458/5329 5318/8443/5318 5330/8460/5330
f 5329/8458/5329 5330/8460/5330 5341/8476/5341
f 5330/8460/5330 5331/8461/5331 5343/8478/5343
f 5330/8460/5330 5343/8478/5343 5342/8477/5342
f 5331/8461/5331 5332/8463/5332 5344/8480/5344
f 5331/8462/5331 5344/8481/5344 5343/8479/5343
f 5332/8464/5332 5333/8465/5333 5345/8482/5345
f 5332/8464/5332 5345/8482/5345 5344/8481/5344
f 5333/8465/5333 5334/8466/5334 5346/8483/5346
f 5333/8465/5333 5346/8483/5346 5345/8482/5345
f 5334/8466/5334 5335/8468/5335 5347/8485/5347
f 5334/8466/5334 5347/8485/5347 5346/8483/5346
f 5335/8467/5335 5336/8469/5336 5348/8486/5348
f 5335/8467/5335 5348/8486/5348 5347/8484/5347
f 5336/8469/5336 5337/8470/5337 5349/8488/5349
f 5336/8469/5336 5349/8488/5349 5348/8486/5348
f 5337/8471/5337 5338/8472/5338 5350/8490/5350
f 5337/8470/5337 5350/8489/5350 5349/8488/5349
f 5338/8472/5338 5339/8473/5339 5351/8491/5351
f 5338/8472/5338 5351/8491/5351 5350/8490/5350
f 5339/8473/5339 5340/8475/5340 5352/8493/5352
f 5339/8473/5339 5352/8493/5352 5351/8491/5351
f 5340/8474/5340 5341/8476/5341 5353/8494/5353
f 5340/8474/5340 5353/8494/5353 5352/8492/5352
f 5341/8476/5341 5330/8460/5330 5342/8477/5342
f 5341/8476/5341 5342/8477/5342 5353/8494/5353
f 5342/8477/5342 5343/8478/5343 5355/8496/5355
f 5342/8477/5342 5355/8496/5355 5354/8495/5354
f 5343/8479/5343 5344/8481/5344 5356/8498/5356
f 5343/8479/5343 5356/8498/5356 5355/8497/5355
f 5344/8481/5344 5345/8482/5345 5357/8499/5357
f 5344/8481/5344 5357/8499/5357 5356/8498/5356
f 5345/8482/5345 5346/8483/5346 5358/8500/5358
f 5345/8482/5345 5358/8500/5358 5357/8499/5357
f 5346/8483/5346 5347/8485/5347 5359/8502/5359
f 5346/8483/5346 5359/8502/5359 5358/8500/5358
f 5347/8484/5347 5348/8486/5348 5360/8503/5360
f 5347/8484/5347 5360/8503/5360 5359/8501/5359
f 5348/8486/5348 5349/8488/5349 5361/8505/5361
f 5348/8487/5348 5361/8506/5361 5360/8504/5360
f 5349/8488/5349 5350/8489/5350 5362/8507/5362
f 5349/8488/5349 5362/8507/5362 5361/8505/5361
f 5350/8490/5350 5351/8491/5351 5363/8509/5363
f 5350/8490/5350 5363/8509/5363 5362/8508/5362
f 5351/8491/5351 5352/8493/5352 5364/8511/5364
f 5351/8491/5351 5364/8511/5364 5363/8509/5363
f 5352/8492/5352 5353/8494/5353 5365/8512/5365
f 5352/8492/5352 5365/8512/5365 5364/8510/5364
f 5353/8494/5353 5342/8477/5342 5354/8495/5354
f 5353/8494/5353 5354/8495/5354 5365/8512/5365
f 5354/8495/5354 5355/8496/5355 5367/8514/5367
f 5354/8495/5354 5367/8514/5367 5366/8513/5366
f 5355/8497/5355 5356/8498/5356 5368/8516/5368
f 5355/8497/5355 5368/8516/5368 5367/8515/5367
f 5356/8498/5356 5357/8499/5357 5369/8517/5369
f 5356/8498/5356 5369/8517/5369 5368/8516/5368
f 5357/8499/5357 5358/8500/5358 5370/8518/5370
f 5357/8499/5357 5370/8518/5370 5369/8517/5369
f 5358/8500/5358 5359/8502/5359 5371/8520/5371
f 5358/8500/5358 5371/8520/5371 5370/8518/5370
f 5359/8501/5359 5360/8503/5360 5372/8521/5372
f 5359/8501/5359 5372/8521/5372 5371/8519/5371
f 5360/8504/5360 5361/8506/5361 5373/8524/5373
f 5360/8504/5360 5373/8524/5373 5372/8522/5372
f 5361/8505/5361 5362/8507/5362 5374/8525/5374
f 5361/8505/5361 5374/8525/5374 5373/8523/5373
f 5362/8508/5362 5363/8509/5363 5375/8527/5375
f 5362/8508/5362 5375/8527/5375 5374/8526/5374
f 5363/8509/5363 5364/8511/5364 5376/8529/5376
f 5363/8509/5363 5376/8529/5376 5375/8527/5375
f 5364/8510/5364 5365/8512/5365 5377/8530/5377
f 5364/8510/5364 5377/8530/5377 5376/8528/5376
f 5365/8512/5365 5354/8495/5354 5366/8513/5366
f 5365/8512/5365 5366/8513/5366 5377/8530/5377
f 5366/8513/5366 5367/8514/5367 5379/8532/5379
f 5366/8513/5366 5379/8532/5379 5378/8531/5378
f 5367/8515/5367 5368/8516/5368 5380/8534/5380
f 5367/8515/5367 5380/8534/5380 5379/8533/5379
f 5368/8516/5368 5369/8517/5369 5381/8535/5381
f 5368/8516/5368 5381/8535/5381 5380/8534/5380
f 5369/8517/5369 5370/8518/5370 5382/8536/5382
f 5369/8517/5369 5382/8536/5382 5381/8535/5381
f 5370/8518/5370 5371/8520/5371 5383/8539/5383
f 5370/8518/5370 5383/8539/5383 5382/8536/5382
f 5371/8519/5371 5372/8521/5372 5384/8541/5384
f 5371/8519/5371 5384/8541/5384 5383/8538/5383
f 5372/8522/5372 5373/8524/5373 5385/8545/5385
f 5372/8522/5372 5385/8545/5385 5384/8542/5384
f 5373/8523/5373 5374/8525/5374 5386/8547/5386
f 5373/8523/5373 5386/8547/5386 5385/8544/5385
f 5374/8526/5374 5375/8527/5375 5387/8549/5387
f 5374/8526/5374 5387/8549/5387 5386/8548/5386
f 5375/8527/5375 5376/8529/5376 5388/8551/5388
f 5375/8527/5375 5388/8551/5388 5387/8549/5387
f 5376/8528/5376 5377/8530/5377 5389/8552/5389
f 5376/8528/5376 5389/8552/5389 5388/8550/5388
f 5377/8530/5377 5366/8513/5366 5378/8531/5378
f 5377/8530/5377 5378/8531/5378 5389/8552/5389
f 5378/8531/5378 5379/8532/5379 5391/8554/5391
f 5378/8531/5378 5391/8554/5391 5390/8553/5390
f 5379/8533/5379 5380/8534/5380 5392/8556/5392
f 5379/8533/5379 5392/8556/5392 5391/8555/5391
f 5380/8534/5380 5381/8535/5381 5393/8557/5393
f 5380/8534/5380 5393/8557/5393 5392/8556/5392
f 5381/8535/5381 5382/8536/5382 5394/8559/5394
f 5381/8535/5381 5394/8559/5394 5393/8557/5393
f 5382/8536/5382 5383/8539/5383 5395/8562/5395
f 5382/8537/5382 5395/8563/5395 5394/8560/5394
f 5383/8540/5383 5384/8543/5384 5396/8565/5396
f 5383/8538/5383 5396/8564/5396 5395/8561/5395
f 5384/8543/5384 5385/8546/5385 5397/8567/5397
f 5384/8543/5384 5397/8567/5397 5396/8565/5396
f 5385/8544/5385 5386/8547/5386 5398/8568/5398
f 5385/8544/5385 5398/8568/5398 5397/8566/5397
f 5386/8548/5386 5387/8549/5387 5399/8570/5399
f 5386/8548/5386 5399/8570/5399 5398/8569/5398
f 5387/8549/5387 5388/8551/5388 5400/8572/5400
f 5387/8549/5387 5400/8572/5400 5399/8570/5399
f 5388/8550/5388 5389/8552/5389 5401/8573/5401
f 5388/8550/5388 5401/8573/5401 5400/8571/5400
f 5389/8552/5389 5378/8531/5378 5390/8553/5390
f 5389/8552/5389 5390/8553/5390 5401/8573/5401
f 5390/8553/5390 5391/8554/5391 5403/8575/5403
f 5390/8553/5390 5403/8575/5403 5402/8574/5402
f 5391/8555/5391 5392/8556/5392 5404/8577/5404
f 5391/8555/5391 5404/8577/5404 5403/8576/5403
f 5392/8556/5392 5393/8557/5393 5405/8578/5405
f 5392/8556/5392 5405/8578/5405 5404/8577/5404
f 5393/8557/5393 5394/8559/5394 5406/8580/5406
f 5393/8557/5393 5406/8580/5406 5405/8578/5405
f 5394/8559/5394 5395/8562/5395 5407/8582/5407
f 5394/8558/5394 5407/8581/5407 5406/8579/5406
f 5395/8561/5395 5396/8564/5396 5408/8583/5408
f 5395/8561/5395 5408/8583/5408 5407/8581/5407
f 5396/8564/5396 5397/8566/5397 5409/8584/5409
f 5396/8564/5396 5409/8584/5409 5408/8583/5408
f 5397/8566/5397 5398/8568/5398 5410/8585/5410
f 5397/8566/5397 5410/8585/5410 5409/8584/5409
f 5398/8569/5398 5399/8570/5399 5411/8587/5411
f 5398/8569/5398 5411/8587/5411 5410/8586/5410
f 5399/8570/5399 5400/8572/5400 5412/8588/5412
f 5399/8570/5399 5412/8588/5412 5411/8587/5411
f 5400/8571/5400 5401/8573/5401 5413/8589/5413
f 5400/8572/5400 5413/8590/5413 5412/8588/5412
f 5401/8573/5401 5390/8553/5390 5402/8574/5402
f 5401/8573/5401 5402/8574/5402 5413/8589/5413
f 5402/8574/5402 5403/8575/5403 5414/8591/5414
f 5403/8576/5403 5404/8577/5404 5414/8592/5414
f 5404/8577/5404 5405/8578/5405 5414/8592/5414
f 5405/8578/5405 5406/8580/5406 5414/8592/5414
f 5406/8579/5406 5407/8581/5407 5414/8591/5414
f 5407/8581/5407 5408/8583/5408 5414/8591/5414
f 5408/8583/5408 5409/8584/5409 5414/8591/5414
f 5409/8584/5409 5410/8585/5410 5414/8591/5414
f 5410/8586/5410 5411/8587/5411 5414/8592/5414
f 5411/8587/5411 5412/8588/5412 5414/8592/5414
f 5412/8588/5412 5413/8590/5413 5414/8592/5414
f 5413/8589/5413 5402/8574/5402 5414/8591/5414
